"","Param","Date","Year","Units","Month","Result"
"1","Dissolved Oxygen",2017-04-06,2017,"mg/L","Apr",8.41
"2","pH",2017-04-06,2017,"pH","Apr",6.41
"3","Temperature, water",2017-04-06,2017,"deg C","Apr",13.8
"4","Dissolved Oxygen",2017-04-06,2017,"mg/L","Apr",9.09
"5","pH",2017-04-06,2017,"pH","Apr",6.48
"6","Temperature, water",2017-04-06,2017,"deg C","Apr",12.5
"7","Dissolved Oxygen",2017-04-06,2017,"mg/L","Apr",7.91
"8","pH",2017-04-06,2017,"pH","Apr",6.3
"9","Temperature, water",2017-04-06,2017,"deg C","Apr",12
"10","Dissolved Oxygen",2017-04-06,2017,"mg/L","Apr",7.46
"11","pH",2017-04-06,2017,"pH","Apr",6.67
"12","Temperature, water",2017-04-06,2017,"deg C","Apr",14.1
"13","Dissolved Oxygen",2017-04-06,2017,"mg/L","Apr",6.62
"14","pH",2017-04-06,2017,"pH","Apr",6.83
"15","Temperature, water",2017-04-06,2017,"deg C","Apr",14.4
"16","Dissolved Oxygen",2017-04-07,2017,"mg/L","Apr",8.5
"17","pH",2017-04-07,2017,"pH","Apr",6.42
"18","Temperature, water",2017-04-07,2017,"deg C","Apr",12.6
"19","Dissolved Oxygen",2017-04-07,2017,"mg/L","Apr",8.35
"20","pH",2017-04-07,2017,"pH","Apr",6.37
"21","Temperature, water",2017-04-07,2017,"deg C","Apr",13.9
"22","Dissolved Oxygen",2017-04-11,2017,"mg/L","Apr",8.6
"23","pH",2017-04-11,2017,"pH","Apr",6.16
"24","Temperature, water",2017-04-11,2017,"deg C","Apr",11.7
"25","Dissolved Oxygen",2017-04-11,2017,"mg/L","Apr",7.85
"26","pH",2017-04-11,2017,"pH","Apr",6.32
"27","Temperature, water",2017-04-11,2017,"deg C","Apr",11.8
"28","Dissolved Oxygen",2017-04-11,2017,"mg/L","Apr",8.28
"29","pH",2017-04-11,2017,"pH","Apr",6.37
"30","Temperature, water",2017-04-11,2017,"deg C","Apr",11.8
"31","Dissolved Oxygen",2003-02-25,2003,"mg/L","Feb",8.5
"32","Dissolved Oxygen",2003-02-25,2003,"mg/L","Feb",7.4
"33","Temperature, water",2003-01-14,2003,"deg C","Jan",10.1
"34","pH",2003-01-14,2003,"pH","Jan",7.55
"35","Dissolved Oxygen",2003-01-14,2003,"mg/L","Jan",7.49
"36","pH",2003-03-11,2003,"pH","Mar",7.91
"37","Temperature, water",2003-03-11,2003,"deg C","Mar",10.65
"38","Dissolved Oxygen",2003-03-11,2003,"mg/L","Mar",9.5
"39","Dissolved Oxygen",2003-03-11,2003,"mg/L","Mar",7.95
"40","pH",2003-04-07,2003,"pH","Apr",7.88
"41","Dissolved Oxygen",2003-04-07,2003,"mg/L","Apr",6.6
"42","Dissolved Oxygen",2003-04-07,2003,"mg/L","Apr",7.41
"43","Temperature, water",2003-04-07,2003,"deg C","Apr",10.59
"44","pH",2003-05-06,2003,"pH","May",7.72
"45","Dissolved Oxygen",2003-05-06,2003,"mg/L","May",5.7
"46","Dissolved Oxygen",2003-05-06,2003,"mg/L","May",6
"47","Temperature, water",2003-05-06,2003,"deg C","May",12.93
"48","Dissolved Oxygen",2003-06-10,2003,"mg/L","Jun",4.12
"49","Dissolved Oxygen",2003-06-10,2003,"mg/L","Jun",3.84
"50","Temperature, water",2003-06-10,2003,"deg C","Jun",18.72
"51","pH",2003-06-10,2003,"pH","Jun",7.43
"52","Temperature, water",2009-07-21,2009,"deg C","Jul",20.2
"53","pH",2009-07-21,2009,"pH","Jul",6.57
"54","Dissolved Oxygen",2009-07-21,2009,"mg/L","Jul",0.2
"55","Temperature, water",2009-07-21,2009,"deg C","Jul",20.91
"56","pH",2009-07-21,2009,"pH","Jul",6.5
"57","Dissolved Oxygen",2009-07-21,2009,"mg/L","Jul",1.3
"58","Dissolved Oxygen",2002-07-30,2002,"mg/L","Jul",5.24
"59","pH",2002-07-30,2002,"pH","Jul",6.66
"60","Dissolved Oxygen",2002-07-30,2002,"mg/L","Jul",5.66
"61","Temperature, water",2002-07-30,2002,"deg C","Jul",19.46
"62","pH",2009-08-25,2009,"pH","Aug",6.91
"63","Temperature, water",2009-08-25,2009,"deg C","Aug",18.78
"64","Dissolved Oxygen",2009-08-25,2009,"mg/L","Aug",2.79
"65","pH",2009-08-25,2009,"pH","Aug",7.05
"66","Temperature, water",2009-08-25,2009,"deg C","Aug",19.2
"67","Dissolved Oxygen",2009-08-25,2009,"mg/L","Aug",3.15
"68","pH",2002-09-10,2002,"pH","Sep",7.37
"69","Dissolved Oxygen",2002-12-02,2002,"mg/L","Dec",5.4
"70","Dissolved Oxygen",2002-12-02,2002,"mg/L","Dec",5.8
"71","Temperature, water",2002-12-02,2002,"deg C","Dec",9.4
"72","pH",2002-12-02,2002,"pH","Dec",7.48
"73","Dissolved Oxygen",2002-12-03,2002,"mg/L","Dec",7.1
"74","Dissolved Oxygen",2002-12-03,2002,"mg/L","Dec",6.65
"75","pH",2002-12-03,2002,"pH","Dec",7.36
"76","Temperature, water",2002-12-03,2002,"deg C","Dec",9.09
"77","pH",1992-01-06,1992,"pH","Jan",7.7
"78","Temperature, water",1992-01-06,1992,"deg C","Jan",4.1
"79","pH",1991-01-07,1991,"pH","Jan",7.1
"80","Temperature, water",1991-01-07,1991,"deg C","Jan",0.8
"81","Temperature, water",1997-01-13,1997,"deg C","Jan",-0.4
"82","pH",1997-01-13,1997,"pH","Jan",7.7
"83","pH",1992-02-03,1992,"pH","Feb",7.5
"84","Temperature, water",1992-02-03,1992,"deg C","Feb",5.6
"85","Temperature, water",1997-02-03,1997,"deg C","Feb",3.4
"86","pH",1997-02-03,1997,"pH","Feb",7.3
"87","pH",1991-02-04,1991,"pH","Feb",7.7
"88","Temperature, water",1991-02-04,1991,"deg C","Feb",7.1
"89","Dissolved Oxygen",1991-02-04,1991,"mg/L","Feb",11
"90","pH",1992-03-02,1992,"pH","Mar",7.7
"91","Temperature, water",1992-03-02,1992,"deg C","Mar",7.5
"92","pH",1997-03-03,1997,"pH","Mar",7.4
"93","Temperature, water",1997-03-03,1997,"deg C","Mar",3.4
"94","pH",1991-03-04,1991,"pH","Mar",7.6
"95","Temperature, water",1991-03-04,1991,"deg C","Mar",6.2
"96","pH",1991-04-01,1991,"pH","Apr",8.6
"97","Temperature, water",1991-04-01,1991,"deg C","Apr",13
"98","Temperature, water",1992-04-06,1992,"deg C","Apr",8.4
"99","pH",1992-04-06,1992,"pH","Apr",8.6
"100","Temperature, water",1997-04-07,1997,"deg C","Apr",5.3
"101","pH",1997-04-07,1997,"pH","Apr",8.2
"102","Dissolved Oxygen",1992-05-04,1992,"mg/L","May",9.9
"103","pH",1992-05-04,1992,"pH","May",8.1
"104","Temperature, water",1992-05-04,1992,"deg C","May",15.1
"105","pH",1997-05-05,1997,"pH","May",7.8
"106","Temperature, water",1997-05-05,1997,"deg C","May",8.1
"107","pH",1991-05-06,1991,"pH","May",7.9
"108","Dissolved Oxygen",1991-05-06,1991,"mg/L","May",10.5
"109","Temperature, water",1991-05-06,1991,"deg C","May",11.6
"110","Temperature, water",1992-06-01,1992,"deg C","Jun",18.8
"111","pH",1992-06-01,1992,"pH","Jun",7.5
"112","Temperature, water",1997-06-02,1997,"deg C","Jun",11.4
"113","pH",1997-06-02,1997,"pH","Jun",7.2
"114","Temperature, water",1991-06-03,1991,"deg C","Jun",15
"115","pH",1991-06-03,1991,"pH","Jun",8
"116","Dissolved Oxygen",1991-06-03,1991,"mg/L","Jun",9.8
"117","pH",1992-07-06,1992,"pH","Jul",8.3
"118","Dissolved Oxygen",1992-07-06,1992,"mg/L","Jul",9.6
"119","Temperature, water",1992-07-06,1992,"deg C","Jul",18.8
"120","Temperature, water",1997-07-07,1997,"deg C","Jul",15.5
"121","pH",1997-07-07,1997,"pH","Jul",8.1
"122","Temperature, water",1991-07-08,1991,"deg C","Jul",19.6
"123","pH",1991-07-08,1991,"pH","Jul",7.9
"124","pH",1992-08-03,1992,"pH","Aug",8.3
"125","Temperature, water",1992-08-03,1992,"deg C","Aug",20.4
"126","pH",1997-08-04,1997,"pH","Aug",8.2
"127","Temperature, water",1997-08-04,1997,"deg C","Aug",19.5
"128","Temperature, water",1991-08-05,1991,"deg C","Aug",20.9
"129","pH",1991-08-05,1991,"pH","Aug",7.4
"130","pH",1991-09-02,1991,"pH","Sep",8.3
"131","Temperature, water",1991-09-02,1991,"deg C","Sep",17.8
"132","Dissolved Oxygen",1992-09-08,1992,"mg/L","Sep",10.5
"133","Temperature, water",1992-09-08,1992,"deg C","Sep",15.2
"134","pH",1992-09-08,1992,"pH","Sep",8.4
"135","Temperature, water",1997-09-08,1997,"deg C","Sep",13.6
"136","pH",1997-09-08,1997,"pH","Sep",8.3
"137","Temperature, water",1991-10-07,1991,"deg C","Oct",12.2
"138","pH",1991-10-07,1991,"pH","Oct",8
"139","Temperature, water",1996-10-07,1996,"deg C","Oct",11.5
"140","pH",1996-10-07,1996,"pH","Oct",7.9
"141","pH",1991-11-04,1991,"pH","Nov",7.8
"142","Temperature, water",1991-11-04,1991,"deg C","Nov",6.2
"143","pH",1996-11-04,1996,"pH","Nov",7.6
"144","Temperature, water",1996-11-04,1996,"deg C","Nov",6.5
"145","pH",1991-12-02,1991,"pH","Dec",7.4
"146","Temperature, water",1991-12-02,1991,"deg C","Dec",5.8
"147","pH",1996-12-02,1996,"pH","Dec",7
"148","Temperature, water",1996-12-02,1996,"deg C","Dec",4
"149","pH",1990-12-03,1990,"pH","Dec",7.5
"150","Temperature, water",1990-12-03,1990,"deg C","Dec",6
"151","pH",2011-07-08,2011,"pH","Jul",8.43
"152","Temperature, water",2011-07-08,2011,"deg C","Jul",14.3
"153","Dissolved Oxygen",2011-07-08,2011,"mg/L","Jul",10
"154","pH",2011-07-08,2011,"pH","Jul",7.97
"155","Temperature, water",2011-07-08,2011,"deg C","Jul",13.1
"156","Dissolved Oxygen",2011-07-08,2011,"mg/L","Jul",7.9
"157","pH",2011-07-08,2011,"pH","Jul",7.84
"158","Temperature, water",2011-07-08,2011,"deg C","Jul",13.8
"159","Dissolved Oxygen",2011-07-08,2011,"mg/L","Jul",7.1
"160","pH",2011-07-08,2011,"pH","Jul",8.76
"161","Temperature, water",2011-07-08,2011,"deg C","Jul",18.1
"162","Dissolved Oxygen",2011-07-08,2011,"mg/L","Jul",10.8
"163","pH",2011-07-09,2011,"pH","Jul",7.48
"164","Temperature, water",2011-07-09,2011,"deg C","Jul",13.8
"165","Dissolved Oxygen",2011-07-09,2011,"mg/L","Jul",9.1
"166","pH",2011-07-09,2011,"pH","Jul",7.72
"167","Temperature, water",2011-07-09,2011,"deg C","Jul",12.2
"168","Dissolved Oxygen",2011-07-09,2011,"mg/L","Jul",9.8
"169","pH",2011-07-09,2011,"pH","Jul",7.44
"170","Temperature, water",2011-07-09,2011,"deg C","Jul",16.3
"171","Dissolved Oxygen",2011-07-09,2011,"mg/L","Jul",8.7
"172","pH",2011-07-09,2011,"pH","Jul",7.64
"173","Temperature, water",2011-07-09,2011,"deg C","Jul",14.9
"174","Dissolved Oxygen",2011-07-09,2011,"mg/L","Jul",9.2
"175","pH",2011-07-10,2011,"pH","Jul",7.15
"176","Temperature, water",2011-07-10,2011,"deg C","Jul",21.5
"177","Dissolved Oxygen",2011-07-10,2011,"mg/L","Jul",6
"178","pH",2011-07-10,2011,"pH","Jul",8.04
"179","Temperature, water",2011-07-10,2011,"deg C","Jul",10.1
"180","Dissolved Oxygen",2011-07-10,2011,"mg/L","Jul",9.8
"181","pH",2011-07-10,2011,"pH","Jul",7.1
"182","Temperature, water",2011-07-10,2011,"deg C","Jul",16.1
"183","Dissolved Oxygen",2011-07-10,2011,"mg/L","Jul",6.5
"184","pH",2011-07-10,2011,"pH","Jul",7.91
"185","Temperature, water",2011-07-10,2011,"deg C","Jul",12.1
"186","Dissolved Oxygen",2011-07-10,2011,"mg/L","Jul",9.2
"187","pH",2011-07-11,2011,"pH","Jul",7.93
"188","Temperature, water",2011-07-11,2011,"deg C","Jul",11.8
"189","Dissolved Oxygen",2011-07-11,2011,"mg/L","Jul",9.3
"190","pH",2011-07-11,2011,"pH","Jul",7.87
"191","Temperature, water",2011-07-11,2011,"deg C","Jul",16.7
"192","Dissolved Oxygen",2011-07-11,2011,"mg/L","Jul",8.1
"193","pH",2011-07-12,2011,"pH","Jul",7.86
"194","Temperature, water",2011-07-12,2011,"deg C","Jul",12.8
"195","Dissolved Oxygen",2011-07-12,2011,"mg/L","Jul",9.6
"196","pH",2011-07-12,2011,"pH","Jul",7.58
"197","Temperature, water",2011-07-12,2011,"deg C","Jul",17.6
"198","Dissolved Oxygen",2011-07-12,2011,"mg/L","Jul",8.9
"199","pH",2011-07-13,2011,"pH","Jul",8.02
"200","Temperature, water",2011-07-13,2011,"deg C","Jul",14.3
"201","Dissolved Oxygen",2011-07-13,2011,"mg/L","Jul",8.7
"202","pH",2011-07-13,2011,"pH","Jul",7.99
"203","Temperature, water",2011-07-13,2011,"deg C","Jul",16.1
"204","Dissolved Oxygen",2011-07-13,2011,"mg/L","Jul",8.6
"205","pH",2011-07-15,2011,"pH","Jul",8.24
"206","Temperature, water",2011-07-15,2011,"deg C","Jul",13.5
"207","Dissolved Oxygen",2011-07-15,2011,"mg/L","Jul",9.7
"208","pH",2011-07-15,2011,"pH","Jul",8.26
"209","Temperature, water",2011-07-15,2011,"deg C","Jul",15.2
"210","Dissolved Oxygen",2011-07-15,2011,"mg/L","Jul",8.9
"211","pH",2011-07-16,2011,"pH","Jul",7.84
"212","Temperature, water",2011-07-16,2011,"deg C","Jul",11.2
"213","Dissolved Oxygen",2011-07-16,2011,"mg/L","Jul",10
"214","pH",2011-07-16,2011,"pH","Jul",7.91
"215","Temperature, water",2011-07-16,2011,"deg C","Jul",12.5
"216","Dissolved Oxygen",2011-07-16,2011,"mg/L","Jul",9.8
"217","pH",2011-08-27,2011,"pH","Aug",6.7
"218","Temperature, water",2011-08-27,2011,"deg C","Aug",15.2
"219","Dissolved Oxygen",2011-08-27,2011,"mg/L","Aug",8.6
"220","pH",2011-08-27,2011,"pH","Aug",6.95
"221","Temperature, water",2011-08-27,2011,"deg C","Aug",18.7
"222","Dissolved Oxygen",2011-08-27,2011,"mg/L","Aug",8.5
"223","pH",2011-08-28,2011,"pH","Aug",7.31
"224","Temperature, water",2011-08-28,2011,"deg C","Aug",13.2
"225","Dissolved Oxygen",2011-08-28,2011,"mg/L","Aug",7.2
"226","pH",2011-08-28,2011,"pH","Aug",7.21
"227","Temperature, water",2011-08-28,2011,"deg C","Aug",14.4
"228","Dissolved Oxygen",2011-08-28,2011,"mg/L","Aug",6.4
"229","pH",2011-09-01,2011,"pH","Sep",6.74
"230","Temperature, water",2011-09-01,2011,"deg C","Sep",9.6
"231","Dissolved Oxygen",2011-09-01,2011,"mg/L","Sep",9.9
"232","pH",2011-09-01,2011,"pH","Sep",6.94
"233","Temperature, water",2011-09-01,2011,"deg C","Sep",10.9
"234","Dissolved Oxygen",2011-09-01,2011,"mg/L","Sep",9.6
"235","pH",2015-01-13,2015,"pH","Jan",7.23
"236","Temperature, water",2015-01-13,2015,"deg C","Jan",3.42
"237","Dissolved Oxygen",2015-01-13,2015,"mg/L","Jan",12.26
"238","pH",2015-01-13,2015,"pH","Jan",7.36
"239","Temperature, water",2015-01-13,2015,"deg C","Jan",3.79
"240","Dissolved Oxygen",2015-01-13,2015,"mg/L","Jan",12.5
"241","pH",2015-01-13,2015,"pH","Jan",7.45
"242","Temperature, water",2015-01-13,2015,"deg C","Jan",4.36
"243","Dissolved Oxygen",2015-01-13,2015,"mg/L","Jan",12.23
"244","pH",2015-01-13,2015,"pH","Jan",7.53
"245","Temperature, water",2015-01-13,2015,"deg C","Jan",4.32
"246","Dissolved Oxygen",2015-01-13,2015,"mg/L","Jan",12.53
"247","pH",2015-01-13,2015,"pH","Jan",7.57
"248","Temperature, water",2015-01-13,2015,"deg C","Jan",4.41
"249","Dissolved Oxygen",2015-01-13,2015,"mg/L","Jan",12.45
"250","Temperature, water",2003-01-14,2003,"deg C","Jan",5.01
"251","Dissolved Oxygen",2003-01-14,2003,"mg/L","Jan",11.79
"252","Dissolved Oxygen",2003-01-14,2003,"mg/L","Jan",12.8
"253","pH",2003-01-14,2003,"pH","Jan",7.69
"254","pH",2003-01-14,2003,"pH","Jan",7.41
"255","Dissolved Oxygen",2003-01-14,2003,"mg/L","Jan",12.8
"256","Temperature, water",2003-01-14,2003,"deg C","Jan",4.82
"257","Temperature, water",2003-01-14,2003,"deg C","Jan",5.2
"258","Dissolved Oxygen",2003-01-14,2003,"mg/L","Jan",13.18
"259","pH",2003-01-14,2003,"pH","Jan",7.8
"260","Dissolved Oxygen",2003-01-14,2003,"mg/L","Jan",13.03
"261","Temperature, water",2003-01-14,2003,"deg C","Jan",5.52
"262","pH",2003-01-14,2003,"pH","Jan",8.05
"263","Dissolved Oxygen",2003-01-14,2003,"mg/L","Jan",12.21
"264","Dissolved Oxygen",2003-01-14,2003,"mg/L","Jan",12.88
"265","pH",2003-01-14,2003,"pH","Jan",7.9
"266","Temperature, water",2003-01-14,2003,"deg C","Jan",5.6
"267","pH",2015-02-03,2015,"pH","Feb",7.6
"268","Temperature, water",2015-02-03,2015,"deg C","Feb",3.84
"269","Dissolved Oxygen",2015-02-03,2015,"mg/L","Feb",11.71
"270","pH",2015-02-03,2015,"pH","Feb",7.55
"271","Temperature, water",2015-02-03,2015,"deg C","Feb",3.85
"272","Dissolved Oxygen",2015-02-03,2015,"mg/L","Feb",11.72
"273","pH",2015-02-03,2015,"pH","Feb",7.94
"274","Temperature, water",2015-02-03,2015,"deg C","Feb",4.53
"275","Dissolved Oxygen",2015-02-03,2015,"mg/L","Feb",11.99
"276","pH",2015-02-03,2015,"pH","Feb",7.93
"277","Temperature, water",2015-02-03,2015,"deg C","Feb",5.21
"278","Dissolved Oxygen",2015-02-03,2015,"mg/L","Feb",11.59
"279","pH",2015-02-03,2015,"pH","Feb",7.83
"280","Temperature, water",2015-02-03,2015,"deg C","Feb",5.25
"281","Dissolved Oxygen",2015-02-03,2015,"mg/L","Feb",11.8
"282","pH",2015-02-03,2015,"pH","Feb",7.76
"283","Temperature, water",2015-02-03,2015,"deg C","Feb",5.31
"284","Dissolved Oxygen",2015-02-03,2015,"mg/L","Feb",11.71
"285","pH",2015-02-10,2015,"pH","Feb",7.35
"286","Temperature, water",2015-02-10,2015,"deg C","Feb",5.76
"287","Dissolved Oxygen",2015-02-10,2015,"mg/L","Feb",11.3
"288","pH",2015-02-10,2015,"pH","Feb",7.22
"289","Temperature, water",2015-02-10,2015,"deg C","Feb",6.35
"290","Dissolved Oxygen",2015-02-10,2015,"mg/L","Feb",11.29
"291","pH",2015-02-10,2015,"pH","Feb",7.23
"292","Temperature, water",2015-02-10,2015,"deg C","Feb",6.45
"293","Dissolved Oxygen",2015-02-10,2015,"mg/L","Feb",11.28
"294","pH",2015-02-10,2015,"pH","Feb",7.25
"295","Temperature, water",2015-02-10,2015,"deg C","Feb",6.6
"296","Dissolved Oxygen",2015-02-10,2015,"mg/L","Feb",11.47
"297","pH",2015-02-10,2015,"pH","Feb",7.23
"298","Temperature, water",2015-02-10,2015,"deg C","Feb",6.67
"299","Dissolved Oxygen",2015-02-10,2015,"mg/L","Feb",11.37
"300","pH",2015-03-10,2015,"pH","Mar",7.1
"301","Temperature, water",2015-03-10,2015,"deg C","Mar",2.77
"302","Dissolved Oxygen",2015-03-10,2015,"mg/L","Mar",12.06
"303","pH",2015-03-10,2015,"pH","Mar",7.08
"304","Temperature, water",2015-03-10,2015,"deg C","Mar",4.22
"305","Dissolved Oxygen",2015-03-10,2015,"mg/L","Mar",12.16
"306","pH",2015-03-10,2015,"pH","Mar",7.38
"307","Temperature, water",2015-03-10,2015,"deg C","Mar",4.37
"308","Dissolved Oxygen",2015-03-10,2015,"mg/L","Mar",12.1
"309","pH",2015-03-10,2015,"pH","Mar",7.46
"310","Temperature, water",2015-03-10,2015,"deg C","Mar",4.85
"311","Dissolved Oxygen",2015-03-10,2015,"mg/L","Mar",12.25
"312","pH",2015-03-10,2015,"pH","Mar",7.47
"313","Temperature, water",2015-03-10,2015,"deg C","Mar",5.08
"314","Dissolved Oxygen",2015-03-10,2015,"mg/L","Mar",12.19
"315","pH",2015-03-10,2015,"pH","Mar",7.48
"316","Temperature, water",2015-03-10,2015,"deg C","Mar",5.11
"317","Dissolved Oxygen",2015-03-10,2015,"mg/L","Mar",12.2
"318","Temperature, water",2003-03-11,2003,"deg C","Mar",5.74
"319","pH",2003-03-11,2003,"pH","Mar",7.52
"320","Dissolved Oxygen",2003-03-11,2003,"mg/L","Mar",12.35
"321","Dissolved Oxygen",2003-03-11,2003,"mg/L","Mar",10.6
"322","Temperature, water",2003-03-11,2003,"deg C","Mar",5.7
"323","pH",2003-03-11,2003,"pH","Mar",7.74
"324","Dissolved Oxygen",2003-03-11,2003,"mg/L","Mar",12.53
"325","pH",2003-03-11,2003,"pH","Mar",7.7
"326","Temperature, water",2003-03-11,2003,"deg C","Mar",6.18
"327","Dissolved Oxygen",2003-03-11,2003,"mg/L","Mar",12.4
"328","Temperature, water",2003-03-11,2003,"deg C","Mar",6.38
"329","Dissolved Oxygen",2003-03-11,2003,"mg/L","Mar",11.3
"330","pH",2003-03-11,2003,"pH","Mar",7.63
"331","Dissolved Oxygen",2003-03-11,2003,"mg/L","Mar",12.19
"332","pH",2003-04-07,2003,"pH","Apr",7.85
"333","Dissolved Oxygen",2003-04-07,2003,"mg/L","Apr",13.28
"334","Dissolved Oxygen",2003-04-07,2003,"mg/L","Apr",12.2
"335","Temperature, water",2003-04-07,2003,"deg C","Apr",4.4
"336","Temperature, water",2003-04-07,2003,"deg C","Apr",4.64
"337","pH",2003-04-07,2003,"pH","Apr",7.78
"338","Dissolved Oxygen",2003-04-07,2003,"mg/L","Apr",13.2
"339","Temperature, water",2003-04-07,2003,"deg C","Apr",6.05
"340","Dissolved Oxygen",2003-04-07,2003,"mg/L","Apr",13.16
"341","pH",2003-04-07,2003,"pH","Apr",7.98
"342","Dissolved Oxygen",2003-04-07,2003,"mg/L","Apr",12.9
"343","pH",2003-04-07,2003,"pH","Apr",7.83
"344","Temperature, water",2003-04-07,2003,"deg C","Apr",6.3
"345","Dissolved Oxygen",2003-04-07,2003,"mg/L","Apr",11.8
"346","pH",2015-04-14,2015,"pH","Apr",7.38
"347","Temperature, water",2015-04-14,2015,"deg C","Apr",4.69
"348","Dissolved Oxygen",2015-04-14,2015,"mg/L","Apr",11.61
"349","pH",2015-04-14,2015,"pH","Apr",7.53
"350","Temperature, water",2015-04-14,2015,"deg C","Apr",6.45
"351","Dissolved Oxygen",2015-04-14,2015,"mg/L","Apr",11.46
"352","pH",2015-04-14,2015,"pH","Apr",7.66
"353","Temperature, water",2015-04-14,2015,"deg C","Apr",6.56
"354","Dissolved Oxygen",2015-04-14,2015,"mg/L","Apr",11.53
"355","pH",2015-04-14,2015,"pH","Apr",7.81
"356","Temperature, water",2015-04-14,2015,"deg C","Apr",7.08
"357","pH",2015-04-14,2015,"pH","Apr",7.92
"358","Temperature, water",2015-04-14,2015,"deg C","Apr",7.32
"359","Dissolved Oxygen",2015-04-14,2015,"mg/L","Apr",11.85
"360","Temperature, water",2003-04-21,2003,"deg C","Apr",8.45
"361","Dissolved Oxygen",2003-04-21,2003,"mg/L","Apr",12.62
"362","pH",2003-04-21,2003,"pH","Apr",8.67
"363","Dissolved Oxygen",2003-04-21,2003,"mg/L","Apr",11.82
"364","pH",2003-04-21,2003,"pH","Apr",8.88
"365","Temperature, water",2003-04-21,2003,"deg C","Apr",9.9
"366","Dissolved Oxygen",2003-04-21,2003,"mg/L","Apr",12.25
"367","Dissolved Oxygen",2003-04-21,2003,"mg/L","Apr",11.5
"368","Dissolved Oxygen",2003-04-21,2003,"mg/L","Apr",12.2
"369","pH",2003-04-21,2003,"pH","Apr",8.87
"370","Temperature, water",2003-04-21,2003,"deg C","Apr",9.5
"371","Dissolved Oxygen",2003-04-21,2003,"mg/L","Apr",12.5
"372","Temperature, water",2003-04-21,2003,"deg C","Apr",10.02
"373","pH",2003-04-21,2003,"pH","Apr",8.9
"374","Dissolved Oxygen",2003-04-21,2003,"mg/L","Apr",12.4
"375","pH",2003-04-21,2003,"pH","Apr",8.75
"376","Dissolved Oxygen",2003-04-21,2003,"mg/L","Apr",9.9
"377","Temperature, water",2003-04-21,2003,"deg C","Apr",12.8
"378","Dissolved Oxygen",2003-04-21,2003,"mg/L","Apr",12.09
"379","pH",2003-04-21,2003,"pH","Apr",9.07
"380","Temperature, water",2003-04-21,2003,"deg C","Apr",11.9
"381","Dissolved Oxygen",2003-04-21,2003,"mg/L","Apr",11.19
"382","Dissolved Oxygen",2003-04-21,2003,"mg/L","Apr",11.65
"383","pH",2003-04-21,2003,"pH","Apr",8.97
"384","Temperature, water",2003-04-21,2003,"deg C","Apr",12.5
"385","pH",2015-05-05,2015,"pH","May",7.49
"386","Temperature, water",2015-05-05,2015,"deg C","May",8.49
"387","Dissolved Oxygen",2015-05-05,2015,"mg/L","May",10.48
"388","pH",2015-05-05,2015,"pH","May",7.48
"389","Temperature, water",2015-05-05,2015,"deg C","May",10
"390","Dissolved Oxygen",2015-05-05,2015,"mg/L","May",10.39
"391","pH",2015-05-05,2015,"pH","May",7.48
"392","Temperature, water",2015-05-05,2015,"deg C","May",10
"393","Dissolved Oxygen",2015-05-05,2015,"mg/L","May",10.39
"394","pH",2015-05-05,2015,"pH","May",7.75
"395","Temperature, water",2015-05-05,2015,"deg C","May",11.02
"396","Dissolved Oxygen",2015-05-05,2015,"mg/L","May",10.76
"397","pH",2015-05-05,2015,"pH","May",8.09
"398","Temperature, water",2015-05-05,2015,"deg C","May",10.04
"399","Dissolved Oxygen",2015-05-05,2015,"mg/L","May",11.17
"400","pH",2015-05-05,2015,"pH","May",8.15
"401","Temperature, water",2015-05-05,2015,"deg C","May",10.3
"402","Dissolved Oxygen",2015-05-05,2015,"mg/L","May",11.17
"403","pH",2003-05-06,2003,"pH","May",8.31
"404","Temperature, water",2003-05-06,2003,"deg C","May",8.76
"405","Dissolved Oxygen",2003-05-06,2003,"mg/L","May",12.6
"406","pH",2003-05-06,2003,"pH","May",8.83
"407","Temperature, water",2003-05-06,2003,"deg C","May",8.08
"408","Dissolved Oxygen",2003-05-06,2003,"mg/L","May",12.6
"409","Dissolved Oxygen",2003-05-06,2003,"mg/L","May",11.86
"410","pH",2003-05-06,2003,"pH","May",8.63
"411","Temperature, water",2003-05-06,2003,"deg C","May",8.67
"412","Dissolved Oxygen",2003-05-06,2003,"mg/L","May",12.65
"413","Dissolved Oxygen",2003-05-06,2003,"mg/L","May",13.6
"414","Temperature, water",2003-05-06,2003,"deg C","May",9.33
"415","pH",2003-05-06,2003,"pH","May",9.08
"416","Dissolved Oxygen",2003-05-06,2003,"mg/L","May",12.27
"417","Dissolved Oxygen",2003-05-06,2003,"mg/L","May",13.35
"418","Temperature, water",2003-05-06,2003,"deg C","May",10.12
"419","pH",2003-05-06,2003,"pH","May",9.23
"420","pH",2015-05-19,2015,"pH","May",7.46
"421","Temperature, water",2015-05-19,2015,"deg C","May",10.79
"422","Dissolved Oxygen",2015-05-19,2015,"mg/L","May",9.87
"423","pH",2015-05-19,2015,"pH","May",7.5
"424","Temperature, water",2015-05-19,2015,"deg C","May",13
"425","Dissolved Oxygen",2015-05-19,2015,"mg/L","May",9.46
"426","pH",2015-05-19,2015,"pH","May",7.7
"427","Temperature, water",2015-05-19,2015,"deg C","May",11.84
"428","Dissolved Oxygen",2015-05-19,2015,"mg/L","May",10.12
"429","pH",2015-05-19,2015,"pH","May",7.93
"430","Temperature, water",2015-05-19,2015,"deg C","May",13.12
"431","pH",2015-05-19,2015,"pH","May",8.28
"432","Temperature, water",2015-05-19,2015,"deg C","May",13.86
"433","Dissolved Oxygen",2015-05-19,2015,"mg/L","May",10.94
"434","pH",2003-05-26,2003,"pH","May",7.63
"435","Dissolved Oxygen",2003-05-26,2003,"mg/L","May",10.52
"436","Temperature, water",2003-05-26,2003,"deg C","May",8.77
"437","Dissolved Oxygen",2003-05-26,2003,"mg/L","May",11.3
"438","pH",2003-05-26,2003,"pH","May",7.76
"439","Dissolved Oxygen",2003-05-26,2003,"mg/L","May",10.39
"440","Temperature, water",2003-05-26,2003,"deg C","May",12.52
"441","Temperature, water",2003-05-26,2003,"deg C","May",11.42
"442","Dissolved Oxygen",2003-05-26,2003,"mg/L","May",10.8
"443","Dissolved Oxygen",2003-05-26,2003,"mg/L","May",9.53
"444","pH",2003-05-26,2003,"pH","May",8.07
"445","Dissolved Oxygen",2003-05-26,2003,"mg/L","May",9.53
"446","pH",2003-05-26,2003,"pH","May",8.02
"447","Temperature, water",2003-05-26,2003,"deg C","May",11.57
"448","Temperature, water",2003-05-26,2003,"deg C","May",11.7
"449","pH",2003-05-26,2003,"pH","May",8.07
"450","Dissolved Oxygen",2003-05-26,2003,"mg/L","May",9.55
"451","pH",2003-05-26,2003,"pH","May",8.26
"452","Temperature, water",2003-05-26,2003,"deg C","May",11.94
"453","Dissolved Oxygen",2003-05-26,2003,"mg/L","May",11.1
"454","Dissolved Oxygen",2003-05-26,2003,"mg/L","May",9.54
"455","pH",2003-05-26,2003,"pH","May",8.11
"456","Temperature, water",2003-05-26,2003,"deg C","May",11.83
"457","Dissolved Oxygen",2003-05-26,2003,"mg/L","May",10.85
"458","pH",2003-05-26,2003,"pH","May",7.97
"459","Dissolved Oxygen",2003-05-26,2003,"mg/L","May",10.39
"460","Temperature, water",2003-05-26,2003,"deg C","May",13.81
"461","Dissolved Oxygen",2003-05-26,2003,"mg/L","May",9.52
"462","pH",2003-05-26,2003,"pH","May",8.13
"463","Temperature, water",2003-05-26,2003,"deg C","May",11.96
"464","pH",2003-05-26,2003,"pH","May",8.15
"465","Temperature, water",2003-05-26,2003,"deg C","May",12.09
"466","Dissolved Oxygen",2003-05-26,2003,"mg/L","May",9.48
"467","Temperature, water",2003-05-26,2003,"deg C","May",12.21
"468","pH",2003-05-26,2003,"pH","May",8.17
"469","Dissolved Oxygen",2003-05-26,2003,"mg/L","May",9.47
"470","Temperature, water",2003-05-26,2003,"deg C","May",12.36
"471","Dissolved Oxygen",2003-05-26,2003,"mg/L","May",9.47
"472","pH",2003-05-26,2003,"pH","May",8.19
"473","Temperature, water",2003-05-26,2003,"deg C","May",12.5
"474","pH",2003-05-26,2003,"pH","May",8.21
"475","Dissolved Oxygen",2003-05-26,2003,"mg/L","May",9.44
"476","Temperature, water",2003-05-26,2003,"deg C","May",12.98
"477","pH",2003-05-26,2003,"pH","May",8.84
"478","Dissolved Oxygen",2003-05-26,2003,"mg/L","May",12
"479","Temperature, water",2003-05-26,2003,"deg C","May",12.64
"480","Dissolved Oxygen",2003-05-26,2003,"mg/L","May",9.39
"481","pH",2003-05-26,2003,"pH","May",8.21
"482","Temperature, water",2003-05-26,2003,"deg C","May",12.75
"483","pH",2003-05-26,2003,"pH","May",8.21
"484","Dissolved Oxygen",2003-05-26,2003,"mg/L","May",9.37
"485","Dissolved Oxygen",2003-05-26,2003,"mg/L","May",11.3
"486","pH",2003-05-26,2003,"pH","May",8.91
"487","Temperature, water",2003-05-26,2003,"deg C","May",13.52
"488","Dissolved Oxygen",2003-05-26,2003,"mg/L","May",11.1
"489","pH",2003-05-26,2003,"pH","May",8.22
"490","Temperature, water",2003-05-26,2003,"deg C","May",12.85
"491","Dissolved Oxygen",2003-05-26,2003,"mg/L","May",9.37
"492","pH",2003-05-26,2003,"pH","May",8.23
"493","Dissolved Oxygen",2003-05-26,2003,"mg/L","May",9.36
"494","Temperature, water",2003-05-26,2003,"deg C","May",12.98
"495","Dissolved Oxygen",2003-05-26,2003,"mg/L","May",11
"496","Temperature, water",2003-05-26,2003,"deg C","May",14.12
"497","pH",2003-05-26,2003,"pH","May",8.86
"498","pH",2003-05-26,2003,"pH","May",8.24
"499","Temperature, water",2003-05-26,2003,"deg C","May",13.16
"500","Dissolved Oxygen",2003-05-26,2003,"mg/L","May",9.34
"501","pH",2003-05-26,2003,"pH","May",8.25
"502","Temperature, water",2003-05-26,2003,"deg C","May",13.41
"503","Dissolved Oxygen",2003-05-26,2003,"mg/L","May",9.3
"504","pH",2003-05-26,2003,"pH","May",8.27
"505","Dissolved Oxygen",2003-05-26,2003,"mg/L","May",9.27
"506","Temperature, water",2003-05-26,2003,"deg C","May",13.61
"507","Dissolved Oxygen",2003-05-26,2003,"mg/L","May",9.25
"508","pH",2003-05-26,2003,"pH","May",8.27
"509","Temperature, water",2003-05-26,2003,"deg C","May",13.83
"510","Dissolved Oxygen",2003-05-26,2003,"mg/L","May",9.2
"511","Temperature, water",2003-05-26,2003,"deg C","May",13.99
"512","pH",2003-05-26,2003,"pH","May",8.28
"513","Dissolved Oxygen",2003-05-26,2003,"mg/L","May",9.16
"514","Temperature, water",2003-05-26,2003,"deg C","May",14.19
"515","pH",2003-05-26,2003,"pH","May",8.28
"516","Dissolved Oxygen",2003-05-26,2003,"mg/L","May",9.1
"517","Temperature, water",2003-05-26,2003,"deg C","May",14.32
"518","pH",2003-05-26,2003,"pH","May",8.28
"519","Dissolved Oxygen",2003-05-26,2003,"mg/L","May",9.08
"520","pH",2003-05-26,2003,"pH","May",8.27
"521","Temperature, water",2003-05-26,2003,"deg C","May",14.46
"522","Temperature, water",2003-05-26,2003,"deg C","May",14.62
"523","Dissolved Oxygen",2003-05-26,2003,"mg/L","May",9.02
"524","pH",2003-05-26,2003,"pH","May",8.27
"525","Temperature, water",2003-05-26,2003,"deg C","May",14.72
"526","pH",2003-05-26,2003,"pH","May",8.25
"527","Dissolved Oxygen",2003-05-26,2003,"mg/L","May",8.98
"528","pH",2003-05-26,2003,"pH","May",8.23
"529","Dissolved Oxygen",2003-05-26,2003,"mg/L","May",8.95
"530","Temperature, water",2003-05-26,2003,"deg C","May",14.81
"531","pH",2003-05-26,2003,"pH","May",8.21
"532","Dissolved Oxygen",2003-05-26,2003,"mg/L","May",8.92
"533","Temperature, water",2003-05-26,2003,"deg C","May",14.96
"534","Temperature, water",2003-05-26,2003,"deg C","May",15.07
"535","Dissolved Oxygen",2003-05-26,2003,"mg/L","May",8.89
"536","pH",2003-05-26,2003,"pH","May",8.19
"537","pH",2003-05-26,2003,"pH","May",8.17
"538","Dissolved Oxygen",2003-05-26,2003,"mg/L","May",8.86
"539","Temperature, water",2003-05-26,2003,"deg C","May",15.16
"540","Temperature, water",2003-05-26,2003,"deg C","May",15.21
"541","Dissolved Oxygen",2003-05-26,2003,"mg/L","May",8.82
"542","pH",2003-05-26,2003,"pH","May",8.15
"543","pH",2003-05-26,2003,"pH","May",8.12
"544","Dissolved Oxygen",2003-05-26,2003,"mg/L","May",8.79
"545","Temperature, water",2003-05-26,2003,"deg C","May",15.22
"546","Dissolved Oxygen",2003-05-26,2003,"mg/L","May",8.76
"547","pH",2003-05-26,2003,"pH","May",8.07
"548","Temperature, water",2003-05-26,2003,"deg C","May",15.17
"549","pH",2003-05-26,2003,"pH","May",8.03
"550","Dissolved Oxygen",2003-05-26,2003,"mg/L","May",8.73
"551","Temperature, water",2003-05-26,2003,"deg C","May",15.07
"552","Dissolved Oxygen",2003-05-26,2003,"mg/L","May",8.73
"553","pH",2003-05-26,2003,"pH","May",7.99
"554","Temperature, water",2003-05-26,2003,"deg C","May",14.97
"555","Temperature, water",2003-05-26,2003,"deg C","May",14.84
"556","Dissolved Oxygen",2003-05-26,2003,"mg/L","May",8.7
"557","pH",2003-05-26,2003,"pH","May",7.94
"558","Temperature, water",2003-05-26,2003,"deg C","May",14.66
"559","Dissolved Oxygen",2003-05-26,2003,"mg/L","May",8.73
"560","pH",2003-05-26,2003,"pH","May",7.9
"561","pH",2003-05-26,2003,"pH","May",7.86
"562","Temperature, water",2003-05-26,2003,"deg C","May",14.52
"563","Dissolved Oxygen",2003-05-26,2003,"mg/L","May",8.74
"564","Temperature, water",2003-05-26,2003,"deg C","May",14.36
"565","Dissolved Oxygen",2003-05-26,2003,"mg/L","May",8.72
"566","pH",2003-05-26,2003,"pH","May",7.82
"567","Temperature, water",2003-05-26,2003,"deg C","May",14.21
"568","pH",2003-05-26,2003,"pH","May",7.79
"569","Dissolved Oxygen",2003-05-26,2003,"mg/L","May",8.73
"570","pH",2003-05-26,2003,"pH","May",7.75
"571","Dissolved Oxygen",2003-05-26,2003,"mg/L","May",8.72
"572","Temperature, water",2003-05-26,2003,"deg C","May",14.04
"573","Temperature, water",2003-05-26,2003,"deg C","May",13.88
"574","pH",2003-05-26,2003,"pH","May",7.7
"575","Dissolved Oxygen",2003-05-26,2003,"mg/L","May",8.67
"576","pH",2003-05-26,2003,"pH","May",7.66
"577","Dissolved Oxygen",2003-05-26,2003,"mg/L","May",8.64
"578","Temperature, water",2003-05-26,2003,"deg C","May",13.73
"579","Dissolved Oxygen",2003-05-26,2003,"mg/L","May",8.62
"580","Temperature, water",2003-05-26,2003,"deg C","May",13.58
"581","pH",2003-05-26,2003,"pH","May",7.62
"582","Temperature, water",2003-05-26,2003,"deg C","May",13.43
"583","Dissolved Oxygen",2003-05-26,2003,"mg/L","May",8.59
"584","pH",2003-05-26,2003,"pH","May",7.58
"585","Temperature, water",2003-05-26,2003,"deg C","May",13.26
"586","Dissolved Oxygen",2003-05-26,2003,"mg/L","May",8.61
"587","pH",2003-05-26,2003,"pH","May",7.55
"588","Temperature, water",2003-05-26,2003,"deg C","May",13.11
"589","Dissolved Oxygen",2003-05-26,2003,"mg/L","May",8.62
"590","pH",2003-05-26,2003,"pH","May",7.53
"591","Temperature, water",2003-05-26,2003,"deg C","May",12.97
"592","pH",2003-05-26,2003,"pH","May",7.52
"593","Dissolved Oxygen",2003-05-26,2003,"mg/L","May",8.63
"594","Dissolved Oxygen",2003-05-26,2003,"mg/L","May",8.66
"595","pH",2003-05-26,2003,"pH","May",7.51
"596","Temperature, water",2003-05-26,2003,"deg C","May",12.83
"597","Dissolved Oxygen",2003-05-26,2003,"mg/L","May",8.68
"598","pH",2003-05-26,2003,"pH","May",7.5
"599","Temperature, water",2003-05-26,2003,"deg C","May",12.7
"600","Temperature, water",2003-05-26,2003,"deg C","May",12.59
"601","Dissolved Oxygen",2003-05-26,2003,"mg/L","May",8.72
"602","pH",2003-05-26,2003,"pH","May",7.5
"603","Dissolved Oxygen",2003-05-26,2003,"mg/L","May",8.76
"604","Temperature, water",2003-05-26,2003,"deg C","May",12.47
"605","pH",2003-05-26,2003,"pH","May",7.5
"606","Dissolved Oxygen",2003-05-26,2003,"mg/L","May",8.78
"607","pH",2003-05-26,2003,"pH","May",7.5
"608","Temperature, water",2003-05-26,2003,"deg C","May",12.36
"609","pH",2003-05-26,2003,"pH","May",7.5
"610","Dissolved Oxygen",2003-05-26,2003,"mg/L","May",8.8
"611","Temperature, water",2003-05-26,2003,"deg C","May",12.26
"612","Dissolved Oxygen",2003-05-26,2003,"mg/L","May",8.83
"613","pH",2003-05-26,2003,"pH","May",7.5
"614","Temperature, water",2003-05-26,2003,"deg C","May",12.17
"615","pH",2003-05-26,2003,"pH","May",7.49
"616","Temperature, water",2003-05-26,2003,"deg C","May",12.09
"617","Dissolved Oxygen",2003-05-26,2003,"mg/L","May",8.84
"618","pH",2003-05-26,2003,"pH","May",7.49
"619","Dissolved Oxygen",2003-05-26,2003,"mg/L","May",8.86
"620","Temperature, water",2003-05-26,2003,"deg C","May",12.03
"621","Temperature, water",2003-05-26,2003,"deg C","May",11.94
"622","Dissolved Oxygen",2003-05-26,2003,"mg/L","May",8.89
"623","pH",2003-05-26,2003,"pH","May",7.5
"624","Temperature, water",2003-05-27,2003,"deg C","May",11.88
"625","pH",2003-05-27,2003,"pH","May",7.49
"626","Dissolved Oxygen",2003-05-27,2003,"mg/L","May",8.92
"627","Temperature, water",2003-05-27,2003,"deg C","May",11.83
"628","Dissolved Oxygen",2003-05-27,2003,"mg/L","May",8.93
"629","pH",2003-05-27,2003,"pH","May",7.49
"630","pH",2003-05-27,2003,"pH","May",7.5
"631","Dissolved Oxygen",2003-05-27,2003,"mg/L","May",8.95
"632","Temperature, water",2003-05-27,2003,"deg C","May",11.76
"633","Dissolved Oxygen",2003-05-27,2003,"mg/L","May",8.99
"634","Temperature, water",2003-05-27,2003,"deg C","May",11.71
"635","pH",2003-05-27,2003,"pH","May",7.5
"636","Temperature, water",2003-05-27,2003,"deg C","May",11.65
"637","Dissolved Oxygen",2003-05-27,2003,"mg/L","May",8.99
"638","pH",2003-05-27,2003,"pH","May",7.5
"639","pH",2003-05-27,2003,"pH","May",7.5
"640","Temperature, water",2003-05-27,2003,"deg C","May",11.6
"641","Dissolved Oxygen",2003-05-27,2003,"mg/L","May",9.01
"642","Dissolved Oxygen",2003-05-27,2003,"mg/L","May",9.03
"643","pH",2003-05-27,2003,"pH","May",7.5
"644","Temperature, water",2003-05-27,2003,"deg C","May",11.55
"645","Dissolved Oxygen",2003-05-27,2003,"mg/L","May",9.03
"646","Temperature, water",2003-05-27,2003,"deg C","May",11.5
"647","pH",2003-05-27,2003,"pH","May",7.5
"648","pH",2003-05-27,2003,"pH","May",7.5
"649","Dissolved Oxygen",2003-05-27,2003,"mg/L","May",9.06
"650","Temperature, water",2003-05-27,2003,"deg C","May",11.45
"651","Temperature, water",2003-05-27,2003,"deg C","May",11.42
"652","Dissolved Oxygen",2003-05-27,2003,"mg/L","May",9.06
"653","pH",2003-05-27,2003,"pH","May",7.5
"654","Dissolved Oxygen",2003-05-27,2003,"mg/L","May",9.07
"655","pH",2003-05-27,2003,"pH","May",7.5
"656","Temperature, water",2003-05-27,2003,"deg C","May",11.37
"657","Temperature, water",2003-05-27,2003,"deg C","May",11.32
"658","Dissolved Oxygen",2003-05-27,2003,"mg/L","May",9.09
"659","pH",2003-05-27,2003,"pH","May",7.5
"660","Temperature, water",2003-05-27,2003,"deg C","May",11.27
"661","pH",2003-05-27,2003,"pH","May",7.5
"662","Dissolved Oxygen",2003-05-27,2003,"mg/L","May",9.11
"663","Dissolved Oxygen",2003-05-27,2003,"mg/L","May",9.12
"664","Temperature, water",2003-05-27,2003,"deg C","May",11.22
"665","pH",2003-05-27,2003,"pH","May",7.5
"666","pH",2003-05-27,2003,"pH","May",7.5
"667","Dissolved Oxygen",2003-05-27,2003,"mg/L","May",9.15
"668","Temperature, water",2003-05-27,2003,"deg C","May",11.16
"669","Temperature, water",2003-05-27,2003,"deg C","May",11.11
"670","pH",2003-05-27,2003,"pH","May",7.5
"671","Dissolved Oxygen",2003-05-27,2003,"mg/L","May",9.15
"672","pH",2003-05-27,2003,"pH","May",7.5
"673","Temperature, water",2003-05-27,2003,"deg C","May",11.04
"674","Dissolved Oxygen",2003-05-27,2003,"mg/L","May",9.17
"675","Dissolved Oxygen",2003-05-27,2003,"mg/L","May",9.18
"676","pH",2003-05-27,2003,"pH","May",7.5
"677","Temperature, water",2003-05-27,2003,"deg C","May",10.99
"678","Dissolved Oxygen",2003-05-27,2003,"mg/L","May",9.2
"679","pH",2003-05-27,2003,"pH","May",7.5
"680","Temperature, water",2003-05-27,2003,"deg C","May",10.93
"681","pH",2003-05-27,2003,"pH","May",7.5
"682","Dissolved Oxygen",2003-05-27,2003,"mg/L","May",9.23
"683","Temperature, water",2003-05-27,2003,"deg C","May",10.88
"684","Dissolved Oxygen",2003-05-27,2003,"mg/L","May",9.24
"685","pH",2003-05-27,2003,"pH","May",7.5
"686","Temperature, water",2003-05-27,2003,"deg C","May",10.81
"687","pH",2003-05-27,2003,"pH","May",7.5
"688","Dissolved Oxygen",2003-05-27,2003,"mg/L","May",9.28
"689","Temperature, water",2003-05-27,2003,"deg C","May",10.74
"690","Temperature, water",2003-05-27,2003,"deg C","May",10.71
"691","pH",2003-05-27,2003,"pH","May",7.51
"692","Dissolved Oxygen",2003-05-27,2003,"mg/L","May",9.31
"693","Temperature, water",2003-05-27,2003,"deg C","May",10.65
"694","Dissolved Oxygen",2003-05-27,2003,"mg/L","May",9.35
"695","pH",2003-05-27,2003,"pH","May",7.52
"696","Dissolved Oxygen",2003-05-27,2003,"mg/L","May",9.41
"697","pH",2003-05-27,2003,"pH","May",7.54
"698","Temperature, water",2003-05-27,2003,"deg C","May",10.6
"699","pH",2003-05-27,2003,"pH","May",7.55
"700","Dissolved Oxygen",2003-05-27,2003,"mg/L","May",9.47
"701","Temperature, water",2003-05-27,2003,"deg C","May",10.56
"702","Dissolved Oxygen",2003-05-27,2003,"mg/L","May",9.51
"703","Temperature, water",2003-05-27,2003,"deg C","May",10.53
"704","pH",2003-05-27,2003,"pH","May",7.57
"705","Dissolved Oxygen",2003-05-27,2003,"mg/L","May",9.57
"706","Temperature, water",2003-05-27,2003,"deg C","May",10.5
"707","pH",2003-05-27,2003,"pH","May",7.6
"708","Dissolved Oxygen",2003-05-27,2003,"mg/L","May",9.62
"709","pH",2003-05-27,2003,"pH","May",7.62
"710","Temperature, water",2003-05-27,2003,"deg C","May",10.5
"711","pH",2003-05-27,2003,"pH","May",7.64
"712","Dissolved Oxygen",2003-05-27,2003,"mg/L","May",9.67
"713","Temperature, water",2003-05-27,2003,"deg C","May",10.5
"714","Temperature, water",2003-05-27,2003,"deg C","May",10.53
"715","pH",2003-05-27,2003,"pH","May",7.67
"716","Dissolved Oxygen",2003-05-27,2003,"mg/L","May",9.71
"717","pH",2003-05-27,2003,"pH","May",7.7
"718","Dissolved Oxygen",2003-05-27,2003,"mg/L","May",9.75
"719","Temperature, water",2003-05-27,2003,"deg C","May",10.61
"720","pH",2003-05-27,2003,"pH","May",7.73
"721","Temperature, water",2003-05-27,2003,"deg C","May",10.68
"722","Dissolved Oxygen",2003-05-27,2003,"mg/L","May",9.81
"723","pH",2003-05-27,2003,"pH","May",7.76
"724","Temperature, water",2003-05-27,2003,"deg C","May",10.79
"725","Dissolved Oxygen",2003-05-27,2003,"mg/L","May",9.83
"726","pH",2003-05-27,2003,"pH","May",7.79
"727","Temperature, water",2003-05-27,2003,"deg C","May",10.93
"728","Dissolved Oxygen",2003-05-27,2003,"mg/L","May",9.84
"729","pH",2003-05-27,2003,"pH","May",7.83
"730","Dissolved Oxygen",2003-05-27,2003,"mg/L","May",9.85
"731","Temperature, water",2003-05-27,2003,"deg C","May",11.09
"732","Dissolved Oxygen",2003-05-27,2003,"mg/L","May",9.86
"733","Temperature, water",2003-05-27,2003,"deg C","May",11.29
"734","pH",2003-05-27,2003,"pH","May",7.87
"735","pH",2003-05-27,2003,"pH","May",7.9
"736","Dissolved Oxygen",2003-05-27,2003,"mg/L","May",9.87
"737","Temperature, water",2003-05-27,2003,"deg C","May",11.48
"738","pH",2003-05-27,2003,"pH","May",7.94
"739","Dissolved Oxygen",2003-05-27,2003,"mg/L","May",9.85
"740","Temperature, water",2003-05-27,2003,"deg C","May",11.71
"741","Dissolved Oxygen",2003-05-27,2003,"mg/L","May",9.84
"742","pH",2003-05-27,2003,"pH","May",7.97
"743","Temperature, water",2003-05-27,2003,"deg C","May",11.94
"744","Dissolved Oxygen",2003-05-27,2003,"mg/L","May",9.81
"745","pH",2003-05-27,2003,"pH","May",8
"746","Temperature, water",2003-05-27,2003,"deg C","May",12.21
"747","Temperature, water",2003-05-27,2003,"deg C","May",12.49
"748","Dissolved Oxygen",2003-05-27,2003,"mg/L","May",9.78
"749","pH",2003-05-27,2003,"pH","May",8.03
"750","Dissolved Oxygen",2003-05-27,2003,"mg/L","May",9.73
"751","pH",2003-05-27,2003,"pH","May",8.06
"752","Temperature, water",2003-05-27,2003,"deg C","May",12.77
"753","pH",2003-05-27,2003,"pH","May",8.08
"754","Dissolved Oxygen",2003-05-27,2003,"mg/L","May",9.69
"755","Temperature, water",2003-05-27,2003,"deg C","May",13.07
"756","Temperature, water",2003-05-27,2003,"deg C","May",13.38
"757","pH",2003-05-27,2003,"pH","May",8.11
"758","Dissolved Oxygen",2003-05-27,2003,"mg/L","May",9.63
"759","Dissolved Oxygen",2003-05-27,2003,"mg/L","May",9.58
"760","Temperature, water",2003-05-27,2003,"deg C","May",13.71
"761","pH",2003-05-27,2003,"pH","May",8.14
"762","pH",2003-05-27,2003,"pH","May",8.16
"763","Dissolved Oxygen",2003-05-27,2003,"mg/L","May",9.53
"764","Temperature, water",2003-05-27,2003,"deg C","May",14.01
"765","pH",2003-05-27,2003,"pH","May",8.18
"766","Dissolved Oxygen",2003-05-27,2003,"mg/L","May",9.49
"767","Temperature, water",2003-05-27,2003,"deg C","May",14.32
"768","pH",2003-05-27,2003,"pH","May",8.2
"769","Dissolved Oxygen",2003-05-27,2003,"mg/L","May",9.43
"770","Temperature, water",2003-05-27,2003,"deg C","May",14.64
"771","pH",2003-05-27,2003,"pH","May",8.22
"772","Temperature, water",2003-05-27,2003,"deg C","May",14.96
"773","Dissolved Oxygen",2003-05-27,2003,"mg/L","May",9.37
"774","Temperature, water",2003-05-27,2003,"deg C","May",15.27
"775","pH",2003-05-27,2003,"pH","May",8.24
"776","Dissolved Oxygen",2003-05-27,2003,"mg/L","May",9.32
"777","Temperature, water",2003-05-27,2003,"deg C","May",15.59
"778","pH",2003-05-27,2003,"pH","May",8.26
"779","Dissolved Oxygen",2003-05-27,2003,"mg/L","May",9.27
"780","pH",2003-05-27,2003,"pH","May",8.27
"781","Dissolved Oxygen",2003-05-27,2003,"mg/L","May",9.21
"782","Temperature, water",2003-05-27,2003,"deg C","May",15.89
"783","Dissolved Oxygen",2003-05-27,2003,"mg/L","May",9.14
"784","pH",2003-05-27,2003,"pH","May",8.27
"785","Temperature, water",2003-05-27,2003,"deg C","May",16.2
"786","Temperature, water",2003-05-27,2003,"deg C","May",16.45
"787","Dissolved Oxygen",2003-05-27,2003,"mg/L","May",9.09
"788","pH",2003-05-27,2003,"pH","May",8.29
"789","Temperature, water",2003-05-27,2003,"deg C","May",16.72
"790","Dissolved Oxygen",2003-05-27,2003,"mg/L","May",9.05
"791","pH",2003-05-27,2003,"pH","May",8.29
"792","Temperature, water",2003-05-27,2003,"deg C","May",16.97
"793","pH",2003-05-27,2003,"pH","May",8.29
"794","Dissolved Oxygen",2003-05-27,2003,"mg/L","May",8.98
"795","Dissolved Oxygen",2003-05-27,2003,"mg/L","May",8.92
"796","Temperature, water",2003-05-27,2003,"deg C","May",17.21
"797","pH",2003-05-27,2003,"pH","May",8.29
"798","Dissolved Oxygen",2003-05-27,2003,"mg/L","May",8.87
"799","pH",2003-05-27,2003,"pH","May",8.29
"800","Temperature, water",2003-05-27,2003,"deg C","May",17.43
"801","Temperature, water",2003-05-27,2003,"deg C","May",17.63
"802","Dissolved Oxygen",2003-05-27,2003,"mg/L","May",8.83
"803","pH",2003-05-27,2003,"pH","May",8.27
"804","pH",2003-05-27,2003,"pH","May",8.27
"805","Dissolved Oxygen",2003-05-27,2003,"mg/L","May",8.78
"806","Temperature, water",2003-05-27,2003,"deg C","May",17.8
"807","pH",2003-05-27,2003,"pH","May",8.27
"808","Temperature, water",2003-05-27,2003,"deg C","May",17.96
"809","Dissolved Oxygen",2003-05-27,2003,"mg/L","May",8.73
"810","Dissolved Oxygen",2003-05-27,2003,"mg/L","May",8.71
"811","pH",2003-05-27,2003,"pH","May",8.26
"812","Temperature, water",2003-05-27,2003,"deg C","May",18.08
"813","Temperature, water",2003-05-27,2003,"deg C","May",18.18
"814","pH",2003-05-27,2003,"pH","May",8.25
"815","Dissolved Oxygen",2003-05-27,2003,"mg/L","May",8.67
"816","Temperature, water",2003-05-27,2003,"deg C","May",18.21
"817","Dissolved Oxygen",2003-05-27,2003,"mg/L","May",8.66
"818","pH",2003-05-27,2003,"pH","May",8.24
"819","Temperature, water",2003-05-27,2003,"deg C","May",18.23
"820","pH",2003-05-27,2003,"pH","May",8.22
"821","Dissolved Oxygen",2003-05-27,2003,"mg/L","May",8.63
"822","Temperature, water",2003-05-27,2003,"deg C","May",18.26
"823","pH",2003-05-27,2003,"pH","May",8.21
"824","Dissolved Oxygen",2003-05-27,2003,"mg/L","May",8.62
"825","Temperature, water",2003-05-27,2003,"deg C","May",18.19
"826","pH",2003-05-27,2003,"pH","May",8.17
"827","Dissolved Oxygen",2003-05-27,2003,"mg/L","May",8.56
"828","Dissolved Oxygen",2003-05-27,2003,"mg/L","May",8.55
"829","pH",2003-05-27,2003,"pH","May",8.14
"830","Temperature, water",2003-05-27,2003,"deg C","May",18.16
"831","pH",2003-05-27,2003,"pH","May",8.11
"832","Temperature, water",2003-05-27,2003,"deg C","May",18.09
"833","Dissolved Oxygen",2003-05-27,2003,"mg/L","May",8.52
"834","pH",2003-05-27,2003,"pH","May",8.08
"835","Temperature, water",2003-05-27,2003,"deg C","May",17.99
"836","Dissolved Oxygen",2003-05-27,2003,"mg/L","May",8.52
"837","Temperature, water",2003-05-27,2003,"deg C","May",17.85
"838","pH",2003-05-27,2003,"pH","May",8.03
"839","Dissolved Oxygen",2003-05-27,2003,"mg/L","May",8.49
"840","pH",2003-05-27,2003,"pH","May",7.99
"841","Temperature, water",2003-05-27,2003,"deg C","May",17.73
"842","Dissolved Oxygen",2003-05-27,2003,"mg/L","May",8.5
"843","Dissolved Oxygen",2003-05-27,2003,"mg/L","May",8.52
"844","Temperature, water",2003-05-27,2003,"deg C","May",17.62
"845","pH",2003-05-27,2003,"pH","May",7.96
"846","Temperature, water",2003-05-27,2003,"deg C","May",17.43
"847","pH",2003-05-27,2003,"pH","May",7.92
"848","Dissolved Oxygen",2003-05-27,2003,"mg/L","May",8.49
"849","Temperature, water",2003-05-27,2003,"deg C","May",17.24
"850","pH",2003-05-27,2003,"pH","May",7.87
"851","Dissolved Oxygen",2003-05-27,2003,"mg/L","May",8.47
"852","Temperature, water",2003-05-27,2003,"deg C","May",17.02
"853","Dissolved Oxygen",2003-05-27,2003,"mg/L","May",8.44
"854","pH",2003-05-27,2003,"pH","May",7.81
"855","Dissolved Oxygen",2003-05-27,2003,"mg/L","May",8.4
"856","pH",2003-05-27,2003,"pH","May",7.38
"857","Dissolved Oxygen",2003-05-27,2003,"mg/L","May",11.65
"858","Temperature, water",2003-05-27,2003,"deg C","May",11.66
"859","pH",2003-05-27,2003,"pH","May",7.77
"860","Dissolved Oxygen",2003-05-27,2003,"mg/L","May",8.43
"861","Temperature, water",2003-05-27,2003,"deg C","May",16.82
"862","pH",2003-05-27,2003,"pH","May",7.71
"863","Dissolved Oxygen",2003-05-27,2003,"mg/L","May",8.4
"864","Temperature, water",2003-05-27,2003,"deg C","May",16.6
"865","Temperature, water",2003-05-27,2003,"deg C","May",16.56
"866","Dissolved Oxygen",2003-05-27,2003,"mg/L","May",9.8
"867","Dissolved Oxygen",2003-05-27,2003,"mg/L","May",8.4
"868","pH",2003-05-27,2003,"pH","May",7.57
"869","pH",2015-06-02,2015,"pH","Jun",7.23
"870","Temperature, water",2015-06-02,2015,"deg C","Jun",12.66
"871","Dissolved Oxygen",2015-06-02,2015,"mg/L","Jun",9.27
"872","pH",2015-06-02,2015,"pH","Jun",7.36
"873","Temperature, water",2015-06-02,2015,"deg C","Jun",14.07
"874","Dissolved Oxygen",2015-06-02,2015,"mg/L","Jun",9.22
"875","pH",2015-06-02,2015,"pH","Jun",7.53
"876","Temperature, water",2015-06-02,2015,"deg C","Jun",12.99
"877","Dissolved Oxygen",2015-06-02,2015,"mg/L","Jun",9.64
"878","pH",2015-06-02,2015,"pH","Jun",7.89
"879","Temperature, water",2015-06-02,2015,"deg C","Jun",14.32
"880","Dissolved Oxygen",2015-06-02,2015,"mg/L","Jun",9.98
"881","pH",2015-06-02,2015,"pH","Jun",8.02
"882","Temperature, water",2015-06-02,2015,"deg C","Jun",14.61
"883","Dissolved Oxygen",2015-06-02,2015,"mg/L","Jun",10.09
"884","pH",2003-06-10,2003,"pH","Jun",7.3
"885","Temperature, water",2003-06-10,2003,"deg C","Jun",16.5
"886","Dissolved Oxygen",2003-06-10,2003,"mg/L","Jun",8.85
"887","Dissolved Oxygen",2003-06-10,2003,"mg/L","Jun",9.6
"888","Dissolved Oxygen",2003-06-10,2003,"mg/L","Jun",9.68
"889","Temperature, water",2003-06-10,2003,"deg C","Jun",15.25
"890","pH",2003-06-10,2003,"pH","Jun",8.04
"891","pH",2003-06-10,2003,"pH","Jun",8.07
"892","Temperature, water",2003-06-10,2003,"deg C","Jun",15.92
"893","Dissolved Oxygen",2003-06-10,2003,"mg/L","Jun",9.6
"894","pH",2003-06-10,2003,"pH","Jun",8.43
"895","Temperature, water",2003-06-10,2003,"deg C","Jun",18.39
"896","Dissolved Oxygen",2003-06-10,2003,"mg/L","Jun",9.8
"897","pH",2003-06-10,2003,"pH","Jun",8.77
"898","Dissolved Oxygen",2003-06-10,2003,"mg/L","Jun",9.85
"899","Temperature, water",2003-06-10,2003,"deg C","Jun",19.74
"900","Dissolved Oxygen",2003-06-10,2003,"mg/L","Jun",9.8
"901","Dissolved Oxygen",2003-06-23,2003,"mg/L","Jun",11.35
"902","Temperature, water",2003-06-23,2003,"deg C","Jun",12.71
"903","pH",2003-06-23,2003,"pH","Jun",8.52
"904","Temperature, water",2003-06-23,2003,"deg C","Jun",14.25
"905","Dissolved Oxygen",2003-06-23,2003,"mg/L","Jun",10.65
"906","pH",2003-06-23,2003,"pH","Jun",7.58
"907","Dissolved Oxygen",2003-06-23,2003,"mg/L","Jun",10.45
"908","Dissolved Oxygen",2003-06-23,2003,"mg/L","Jun",10.5
"909","Temperature, water",2003-06-23,2003,"deg C","Jun",13.3
"910","pH",2003-06-23,2003,"pH","Jun",8.23
"911","Dissolved Oxygen",2003-06-23,2003,"mg/L","Jun",11.65
"912","pH",2003-06-23,2003,"pH","Jun",8.68
"913","Temperature, water",2003-06-23,2003,"deg C","Jun",14.45
"914","pH",2003-06-23,2003,"pH","Jun",7.94
"915","Dissolved Oxygen",2003-06-23,2003,"mg/L","Jun",12.44
"916","Dissolved Oxygen",2003-06-23,2003,"mg/L","Jun",12.21
"917","Temperature, water",2003-06-23,2003,"deg C","Jun",13.93
"918","Temperature, water",2003-06-23,2003,"deg C","Jun",16.27
"919","pH",2003-06-23,2003,"pH","Jun",8.85
"920","Dissolved Oxygen",2003-06-23,2003,"mg/L","Jun",10.76
"921","pH",2003-06-23,2003,"pH","Jun",8.8
"922","Dissolved Oxygen",2003-06-23,2003,"mg/L","Jun",10.62
"923","Dissolved Oxygen",2003-06-23,2003,"mg/L","Jun",11.29
"924","Temperature, water",2003-06-23,2003,"deg C","Jun",17.04
"925","pH",2015-06-23,2015,"pH","Jun",7.61
"926","Temperature, water",2015-06-23,2015,"deg C","Jun",13.98
"927","Dissolved Oxygen",2015-06-23,2015,"mg/L","Jun",8.55
"928","pH",2015-06-23,2015,"pH","Jun",7.67
"929","Temperature, water",2015-06-23,2015,"deg C","Jun",14.34
"930","Dissolved Oxygen",2015-06-23,2015,"mg/L","Jun",8.72
"931","pH",2015-06-23,2015,"pH","Jun",7.79
"932","Temperature, water",2015-06-23,2015,"deg C","Jun",13.73
"933","Dissolved Oxygen",2015-06-23,2015,"mg/L","Jun",9.17
"934","pH",2015-06-23,2015,"pH","Jun",8.03
"935","Temperature, water",2015-06-23,2015,"deg C","Jun",15.13
"936","Dissolved Oxygen",2015-06-23,2015,"mg/L","Jun",9.5
"937","pH",2015-06-23,2015,"pH","Jun",8.39
"938","Temperature, water",2015-06-23,2015,"deg C","Jun",15.69
"939","Dissolved Oxygen",2015-06-23,2015,"mg/L","Jun",9.96
"940","Temperature, water",2002-06-25,2002,"deg C","Jun",14.93
"941","Dissolved Oxygen",2002-06-25,2002,"mg/L","Jun",10.06
"942","pH",2002-06-25,2002,"pH","Jun",7.77
"943","pH",2002-06-25,2002,"pH","Jun",7.33
"944","Dissolved Oxygen",2002-06-25,2002,"mg/L","Jun",8.94
"945","Temperature, water",2002-06-25,2002,"deg C","Jun",17.32
"946","Dissolved Oxygen",2002-06-25,2002,"mg/L","Jun",9.88
"947","pH",2002-06-25,2002,"pH","Jun",7.9
"948","Temperature, water",2002-06-25,2002,"deg C","Jun",18.25
"949","Dissolved Oxygen",2002-06-25,2002,"mg/L","Jun",9.42
"950","Temperature, water",2002-06-25,2002,"deg C","Jun",20.37
"951","pH",2002-06-25,2002,"pH","Jun",8.11
"952","Dissolved Oxygen",2002-06-25,2002,"mg/L","Jun",9.29
"953","pH",2014-07-08,2014,"pH","Jul",7.28
"954","Temperature, water",2014-07-08,2014,"deg C","Jul",15.2
"955","Dissolved Oxygen",2014-07-08,2014,"mg/L","Jul",8.23
"956","pH",2014-07-08,2014,"pH","Jul",7.22
"957","Temperature, water",2014-07-08,2014,"deg C","Jul",17.3
"958","Dissolved Oxygen",2014-07-08,2014,"mg/L","Jul",8.1
"959","pH",2014-07-08,2014,"pH","Jul",7.61
"960","Temperature, water",2014-07-08,2014,"deg C","Jul",15.99
"961","Dissolved Oxygen",2014-07-08,2014,"mg/L","Jul",8.7
"962","pH",2014-07-08,2014,"pH","Jul",7.61
"963","Temperature, water",2014-07-08,2014,"deg C","Jul",16
"964","Dissolved Oxygen",2014-07-08,2014,"mg/L","Jul",8.7
"965","pH",2014-07-08,2014,"pH","Jul",7.96
"966","Temperature, water",2014-07-08,2014,"deg C","Jul",18.37
"967","Dissolved Oxygen",2014-07-08,2014,"mg/L","Jul",8.99
"968","Dissolved Oxygen",2002-07-09,2002,"mg/L","Jul",9.41
"969","pH",2002-07-09,2002,"pH","Jul",7.63
"970","Temperature, water",2002-07-09,2002,"deg C","Jul",16.46
"971","Dissolved Oxygen",2002-07-09,2002,"mg/L","Jul",9.3
"972","Dissolved Oxygen",2002-07-09,2002,"mg/L","Jul",9.2
"973","Temperature, water",2002-07-09,2002,"deg C","Jul",16.66
"974","pH",2002-07-09,2002,"pH","Jul",7.76
"975","Dissolved Oxygen",2002-07-09,2002,"mg/L","Jul",9.14
"976","Temperature, water",2002-07-09,2002,"deg C","Jul",17.01
"977","pH",2002-07-09,2002,"pH","Jul",7.84
"978","Dissolved Oxygen",2002-07-09,2002,"mg/L","Jul",8.77
"979","pH",2002-07-09,2002,"pH","Jul",7.37
"980","Temperature, water",2002-07-09,2002,"deg C","Jul",18.57
"981","Dissolved Oxygen",2002-07-09,2002,"mg/L","Jul",9.05
"982","pH",2002-07-09,2002,"pH","Jul",7.87
"983","Temperature, water",2002-07-09,2002,"deg C","Jul",17.36
"984","Dissolved Oxygen",2002-07-09,2002,"mg/L","Jul",8.99
"985","pH",2002-07-09,2002,"pH","Jul",7.88
"986","Temperature, water",2002-07-09,2002,"deg C","Jul",17.71
"987","Dissolved Oxygen",2002-07-09,2002,"mg/L","Jul",8.93
"988","Temperature, water",2002-07-09,2002,"deg C","Jul",18.06
"989","pH",2002-07-09,2002,"pH","Jul",7.89
"990","Temperature, water",2002-07-09,2002,"deg C","Jul",18.41
"991","pH",2002-07-09,2002,"pH","Jul",7.9
"992","Dissolved Oxygen",2002-07-09,2002,"mg/L","Jul",8.79
"993","pH",2002-07-09,2002,"pH","Jul",8.21
"994","Dissolved Oxygen",2002-07-09,2002,"mg/L","Jul",9.92
"995","Temperature, water",2002-07-09,2002,"deg C","Jul",19.79
"996","Temperature, water",2002-07-09,2002,"deg C","Jul",18.74
"997","Dissolved Oxygen",2002-07-09,2002,"mg/L","Jul",8.74
"998","pH",2002-07-09,2002,"pH","Jul",7.89
"999","Temperature, water",2002-07-09,2002,"deg C","Jul",19.06
"1000","Dissolved Oxygen",2002-07-09,2002,"mg/L","Jul",8.69
"1001","pH",2002-07-09,2002,"pH","Jul",7.89
"1002","Temperature, water",2002-07-09,2002,"deg C","Jul",19.37
"1003","Dissolved Oxygen",2002-07-09,2002,"mg/L","Jul",8.59
"1004","pH",2002-07-09,2002,"pH","Jul",7.89
"1005","pH",2002-07-09,2002,"pH","Jul",8.32
"1006","Dissolved Oxygen",2002-07-09,2002,"mg/L","Jul",9.99
"1007","Temperature, water",2002-07-09,2002,"deg C","Jul",21.7
"1008","pH",2002-07-09,2002,"pH","Jul",7.87
"1009","Dissolved Oxygen",2002-07-09,2002,"mg/L","Jul",8.5
"1010","Temperature, water",2002-07-09,2002,"deg C","Jul",19.66
"1011","Dissolved Oxygen",2002-07-09,2002,"mg/L","Jul",8.47
"1012","pH",2002-07-09,2002,"pH","Jul",7.87
"1013","Temperature, water",2002-07-09,2002,"deg C","Jul",19.95
"1014","pH",2002-07-09,2002,"pH","Jul",7.86
"1015","Dissolved Oxygen",2002-07-09,2002,"mg/L","Jul",8.38
"1016","Temperature, water",2002-07-09,2002,"deg C","Jul",20.21
"1017","Temperature, water",2002-07-09,2002,"deg C","Jul",20.46
"1018","Dissolved Oxygen",2002-07-09,2002,"mg/L","Jul",8.32
"1019","pH",2002-07-09,2002,"pH","Jul",7.86
"1020","Temperature, water",2002-07-09,2002,"deg C","Jul",20.67
"1021","Dissolved Oxygen",2002-07-09,2002,"mg/L","Jul",8.23
"1022","pH",2002-07-09,2002,"pH","Jul",7.85
"1023","pH",2002-07-09,2002,"pH","Jul",7.85
"1024","Dissolved Oxygen",2002-07-09,2002,"mg/L","Jul",8.14
"1025","Temperature, water",2002-07-09,2002,"deg C","Jul",20.87
"1026","Temperature, water",2002-07-09,2002,"deg C","Jul",21.05
"1027","pH",2002-07-09,2002,"pH","Jul",7.83
"1028","Dissolved Oxygen",2002-07-09,2002,"mg/L","Jul",8.09
"1029","Dissolved Oxygen",2002-07-09,2002,"mg/L","Jul",8.04
"1030","pH",2002-07-09,2002,"pH","Jul",7.82
"1031","Temperature, water",2002-07-09,2002,"deg C","Jul",21.2
"1032","Dissolved Oxygen",2002-07-09,2002,"mg/L","Jul",8.01
"1033","Temperature, water",2002-07-09,2002,"deg C","Jul",21.34
"1034","pH",2002-07-09,2002,"pH","Jul",7.82
"1035","Temperature, water",2002-07-09,2002,"deg C","Jul",21.43
"1036","pH",2002-07-09,2002,"pH","Jul",7.81
"1037","Dissolved Oxygen",2002-07-09,2002,"mg/L","Jul",7.97
"1038","pH",2002-07-09,2002,"pH","Jul",7.8
"1039","Dissolved Oxygen",2002-07-09,2002,"mg/L","Jul",7.94
"1040","Temperature, water",2002-07-09,2002,"deg C","Jul",21.49
"1041","pH",2002-07-09,2002,"pH","Jul",7.79
"1042","Dissolved Oxygen",2002-07-09,2002,"mg/L","Jul",7.9
"1043","Temperature, water",2002-07-09,2002,"deg C","Jul",21.55
"1044","Temperature, water",2002-07-09,2002,"deg C","Jul",21.57
"1045","Dissolved Oxygen",2002-07-09,2002,"mg/L","Jul",7.9
"1046","pH",2002-07-09,2002,"pH","Jul",7.78
"1047","Dissolved Oxygen",2002-07-09,2002,"mg/L","Jul",7.85
"1048","Temperature, water",2002-07-09,2002,"deg C","Jul",21.57
"1049","pH",2002-07-09,2002,"pH","Jul",7.76
"1050","Dissolved Oxygen",2002-07-09,2002,"mg/L","Jul",7.84
"1051","Temperature, water",2002-07-09,2002,"deg C","Jul",21.54
"1052","pH",2002-07-09,2002,"pH","Jul",7.76
"1053","pH",2002-07-09,2002,"pH","Jul",7.75
"1054","Dissolved Oxygen",2002-07-09,2002,"mg/L","Jul",7.81
"1055","Temperature, water",2002-07-09,2002,"deg C","Jul",21.49
"1056","Temperature, water",2002-07-09,2002,"deg C","Jul",21.39
"1057","Dissolved Oxygen",2002-07-09,2002,"mg/L","Jul",7.8
"1058","pH",2002-07-09,2002,"pH","Jul",7.74
"1059","Dissolved Oxygen",2002-07-09,2002,"mg/L","Jul",7.78
"1060","Temperature, water",2002-07-09,2002,"deg C","Jul",21.28
"1061","pH",2002-07-09,2002,"pH","Jul",7.72
"1062","Temperature, water",2002-07-09,2002,"deg C","Jul",21.14
"1063","pH",2002-07-09,2002,"pH","Jul",7.72
"1064","Dissolved Oxygen",2002-07-09,2002,"mg/L","Jul",7.76
"1065","pH",2002-07-09,2002,"pH","Jul",7.7
"1066","Temperature, water",2002-07-09,2002,"deg C","Jul",20.99
"1067","Dissolved Oxygen",2002-07-09,2002,"mg/L","Jul",7.8
"1068","Dissolved Oxygen",2002-07-09,2002,"mg/L","Jul",7.73
"1069","pH",2002-07-09,2002,"pH","Jul",7.68
"1070","Temperature, water",2002-07-09,2002,"deg C","Jul",20.81
"1071","pH",2002-07-09,2002,"pH","Jul",7.67
"1072","Dissolved Oxygen",2002-07-09,2002,"mg/L","Jul",7.77
"1073","Temperature, water",2002-07-09,2002,"deg C","Jul",20.62
"1074","Temperature, water",2002-07-09,2002,"deg C","Jul",20.4
"1075","Dissolved Oxygen",2002-07-09,2002,"mg/L","Jul",7.75
"1076","pH",2002-07-09,2002,"pH","Jul",7.65
"1077","Temperature, water",2002-07-09,2002,"deg C","Jul",20.18
"1078","Dissolved Oxygen",2002-07-09,2002,"mg/L","Jul",7.75
"1079","pH",2002-07-09,2002,"pH","Jul",7.63
"1080","Dissolved Oxygen",2002-07-09,2002,"mg/L","Jul",7.75
"1081","Temperature, water",2002-07-09,2002,"deg C","Jul",19.96
"1082","pH",2002-07-09,2002,"pH","Jul",7.61
"1083","pH",2002-07-09,2002,"pH","Jul",7.6
"1084","Temperature, water",2002-07-09,2002,"deg C","Jul",19.71
"1085","Dissolved Oxygen",2002-07-09,2002,"mg/L","Jul",7.75
"1086","Temperature, water",2002-07-09,2002,"deg C","Jul",19.47
"1087","Dissolved Oxygen",2002-07-09,2002,"mg/L","Jul",7.78
"1088","pH",2002-07-09,2002,"pH","Jul",7.59
"1089","Dissolved Oxygen",2002-07-09,2002,"mg/L","Jul",7.79
"1090","pH",2002-07-09,2002,"pH","Jul",7.57
"1091","Temperature, water",2002-07-09,2002,"deg C","Jul",19.22
"1092","pH",2002-07-09,2002,"pH","Jul",7.56
"1093","Temperature, water",2002-07-09,2002,"deg C","Jul",18.98
"1094","Dissolved Oxygen",2002-07-09,2002,"mg/L","Jul",7.8
"1095","Dissolved Oxygen",2002-07-09,2002,"mg/L","Jul",7.83
"1096","Temperature, water",2002-07-09,2002,"deg C","Jul",18.74
"1097","pH",2002-07-09,2002,"pH","Jul",7.55
"1098","Dissolved Oxygen",2002-07-09,2002,"mg/L","Jul",7.84
"1099","pH",2002-07-09,2002,"pH","Jul",7.54
"1100","Temperature, water",2002-07-09,2002,"deg C","Jul",18.5
"1101","Dissolved Oxygen",2002-07-09,2002,"mg/L","Jul",7.87
"1102","pH",2002-07-09,2002,"pH","Jul",7.53
"1103","Temperature, water",2002-07-09,2002,"deg C","Jul",18.28
"1104","Dissolved Oxygen",2002-07-09,2002,"mg/L","Jul",7.94
"1105","Temperature, water",2002-07-09,2002,"deg C","Jul",18.03
"1106","pH",2002-07-09,2002,"pH","Jul",7.53
"1107","pH",2002-07-09,2002,"pH","Jul",7.53
"1108","Temperature, water",2002-07-09,2002,"deg C","Jul",17.81
"1109","Dissolved Oxygen",2002-07-09,2002,"mg/L","Jul",7.97
"1110","pH",2002-07-09,2002,"pH","Jul",7.53
"1111","Temperature, water",2002-07-09,2002,"deg C","Jul",17.59
"1112","Dissolved Oxygen",2002-07-09,2002,"mg/L","Jul",8.01
"1113","pH",2002-07-09,2002,"pH","Jul",7.52
"1114","Temperature, water",2002-07-09,2002,"deg C","Jul",17.39
"1115","Dissolved Oxygen",2002-07-09,2002,"mg/L","Jul",8.06
"1116","Dissolved Oxygen",2002-07-09,2002,"mg/L","Jul",8.07
"1117","pH",2002-07-09,2002,"pH","Jul",7.52
"1118","Temperature, water",2002-07-09,2002,"deg C","Jul",17.22
"1119","Dissolved Oxygen",2002-07-09,2002,"mg/L","Jul",8.11
"1120","pH",2002-07-09,2002,"pH","Jul",7.52
"1121","Temperature, water",2002-07-09,2002,"deg C","Jul",17.03
"1122","pH",2002-07-09,2002,"pH","Jul",7.52
"1123","Temperature, water",2002-07-09,2002,"deg C","Jul",16.86
"1124","Dissolved Oxygen",2002-07-09,2002,"mg/L","Jul",8.16
"1125","Temperature, water",2002-07-09,2002,"deg C","Jul",16.69
"1126","pH",2002-07-09,2002,"pH","Jul",7.52
"1127","Dissolved Oxygen",2002-07-09,2002,"mg/L","Jul",8.21
"1128","pH",2002-07-09,2002,"pH","Jul",7.52
"1129","Dissolved Oxygen",2002-07-09,2002,"mg/L","Jul",8.21
"1130","Temperature, water",2002-07-09,2002,"deg C","Jul",16.54
"1131","pH",2002-07-10,2002,"pH","Jul",7.52
"1132","Temperature, water",2002-07-10,2002,"deg C","Jul",16.39
"1133","Dissolved Oxygen",2002-07-10,2002,"mg/L","Jul",8.24
"1134","pH",2002-07-10,2002,"pH","Jul",7.52
"1135","Temperature, water",2002-07-10,2002,"deg C","Jul",16.25
"1136","Dissolved Oxygen",2002-07-10,2002,"mg/L","Jul",8.28
"1137","Temperature, water",2002-07-10,2002,"deg C","Jul",16.11
"1138","pH",2002-07-10,2002,"pH","Jul",7.52
"1139","Dissolved Oxygen",2002-07-10,2002,"mg/L","Jul",8.31
"1140","Dissolved Oxygen",2002-07-10,2002,"mg/L","Jul",8.38
"1141","pH",2002-07-10,2002,"pH","Jul",7.52
"1142","Temperature, water",2002-07-10,2002,"deg C","Jul",15.99
"1143","Dissolved Oxygen",2002-07-10,2002,"mg/L","Jul",8.39
"1144","pH",2002-07-10,2002,"pH","Jul",7.52
"1145","Temperature, water",2002-07-10,2002,"deg C","Jul",15.87
"1146","pH",2002-07-10,2002,"pH","Jul",7.52
"1147","Temperature, water",2002-07-10,2002,"deg C","Jul",15.75
"1148","Dissolved Oxygen",2002-07-10,2002,"mg/L","Jul",8.42
"1149","Dissolved Oxygen",2002-07-10,2002,"mg/L","Jul",8.42
"1150","pH",2002-07-10,2002,"pH","Jul",7.51
"1151","Temperature, water",2002-07-10,2002,"deg C","Jul",15.63
"1152","Temperature, water",2002-07-10,2002,"deg C","Jul",15.52
"1153","pH",2002-07-10,2002,"pH","Jul",7.52
"1154","Dissolved Oxygen",2002-07-10,2002,"mg/L","Jul",8.47
"1155","Dissolved Oxygen",2002-07-10,2002,"mg/L","Jul",8.47
"1156","pH",2002-07-10,2002,"pH","Jul",7.53
"1157","Temperature, water",2002-07-10,2002,"deg C","Jul",15.41
"1158","Temperature, water",2002-07-10,2002,"deg C","Jul",15.31
"1159","pH",2002-07-10,2002,"pH","Jul",7.53
"1160","Dissolved Oxygen",2002-07-10,2002,"mg/L","Jul",8.49
"1161","Temperature, water",2002-07-10,2002,"deg C","Jul",15.22
"1162","pH",2002-07-10,2002,"pH","Jul",7.52
"1163","Dissolved Oxygen",2002-07-10,2002,"mg/L","Jul",8.51
"1164","Dissolved Oxygen",2002-07-10,2002,"mg/L","Jul",8.55
"1165","Temperature, water",2002-07-10,2002,"deg C","Jul",15.12
"1166","pH",2002-07-10,2002,"pH","Jul",7.53
"1167","pH",2002-07-10,2002,"pH","Jul",7.53
"1168","Dissolved Oxygen",2002-07-10,2002,"mg/L","Jul",8.58
"1169","Temperature, water",2002-07-10,2002,"deg C","Jul",15.03
"1170","Dissolved Oxygen",2002-07-10,2002,"mg/L","Jul",8.59
"1171","pH",2002-07-10,2002,"pH","Jul",7.52
"1172","Temperature, water",2002-07-10,2002,"deg C","Jul",14.95
"1173","pH",2002-07-10,2002,"pH","Jul",7.53
"1174","Temperature, water",2002-07-10,2002,"deg C","Jul",14.86
"1175","Dissolved Oxygen",2002-07-10,2002,"mg/L","Jul",8.6
"1176","pH",2002-07-10,2002,"pH","Jul",7.54
"1177","Dissolved Oxygen",2002-07-10,2002,"mg/L","Jul",8.65
"1178","Temperature, water",2002-07-10,2002,"deg C","Jul",14.77
"1179","Temperature, water",2002-07-10,2002,"deg C","Jul",14.69
"1180","pH",2002-07-10,2002,"pH","Jul",7.54
"1181","Dissolved Oxygen",2002-07-10,2002,"mg/L","Jul",8.66
"1182","pH",2002-07-10,2002,"pH","Jul",7.53
"1183","Dissolved Oxygen",2002-07-10,2002,"mg/L","Jul",8.66
"1184","Temperature, water",2002-07-10,2002,"deg C","Jul",14.6
"1185","Dissolved Oxygen",2002-07-10,2002,"mg/L","Jul",8.68
"1186","pH",2002-07-10,2002,"pH","Jul",7.52
"1187","Temperature, water",2002-07-10,2002,"deg C","Jul",14.52
"1188","Dissolved Oxygen",2002-07-10,2002,"mg/L","Jul",8.7
"1189","Temperature, water",2002-07-10,2002,"deg C","Jul",14.44
"1190","pH",2002-07-10,2002,"pH","Jul",7.53
"1191","pH",2002-07-10,2002,"pH","Jul",7.53
"1192","Dissolved Oxygen",2002-07-10,2002,"mg/L","Jul",8.73
"1193","Temperature, water",2002-07-10,2002,"deg C","Jul",14.37
"1194","pH",2002-07-10,2002,"pH","Jul",7.52
"1195","Dissolved Oxygen",2002-07-10,2002,"mg/L","Jul",8.75
"1196","Temperature, water",2002-07-10,2002,"deg C","Jul",14.29
"1197","Dissolved Oxygen",2002-07-10,2002,"mg/L","Jul",8.78
"1198","Temperature, water",2002-07-10,2002,"deg C","Jul",14.23
"1199","pH",2002-07-10,2002,"pH","Jul",7.54
"1200","Dissolved Oxygen",2002-07-10,2002,"mg/L","Jul",8.81
"1201","Temperature, water",2002-07-10,2002,"deg C","Jul",14.16
"1202","pH",2002-07-10,2002,"pH","Jul",7.54
"1203","Temperature, water",2002-07-10,2002,"deg C","Jul",14.1
"1204","Dissolved Oxygen",2002-07-10,2002,"mg/L","Jul",8.84
"1205","pH",2002-07-10,2002,"pH","Jul",7.55
"1206","Dissolved Oxygen",2002-07-10,2002,"mg/L","Jul",8.91
"1207","Temperature, water",2002-07-10,2002,"deg C","Jul",14.06
"1208","pH",2002-07-10,2002,"pH","Jul",7.55
"1209","Dissolved Oxygen",2002-07-10,2002,"mg/L","Jul",8.96
"1210","Temperature, water",2002-07-10,2002,"deg C","Jul",14.04
"1211","pH",2002-07-10,2002,"pH","Jul",7.57
"1212","pH",2002-07-10,2002,"pH","Jul",7.59
"1213","Dissolved Oxygen",2002-07-10,2002,"mg/L","Jul",9.02
"1214","Temperature, water",2002-07-10,2002,"deg C","Jul",14.01
"1215","Dissolved Oxygen",2002-07-10,2002,"mg/L","Jul",9.04
"1216","pH",2002-07-10,2002,"pH","Jul",7.59
"1217","Temperature, water",2002-07-10,2002,"deg C","Jul",14.02
"1218","Temperature, water",2002-07-10,2002,"deg C","Jul",14.04
"1219","pH",2002-07-10,2002,"pH","Jul",7.6
"1220","Dissolved Oxygen",2002-07-10,2002,"mg/L","Jul",9.06
"1221","pH",2002-07-10,2002,"pH","Jul",7.63
"1222","Dissolved Oxygen",2002-07-10,2002,"mg/L","Jul",9.08
"1223","Temperature, water",2002-07-10,2002,"deg C","Jul",14.07
"1224","Dissolved Oxygen",2002-07-10,2002,"mg/L","Jul",9.12
"1225","pH",2002-07-10,2002,"pH","Jul",7.63
"1226","Temperature, water",2002-07-10,2002,"deg C","Jul",14.14
"1227","pH",2002-07-10,2002,"pH","Jul",7.65
"1228","Dissolved Oxygen",2002-07-10,2002,"mg/L","Jul",9.15
"1229","Temperature, water",2002-07-10,2002,"deg C","Jul",14.22
"1230","pH",2002-07-10,2002,"pH","Jul",7.66
"1231","Dissolved Oxygen",2002-07-10,2002,"mg/L","Jul",9.15
"1232","Temperature, water",2002-07-10,2002,"deg C","Jul",14.32
"1233","Temperature, water",2002-07-10,2002,"deg C","Jul",14.46
"1234","Dissolved Oxygen",2002-07-10,2002,"mg/L","Jul",9.18
"1235","pH",2002-07-10,2002,"pH","Jul",7.69
"1236","Dissolved Oxygen",2002-07-10,2002,"mg/L","Jul",9.14
"1237","pH",2002-07-10,2002,"pH","Jul",7.69
"1238","Temperature, water",2002-07-10,2002,"deg C","Jul",14.65
"1239","pH",2002-07-10,2002,"pH","Jul",7.71
"1240","Temperature, water",2002-07-10,2002,"deg C","Jul",14.86
"1241","Dissolved Oxygen",2002-07-10,2002,"mg/L","Jul",9.14
"1242","Dissolved Oxygen",2002-07-10,2002,"mg/L","Jul",9.13
"1243","pH",2002-07-10,2002,"pH","Jul",7.72
"1244","Temperature, water",2002-07-10,2002,"deg C","Jul",15.09
"1245","Temperature, water",2002-07-11,2002,"deg C","Jul",19
"1246","Temperature, water",2002-07-11,2002,"deg C","Jul",16.7
"1247","Temperature, water",2002-07-11,2002,"deg C","Jul",17.7
"1248","Temperature, water",2002-07-11,2002,"deg C","Jul",17.4
"1249","Temperature, water",2002-07-11,2002,"deg C","Jul",18.2
"1250","Temperature, water",2002-07-11,2002,"deg C","Jul",15.7
"1251","Temperature, water",2002-07-11,2002,"deg C","Jul",13.8
"1252","Temperature, water",2002-07-11,2002,"deg C","Jul",15.8
"1253","Temperature, water",2002-07-12,2002,"deg C","Jul",26.5
"1254","Temperature, water",2002-07-12,2002,"deg C","Jul",18.5
"1255","pH",2015-07-15,2015,"pH","Jul",7.77
"1256","Temperature, water",2015-07-15,2015,"deg C","Jul",11.24
"1257","Dissolved Oxygen",2015-07-15,2015,"mg/L","Jul",9.03
"1258","pH",2015-07-15,2015,"pH","Jul",7.81
"1259","Temperature, water",2015-07-15,2015,"deg C","Jul",13.68
"1260","Dissolved Oxygen",2015-07-15,2015,"mg/L","Jul",8.52
"1261","Temperature, water",2009-07-20,2009,"deg C","Jul",21.53
"1262","pH",2009-07-20,2009,"pH","Jul",7.94
"1263","Dissolved Oxygen",2009-07-20,2009,"mg/L","Jul",8.8
"1264","Dissolved Oxygen",2009-07-20,2009,"mg/L","Jul",8.41
"1265","Temperature, water",2009-07-20,2009,"deg C","Jul",21.34
"1266","pH",2009-07-20,2009,"pH","Jul",7.88
"1267","Temperature, water",2009-07-20,2009,"deg C","Jul",21.44
"1268","pH",2009-07-20,2009,"pH","Jul",7.9
"1269","Dissolved Oxygen",2009-07-20,2009,"mg/L","Jul",8.75
"1270","Dissolved Oxygen",2009-07-20,2009,"mg/L","Jul",8.34
"1271","Temperature, water",2009-07-20,2009,"deg C","Jul",21.33
"1272","pH",2009-07-20,2009,"pH","Jul",7.85
"1273","Temperature, water",2009-07-20,2009,"deg C","Jul",21.44
"1274","pH",2009-07-20,2009,"pH","Jul",7.92
"1275","Dissolved Oxygen",2009-07-20,2009,"mg/L","Jul",8.71
"1276","Dissolved Oxygen",2009-07-20,2009,"mg/L","Jul",8.26
"1277","Temperature, water",2009-07-20,2009,"deg C","Jul",21.23
"1278","pH",2009-07-20,2009,"pH","Jul",7.78
"1279","Temperature, water",2009-07-20,2009,"deg C","Jul",21.31
"1280","pH",2009-07-20,2009,"pH","Jul",7.91
"1281","Dissolved Oxygen",2009-07-20,2009,"mg/L","Jul",8.61
"1282","Temperature, water",2009-07-20,2009,"deg C","Jul",20.49
"1283","Dissolved Oxygen",2009-07-20,2009,"mg/L","Jul",8.19
"1284","pH",2009-07-20,2009,"pH","Jul",7.19
"1285","Temperature, water",2009-07-20,2009,"deg C","Jul",21.11
"1286","Dissolved Oxygen",2009-07-20,2009,"mg/L","Jul",8.21
"1287","Temperature, water",2009-07-20,2009,"deg C","Jul",21.23
"1288","pH",2009-07-20,2009,"pH","Jul",7.74
"1289","pH",2009-07-20,2009,"pH","Jul",7.87
"1290","Dissolved Oxygen",2009-07-20,2009,"mg/L","Jul",8.61
"1291","Temperature, water",2009-07-20,2009,"deg C","Jul",20.26
"1292","pH",2009-07-20,2009,"pH","Jul",7.15
"1293","Dissolved Oxygen",2009-07-20,2009,"mg/L","Jul",8.2
"1294","Dissolved Oxygen",2009-07-20,2009,"mg/L","Jul",8.6
"1295","pH",2009-07-20,2009,"pH","Jul",7
"1296","Temperature, water",2009-07-20,2009,"deg C","Jul",20.42
"1297","Dissolved Oxygen",2009-07-20,2009,"mg/L","Jul",8.14
"1298","Temperature, water",2009-07-20,2009,"deg C","Jul",21.04
"1299","Temperature, water",2009-07-20,2009,"deg C","Jul",21.13
"1300","pH",2009-07-20,2009,"pH","Jul",7.7
"1301","pH",2009-07-20,2009,"pH","Jul",7.84
"1302","Dissolved Oxygen",2009-07-20,2009,"mg/L","Jul",8.54
"1303","Dissolved Oxygen",2009-07-20,2009,"mg/L","Jul",8.12
"1304","Temperature, water",2009-07-20,2009,"deg C","Jul",20.04
"1305","pH",2009-07-20,2009,"pH","Jul",7.12
"1306","Dissolved Oxygen",2009-07-20,2009,"mg/L","Jul",8.37
"1307","Temperature, water",2009-07-20,2009,"deg C","Jul",20.17
"1308","pH",2009-07-20,2009,"pH","Jul",6.97
"1309","Temperature, water",2009-07-20,2009,"deg C","Jul",20.86
"1310","Dissolved Oxygen",2009-07-20,2009,"mg/L","Jul",7.96
"1311","pH",2009-07-20,2009,"pH","Jul",7.61
"1312","Temperature, water",2009-07-20,2009,"deg C","Jul",20.94
"1313","pH",2009-07-20,2009,"pH","Jul",7.76
"1314","Dissolved Oxygen",2009-07-20,2009,"mg/L","Jul",8.37
"1315","Dissolved Oxygen",2009-07-20,2009,"mg/L","Jul",8.1
"1316","pH",2009-07-20,2009,"pH","Jul",7.04
"1317","Temperature, water",2009-07-20,2009,"deg C","Jul",17.58
"1318","Temperature, water",2009-07-20,2009,"deg C","Jul",19.87
"1319","pH",2009-07-20,2009,"pH","Jul",7.09
"1320","Dissolved Oxygen",2009-07-20,2009,"mg/L","Jul",8.07
"1321","Dissolved Oxygen",2009-07-20,2009,"mg/L","Jul",8.14
"1322","Temperature, water",2009-07-20,2009,"deg C","Jul",19.95
"1323","pH",2009-07-20,2009,"pH","Jul",6.95
"1324","Temperature, water",2009-07-20,2009,"deg C","Jul",20.7
"1325","Dissolved Oxygen",2009-07-20,2009,"mg/L","Jul",7.8
"1326","Temperature, water",2009-07-20,2009,"deg C","Jul",20.79
"1327","pH",2009-07-20,2009,"pH","Jul",7.53
"1328","pH",2009-07-20,2009,"pH","Jul",7.69
"1329","Dissolved Oxygen",2009-07-20,2009,"mg/L","Jul",8.23
"1330","Dissolved Oxygen",2009-07-20,2009,"mg/L","Jul",8.11
"1331","Temperature, water",2009-07-20,2009,"deg C","Jul",17.4
"1332","pH",2009-07-20,2009,"pH","Jul",6.78
"1333","Temperature, water",2009-07-20,2009,"deg C","Jul",19.69
"1334","Dissolved Oxygen",2009-07-20,2009,"mg/L","Jul",8.04
"1335","pH",2009-07-20,2009,"pH","Jul",7.07
"1336","pH",2009-07-20,2009,"pH","Jul",6.95
"1337","Temperature, water",2009-07-20,2009,"deg C","Jul",19.77
"1338","Dissolved Oxygen",2009-07-20,2009,"mg/L","Jul",7.99
"1339","Temperature, water",2009-07-20,2009,"deg C","Jul",20.55
"1340","Dissolved Oxygen",2009-07-20,2009,"mg/L","Jul",7.65
"1341","Temperature, water",2009-07-20,2009,"deg C","Jul",20.63
"1342","pH",2009-07-20,2009,"pH","Jul",7.44
"1343","pH",2009-07-20,2009,"pH","Jul",7.62
"1344","Dissolved Oxygen",2009-07-20,2009,"mg/L","Jul",8.08
"1345","pH",2009-07-20,2009,"pH","Jul",6.78
"1346","Dissolved Oxygen",2009-07-20,2009,"mg/L","Jul",8.09
"1347","Temperature, water",2009-07-20,2009,"deg C","Jul",17.25
"1348","Temperature, water",2009-07-20,2009,"deg C","Jul",19.53
"1349","pH",2009-07-20,2009,"pH","Jul",7.03
"1350","Dissolved Oxygen",2009-07-20,2009,"mg/L","Jul",8.01
"1351","Temperature, water",2009-07-20,2009,"deg C","Jul",19.63
"1352","Dissolved Oxygen",2009-07-20,2009,"mg/L","Jul",7.82
"1353","pH",2009-07-20,2009,"pH","Jul",6.91
"1354","Temperature, water",2009-07-20,2009,"deg C","Jul",20.38
"1355","Dissolved Oxygen",2009-07-20,2009,"mg/L","Jul",7.55
"1356","Temperature, water",2009-07-20,2009,"deg C","Jul",20.46
"1357","pH",2009-07-20,2009,"pH","Jul",7.38
"1358","pH",2009-07-20,2009,"pH","Jul",7.56
"1359","Dissolved Oxygen",2009-07-20,2009,"mg/L","Jul",8
"1360","pH",2009-07-20,2009,"pH","Jul",8.45
"1361","Temperature, water",2009-07-20,2009,"deg C","Jul",12.07
"1362","Dissolved Oxygen",2009-07-20,2009,"mg/L","Jul",8.03
"1363","pH",2009-07-20,2009,"pH","Jul",6.77
"1364","Temperature, water",2009-07-20,2009,"deg C","Jul",17.12
"1365","pH",2009-07-20,2009,"pH","Jul",7.01
"1366","Temperature, water",2009-07-20,2009,"deg C","Jul",19.34
"1367","Dissolved Oxygen",2009-07-20,2009,"mg/L","Jul",7.98
"1368","Dissolved Oxygen",2009-07-20,2009,"mg/L","Jul",7.63
"1369","pH",2009-07-20,2009,"pH","Jul",6.89
"1370","Temperature, water",2009-07-20,2009,"deg C","Jul",19.46
"1371","Temperature, water",2009-07-20,2009,"deg C","Jul",20.21
"1372","Dissolved Oxygen",2009-07-20,2009,"mg/L","Jul",7.47
"1373","Temperature, water",2009-07-20,2009,"deg C","Jul",20.28
"1374","pH",2009-07-20,2009,"pH","Jul",7.33
"1375","Dissolved Oxygen",2009-07-20,2009,"mg/L","Jul",9.08
"1376","pH",2009-07-20,2009,"pH","Jul",7.52
"1377","Dissolved Oxygen",2009-07-20,2009,"mg/L","Jul",7.95
"1378","Temperature, water",2009-07-20,2009,"deg C","Jul",11.84
"1379","pH",2009-07-20,2009,"pH","Jul",7.58
"1380","Dissolved Oxygen",2009-07-20,2009,"mg/L","Jul",8.08
"1381","pH",2009-07-20,2009,"pH","Jul",6.76
"1382","Temperature, water",2009-07-20,2009,"deg C","Jul",16.99
"1383","Temperature, water",2009-07-20,2009,"deg C","Jul",19.17
"1384","pH",2009-07-20,2009,"pH","Jul",7
"1385","Dissolved Oxygen",2009-07-20,2009,"mg/L","Jul",7.96
"1386","Temperature, water",2009-07-20,2009,"deg C","Jul",19.32
"1387","pH",2009-07-20,2009,"pH","Jul",6.88
"1388","Dissolved Oxygen",2009-07-20,2009,"mg/L","Jul",7.49
"1389","Dissolved Oxygen",2009-07-20,2009,"mg/L","Jul",7.41
"1390","Temperature, water",2009-07-20,2009,"deg C","Jul",20.04
"1391","Temperature, water",2009-07-20,2009,"deg C","Jul",20.12
"1392","pH",2009-07-20,2009,"pH","Jul",7.29
"1393","Dissolved Oxygen",2009-07-20,2009,"mg/L","Jul",9.23
"1394","pH",2009-07-20,2009,"pH","Jul",7.49
"1395","Dissolved Oxygen",2009-07-20,2009,"mg/L","Jul",7.9
"1396","Temperature, water",2009-07-20,2009,"deg C","Jul",11.77
"1397","pH",2009-07-20,2009,"pH","Jul",7.46
"1398","pH",2009-07-20,2009,"pH","Jul",6.76
"1399","Temperature, water",2009-07-20,2009,"deg C","Jul",16.87
"1400","Dissolved Oxygen",2009-07-20,2009,"mg/L","Jul",8.03
"1401","Dissolved Oxygen",2009-07-20,2009,"mg/L","Jul",7.93
"1402","Temperature, water",2009-07-20,2009,"deg C","Jul",19
"1403","pH",2009-07-20,2009,"pH","Jul",6.97
"1404","Dissolved Oxygen",2009-07-20,2009,"mg/L","Jul",7.33
"1405","Temperature, water",2009-07-20,2009,"deg C","Jul",19.17
"1406","pH",2009-07-20,2009,"pH","Jul",6.87
"1407","Dissolved Oxygen",2009-07-20,2009,"mg/L","Jul",7.33
"1408","Temperature, water",2009-07-20,2009,"deg C","Jul",19.88
"1409","Temperature, water",2009-07-20,2009,"deg C","Jul",19.95
"1410","pH",2009-07-20,2009,"pH","Jul",7.26
"1411","Dissolved Oxygen",2009-07-20,2009,"mg/L","Jul",9.17
"1412","pH",2009-07-20,2009,"pH","Jul",7.47
"1413","Dissolved Oxygen",2009-07-20,2009,"mg/L","Jul",7.81
"1414","pH",2009-07-20,2009,"pH","Jul",7.42
"1415","Temperature, water",2009-07-20,2009,"deg C","Jul",11.69
"1416","Dissolved Oxygen",2009-07-20,2009,"mg/L","Jul",8.04
"1417","pH",2009-07-20,2009,"pH","Jul",6.75
"1418","Temperature, water",2009-07-20,2009,"deg C","Jul",16.75
"1419","pH",2009-07-20,2009,"pH","Jul",6.96
"1420","Temperature, water",2009-07-20,2009,"deg C","Jul",18.79
"1421","Dissolved Oxygen",2009-07-20,2009,"mg/L","Jul",7.92
"1422","Temperature, water",2009-07-20,2009,"deg C","Jul",18.99
"1423","pH",2009-07-20,2009,"pH","Jul",6.85
"1424","Dissolved Oxygen",2009-07-20,2009,"mg/L","Jul",7.2
"1425","Dissolved Oxygen",2009-07-20,2009,"mg/L","Jul",7.27
"1426","Temperature, water",2009-07-20,2009,"deg C","Jul",19.72
"1427","Temperature, water",2009-07-20,2009,"deg C","Jul",19.79
"1428","pH",2009-07-20,2009,"pH","Jul",7.21
"1429","Dissolved Oxygen",2009-07-20,2009,"mg/L","Jul",9.24
"1430","pH",2009-07-20,2009,"pH","Jul",7.41
"1431","Dissolved Oxygen",2009-07-20,2009,"mg/L","Jul",7.75
"1432","pH",2009-07-20,2009,"pH","Jul",7.39
"1433","Temperature, water",2009-07-20,2009,"deg C","Jul",11.62
"1434","Dissolved Oxygen",2009-07-20,2009,"mg/L","Jul",8.03
"1435","pH",2009-07-20,2009,"pH","Jul",6.74
"1436","Temperature, water",2009-07-20,2009,"deg C","Jul",16.63
"1437","pH",2009-07-20,2009,"pH","Jul",6.95
"1438","Dissolved Oxygen",2009-07-20,2009,"mg/L","Jul",7.91
"1439","Temperature, water",2009-07-20,2009,"deg C","Jul",18.6
"1440","pH",2009-07-20,2009,"pH","Jul",6.83
"1441","Temperature, water",2009-07-20,2009,"deg C","Jul",18.84
"1442","Dissolved Oxygen",2009-07-20,2009,"mg/L","Jul",7.09
"1443","Temperature, water",2009-07-20,2009,"deg C","Jul",19.56
"1444","Dissolved Oxygen",2009-07-20,2009,"mg/L","Jul",7.2
"1445","pH",2009-07-20,2009,"pH","Jul",7.19
"1446","Temperature, water",2009-07-20,2009,"deg C","Jul",19.64
"1447","Dissolved Oxygen",2009-07-20,2009,"mg/L","Jul",9.2
"1448","pH",2009-07-20,2009,"pH","Jul",7.38
"1449","Dissolved Oxygen",2009-07-20,2009,"mg/L","Jul",7.64
"1450","pH",2009-07-20,2009,"pH","Jul",7.35
"1451","Temperature, water",2009-07-20,2009,"deg C","Jul",11.55
"1452","Temperature, water",2009-07-20,2009,"deg C","Jul",16.52
"1453","Dissolved Oxygen",2009-07-20,2009,"mg/L","Jul",8
"1454","pH",2009-07-20,2009,"pH","Jul",6.73
"1455","Temperature, water",2009-07-20,2009,"deg C","Jul",18.42
"1456","pH",2009-07-20,2009,"pH","Jul",6.94
"1457","Dissolved Oxygen",2009-07-20,2009,"mg/L","Jul",7.92
"1458","Dissolved Oxygen",2009-07-20,2009,"mg/L","Jul",7.02
"1459","pH",2009-07-20,2009,"pH","Jul",6.83
"1460","Temperature, water",2009-07-20,2009,"deg C","Jul",18.7
"1461","Temperature, water",2009-07-20,2009,"deg C","Jul",19.42
"1462","Dissolved Oxygen",2009-07-20,2009,"mg/L","Jul",7.13
"1463","Temperature, water",2009-07-20,2009,"deg C","Jul",19.49
"1464","pH",2009-07-20,2009,"pH","Jul",7.16
"1465","Dissolved Oxygen",2009-07-20,2009,"mg/L","Jul",9.24
"1466","pH",2009-07-20,2009,"pH","Jul",7.36
"1467","Dissolved Oxygen",2009-07-20,2009,"mg/L","Jul",7.64
"1468","Temperature, water",2009-07-20,2009,"deg C","Jul",11.48
"1469","pH",2009-07-20,2009,"pH","Jul",7.34
"1470","Dissolved Oxygen",2009-07-20,2009,"mg/L","Jul",8
"1471","Temperature, water",2009-07-20,2009,"deg C","Jul",16.42
"1472","pH",2009-07-20,2009,"pH","Jul",6.74
"1473","Temperature, water",2009-07-20,2009,"deg C","Jul",18.23
"1474","Dissolved Oxygen",2009-07-20,2009,"mg/L","Jul",7.94
"1475","pH",2009-07-20,2009,"pH","Jul",6.93
"1476","pH",2009-07-20,2009,"pH","Jul",6.82
"1477","Temperature, water",2009-07-20,2009,"deg C","Jul",18.57
"1478","Dissolved Oxygen",2009-07-20,2009,"mg/L","Jul",6.97
"1479","Temperature, water",2009-07-20,2009,"deg C","Jul",19.27
"1480","Dissolved Oxygen",2009-07-20,2009,"mg/L","Jul",7.14
"1481","pH",2009-07-20,2009,"pH","Jul",7.13
"1482","Temperature, water",2009-07-20,2009,"deg C","Jul",19.34
"1483","Dissolved Oxygen",2009-07-20,2009,"mg/L","Jul",9.22
"1484","pH",2009-07-20,2009,"pH","Jul",7.35
"1485","Dissolved Oxygen",2009-07-20,2009,"mg/L","Jul",7.56
"1486","pH",2009-07-20,2009,"pH","Jul",7.32
"1487","Temperature, water",2009-07-20,2009,"deg C","Jul",11.41
"1488","Temperature, water",2009-07-20,2009,"deg C","Jul",16.33
"1489","Dissolved Oxygen",2009-07-20,2009,"mg/L","Jul",8.04
"1490","pH",2009-07-20,2009,"pH","Jul",6.74
"1491","Dissolved Oxygen",2009-07-20,2009,"mg/L","Jul",7.99
"1492","Temperature, water",2009-07-20,2009,"deg C","Jul",18.06
"1493","pH",2009-07-20,2009,"pH","Jul",6.92
"1494","Dissolved Oxygen",2009-07-20,2009,"mg/L","Jul",6.94
"1495","Temperature, water",2009-07-20,2009,"deg C","Jul",18.43
"1496","pH",2009-07-20,2009,"pH","Jul",6.82
"1497","Temperature, water",2009-07-20,2009,"deg C","Jul",19.11
"1498","Dissolved Oxygen",2009-07-20,2009,"mg/L","Jul",7.13
"1499","Temperature, water",2009-07-20,2009,"deg C","Jul",19.17
"1500","pH",2009-07-20,2009,"pH","Jul",7.12
"1501","Dissolved Oxygen",2009-07-20,2009,"mg/L","Jul",9.24
"1502","pH",2009-07-20,2009,"pH","Jul",7.33
"1503","Dissolved Oxygen",2009-07-20,2009,"mg/L","Jul",7.61
"1504","pH",2009-07-20,2009,"pH","Jul",7.31
"1505","Temperature, water",2009-07-20,2009,"deg C","Jul",11.35
"1506","Temperature, water",2009-07-20,2009,"deg C","Jul",16.25
"1507","pH",2009-07-20,2009,"pH","Jul",6.72
"1508","Dissolved Oxygen",2009-07-20,2009,"mg/L","Jul",8.03
"1509","Temperature, water",2009-07-20,2009,"deg C","Jul",17.87
"1510","pH",2009-07-20,2009,"pH","Jul",6.92
"1511","Dissolved Oxygen",2009-07-20,2009,"mg/L","Jul",8.01
"1512","Dissolved Oxygen",2009-07-20,2009,"mg/L","Jul",6.91
"1513","pH",2009-07-20,2009,"pH","Jul",6.82
"1514","Temperature, water",2009-07-20,2009,"deg C","Jul",18.33
"1515","Dissolved Oxygen",2009-07-20,2009,"mg/L","Jul",7.14
"1516","Temperature, water",2009-07-20,2009,"deg C","Jul",18.95
"1517","pH",2009-07-20,2009,"pH","Jul",7.11
"1518","Temperature, water",2009-07-20,2009,"deg C","Jul",19.01
"1519","Dissolved Oxygen",2009-07-20,2009,"mg/L","Jul",9.23
"1520","pH",2009-07-20,2009,"pH","Jul",7.33
"1521","Dissolved Oxygen",2009-07-20,2009,"mg/L","Jul",7.59
"1522","Temperature, water",2009-07-20,2009,"deg C","Jul",11.3
"1523","pH",2009-07-20,2009,"pH","Jul",7.29
"1524","Dissolved Oxygen",2009-07-20,2009,"mg/L","Jul",8.05
"1525","pH",2009-07-20,2009,"pH","Jul",6.72
"1526","Temperature, water",2009-07-20,2009,"deg C","Jul",16.19
"1527","Dissolved Oxygen",2009-07-20,2009,"mg/L","Jul",8.02
"1528","pH",2009-07-20,2009,"pH","Jul",6.92
"1529","Temperature, water",2009-07-20,2009,"deg C","Jul",17.73
"1530","pH",2009-07-20,2009,"pH","Jul",6.81
"1531","Temperature, water",2009-07-20,2009,"deg C","Jul",18.24
"1532","Dissolved Oxygen",2009-07-20,2009,"mg/L","Jul",6.9
"1533","Temperature, water",2009-07-20,2009,"deg C","Jul",18.79
"1534","Dissolved Oxygen",2009-07-20,2009,"mg/L","Jul",7.15
"1535","Temperature, water",2009-07-20,2009,"deg C","Jul",18.85
"1536","pH",2009-07-20,2009,"pH","Jul",7.1
"1537","Dissolved Oxygen",2009-07-20,2009,"mg/L","Jul",9.25
"1538","pH",2009-07-20,2009,"pH","Jul",7.31
"1539","Dissolved Oxygen",2009-07-20,2009,"mg/L","Jul",7.64
"1540","pH",2009-07-20,2009,"pH","Jul",7.28
"1541","Temperature, water",2009-07-20,2009,"deg C","Jul",11.25
"1542","Temperature, water",2009-07-20,2009,"deg C","Jul",16.14
"1543","pH",2009-07-20,2009,"pH","Jul",6.72
"1544","Dissolved Oxygen",2009-07-20,2009,"mg/L","Jul",8.06
"1545","Dissolved Oxygen",2009-07-20,2009,"mg/L","Jul",8.06
"1546","Temperature, water",2009-07-20,2009,"deg C","Jul",17.55
"1547","pH",2009-07-20,2009,"pH","Jul",6.92
"1548","Temperature, water",2009-07-20,2009,"deg C","Jul",18.12
"1549","pH",2009-07-20,2009,"pH","Jul",6.8
"1550","Dissolved Oxygen",2009-07-20,2009,"mg/L","Jul",6.89
"1551","Dissolved Oxygen",2009-07-20,2009,"mg/L","Jul",7.17
"1552","Temperature, water",2009-07-20,2009,"deg C","Jul",18.64
"1553","Temperature, water",2009-07-20,2009,"deg C","Jul",18.69
"1554","pH",2009-07-20,2009,"pH","Jul",7.1
"1555","Dissolved Oxygen",2009-07-20,2009,"mg/L","Jul",9.29
"1556","pH",2009-07-20,2009,"pH","Jul",7.31
"1557","Dissolved Oxygen",2009-07-20,2009,"mg/L","Jul",7.68
"1558","Temperature, water",2009-07-20,2009,"deg C","Jul",11.2
"1559","pH",2009-07-20,2009,"pH","Jul",7.27
"1560","pH",2009-07-20,2009,"pH","Jul",6.73
"1561","Dissolved Oxygen",2009-07-20,2009,"mg/L","Jul",8.06
"1562","Temperature, water",2009-07-20,2009,"deg C","Jul",16.08
"1563","Temperature, water",2009-07-20,2009,"deg C","Jul",17.39
"1564","Dissolved Oxygen",2009-07-20,2009,"mg/L","Jul",8.09
"1565","pH",2009-07-20,2009,"pH","Jul",6.91
"1566","pH",2009-07-20,2009,"pH","Jul",6.8
"1567","Temperature, water",2009-07-20,2009,"deg C","Jul",18.02
"1568","Dissolved Oxygen",2009-07-20,2009,"mg/L","Jul",6.89
"1569","Temperature, water",2009-07-20,2009,"deg C","Jul",18.5
"1570","Dissolved Oxygen",2009-07-20,2009,"mg/L","Jul",7.21
"1571","Temperature, water",2009-07-20,2009,"deg C","Jul",18.55
"1572","pH",2009-07-20,2009,"pH","Jul",7.09
"1573","Dissolved Oxygen",2009-07-20,2009,"mg/L","Jul",9.26
"1574","pH",2009-07-20,2009,"pH","Jul",7.3
"1575","Dissolved Oxygen",2009-07-20,2009,"mg/L","Jul",7.69
"1576","Temperature, water",2009-07-20,2009,"deg C","Jul",11.14
"1577","pH",2009-07-20,2009,"pH","Jul",7.27
"1578","pH",2009-07-20,2009,"pH","Jul",6.71
"1579","Temperature, water",2009-07-20,2009,"deg C","Jul",16.03
"1580","Dissolved Oxygen",2009-07-20,2009,"mg/L","Jul",8.05
"1581","Dissolved Oxygen",2009-07-20,2009,"mg/L","Jul",8.12
"1582","pH",2009-07-20,2009,"pH","Jul",6.91
"1583","Temperature, water",2009-07-20,2009,"deg C","Jul",17.24
"1584","Temperature, water",2009-07-20,2009,"deg C","Jul",17.9
"1585","pH",2009-07-20,2009,"pH","Jul",6.81
"1586","Dissolved Oxygen",2009-07-20,2009,"mg/L","Jul",6.88
"1587","Dissolved Oxygen",2009-07-20,2009,"mg/L","Jul",7.25
"1588","Temperature, water",2009-07-20,2009,"deg C","Jul",18.35
"1589","Temperature, water",2009-07-20,2009,"deg C","Jul",18.41
"1590","pH",2009-07-20,2009,"pH","Jul",7.09
"1591","Dissolved Oxygen",2009-07-20,2009,"mg/L","Jul",9.27
"1592","pH",2009-07-20,2009,"pH","Jul",7.3
"1593","Dissolved Oxygen",2009-07-20,2009,"mg/L","Jul",7.7
"1594","pH",2009-07-20,2009,"pH","Jul",7.27
"1595","Temperature, water",2009-07-20,2009,"deg C","Jul",11.08
"1596","Dissolved Oxygen",2009-07-20,2009,"mg/L","Jul",8.09
"1597","pH",2009-07-20,2009,"pH","Jul",6.73
"1598","Temperature, water",2009-07-20,2009,"deg C","Jul",15.98
"1599","Temperature, water",2009-07-20,2009,"deg C","Jul",17.11
"1600","pH",2009-07-20,2009,"pH","Jul",6.91
"1601","Dissolved Oxygen",2009-07-20,2009,"mg/L","Jul",8.15
"1602","pH",2009-07-20,2009,"pH","Jul",6.79
"1603","Dissolved Oxygen",2009-07-20,2009,"mg/L","Jul",6.87
"1604","Temperature, water",2009-07-20,2009,"deg C","Jul",17.83
"1605","Dissolved Oxygen",2009-07-20,2009,"mg/L","Jul",7.27
"1606","Temperature, water",2009-07-20,2009,"deg C","Jul",18.22
"1607","pH",2009-07-20,2009,"pH","Jul",7.09
"1608","Temperature, water",2009-07-20,2009,"deg C","Jul",18.27
"1609","Dissolved Oxygen",2009-07-20,2009,"mg/L","Jul",9.29
"1610","pH",2009-07-20,2009,"pH","Jul",7.31
"1611","Dissolved Oxygen",2009-07-20,2009,"mg/L","Jul",7.72
"1612","Temperature, water",2009-07-20,2009,"deg C","Jul",11.03
"1613","pH",2009-07-20,2009,"pH","Jul",7.25
"1614","Dissolved Oxygen",2009-07-20,2009,"mg/L","Jul",8.11
"1615","pH",2009-07-20,2009,"pH","Jul",6.72
"1616","Temperature, water",2009-07-20,2009,"deg C","Jul",15.92
"1617","Dissolved Oxygen",2009-07-20,2009,"mg/L","Jul",8.18
"1618","Temperature, water",2009-07-20,2009,"deg C","Jul",16.95
"1619","pH",2009-07-20,2009,"pH","Jul",6.91
"1620","pH",2009-07-20,2009,"pH","Jul",6.79
"1621","Temperature, water",2009-07-20,2009,"deg C","Jul",17.73
"1622","Dissolved Oxygen",2009-07-20,2009,"mg/L","Jul",6.87
"1623","Temperature, water",2009-07-20,2009,"deg C","Jul",18.08
"1624","Dissolved Oxygen",2009-07-20,2009,"mg/L","Jul",7.31
"1625","Temperature, water",2009-07-20,2009,"deg C","Jul",18.13
"1626","pH",2009-07-20,2009,"pH","Jul",7.09
"1627","Dissolved Oxygen",2009-07-20,2009,"mg/L","Jul",9.33
"1628","pH",2009-07-20,2009,"pH","Jul",7.3
"1629","Dissolved Oxygen",2009-07-20,2009,"mg/L","Jul",7.78
"1630","Temperature, water",2009-07-20,2009,"deg C","Jul",10.97
"1631","pH",2009-07-20,2009,"pH","Jul",7.26
"1632","Dissolved Oxygen",2009-07-20,2009,"mg/L","Jul",8.06
"1633","pH",2009-07-20,2009,"pH","Jul",6.74
"1634","Temperature, water",2009-07-20,2009,"deg C","Jul",15.87
"1635","Dissolved Oxygen",2009-07-20,2009,"mg/L","Jul",8.2
"1636","pH",2009-07-20,2009,"pH","Jul",6.91
"1637","Temperature, water",2009-07-20,2009,"deg C","Jul",16.82
"1638","Dissolved Oxygen",2009-07-20,2009,"mg/L","Jul",6.88
"1639","pH",2009-07-20,2009,"pH","Jul",6.8
"1640","Temperature, water",2009-07-20,2009,"deg C","Jul",17.63
"1641","Temperature, water",2009-07-20,2009,"deg C","Jul",17.94
"1642","Dissolved Oxygen",2009-07-20,2009,"mg/L","Jul",7.34
"1643","pH",2009-07-20,2009,"pH","Jul",7.1
"1644","Temperature, water",2009-07-20,2009,"deg C","Jul",18
"1645","Dissolved Oxygen",2009-07-20,2009,"mg/L","Jul",9.29
"1646","pH",2009-07-20,2009,"pH","Jul",7.3
"1647","Dissolved Oxygen",2009-07-20,2009,"mg/L","Jul",7.79
"1648","Temperature, water",2009-07-20,2009,"deg C","Jul",10.92
"1649","pH",2009-07-20,2009,"pH","Jul",7.26
"1650","Dissolved Oxygen",2009-07-20,2009,"mg/L","Jul",8.06
"1651","Temperature, water",2009-07-20,2009,"deg C","Jul",15.81
"1652","pH",2009-07-20,2009,"pH","Jul",6.73
"1653","Temperature, water",2009-07-20,2009,"deg C","Jul",16.68
"1654","pH",2009-07-20,2009,"pH","Jul",6.91
"1655","Dissolved Oxygen",2009-07-20,2009,"mg/L","Jul",8.24
"1656","pH",2009-07-20,2009,"pH","Jul",6.79
"1657","Temperature, water",2009-07-20,2009,"deg C","Jul",17.52
"1658","Dissolved Oxygen",2009-07-20,2009,"mg/L","Jul",6.88
"1659","Dissolved Oxygen",2009-07-20,2009,"mg/L","Jul",7.37
"1660","Temperature, water",2009-07-20,2009,"deg C","Jul",17.81
"1661","Temperature, water",2009-07-20,2009,"deg C","Jul",17.86
"1662","pH",2009-07-20,2009,"pH","Jul",7.1
"1663","Dissolved Oxygen",2009-07-20,2009,"mg/L","Jul",9.3
"1664","pH",2009-07-20,2009,"pH","Jul",7.3
"1665","Dissolved Oxygen",2009-07-20,2009,"mg/L","Jul",7.82
"1666","Temperature, water",2009-07-21,2009,"deg C","Jul",10.86
"1667","pH",2009-07-21,2009,"pH","Jul",7.25
"1668","pH",2009-07-21,2009,"pH","Jul",6.72
"1669","Dissolved Oxygen",2009-07-21,2009,"mg/L","Jul",8.1
"1670","Temperature, water",2009-07-21,2009,"deg C","Jul",15.76
"1671","pH",2009-07-21,2009,"pH","Jul",6.91
"1672","Dissolved Oxygen",2009-07-21,2009,"mg/L","Jul",8.26
"1673","Temperature, water",2009-07-21,2009,"deg C","Jul",16.55
"1674","Temperature, water",2009-07-21,2009,"deg C","Jul",17.44
"1675","pH",2009-07-21,2009,"pH","Jul",6.8
"1676","Dissolved Oxygen",2009-07-21,2009,"mg/L","Jul",6.88
"1677","Dissolved Oxygen",2009-07-21,2009,"mg/L","Jul",7.42
"1678","Temperature, water",2009-07-21,2009,"deg C","Jul",17.67
"1679","pH",2009-07-21,2009,"pH","Jul",7.1
"1680","Temperature, water",2009-07-21,2009,"deg C","Jul",17.73
"1681","Dissolved Oxygen",2009-07-21,2009,"mg/L","Jul",9.33
"1682","pH",2009-07-21,2009,"pH","Jul",7.31
"1683","Dissolved Oxygen",2009-07-21,2009,"mg/L","Jul",7.86
"1684","pH",2009-07-21,2009,"pH","Jul",7.25
"1685","Temperature, water",2009-07-21,2009,"deg C","Jul",10.81
"1686","pH",2009-07-21,2009,"pH","Jul",6.73
"1687","Dissolved Oxygen",2009-07-21,2009,"mg/L","Jul",8.11
"1688","Temperature, water",2009-07-21,2009,"deg C","Jul",15.71
"1689","Dissolved Oxygen",2009-07-21,2009,"mg/L","Jul",8.29
"1690","pH",2009-07-21,2009,"pH","Jul",6.92
"1691","Temperature, water",2009-07-21,2009,"deg C","Jul",16.41
"1692","pH",2009-07-21,2009,"pH","Jul",6.8
"1693","Temperature, water",2009-07-21,2009,"deg C","Jul",17.34
"1694","Dissolved Oxygen",2009-07-21,2009,"mg/L","Jul",6.89
"1695","Dissolved Oxygen",2009-07-21,2009,"mg/L","Jul",7.45
"1696","Temperature, water",2009-07-21,2009,"deg C","Jul",17.54
"1697","Temperature, water",2009-07-21,2009,"deg C","Jul",17.6
"1698","pH",2009-07-21,2009,"pH","Jul",7.11
"1699","Dissolved Oxygen",2009-07-21,2009,"mg/L","Jul",9.34
"1700","pH",2009-07-21,2009,"pH","Jul",7.3
"1701","Dissolved Oxygen",2009-07-21,2009,"mg/L","Jul",7.86
"1702","Temperature, water",2009-07-21,2009,"deg C","Jul",10.75
"1703","pH",2009-07-21,2009,"pH","Jul",7.25
"1704","Temperature, water",2009-07-21,2009,"deg C","Jul",15.65
"1705","Dissolved Oxygen",2009-07-21,2009,"mg/L","Jul",8.11
"1706","pH",2009-07-21,2009,"pH","Jul",6.73
"1707","pH",2009-07-21,2009,"pH","Jul",6.92
"1708","Dissolved Oxygen",2009-07-21,2009,"mg/L","Jul",8.3
"1709","Temperature, water",2009-07-21,2009,"deg C","Jul",16.31
"1710","pH",2009-07-21,2009,"pH","Jul",6.79
"1711","Temperature, water",2009-07-21,2009,"deg C","Jul",17.25
"1712","Dissolved Oxygen",2009-07-21,2009,"mg/L","Jul",6.9
"1713","Dissolved Oxygen",2009-07-21,2009,"mg/L","Jul",7.46
"1714","Temperature, water",2009-07-21,2009,"deg C","Jul",17.41
"1715","Temperature, water",2009-07-21,2009,"deg C","Jul",17.47
"1716","pH",2009-07-21,2009,"pH","Jul",7.1
"1717","Dissolved Oxygen",2009-07-21,2009,"mg/L","Jul",9.34
"1718","pH",2009-07-21,2009,"pH","Jul",7.31
"1719","Dissolved Oxygen",2009-07-21,2009,"mg/L","Jul",7.91
"1720","Temperature, water",2009-07-21,2009,"deg C","Jul",10.69
"1721","pH",2009-07-21,2009,"pH","Jul",7.24
"1722","pH",2009-07-21,2009,"pH","Jul",6.73
"1723","Temperature, water",2009-07-21,2009,"deg C","Jul",15.61
"1724","Dissolved Oxygen",2009-07-21,2009,"mg/L","Jul",8.11
"1725","pH",2009-07-21,2009,"pH","Jul",6.92
"1726","Temperature, water",2009-07-21,2009,"deg C","Jul",16.2
"1727","Dissolved Oxygen",2009-07-21,2009,"mg/L","Jul",8.34
"1728","Dissolved Oxygen",2009-07-21,2009,"mg/L","Jul",6.92
"1729","pH",2009-07-21,2009,"pH","Jul",6.8
"1730","Temperature, water",2009-07-21,2009,"deg C","Jul",17.17
"1731","Dissolved Oxygen",2009-07-21,2009,"mg/L","Jul",7.5
"1732","Temperature, water",2009-07-21,2009,"deg C","Jul",17.28
"1733","Temperature, water",2009-07-21,2009,"deg C","Jul",17.34
"1734","pH",2009-07-21,2009,"pH","Jul",7.11
"1735","Dissolved Oxygen",2009-07-21,2009,"mg/L","Jul",9.35
"1736","pH",2009-07-21,2009,"pH","Jul",7.3
"1737","Dissolved Oxygen",2009-07-21,2009,"mg/L","Jul",7.93
"1738","pH",2009-07-21,2009,"pH","Jul",7.24
"1739","Temperature, water",2009-07-21,2009,"deg C","Jul",10.64
"1740","Temperature, water",2009-07-21,2009,"deg C","Jul",15.56
"1741","pH",2009-07-21,2009,"pH","Jul",6.72
"1742","Dissolved Oxygen",2009-07-21,2009,"mg/L","Jul",8.1
"1743","Temperature, water",2009-07-21,2009,"deg C","Jul",16.08
"1744","pH",2009-07-21,2009,"pH","Jul",6.91
"1745","Dissolved Oxygen",2009-07-21,2009,"mg/L","Jul",8.36
"1746","Dissolved Oxygen",2009-07-21,2009,"mg/L","Jul",6.93
"1747","Temperature, water",2009-07-21,2009,"deg C","Jul",17.08
"1748","pH",2009-07-21,2009,"pH","Jul",6.79
"1749","Temperature, water",2009-07-21,2009,"deg C","Jul",17.14
"1750","Dissolved Oxygen",2009-07-21,2009,"mg/L","Jul",7.54
"1751","pH",2009-07-21,2009,"pH","Jul",7.11
"1752","Temperature, water",2009-07-21,2009,"deg C","Jul",17.2
"1753","Dissolved Oxygen",2009-07-21,2009,"mg/L","Jul",9.36
"1754","pH",2009-07-21,2009,"pH","Jul",7.31
"1755","Dissolved Oxygen",2009-07-21,2009,"mg/L","Jul",7.99
"1756","Temperature, water",2009-07-21,2009,"deg C","Jul",10.6
"1757","pH",2009-07-21,2009,"pH","Jul",7.24
"1758","pH",2009-07-21,2009,"pH","Jul",6.73
"1759","Dissolved Oxygen",2009-07-21,2009,"mg/L","Jul",8.13
"1760","Temperature, water",2009-07-21,2009,"deg C","Jul",15.52
"1761","Dissolved Oxygen",2009-07-21,2009,"mg/L","Jul",8.38
"1762","pH",2009-07-21,2009,"pH","Jul",6.91
"1763","Temperature, water",2009-07-21,2009,"deg C","Jul",15.96
"1764","Dissolved Oxygen",2009-07-21,2009,"mg/L","Jul",6.93
"1765","pH",2009-07-21,2009,"pH","Jul",6.8
"1766","Temperature, water",2009-07-21,2009,"deg C","Jul",17.02
"1767","Temperature, water",2009-07-21,2009,"deg C","Jul",17.01
"1768","Dissolved Oxygen",2009-07-21,2009,"mg/L","Jul",7.59
"1769","Temperature, water",2009-07-21,2009,"deg C","Jul",17.07
"1770","pH",2009-07-21,2009,"pH","Jul",7.12
"1771","Dissolved Oxygen",2009-07-21,2009,"mg/L","Jul",9.36
"1772","pH",2009-07-21,2009,"pH","Jul",7.32
"1773","Dissolved Oxygen",2009-07-21,2009,"mg/L","Jul",8.01
"1774","pH",2009-07-21,2009,"pH","Jul",7.24
"1775","Temperature, water",2009-07-21,2009,"deg C","Jul",10.55
"1776","Temperature, water",2009-07-21,2009,"deg C","Jul",15.48
"1777","Dissolved Oxygen",2009-07-21,2009,"mg/L","Jul",8.14
"1778","pH",2009-07-21,2009,"pH","Jul",6.72
"1779","Dissolved Oxygen",2009-07-21,2009,"mg/L","Jul",8.41
"1780","Temperature, water",2009-07-21,2009,"deg C","Jul",15.86
"1781","pH",2009-07-21,2009,"pH","Jul",6.92
"1782","Dissolved Oxygen",2009-07-21,2009,"mg/L","Jul",6.94
"1783","Temperature, water",2009-07-21,2009,"deg C","Jul",16.95
"1784","pH",2009-07-21,2009,"pH","Jul",6.8
"1785","Dissolved Oxygen",2009-07-21,2009,"mg/L","Jul",7.62
"1786","Temperature, water",2009-07-21,2009,"deg C","Jul",16.88
"1787","Temperature, water",2009-07-21,2009,"deg C","Jul",16.95
"1788","pH",2009-07-21,2009,"pH","Jul",7.12
"1789","Dissolved Oxygen",2009-07-21,2009,"mg/L","Jul",9.37
"1790","pH",2009-07-21,2009,"pH","Jul",7.31
"1791","Dissolved Oxygen",2009-07-21,2009,"mg/L","Jul",8.01
"1792","pH",2009-07-21,2009,"pH","Jul",7.24
"1793","Temperature, water",2009-07-21,2009,"deg C","Jul",10.5
"1794","pH",2009-07-21,2009,"pH","Jul",6.74
"1795","Dissolved Oxygen",2009-07-21,2009,"mg/L","Jul",8.15
"1796","Temperature, water",2009-07-21,2009,"deg C","Jul",15.44
"1797","Temperature, water",2009-07-21,2009,"deg C","Jul",15.76
"1798","Dissolved Oxygen",2009-07-21,2009,"mg/L","Jul",8.43
"1799","pH",2009-07-21,2009,"pH","Jul",6.92
"1800","pH",2009-07-21,2009,"pH","Jul",6.8
"1801","Dissolved Oxygen",2009-07-21,2009,"mg/L","Jul",6.95
"1802","Temperature, water",2009-07-21,2009,"deg C","Jul",16.9
"1803","Temperature, water",2009-07-21,2009,"deg C","Jul",16.76
"1804","Dissolved Oxygen",2009-07-21,2009,"mg/L","Jul",7.64
"1805","Temperature, water",2009-07-21,2009,"deg C","Jul",16.83
"1806","pH",2009-07-21,2009,"pH","Jul",7.12
"1807","Dissolved Oxygen",2009-07-21,2009,"mg/L","Jul",9.44
"1808","pH",2009-07-21,2009,"pH","Jul",7.32
"1809","Dissolved Oxygen",2009-07-21,2009,"mg/L","Jul",8.08
"1810","Temperature, water",2009-07-21,2009,"deg C","Jul",10.46
"1811","pH",2009-07-21,2009,"pH","Jul",7.24
"1812","Temperature, water",2009-07-21,2009,"deg C","Jul",15.41
"1813","pH",2009-07-21,2009,"pH","Jul",6.72
"1814","Dissolved Oxygen",2009-07-21,2009,"mg/L","Jul",8.1
"1815","Dissolved Oxygen",2009-07-21,2009,"mg/L","Jul",8.44
"1816","pH",2009-07-21,2009,"pH","Jul",6.92
"1817","Temperature, water",2009-07-21,2009,"deg C","Jul",15.68
"1818","Dissolved Oxygen",2009-07-21,2009,"mg/L","Jul",6.97
"1819","pH",2009-07-21,2009,"pH","Jul",6.8
"1820","Temperature, water",2009-07-21,2009,"deg C","Jul",16.8
"1821","Dissolved Oxygen",2009-07-21,2009,"mg/L","Jul",7.68
"1822","Temperature, water",2009-07-21,2009,"deg C","Jul",16.65
"1823","pH",2009-07-21,2009,"pH","Jul",7.12
"1824","Temperature, water",2009-07-21,2009,"deg C","Jul",16.72
"1825","Dissolved Oxygen",2009-07-21,2009,"mg/L","Jul",9.45
"1826","pH",2009-07-21,2009,"pH","Jul",7.32
"1827","Dissolved Oxygen",2009-07-21,2009,"mg/L","Jul",8.04
"1828","pH",2009-07-21,2009,"pH","Jul",7.23
"1829","Temperature, water",2009-07-21,2009,"deg C","Jul",10.41
"1830","Dissolved Oxygen",2009-07-21,2009,"mg/L","Jul",8.11
"1831","pH",2009-07-21,2009,"pH","Jul",6.72
"1832","Temperature, water",2009-07-21,2009,"deg C","Jul",15.38
"1833","Dissolved Oxygen",2009-07-21,2009,"mg/L","Jul",8.46
"1834","Temperature, water",2009-07-21,2009,"deg C","Jul",15.61
"1835","pH",2009-07-21,2009,"pH","Jul",6.92
"1836","pH",2009-07-21,2009,"pH","Jul",6.8
"1837","Temperature, water",2009-07-21,2009,"deg C","Jul",16.76
"1838","Dissolved Oxygen",2009-07-21,2009,"mg/L","Jul",6.98
"1839","Dissolved Oxygen",2009-07-21,2009,"mg/L","Jul",7.71
"1840","Temperature, water",2009-07-21,2009,"deg C","Jul",16.55
"1841","pH",2009-07-21,2009,"pH","Jul",7.12
"1842","Temperature, water",2009-07-21,2009,"deg C","Jul",16.62
"1843","Dissolved Oxygen",2009-07-21,2009,"mg/L","Jul",9.47
"1844","pH",2009-07-21,2009,"pH","Jul",7.32
"1845","Dissolved Oxygen",2009-07-21,2009,"mg/L","Jul",8.09
"1846","Temperature, water",2009-07-21,2009,"deg C","Jul",10.37
"1847","pH",2009-07-21,2009,"pH","Jul",7.24
"1848","Dissolved Oxygen",2009-07-21,2009,"mg/L","Jul",8.1
"1849","Temperature, water",2009-07-21,2009,"deg C","Jul",15.36
"1850","pH",2009-07-21,2009,"pH","Jul",6.73
"1851","pH",2009-07-21,2009,"pH","Jul",6.92
"1852","Temperature, water",2009-07-21,2009,"deg C","Jul",15.54
"1853","Dissolved Oxygen",2009-07-21,2009,"mg/L","Jul",8.47
"1854","Temperature, water",2009-07-21,2009,"deg C","Jul",16.75
"1855","Dissolved Oxygen",2009-07-21,2009,"mg/L","Jul",6.98
"1856","pH",2009-07-21,2009,"pH","Jul",6.8
"1857","Temperature, water",2009-07-21,2009,"deg C","Jul",16.45
"1858","Dissolved Oxygen",2009-07-21,2009,"mg/L","Jul",7.73
"1859","pH",2009-07-21,2009,"pH","Jul",7.13
"1860","Temperature, water",2009-07-21,2009,"deg C","Jul",16.53
"1861","Dissolved Oxygen",2009-07-21,2009,"mg/L","Jul",9.47
"1862","pH",2009-07-21,2009,"pH","Jul",7.32
"1863","Dissolved Oxygen",2009-07-21,2009,"mg/L","Jul",8.07
"1864","Temperature, water",2009-07-21,2009,"deg C","Jul",10.33
"1865","pH",2009-07-21,2009,"pH","Jul",7.23
"1866","Temperature, water",2009-07-21,2009,"deg C","Jul",15.33
"1867","pH",2009-07-21,2009,"pH","Jul",6.73
"1868","Dissolved Oxygen",2009-07-21,2009,"mg/L","Jul",8.13
"1869","pH",2009-07-21,2009,"pH","Jul",6.92
"1870","Dissolved Oxygen",2009-07-21,2009,"mg/L","Jul",8.49
"1871","Temperature, water",2009-07-21,2009,"deg C","Jul",15.48
"1872","pH",2009-07-21,2009,"pH","Jul",6.79
"1873","Dissolved Oxygen",2009-07-21,2009,"mg/L","Jul",6.98
"1874","Temperature, water",2009-07-21,2009,"deg C","Jul",16.75
"1875","Temperature, water",2009-07-21,2009,"deg C","Jul",16.37
"1876","Dissolved Oxygen",2009-07-21,2009,"mg/L","Jul",7.77
"1877","Temperature, water",2009-07-21,2009,"deg C","Jul",16.45
"1878","pH",2009-07-21,2009,"pH","Jul",7.12
"1879","Dissolved Oxygen",2009-07-21,2009,"mg/L","Jul",9.47
"1880","pH",2009-07-21,2009,"pH","Jul",7.32
"1881","Dissolved Oxygen",2009-07-21,2009,"mg/L","Jul",8.16
"1882","Temperature, water",2009-07-21,2009,"deg C","Jul",10.29
"1883","pH",2009-07-21,2009,"pH","Jul",7.23
"1884","pH",2009-07-21,2009,"pH","Jul",6.73
"1885","Dissolved Oxygen",2009-07-21,2009,"mg/L","Jul",8.14
"1886","Temperature, water",2009-07-21,2009,"deg C","Jul",15.3
"1887","pH",2009-07-21,2009,"pH","Jul",6.92
"1888","Dissolved Oxygen",2009-07-21,2009,"mg/L","Jul",8.52
"1889","Temperature, water",2009-07-21,2009,"deg C","Jul",15.41
"1890","pH",2009-07-21,2009,"pH","Jul",6.79
"1891","Dissolved Oxygen",2009-07-21,2009,"mg/L","Jul",6.99
"1892","Temperature, water",2009-07-21,2009,"deg C","Jul",16.71
"1893","Temperature, water",2009-07-21,2009,"deg C","Jul",16.28
"1894","Dissolved Oxygen",2009-07-21,2009,"mg/L","Jul",7.8
"1895","Temperature, water",2009-07-21,2009,"deg C","Jul",16.35
"1896","pH",2009-07-21,2009,"pH","Jul",7.13
"1897","Dissolved Oxygen",2009-07-21,2009,"mg/L","Jul",9.47
"1898","pH",2009-07-21,2009,"pH","Jul",7.32
"1899","Dissolved Oxygen",2009-07-21,2009,"mg/L","Jul",8.19
"1900","Temperature, water",2009-07-21,2009,"deg C","Jul",10.26
"1901","pH",2009-07-21,2009,"pH","Jul",7.22
"1902","Dissolved Oxygen",2009-07-21,2009,"mg/L","Jul",8.16
"1903","Temperature, water",2009-07-21,2009,"deg C","Jul",15.29
"1904","pH",2009-07-21,2009,"pH","Jul",6.74
"1905","Dissolved Oxygen",2009-07-21,2009,"mg/L","Jul",8.52
"1906","pH",2009-07-21,2009,"pH","Jul",6.92
"1907","Temperature, water",2009-07-21,2009,"deg C","Jul",15.34
"1908","Dissolved Oxygen",2009-07-21,2009,"mg/L","Jul",6.98
"1909","Temperature, water",2009-07-21,2009,"deg C","Jul",16.7
"1910","pH",2009-07-21,2009,"pH","Jul",6.8
"1911","Dissolved Oxygen",2009-07-21,2009,"mg/L","Jul",7.82
"1912","Temperature, water",2009-07-21,2009,"deg C","Jul",16.2
"1913","Temperature, water",2009-07-21,2009,"deg C","Jul",16.27
"1914","pH",2009-07-21,2009,"pH","Jul",7.13
"1915","Dissolved Oxygen",2009-07-21,2009,"mg/L","Jul",9.47
"1916","pH",2009-07-21,2009,"pH","Jul",7.33
"1917","Dissolved Oxygen",2009-07-21,2009,"mg/L","Jul",8.2
"1918","Temperature, water",2009-07-21,2009,"deg C","Jul",10.24
"1919","pH",2009-07-21,2009,"pH","Jul",7.22
"1920","pH",2009-07-21,2009,"pH","Jul",6.72
"1921","Temperature, water",2009-07-21,2009,"deg C","Jul",15.28
"1922","Dissolved Oxygen",2009-07-21,2009,"mg/L","Jul",8.18
"1923","Temperature, water",2009-07-21,2009,"deg C","Jul",15.29
"1924","Dissolved Oxygen",2009-07-21,2009,"mg/L","Jul",8.54
"1925","pH",2009-07-21,2009,"pH","Jul",6.92
"1926","Temperature, water",2009-07-21,2009,"deg C","Jul",16.66
"1927","pH",2009-07-21,2009,"pH","Jul",6.79
"1928","Dissolved Oxygen",2009-07-21,2009,"mg/L","Jul",7
"1929","Dissolved Oxygen",2009-07-21,2009,"mg/L","Jul",7.83
"1930","Temperature, water",2009-07-21,2009,"deg C","Jul",16.12
"1931","Temperature, water",2009-07-21,2009,"deg C","Jul",16.2
"1932","pH",2009-07-21,2009,"pH","Jul",7.14
"1933","Dissolved Oxygen",2009-07-21,2009,"mg/L","Jul",9.48
"1934","pH",2009-07-21,2009,"pH","Jul",7.32
"1935","Dissolved Oxygen",2009-07-21,2009,"mg/L","Jul",8.23
"1936","pH",2009-07-21,2009,"pH","Jul",7.22
"1937","Temperature, water",2009-07-21,2009,"deg C","Jul",10.21
"1938","Temperature, water",2009-07-21,2009,"deg C","Jul",15.28
"1939","pH",2009-07-21,2009,"pH","Jul",6.73
"1940","Dissolved Oxygen",2009-07-21,2009,"mg/L","Jul",8.14
"1941","pH",2009-07-21,2009,"pH","Jul",6.92
"1942","Dissolved Oxygen",2009-07-21,2009,"mg/L","Jul",8.55
"1943","Temperature, water",2009-07-21,2009,"deg C","Jul",15.25
"1944","Dissolved Oxygen",2009-07-21,2009,"mg/L","Jul",7
"1945","pH",2009-07-21,2009,"pH","Jul",6.8
"1946","Temperature, water",2009-07-21,2009,"deg C","Jul",16.63
"1947","Dissolved Oxygen",2009-07-21,2009,"mg/L","Jul",7.85
"1948","Temperature, water",2009-07-21,2009,"deg C","Jul",16.04
"1949","Temperature, water",2009-07-21,2009,"deg C","Jul",16.12
"1950","pH",2009-07-21,2009,"pH","Jul",7.14
"1951","Dissolved Oxygen",2009-07-21,2009,"mg/L","Jul",9.5
"1952","pH",2009-07-21,2009,"pH","Jul",7.32
"1953","Dissolved Oxygen",2009-07-21,2009,"mg/L","Jul",8.22
"1954","Temperature, water",2009-07-21,2009,"deg C","Jul",10.19
"1955","pH",2009-07-21,2009,"pH","Jul",7.21
"1956","Temperature, water",2009-07-21,2009,"deg C","Jul",15.29
"1957","pH",2009-07-21,2009,"pH","Jul",6.74
"1958","Dissolved Oxygen",2009-07-21,2009,"mg/L","Jul",8.13
"1959","Temperature, water",2009-07-21,2009,"deg C","Jul",15.17
"1960","pH",2009-07-21,2009,"pH","Jul",6.92
"1961","Dissolved Oxygen",2009-07-21,2009,"mg/L","Jul",8.57
"1962","pH",2009-07-21,2009,"pH","Jul",6.8
"1963","Temperature, water",2009-07-21,2009,"deg C","Jul",16.56
"1964","Dissolved Oxygen",2009-07-21,2009,"mg/L","Jul",7.02
"1965","Temperature, water",2009-07-21,2009,"deg C","Jul",15.96
"1966","Dissolved Oxygen",2009-07-21,2009,"mg/L","Jul",7.86
"1967","Temperature, water",2009-07-21,2009,"deg C","Jul",16.05
"1968","pH",2009-07-21,2009,"pH","Jul",7.14
"1969","Dissolved Oxygen",2009-07-21,2009,"mg/L","Jul",9.49
"1970","pH",2009-07-21,2009,"pH","Jul",7.33
"1971","Dissolved Oxygen",2009-07-21,2009,"mg/L","Jul",8.27
"1972","Temperature, water",2009-07-21,2009,"deg C","Jul",10.17
"1973","pH",2009-07-21,2009,"pH","Jul",7.21
"1974","Temperature, water",2009-07-21,2009,"deg C","Jul",15.28
"1975","pH",2009-07-21,2009,"pH","Jul",6.73
"1976","Dissolved Oxygen",2009-07-21,2009,"mg/L","Jul",8.11
"1977","pH",2009-07-21,2009,"pH","Jul",6.92
"1978","Dissolved Oxygen",2009-07-21,2009,"mg/L","Jul",8.57
"1979","Temperature, water",2009-07-21,2009,"deg C","Jul",15.12
"1980","Temperature, water",2009-07-21,2009,"deg C","Jul",16.51
"1981","pH",2009-07-21,2009,"pH","Jul",6.79
"1982","Dissolved Oxygen",2009-07-21,2009,"mg/L","Jul",7.03
"1983","Temperature, water",2009-07-21,2009,"deg C","Jul",15.88
"1984","Dissolved Oxygen",2009-07-21,2009,"mg/L","Jul",7.89
"1985","Temperature, water",2009-07-21,2009,"deg C","Jul",15.97
"1986","pH",2009-07-21,2009,"pH","Jul",7.14
"1987","Dissolved Oxygen",2009-07-21,2009,"mg/L","Jul",9.47
"1988","pH",2009-07-21,2009,"pH","Jul",7.32
"1989","Dissolved Oxygen",2009-07-21,2009,"mg/L","Jul",8.28
"1990","pH",2009-07-21,2009,"pH","Jul",7.2
"1991","Temperature, water",2009-07-21,2009,"deg C","Jul",10.15
"1992","Dissolved Oxygen",2009-07-21,2009,"mg/L","Jul",8.12
"1993","pH",2009-07-21,2009,"pH","Jul",6.73
"1994","Temperature, water",2009-07-21,2009,"deg C","Jul",15.27
"1995","pH",2009-07-21,2009,"pH","Jul",6.92
"1996","Dissolved Oxygen",2009-07-21,2009,"mg/L","Jul",8.59
"1997","Temperature, water",2009-07-21,2009,"deg C","Jul",15.06
"1998","Temperature, water",2009-07-21,2009,"deg C","Jul",16.48
"1999","Dissolved Oxygen",2009-07-21,2009,"mg/L","Jul",7.03
"2000","pH",2009-07-21,2009,"pH","Jul",6.8
"2001","Dissolved Oxygen",2009-07-21,2009,"mg/L","Jul",7.9
"2002","Temperature, water",2009-07-21,2009,"deg C","Jul",15.81
"2003","pH",2009-07-21,2009,"pH","Jul",7.14
"2004","Temperature, water",2009-07-21,2009,"deg C","Jul",15.9
"2005","Dissolved Oxygen",2009-07-21,2009,"mg/L","Jul",9.52
"2006","pH",2009-07-21,2009,"pH","Jul",7.33
"2007","Dissolved Oxygen",2009-07-21,2009,"mg/L","Jul",8.26
"2008","Temperature, water",2009-07-21,2009,"deg C","Jul",10.12
"2009","pH",2009-07-21,2009,"pH","Jul",7.2
"2010","Dissolved Oxygen",2009-07-21,2009,"mg/L","Jul",8.16
"2011","pH",2009-07-21,2009,"pH","Jul",6.73
"2012","Temperature, water",2009-07-21,2009,"deg C","Jul",15.24
"2013","Temperature, water",2009-07-21,2009,"deg C","Jul",14.97
"2014","Dissolved Oxygen",2009-07-21,2009,"mg/L","Jul",8.6
"2015","pH",2009-07-21,2009,"pH","Jul",6.92
"2016","Dissolved Oxygen",2009-07-21,2009,"mg/L","Jul",7.04
"2017","Temperature, water",2009-07-21,2009,"deg C","Jul",16.43
"2018","pH",2009-07-21,2009,"pH","Jul",6.8
"2019","Temperature, water",2009-07-21,2009,"deg C","Jul",15.73
"2020","Dissolved Oxygen",2009-07-21,2009,"mg/L","Jul",7.91
"2021","pH",2009-07-21,2009,"pH","Jul",7.14
"2022","Temperature, water",2009-07-21,2009,"deg C","Jul",15.82
"2023","Dissolved Oxygen",2009-07-21,2009,"mg/L","Jul",9.5
"2024","pH",2009-07-21,2009,"pH","Jul",7.32
"2025","Dissolved Oxygen",2009-07-21,2009,"mg/L","Jul",8.31
"2026","pH",2009-07-21,2009,"pH","Jul",7.2
"2027","Temperature, water",2009-07-21,2009,"deg C","Jul",10.09
"2028","Temperature, water",2009-07-21,2009,"deg C","Jul",15.22
"2029","pH",2009-07-21,2009,"pH","Jul",6.74
"2030","Dissolved Oxygen",2009-07-21,2009,"mg/L","Jul",8.18
"2031","Dissolved Oxygen",2009-07-21,2009,"mg/L","Jul",8.62
"2032","Temperature, water",2009-07-21,2009,"deg C","Jul",14.92
"2033","pH",2009-07-21,2009,"pH","Jul",6.92
"2034","Dissolved Oxygen",2009-07-21,2009,"mg/L","Jul",7.08
"2035","pH",2009-07-21,2009,"pH","Jul",6.81
"2036","Temperature, water",2009-07-21,2009,"deg C","Jul",16.38
"2037","Dissolved Oxygen",2009-07-21,2009,"mg/L","Jul",7.94
"2038","Temperature, water",2009-07-21,2009,"deg C","Jul",15.66
"2039","pH",2009-07-21,2009,"pH","Jul",7.14
"2040","Temperature, water",2009-07-21,2009,"deg C","Jul",15.75
"2041","Dissolved Oxygen",2009-07-21,2009,"mg/L","Jul",9.5
"2042","pH",2009-07-21,2009,"pH","Jul",7.32
"2043","Dissolved Oxygen",2009-07-21,2009,"mg/L","Jul",8.32
"2044","Temperature, water",2009-07-21,2009,"deg C","Jul",10.05
"2045","pH",2009-07-21,2009,"pH","Jul",7.2
"2046","Dissolved Oxygen",2009-07-21,2009,"mg/L","Jul",8.11
"2047","pH",2009-07-21,2009,"pH","Jul",6.73
"2048","Temperature, water",2009-07-21,2009,"deg C","Jul",15.19
"2049","Dissolved Oxygen",2009-07-21,2009,"mg/L","Jul",8.64
"2050","pH",2009-07-21,2009,"pH","Jul",6.93
"2051","Temperature, water",2009-07-21,2009,"deg C","Jul",14.86
"2052","pH",2009-07-21,2009,"pH","Jul",6.81
"2053","Temperature, water",2009-07-21,2009,"deg C","Jul",16.32
"2054","Dissolved Oxygen",2009-07-21,2009,"mg/L","Jul",7.1
"2055","Dissolved Oxygen",2009-07-21,2009,"mg/L","Jul",7.96
"2056","Temperature, water",2009-07-21,2009,"deg C","Jul",15.58
"2057","pH",2009-07-21,2009,"pH","Jul",7.14
"2058","Temperature, water",2009-07-21,2009,"deg C","Jul",15.67
"2059","Dissolved Oxygen",2009-07-21,2009,"mg/L","Jul",9.55
"2060","pH",2009-07-21,2009,"pH","Jul",7.32
"2061","Dissolved Oxygen",2009-07-21,2009,"mg/L","Jul",8.32
"2062","pH",2009-07-21,2009,"pH","Jul",7.21
"2063","Temperature, water",2009-07-21,2009,"deg C","Jul",10.03
"2064","Dissolved Oxygen",2009-07-21,2009,"mg/L","Jul",8.17
"2065","pH",2009-07-21,2009,"pH","Jul",6.73
"2066","Temperature, water",2009-07-21,2009,"deg C","Jul",15.17
"2067","pH",2009-07-21,2009,"pH","Jul",6.93
"2068","Temperature, water",2009-07-21,2009,"deg C","Jul",14.79
"2069","Dissolved Oxygen",2009-07-21,2009,"mg/L","Jul",8.65
"2070","pH",2009-07-21,2009,"pH","Jul",6.81
"2071","Dissolved Oxygen",2009-07-21,2009,"mg/L","Jul",7.16
"2072","Temperature, water",2009-07-21,2009,"deg C","Jul",16.27
"2073","Temperature, water",2009-07-21,2009,"deg C","Jul",15.49
"2074","Dissolved Oxygen",2009-07-21,2009,"mg/L","Jul",7.99
"2075","Temperature, water",2009-07-21,2009,"deg C","Jul",15.58
"2076","pH",2009-07-21,2009,"pH","Jul",7.14
"2077","Dissolved Oxygen",2009-07-21,2009,"mg/L","Jul",9.54
"2078","pH",2009-07-21,2009,"pH","Jul",7.33
"2079","Dissolved Oxygen",2009-07-21,2009,"mg/L","Jul",8.36
"2080","pH",2009-07-21,2009,"pH","Jul",7.22
"2081","Temperature, water",2009-07-21,2009,"deg C","Jul",10
"2082","Temperature, water",2009-07-21,2009,"deg C","Jul",15.14
"2083","pH",2009-07-21,2009,"pH","Jul",6.74
"2084","Dissolved Oxygen",2009-07-21,2009,"mg/L","Jul",8.22
"2085","Dissolved Oxygen",2009-07-21,2009,"mg/L","Jul",8.69
"2086","pH",2009-07-21,2009,"pH","Jul",6.93
"2087","Temperature, water",2009-07-21,2009,"deg C","Jul",14.74
"2088","Dissolved Oxygen",2009-07-21,2009,"mg/L","Jul",7.26
"2089","pH",2009-07-21,2009,"pH","Jul",6.82
"2090","Temperature, water",2009-07-21,2009,"deg C","Jul",16.22
"2091","Temperature, water",2009-07-21,2009,"deg C","Jul",15.42
"2092","Dissolved Oxygen",2009-07-21,2009,"mg/L","Jul",8.06
"2093","pH",2009-07-21,2009,"pH","Jul",7.16
"2094","Temperature, water",2009-07-21,2009,"deg C","Jul",15.5
"2095","Dissolved Oxygen",2009-07-21,2009,"mg/L","Jul",9.53
"2096","pH",2009-07-21,2009,"pH","Jul",7.33
"2097","Dissolved Oxygen",2009-07-21,2009,"mg/L","Jul",8.45
"2098","pH",2009-07-21,2009,"pH","Jul",7.22
"2099","Temperature, water",2009-07-21,2009,"deg C","Jul",9.97
"2100","pH",2009-07-21,2009,"pH","Jul",6.75
"2101","Temperature, water",2009-07-21,2009,"deg C","Jul",15.13
"2102","Dissolved Oxygen",2009-07-21,2009,"mg/L","Jul",8.21
"2103","pH",2009-07-21,2009,"pH","Jul",6.94
"2104","Temperature, water",2009-07-21,2009,"deg C","Jul",14.68
"2105","Dissolved Oxygen",2009-07-21,2009,"mg/L","Jul",8.76
"2106","Dissolved Oxygen",2009-07-21,2009,"mg/L","Jul",7.39
"2107","pH",2009-07-21,2009,"pH","Jul",6.83
"2108","Temperature, water",2009-07-21,2009,"deg C","Jul",16.19
"2109","Dissolved Oxygen",2009-07-21,2009,"mg/L","Jul",8.14
"2110","Temperature, water",2009-07-21,2009,"deg C","Jul",15.34
"2111","Temperature, water",2009-07-21,2009,"deg C","Jul",15.43
"2112","pH",2009-07-21,2009,"pH","Jul",7.17
"2113","Dissolved Oxygen",2009-07-21,2009,"mg/L","Jul",9.57
"2114","pH",2009-07-21,2009,"pH","Jul",7.35
"2115","Dissolved Oxygen",2009-07-21,2009,"mg/L","Jul",8.54
"2116","Temperature, water",2009-07-21,2009,"deg C","Jul",9.95
"2117","pH",2009-07-21,2009,"pH","Jul",7.23
"2118","pH",2009-07-21,2009,"pH","Jul",6.74
"2119","Dissolved Oxygen",2009-07-21,2009,"mg/L","Jul",8.2
"2120","Temperature, water",2009-07-21,2009,"deg C","Jul",15.11
"2121","pH",2009-07-21,2009,"pH","Jul",6.95
"2122","Temperature, water",2009-07-21,2009,"deg C","Jul",14.63
"2123","Dissolved Oxygen",2009-07-21,2009,"mg/L","Jul",8.81
"2124","Dissolved Oxygen",2009-07-21,2009,"mg/L","Jul",7.5
"2125","Temperature, water",2009-07-21,2009,"deg C","Jul",16.17
"2126","pH",2009-07-21,2009,"pH","Jul",6.85
"2127","Dissolved Oxygen",2009-07-21,2009,"mg/L","Jul",8.24
"2128","Temperature, water",2009-07-21,2009,"deg C","Jul",15.28
"2129","pH",2009-07-21,2009,"pH","Jul",7.19
"2130","Temperature, water",2009-07-21,2009,"deg C","Jul",15.37
"2131","Dissolved Oxygen",2009-07-21,2009,"mg/L","Jul",9.57
"2132","pH",2009-07-21,2009,"pH","Jul",7.36
"2133","Dissolved Oxygen",2009-07-21,2009,"mg/L","Jul",8.57
"2134","Temperature, water",2009-07-21,2009,"deg C","Jul",9.92
"2135","pH",2009-07-21,2009,"pH","Jul",7.23
"2136","Dissolved Oxygen",2009-07-21,2009,"mg/L","Jul",8.26
"2137","Temperature, water",2009-07-21,2009,"deg C","Jul",15.1
"2138","pH",2009-07-21,2009,"pH","Jul",6.75
"2139","Temperature, water",2009-07-21,2009,"deg C","Jul",14.61
"2140","Dissolved Oxygen",2009-07-21,2009,"mg/L","Jul",8.86
"2141","pH",2009-07-21,2009,"pH","Jul",6.95
"2142","Dissolved Oxygen",2009-07-21,2009,"mg/L","Jul",7.63
"2143","pH",2009-07-21,2009,"pH","Jul",6.86
"2144","Temperature, water",2009-07-21,2009,"deg C","Jul",16.17
"2145","Dissolved Oxygen",2009-07-21,2009,"mg/L","Jul",8.35
"2146","Temperature, water",2009-07-21,2009,"deg C","Jul",15.24
"2147","Temperature, water",2009-07-21,2009,"deg C","Jul",15.33
"2148","pH",2009-07-21,2009,"pH","Jul",7.22
"2149","Dissolved Oxygen",2009-07-21,2009,"mg/L","Jul",9.59
"2150","pH",2009-07-21,2009,"pH","Jul",7.39
"2151","Dissolved Oxygen",2009-07-21,2009,"mg/L","Jul",8.71
"2152","Temperature, water",2009-07-21,2009,"deg C","Jul",9.9
"2153","pH",2009-07-21,2009,"pH","Jul",7.23
"2154","pH",2009-07-21,2009,"pH","Jul",6.76
"2155","Dissolved Oxygen",2009-07-21,2009,"mg/L","Jul",8.29
"2156","Temperature, water",2009-07-21,2009,"deg C","Jul",15.09
"2157","pH",2009-07-21,2009,"pH","Jul",6.97
"2158","Temperature, water",2009-07-21,2009,"deg C","Jul",14.59
"2159","Dissolved Oxygen",2009-07-21,2009,"mg/L","Jul",8.92
"2160","Temperature, water",2009-07-21,2009,"deg C","Jul",16.19
"2161","Dissolved Oxygen",2009-07-21,2009,"mg/L","Jul",7.77
"2162","pH",2009-07-21,2009,"pH","Jul",6.87
"2163","Temperature, water",2009-07-21,2009,"deg C","Jul",15.21
"2164","Dissolved Oxygen",2009-07-21,2009,"mg/L","Jul",8.49
"2165","pH",2009-07-21,2009,"pH","Jul",7.24
"2166","Temperature, water",2009-07-21,2009,"deg C","Jul",15.3
"2167","Dissolved Oxygen",2009-07-21,2009,"mg/L","Jul",9.64
"2168","pH",2009-07-21,2009,"pH","Jul",7.41
"2169","Dissolved Oxygen",2009-07-21,2009,"mg/L","Jul",8.85
"2170","Temperature, water",2009-07-21,2009,"deg C","Jul",9.88
"2171","pH",2009-07-21,2009,"pH","Jul",7.24
"2172","pH",2009-07-21,2009,"pH","Jul",6.76
"2173","Dissolved Oxygen",2009-07-21,2009,"mg/L","Jul",8.33
"2174","Temperature, water",2009-07-21,2009,"deg C","Jul",15.09
"2175","Dissolved Oxygen",2009-07-21,2009,"mg/L","Jul",8.98
"2176","Temperature, water",2009-07-21,2009,"deg C","Jul",14.63
"2177","pH",2009-07-21,2009,"pH","Jul",6.98
"2178","Temperature, water",2009-07-21,2009,"deg C","Jul",16.24
"2179","Dissolved Oxygen",2009-07-21,2009,"mg/L","Jul",7.9
"2180","pH",2009-07-21,2009,"pH","Jul",6.88
"2181","Dissolved Oxygen",2009-07-21,2009,"mg/L","Jul",8.65
"2182","Temperature, water",2009-07-21,2009,"deg C","Jul",15.21
"2183","Temperature, water",2009-07-21,2009,"deg C","Jul",15.29
"2184","pH",2009-07-21,2009,"pH","Jul",7.27
"2185","Dissolved Oxygen",2009-07-21,2009,"mg/L","Jul",9.64
"2186","pH",2009-07-21,2009,"pH","Jul",7.45
"2187","Dissolved Oxygen",2009-07-21,2009,"mg/L","Jul",8.96
"2188","Temperature, water",2009-07-21,2009,"deg C","Jul",9.86
"2189","pH",2009-07-21,2009,"pH","Jul",7.24
"2190","Temperature, water",2009-07-21,2009,"deg C","Jul",15.1
"2191","Dissolved Oxygen",2009-07-21,2009,"mg/L","Jul",8.37
"2192","pH",2009-07-21,2009,"pH","Jul",6.76
"2193","Temperature, water",2009-07-21,2009,"deg C","Jul",14.64
"2194","pH",2009-07-21,2009,"pH","Jul",7
"2195","Dissolved Oxygen",2009-07-21,2009,"mg/L","Jul",9.01
"2196","Temperature, water",2009-07-21,2009,"deg C","Jul",16.29
"2197","pH",2009-07-21,2009,"pH","Jul",6.89
"2198","Dissolved Oxygen",2009-07-21,2009,"mg/L","Jul",7.96
"2199","Temperature, water",2009-07-21,2009,"deg C","Jul",15.22
"2200","Dissolved Oxygen",2009-07-21,2009,"mg/L","Jul",8.74
"2201","Temperature, water",2009-07-21,2009,"deg C","Jul",15.3
"2202","pH",2009-07-21,2009,"pH","Jul",7.3
"2203","Dissolved Oxygen",2009-07-21,2009,"mg/L","Jul",9.66
"2204","pH",2009-07-21,2009,"pH","Jul",7.48
"2205","Dissolved Oxygen",2009-07-21,2009,"mg/L","Jul",9.06
"2206","Temperature, water",2009-07-21,2009,"deg C","Jul",9.84
"2207","pH",2009-07-21,2009,"pH","Jul",7.24
"2208","Dissolved Oxygen",2009-07-21,2009,"mg/L","Jul",8.37
"2209","pH",2009-07-21,2009,"pH","Jul",6.77
"2210","Temperature, water",2009-07-21,2009,"deg C","Jul",15.12
"2211","Temperature, water",2009-07-21,2009,"deg C","Jul",14.68
"2212","pH",2009-07-21,2009,"pH","Jul",7.01
"2213","Dissolved Oxygen",2009-07-21,2009,"mg/L","Jul",9.04
"2214","pH",2009-07-21,2009,"pH","Jul",6.89
"2215","Dissolved Oxygen",2009-07-21,2009,"mg/L","Jul",8.04
"2216","Temperature, water",2009-07-21,2009,"deg C","Jul",16.32
"2217","Dissolved Oxygen",2009-07-21,2009,"mg/L","Jul",8.81
"2218","Temperature, water",2009-07-21,2009,"deg C","Jul",15.24
"2219","pH",2009-07-21,2009,"pH","Jul",7.33
"2220","Temperature, water",2009-07-21,2009,"deg C","Jul",15.31
"2221","Dissolved Oxygen",2009-07-21,2009,"mg/L","Jul",9.68
"2222","pH",2009-07-21,2009,"pH","Jul",7.5
"2223","Dissolved Oxygen",2009-07-21,2009,"mg/L","Jul",9.13
"2224","Temperature, water",2009-07-21,2009,"deg C","Jul",9.84
"2225","pH",2009-07-21,2009,"pH","Jul",7.24
"2226","Temperature, water",2009-07-21,2009,"deg C","Jul",15.19
"2227","Dissolved Oxygen",2009-07-21,2009,"mg/L","Jul",8.45
"2228","pH",2009-07-21,2009,"pH","Jul",6.77
"2229","Temperature, water",2009-07-21,2009,"deg C","Jul",14.72
"2230","pH",2009-07-21,2009,"pH","Jul",7.02
"2231","Dissolved Oxygen",2009-07-21,2009,"mg/L","Jul",9.09
"2232","Temperature, water",2009-07-21,2009,"deg C","Jul",16.41
"2233","pH",2009-07-21,2009,"pH","Jul",6.92
"2234","Dissolved Oxygen",2009-07-21,2009,"mg/L","Jul",8.17
"2235","Dissolved Oxygen",2009-07-21,2009,"mg/L","Jul",8.89
"2236","Temperature, water",2009-07-21,2009,"deg C","Jul",15.29
"2237","pH",2009-07-21,2009,"pH","Jul",7.36
"2238","Temperature, water",2009-07-21,2009,"deg C","Jul",15.36
"2239","Dissolved Oxygen",2009-07-21,2009,"mg/L","Jul",9.68
"2240","pH",2009-07-21,2009,"pH","Jul",7.53
"2241","Dissolved Oxygen",2009-07-21,2009,"mg/L","Jul",9.24
"2242","pH",2009-07-21,2009,"pH","Jul",7.12
"2243","Temperature, water",2009-07-21,2009,"deg C","Jul",15.53
"2244","Temperature, water",2009-07-21,2009,"deg C","Jul",9.83
"2245","pH",2009-07-21,2009,"pH","Jul",7.25
"2246","Dissolved Oxygen",2009-07-21,2009,"mg/L","Jul",8.33
"2247","pH",2009-07-21,2009,"pH","Jul",6.77
"2248","Temperature, water",2009-07-21,2009,"deg C","Jul",15.28
"2249","pH",2009-07-21,2009,"pH","Jul",7.03
"2250","Temperature, water",2009-07-21,2009,"deg C","Jul",14.74
"2251","Dissolved Oxygen",2009-07-21,2009,"mg/L","Jul",9.09
"2252","Temperature, water",2009-07-21,2009,"deg C","Jul",16.48
"2253","pH",2009-07-21,2009,"pH","Jul",6.93
"2254","Dissolved Oxygen",2009-07-21,2009,"mg/L","Jul",8.19
"2255","Temperature, water",2009-07-21,2009,"deg C","Jul",15.36
"2256","Dissolved Oxygen",2009-07-21,2009,"mg/L","Jul",8.96
"2257","pH",2009-07-21,2009,"pH","Jul",7.38
"2258","Temperature, water",2009-07-21,2009,"deg C","Jul",15.42
"2259","Dissolved Oxygen",2009-07-21,2009,"mg/L","Jul",9.7
"2260","pH",2009-07-21,2009,"pH","Jul",7.55
"2261","Dissolved Oxygen",2009-07-21,2009,"mg/L","Jul",9.3
"2262","Temperature, water",2009-07-21,2009,"deg C","Jul",9.84
"2263","pH",2009-07-21,2009,"pH","Jul",7.25
"2264","Temperature, water",2009-07-21,2009,"deg C","Jul",15.38
"2265","Dissolved Oxygen",2009-07-21,2009,"mg/L","Jul",8.4
"2266","pH",2009-07-21,2009,"pH","Jul",6.8
"2267","Dissolved Oxygen",2009-07-21,2009,"mg/L","Jul",9.1
"2268","Temperature, water",2009-07-21,2009,"deg C","Jul",14.84
"2269","pH",2009-07-21,2009,"pH","Jul",7.04
"2270","Dissolved Oxygen",2009-07-21,2009,"mg/L","Jul",8.29
"2271","pH",2009-07-21,2009,"pH","Jul",6.93
"2272","Temperature, water",2009-07-21,2009,"deg C","Jul",16.59
"2273","Dissolved Oxygen",2009-07-21,2009,"mg/L","Jul",9.04
"2274","Temperature, water",2009-07-21,2009,"deg C","Jul",15.44
"2275","Temperature, water",2009-07-21,2009,"deg C","Jul",15.51
"2276","pH",2009-07-21,2009,"pH","Jul",7.43
"2277","Dissolved Oxygen",2009-07-21,2009,"mg/L","Jul",9.64
"2278","pH",2009-07-21,2009,"pH","Jul",7.59
"2279","Dissolved Oxygen",2009-07-21,2009,"mg/L","Jul",9.36
"2280","pH",2009-07-21,2009,"pH","Jul",7.04
"2281","Dissolved Oxygen",2009-07-21,2009,"mg/L","Jul",9.12
"2282","Temperature, water",2009-07-21,2009,"deg C","Jul",14.92
"2283","pH",2009-07-21,2009,"pH","Jul",7.27
"2284","Temperature, water",2009-07-21,2009,"deg C","Jul",9.86
"2285","Dissolved Oxygen",2009-07-21,2009,"mg/L","Jul",8.41
"2286","Temperature, water",2009-07-21,2009,"deg C","Jul",15.48
"2287","pH",2009-07-21,2009,"pH","Jul",6.79
"2288","Temperature, water",2009-07-21,2009,"deg C","Jul",16.71
"2289","Dissolved Oxygen",2009-07-21,2009,"mg/L","Jul",8.38
"2290","pH",2009-07-21,2009,"pH","Jul",6.94
"2291","Temperature, water",2009-07-21,2009,"deg C","Jul",15.56
"2292","Dissolved Oxygen",2009-07-21,2009,"mg/L","Jul",9.05
"2293","pH",2009-07-21,2009,"pH","Jul",7.46
"2294","Temperature, water",2009-07-21,2009,"deg C","Jul",15.61
"2295","Dissolved Oxygen",2009-07-21,2009,"mg/L","Jul",9.7
"2296","pH",2009-07-21,2009,"pH","Jul",7.6
"2297","Dissolved Oxygen",2009-07-21,2009,"mg/L","Jul",9.38
"2298","Temperature, water",2009-07-21,2009,"deg C","Jul",14.98
"2299","pH",2009-07-21,2009,"pH","Jul",7.48
"2300","Dissolved Oxygen",2009-07-21,2009,"mg/L","Jul",9.1
"2301","Dissolved Oxygen",2009-07-21,2009,"mg/L","Jul",9.45
"2302","Temperature, water",2009-07-21,2009,"deg C","Jul",9.88
"2303","pH",2009-07-21,2009,"pH","Jul",7.27
"2304","Dissolved Oxygen",2009-07-21,2009,"mg/L","Jul",9.69
"2305","pH",2009-07-21,2009,"pH","Jul",6.8
"2306","Temperature, water",2009-07-21,2009,"deg C","Jul",15.6
"2307","Dissolved Oxygen",2009-07-21,2009,"mg/L","Jul",8.38
"2308","Dissolved Oxygen",2009-07-21,2009,"mg/L","Jul",9.13
"2309","Temperature, water",2009-07-21,2009,"deg C","Jul",15.04
"2310","pH",2009-07-21,2009,"pH","Jul",7.06
"2311","pH",2009-07-21,2009,"pH","Jul",6.95
"2312","Temperature, water",2009-07-21,2009,"deg C","Jul",16.9
"2313","Dissolved Oxygen",2009-07-21,2009,"mg/L","Jul",8.46
"2314","Temperature, water",2009-07-21,2009,"deg C","Jul",15.69
"2315","Dissolved Oxygen",2009-07-21,2009,"mg/L","Jul",9.12
"2316","pH",2009-07-21,2009,"pH","Jul",7.49
"2317","Temperature, water",2009-07-21,2009,"deg C","Jul",15.75
"2318","pH",2009-07-21,2009,"pH","Jul",7.64
"2319","Dissolved Oxygen",2009-07-21,2009,"mg/L","Jul",9.4
"2320","Temperature, water",2009-07-21,2009,"deg C","Jul",9.77
"2321","pH",2009-07-21,2009,"pH","Jul",7.12
"2322","Dissolved Oxygen",2009-07-21,2009,"mg/L","Jul",9.68
"2323","pH",2009-07-21,2009,"pH","Jul",7.28
"2324","Temperature, water",2009-07-21,2009,"deg C","Jul",9.91
"2325","pH",2009-07-21,2009,"pH","Jul",6.81
"2326","Dissolved Oxygen",2009-07-21,2009,"mg/L","Jul",8.38
"2327","Temperature, water",2009-07-21,2009,"deg C","Jul",15.74
"2328","Temperature, water",2009-07-21,2009,"deg C","Jul",15.19
"2329","pH",2009-07-21,2009,"pH","Jul",7.07
"2330","Dissolved Oxygen",2009-07-21,2009,"mg/L","Jul",9.15
"2331","pH",2009-07-21,2009,"pH","Jul",6.97
"2332","Dissolved Oxygen",2009-07-21,2009,"mg/L","Jul",8.52
"2333","Temperature, water",2009-07-21,2009,"deg C","Jul",17.08
"2334","Temperature, water",2009-07-21,2009,"deg C","Jul",15.85
"2335","Dissolved Oxygen",2009-07-21,2009,"mg/L","Jul",9.2
"2336","Temperature, water",2009-07-21,2009,"deg C","Jul",15.91
"2337","pH",2009-07-21,2009,"pH","Jul",7.53
"2338","Dissolved Oxygen",2009-07-21,2009,"mg/L","Jul",9.71
"2339","pH",2009-07-21,2009,"pH","Jul",7.67
"2340","Dissolved Oxygen",2009-07-21,2009,"mg/L","Jul",9.48
"2341","Dissolved Oxygen",2009-07-21,2009,"mg/L","Jul",8.56
"2342","Temperature, water",2009-07-21,2009,"deg C","Jul",17.04
"2343","pH",2009-07-21,2009,"pH","Jul",6.94
"2344","Temperature, water",2009-07-21,2009,"deg C","Jul",9.95
"2345","pH",2009-07-21,2009,"pH","Jul",7.29
"2346","Dissolved Oxygen",2009-07-21,2009,"mg/L","Jul",8.33
"2347","pH",2009-07-21,2009,"pH","Jul",6.81
"2348","Temperature, water",2009-07-21,2009,"deg C","Jul",15.89
"2349","pH",2009-07-21,2009,"pH","Jul",7.08
"2350","Dissolved Oxygen",2009-07-21,2009,"mg/L","Jul",9.15
"2351","Temperature, water",2009-07-21,2009,"deg C","Jul",15.36
"2352","Temperature, water",2009-07-21,2009,"deg C","Jul",17.27
"2353","Dissolved Oxygen",2009-07-21,2009,"mg/L","Jul",8.59
"2354","pH",2009-07-21,2009,"pH","Jul",7
"2355","Dissolved Oxygen",2009-07-21,2009,"mg/L","Jul",9.23
"2356","Temperature, water",2009-07-21,2009,"deg C","Jul",16.03
"2357","pH",2009-07-21,2009,"pH","Jul",7.57
"2358","Temperature, water",2009-07-21,2009,"deg C","Jul",16.1
"2359","Dissolved Oxygen",2009-07-21,2009,"mg/L","Jul",9.65
"2360","pH",2009-07-21,2009,"pH","Jul",7.72
"2361","Dissolved Oxygen",2009-07-21,2009,"mg/L","Jul",9.52
"2362","Temperature, water",2009-07-21,2009,"deg C","Jul",10.02
"2363","pH",2009-07-21,2009,"pH","Jul",7.28
"2364","pH",2009-07-21,2009,"pH","Jul",6.82
"2365","Temperature, water",2009-07-21,2009,"deg C","Jul",16.05
"2366","Dissolved Oxygen",2009-07-21,2009,"mg/L","Jul",8.43
"2367","pH",2009-07-21,2009,"pH","Jul",7.1
"2368","Dissolved Oxygen",2009-07-21,2009,"mg/L","Jul",9.16
"2369","Temperature, water",2009-07-21,2009,"deg C","Jul",15.54
"2370","Temperature, water",2009-07-21,2009,"deg C","Jul",17.46
"2371","Dissolved Oxygen",2009-07-21,2009,"mg/L","Jul",8.65
"2372","pH",2009-07-21,2009,"pH","Jul",7
"2373","Temperature, water",2009-07-21,2009,"deg C","Jul",16.23
"2374","Dissolved Oxygen",2009-07-21,2009,"mg/L","Jul",9.27
"2375","pH",2009-07-21,2009,"pH","Jul",7.59
"2376","Temperature, water",2009-07-21,2009,"deg C","Jul",16.31
"2377","Dissolved Oxygen",2009-07-21,2009,"mg/L","Jul",9.68
"2378","pH",2009-07-21,2009,"pH","Jul",7.75
"2379","Dissolved Oxygen",2009-07-21,2009,"mg/L","Jul",9.55
"2380","pH",2009-07-21,2009,"pH","Jul",7.14
"2381","Temperature, water",2009-07-21,2009,"deg C","Jul",16.83
"2382","pH",2009-07-21,2009,"pH","Jul",7.3
"2383","Temperature, water",2009-07-21,2009,"deg C","Jul",10.11
"2384","Temperature, water",2009-07-21,2009,"deg C","Jul",16.24
"2385","Dissolved Oxygen",2009-07-21,2009,"mg/L","Jul",8.35
"2386","pH",2009-07-21,2009,"pH","Jul",6.83
"2387","Dissolved Oxygen",2009-07-21,2009,"mg/L","Jul",9.13
"2388","Temperature, water",2009-07-21,2009,"deg C","Jul",15.77
"2389","pH",2009-07-21,2009,"pH","Jul",7.12
"2390","Dissolved Oxygen",2009-07-21,2009,"mg/L","Jul",8.7
"2391","Temperature, water",2009-07-21,2009,"deg C","Jul",17.66
"2392","pH",2009-07-21,2009,"pH","Jul",7.02
"2393","Dissolved Oxygen",2009-07-21,2009,"mg/L","Jul",9.28
"2394","Temperature, water",2009-07-21,2009,"deg C","Jul",16.47
"2395","pH",2009-07-21,2009,"pH","Jul",7.64
"2396","Temperature, water",2009-07-21,2009,"deg C","Jul",16.54
"2397","Dissolved Oxygen",2009-07-21,2009,"mg/L","Jul",9.68
"2398","pH",2009-07-21,2009,"pH","Jul",7.78
"2399","Dissolved Oxygen",2009-07-21,2009,"mg/L","Jul",9.51
"2400","pH",2009-07-21,2009,"pH","Jul",7.31
"2401","Temperature, water",2009-07-21,2009,"deg C","Jul",10.22
"2402","Temperature, water",2009-07-21,2009,"deg C","Jul",16.44
"2403","Dissolved Oxygen",2009-07-21,2009,"mg/L","Jul",8.3
"2404","pH",2009-07-21,2009,"pH","Jul",6.84
"2405","pH",2009-07-21,2009,"pH","Jul",7.13
"2406","Temperature, water",2009-07-21,2009,"deg C","Jul",15.96
"2407","Dissolved Oxygen",2009-07-21,2009,"mg/L","Jul",9.12
"2408","pH",2009-07-21,2009,"pH","Jul",7.04
"2409","Temperature, water",2009-07-21,2009,"deg C","Jul",17.88
"2410","Dissolved Oxygen",2009-07-21,2009,"mg/L","Jul",8.73
"2411","Temperature, water",2009-07-21,2009,"deg C","Jul",16.72
"2412","Dissolved Oxygen",2009-07-21,2009,"mg/L","Jul",9.31
"2413","Temperature, water",2009-07-21,2009,"deg C","Jul",16.8
"2414","pH",2009-07-21,2009,"pH","Jul",7.67
"2415","Dissolved Oxygen",2009-07-21,2009,"mg/L","Jul",9.7
"2416","pH",2009-07-21,2009,"pH","Jul",7.83
"2417","Dissolved Oxygen",2009-07-21,2009,"mg/L","Jul",9.57
"2418","Temperature, water",2009-07-21,2009,"deg C","Jul",15.15
"2419","Dissolved Oxygen",2009-07-21,2009,"mg/L","Jul",8.91
"2420","pH",2009-07-21,2009,"pH","Jul",7.41
"2421","Dissolved Oxygen",2009-07-21,2009,"mg/L","Jul",9.4
"2422","Dissolved Oxygen",2009-07-21,2009,"mg/L","Jul",8.81
"2423","Temperature, water",2009-07-21,2009,"deg C","Jul",17.42
"2424","pH",2009-07-21,2009,"pH","Jul",7.81
"2425","Dissolved Oxygen",2009-07-21,2009,"mg/L","Jul",8.86
"2426","Temperature, water",2009-07-21,2009,"deg C","Jul",17.33
"2427","pH",2009-07-21,2009,"pH","Jul",7.81
"2428","pH",2009-07-21,2009,"pH","Jul",7.31
"2429","Temperature, water",2009-07-21,2009,"deg C","Jul",10.33
"2430","pH",2009-07-21,2009,"pH","Jul",6.85
"2431","Temperature, water",2009-07-21,2009,"deg C","Jul",16.65
"2432","Dissolved Oxygen",2009-07-21,2009,"mg/L","Jul",8.31
"2433","Dissolved Oxygen",2009-07-21,2009,"mg/L","Jul",9.1
"2434","pH",2009-07-21,2009,"pH","Jul",7.15
"2435","Temperature, water",2009-07-21,2009,"deg C","Jul",16.21
"2436","Dissolved Oxygen",2009-07-21,2009,"mg/L","Jul",8.76
"2437","Temperature, water",2009-07-21,2009,"deg C","Jul",18.1
"2438","pH",2009-07-21,2009,"pH","Jul",7.04
"2439","Dissolved Oxygen",2009-07-21,2009,"mg/L","Jul",9.32
"2440","Temperature, water",2009-07-21,2009,"deg C","Jul",16.98
"2441","pH",2009-07-21,2009,"pH","Jul",7.71
"2442","Temperature, water",2009-07-21,2009,"deg C","Jul",17.07
"2443","Dissolved Oxygen",2009-07-21,2009,"mg/L","Jul",9.72
"2444","pH",2009-07-21,2009,"pH","Jul",7.85
"2445","Dissolved Oxygen",2009-07-21,2009,"mg/L","Jul",9.58
"2446","pH",2009-07-21,2009,"pH","Jul",7.32
"2447","Temperature, water",2009-07-21,2009,"deg C","Jul",10.47
"2448","Temperature, water",2009-07-21,2009,"deg C","Jul",16.89
"2449","pH",2009-07-21,2009,"pH","Jul",6.85
"2450","Dissolved Oxygen",2009-07-21,2009,"mg/L","Jul",8.28
"2451","pH",2009-07-21,2009,"pH","Jul",7.16
"2452","Dissolved Oxygen",2009-07-21,2009,"mg/L","Jul",9.07
"2453","Temperature, water",2009-07-21,2009,"deg C","Jul",16.47
"2454","pH",2009-07-21,2009,"pH","Jul",7.06
"2455","Dissolved Oxygen",2009-07-21,2009,"mg/L","Jul",8.81
"2456","Temperature, water",2009-07-21,2009,"deg C","Jul",18.34
"2457","Dissolved Oxygen",2009-07-21,2009,"mg/L","Jul",9.33
"2458","Temperature, water",2009-07-21,2009,"deg C","Jul",17.26
"2459","pH",2009-07-21,2009,"pH","Jul",7.74
"2460","Temperature, water",2009-07-21,2009,"deg C","Jul",17.34
"2461","Dissolved Oxygen",2009-07-21,2009,"mg/L","Jul",9.68
"2462","pH",2009-07-21,2009,"pH","Jul",7.91
"2463","Dissolved Oxygen",2009-07-21,2009,"mg/L","Jul",9.55
"2464","Temperature, water",2009-07-21,2009,"deg C","Jul",18.15
"2465","pH",2009-07-21,2009,"pH","Jul",7.46
"2466","Temperature, water",2009-07-21,2009,"deg C","Jul",10.65
"2467","pH",2009-07-21,2009,"pH","Jul",7.33
"2468","Dissolved Oxygen",2009-07-21,2009,"mg/L","Jul",8.29
"2469","pH",2009-07-21,2009,"pH","Jul",6.87
"2470","Temperature, water",2009-07-21,2009,"deg C","Jul",17.14
"2471","Dissolved Oxygen",2009-07-21,2009,"mg/L","Jul",9.04
"2472","Temperature, water",2009-07-21,2009,"deg C","Jul",16.73
"2473","pH",2009-07-21,2009,"pH","Jul",7.18
"2474","Temperature, water",2009-07-21,2009,"deg C","Jul",18.6
"2475","Dissolved Oxygen",2009-07-21,2009,"mg/L","Jul",8.85
"2476","pH",2009-07-21,2009,"pH","Jul",7.08
"2477","Temperature, water",2009-07-21,2009,"deg C","Jul",17.55
"2478","Dissolved Oxygen",2009-07-21,2009,"mg/L","Jul",9.34
"2479","pH",2009-07-21,2009,"pH","Jul",7.77
"2480","Temperature, water",2009-07-21,2009,"deg C","Jul",17.65
"2481","Dissolved Oxygen",2009-07-21,2009,"mg/L","Jul",9.68
"2482","pH",2009-07-21,2009,"pH","Jul",7.94
"2483","Dissolved Oxygen",2009-07-21,2009,"mg/L","Jul",9.49
"2484","Dissolved Oxygen",2009-07-21,2009,"mg/L","Jul",9.5
"2485","pH",2009-07-21,2009,"pH","Jul",7.39
"2486","Dissolved Oxygen",2009-07-21,2009,"mg/L","Jul",8.76
"2487","Temperature, water",2009-07-21,2009,"deg C","Jul",15.51
"2488","Temperature, water",2009-07-21,2009,"deg C","Jul",10.86
"2489","pH",2009-07-21,2009,"pH","Jul",7.34
"2490","pH",2009-07-21,2009,"pH","Jul",6.86
"2491","Dissolved Oxygen",2009-07-21,2009,"mg/L","Jul",8.21
"2492","Temperature, water",2009-07-21,2009,"deg C","Jul",17.41
"2493","pH",2009-07-21,2009,"pH","Jul",7.19
"2494","Dissolved Oxygen",2009-07-21,2009,"mg/L","Jul",9.02
"2495","Temperature, water",2009-07-21,2009,"deg C","Jul",17.04
"2496","pH",2009-07-21,2009,"pH","Jul",7.09
"2497","Temperature, water",2009-07-21,2009,"deg C","Jul",18.84
"2498","Dissolved Oxygen",2009-07-21,2009,"mg/L","Jul",8.88
"2499","Dissolved Oxygen",2009-07-21,2009,"mg/L","Jul",9.35
"2500","Temperature, water",2009-07-21,2009,"deg C","Jul",17.85
"2501","Temperature, water",2009-07-21,2009,"deg C","Jul",17.96
"2502","pH",2009-07-21,2009,"pH","Jul",7.8
"2503","Dissolved Oxygen",2009-07-21,2009,"mg/L","Jul",9.6
"2504","pH",2009-07-21,2009,"pH","Jul",8.02
"2505","Dissolved Oxygen",2009-07-21,2009,"mg/L","Jul",9.49
"2506","pH",2009-07-21,2009,"pH","Jul",7.36
"2507","Temperature, water",2009-07-21,2009,"deg C","Jul",11.06
"2508","Temperature, water",2009-07-21,2009,"deg C","Jul",17.67
"2509","Dissolved Oxygen",2009-07-21,2009,"mg/L","Jul",8.19
"2510","pH",2009-07-21,2009,"pH","Jul",6.87
"2511","Temperature, water",2009-07-21,2009,"deg C","Jul",17.33
"2512","pH",2009-07-21,2009,"pH","Jul",7.21
"2513","Dissolved Oxygen",2009-07-21,2009,"mg/L","Jul",8.97
"2514","Temperature, water",2009-07-21,2009,"deg C","Jul",19.13
"2515","pH",2009-07-21,2009,"pH","Jul",7.1
"2516","Dissolved Oxygen",2009-07-21,2009,"mg/L","Jul",8.89
"2517","Dissolved Oxygen",2009-07-21,2009,"mg/L","Jul",9.36
"2518","Temperature, water",2009-07-21,2009,"deg C","Jul",18.16
"2519","pH",2009-07-21,2009,"pH","Jul",7.83
"2520","Temperature, water",2009-07-21,2009,"deg C","Jul",18.28
"2521","Dissolved Oxygen",2009-07-21,2009,"mg/L","Jul",9.58
"2522","pH",2009-07-21,2009,"pH","Jul",8.09
"2523","Dissolved Oxygen",2009-07-21,2009,"mg/L","Jul",9.46
"2524","pH",2009-07-21,2009,"pH","Jul",7.38
"2525","Temperature, water",2009-07-21,2009,"deg C","Jul",14.91
"2526","Dissolved Oxygen",2009-07-21,2009,"mg/L","Jul",8.21
"2527","Temperature, water",2009-07-21,2009,"deg C","Jul",17.94
"2528","pH",2009-07-21,2009,"pH","Jul",6.88
"2529","Dissolved Oxygen",2009-07-21,2009,"mg/L","Jul",8.21
"2530","Temperature, water",2009-07-21,2009,"deg C","Jul",11.27
"2531","pH",2009-07-21,2009,"pH","Jul",7.37
"2532","Dissolved Oxygen",2009-07-21,2009,"mg/L","Jul",8.94
"2533","pH",2009-07-21,2009,"pH","Jul",7.22
"2534","Temperature, water",2009-07-21,2009,"deg C","Jul",17.63
"2535","Dissolved Oxygen",2009-07-21,2009,"mg/L","Jul",8.91
"2536","Temperature, water",2009-07-21,2009,"deg C","Jul",19.37
"2537","pH",2009-07-21,2009,"pH","Jul",7.11
"2538","Temperature, water",2009-07-21,2009,"deg C","Jul",18.49
"2539","Dissolved Oxygen",2009-07-21,2009,"mg/L","Jul",9.34
"2540","pH",2009-07-21,2009,"pH","Jul",7.86
"2541","Temperature, water",2009-07-21,2009,"deg C","Jul",18.59
"2542","Dissolved Oxygen",2009-07-21,2009,"mg/L","Jul",9.56
"2543","pH",2009-07-21,2009,"pH","Jul",8.1
"2544","Dissolved Oxygen",2009-07-21,2009,"mg/L","Jul",9.41
"2545","pH",2009-07-21,2009,"pH","Jul",6.88
"2546","Dissolved Oxygen",2009-07-21,2009,"mg/L","Jul",8.17
"2547","Temperature, water",2009-07-21,2009,"deg C","Jul",18.09
"2548","Temperature, water",2009-07-21,2009,"deg C","Jul",11.46
"2549","pH",2009-07-21,2009,"pH","Jul",7.38
"2550","pH",2009-07-21,2009,"pH","Jul",6.89
"2551","Temperature, water",2009-07-21,2009,"deg C","Jul",18.21
"2552","Dissolved Oxygen",2009-07-21,2009,"mg/L","Jul",8.15
"2553","pH",2009-07-21,2009,"pH","Jul",7.23
"2554","Dissolved Oxygen",2009-07-21,2009,"mg/L","Jul",8.89
"2555","Temperature, water",2009-07-21,2009,"deg C","Jul",17.93
"2556","pH",2009-07-21,2009,"pH","Jul",7.12
"2557","Temperature, water",2009-07-21,2009,"deg C","Jul",19.67
"2558","Dissolved Oxygen",2009-07-21,2009,"mg/L","Jul",8.91
"2559","Temperature, water",2009-07-21,2009,"deg C","Jul",18.81
"2560","Dissolved Oxygen",2009-07-21,2009,"mg/L","Jul",9.25
"2561","Temperature, water",2009-07-21,2009,"deg C","Jul",18.91
"2562","pH",2009-07-21,2009,"pH","Jul",7.88
"2563","Dissolved Oxygen",2009-07-21,2009,"mg/L","Jul",9.53
"2564","pH",2009-07-21,2009,"pH","Jul",8.08
"2565","Dissolved Oxygen",2009-07-21,2009,"mg/L","Jul",9.41
"2566","pH",2009-07-21,2009,"pH","Jul",7.38
"2567","Temperature, water",2009-07-21,2009,"deg C","Jul",11.67
"2568","pH",2009-07-21,2009,"pH","Jul",6.89
"2569","Temperature, water",2009-07-21,2009,"deg C","Jul",18.47
"2570","Dissolved Oxygen",2009-07-21,2009,"mg/L","Jul",8.12
"2571","Temperature, water",2009-07-21,2009,"deg C","Jul",18.24
"2572","Dissolved Oxygen",2009-07-21,2009,"mg/L","Jul",8.85
"2573","pH",2009-07-21,2009,"pH","Jul",7.24
"2574","pH",2009-07-21,2009,"pH","Jul",7.13
"2575","Temperature, water",2009-07-21,2009,"deg C","Jul",19.93
"2576","Dissolved Oxygen",2009-07-21,2009,"mg/L","Jul",8.92
"2577","Dissolved Oxygen",2009-07-21,2009,"mg/L","Jul",9.23
"2578","Temperature, water",2009-07-21,2009,"deg C","Jul",19.13
"2579","Temperature, water",2009-07-21,2009,"deg C","Jul",19.22
"2580","pH",2009-07-21,2009,"pH","Jul",7.89
"2581","Dissolved Oxygen",2009-07-21,2009,"mg/L","Jul",9.5
"2582","pH",2009-07-21,2009,"pH","Jul",8.11
"2583","Dissolved Oxygen",2009-07-21,2009,"mg/L","Jul",9.39
"2584","Temperature, water",2009-07-21,2009,"deg C","Jul",11.9
"2585","pH",2009-07-21,2009,"pH","Jul",7.39
"2586","pH",2009-07-21,2009,"pH","Jul",6.9
"2587","Temperature, water",2009-07-21,2009,"deg C","Jul",18.71
"2588","Dissolved Oxygen",2009-07-21,2009,"mg/L","Jul",8.18
"2589","Dissolved Oxygen",2009-07-21,2009,"mg/L","Jul",8.79
"2590","pH",2009-07-21,2009,"pH","Jul",7.25
"2591","Temperature, water",2009-07-21,2009,"deg C","Jul",18.54
"2592","pH",2009-07-21,2009,"pH","Jul",7.15
"2593","Temperature, water",2009-07-21,2009,"deg C","Jul",20.21
"2594","Dissolved Oxygen",2009-07-21,2009,"mg/L","Jul",8.93
"2595","Temperature, water",2009-07-21,2009,"deg C","Jul",19.44
"2596","Dissolved Oxygen",2009-07-21,2009,"mg/L","Jul",9.21
"2597","pH",2009-07-21,2009,"pH","Jul",7.91
"2598","Temperature, water",2009-07-21,2009,"deg C","Jul",19.53
"2599","Dissolved Oxygen",2009-07-21,2009,"mg/L","Jul",9.44
"2600","pH",2009-07-21,2009,"pH","Jul",8.12
"2601","Dissolved Oxygen",2009-07-21,2009,"mg/L","Jul",9.34
"2602","pH",2009-07-21,2009,"pH","Jul",7.4
"2603","Temperature, water",2009-07-21,2009,"deg C","Jul",12.13
"2604","pH",2009-07-21,2009,"pH","Jul",6.91
"2605","Dissolved Oxygen",2009-07-21,2009,"mg/L","Jul",8.04
"2606","Temperature, water",2009-07-21,2009,"deg C","Jul",18.95
"2607","Dissolved Oxygen",2009-07-21,2009,"mg/L","Jul",8.75
"2608","pH",2009-07-21,2009,"pH","Jul",7.26
"2609","Temperature, water",2009-07-21,2009,"deg C","Jul",18.83
"2610","pH",2009-07-21,2009,"pH","Jul",7.15
"2611","Dissolved Oxygen",2009-07-21,2009,"mg/L","Jul",8.92
"2612","Temperature, water",2009-07-21,2009,"deg C","Jul",20.43
"2613","Temperature, water",2009-07-21,2009,"deg C","Jul",19.74
"2614","Dissolved Oxygen",2009-07-21,2009,"mg/L","Jul",9.19
"2615","Temperature, water",2009-07-21,2009,"deg C","Jul",19.83
"2616","pH",2009-07-21,2009,"pH","Jul",7.93
"2617","Dissolved Oxygen",2009-07-21,2009,"mg/L","Jul",9.44
"2618","pH",2009-07-21,2009,"pH","Jul",8.14
"2619","Dissolved Oxygen",2009-07-21,2009,"mg/L","Jul",9.31
"2620","Temperature, water",2009-07-21,2009,"deg C","Jul",12.33
"2621","pH",2009-07-21,2009,"pH","Jul",7.41
"2622","Temperature, water",2009-07-21,2009,"deg C","Jul",19.16
"2623","Dissolved Oxygen",2009-07-21,2009,"mg/L","Jul",8.05
"2624","pH",2009-07-21,2009,"pH","Jul",6.9
"2625","Temperature, water",2009-07-21,2009,"deg C","Jul",19.1
"2626","pH",2009-07-21,2009,"pH","Jul",7.27
"2627","Dissolved Oxygen",2009-07-21,2009,"mg/L","Jul",8.71
"2628","Dissolved Oxygen",2009-07-21,2009,"mg/L","Jul",8.93
"2629","pH",2009-07-21,2009,"pH","Jul",7.16
"2630","Temperature, water",2009-07-21,2009,"deg C","Jul",20.66
"2631","Dissolved Oxygen",2009-07-21,2009,"mg/L","Jul",9.15
"2632","Temperature, water",2009-07-21,2009,"deg C","Jul",20.03
"2633","pH",2009-07-21,2009,"pH","Jul",7.94
"2634","Temperature, water",2009-07-21,2009,"deg C","Jul",20.1
"2635","Dissolved Oxygen",2009-07-21,2009,"mg/L","Jul",9.42
"2636","pH",2009-07-21,2009,"pH","Jul",8.15
"2637","Dissolved Oxygen",2009-07-21,2009,"mg/L","Jul",9.2
"2638","Temperature, water",2009-07-21,2009,"deg C","Jul",20.79
"2639","pH",2009-07-21,2009,"pH","Jul",7.83
"2640","Dissolved Oxygen",2009-07-21,2009,"mg/L","Jul",9.25
"2641","Temperature, water",2009-07-21,2009,"deg C","Jul",12.37
"2642","pH",2009-07-21,2009,"pH","Jul",7.35
"2643","Dissolved Oxygen",2009-07-21,2009,"mg/L","Jul",9.35
"2644","Temperature, water",2009-07-21,2009,"deg C","Jul",12.51
"2645","pH",2009-07-21,2009,"pH","Jul",7.41
"2646","Temperature, water",2009-07-21,2009,"deg C","Jul",19.37
"2647","Dissolved Oxygen",2009-07-21,2009,"mg/L","Jul",8
"2648","pH",2009-07-21,2009,"pH","Jul",6.92
"2649","Temperature, water",2009-07-21,2009,"deg C","Jul",19.38
"2650","pH",2009-07-21,2009,"pH","Jul",7.27
"2651","Dissolved Oxygen",2009-07-21,2009,"mg/L","Jul",8.67
"2652","pH",2009-07-21,2009,"pH","Jul",7.18
"2653","Dissolved Oxygen",2009-07-21,2009,"mg/L","Jul",8.92
"2654","Temperature, water",2009-07-21,2009,"deg C","Jul",20.89
"2655","Temperature, water",2009-07-21,2009,"deg C","Jul",20.31
"2656","Dissolved Oxygen",2009-07-21,2009,"mg/L","Jul",9.12
"2657","pH",2009-07-21,2009,"pH","Jul",7.95
"2658","Temperature, water",2009-07-21,2009,"deg C","Jul",20.38
"2659","Dissolved Oxygen",2009-07-21,2009,"mg/L","Jul",9.38
"2660","pH",2009-07-21,2009,"pH","Jul",8.16
"2661","Dissolved Oxygen",2009-07-21,2009,"mg/L","Jul",9.21
"2662","Temperature, water",2009-07-21,2009,"deg C","Jul",12.68
"2663","pH",2009-07-21,2009,"pH","Jul",7.42
"2664","pH",2009-07-21,2009,"pH","Jul",6.92
"2665","Dissolved Oxygen",2009-07-21,2009,"mg/L","Jul",7.95
"2666","Temperature, water",2009-07-21,2009,"deg C","Jul",19.58
"2667","Dissolved Oxygen",2009-07-21,2009,"mg/L","Jul",8.62
"2668","pH",2009-07-21,2009,"pH","Jul",7.28
"2669","Temperature, water",2009-07-21,2009,"deg C","Jul",19.64
"2670","pH",2009-07-21,2009,"pH","Jul",7.18
"2671","Temperature, water",2009-07-21,2009,"deg C","Jul",21.1
"2672","Dissolved Oxygen",2009-07-21,2009,"mg/L","Jul",8.9
"2673","Dissolved Oxygen",2009-07-21,2009,"mg/L","Jul",9.09
"2674","Temperature, water",2009-07-21,2009,"deg C","Jul",20.57
"2675","pH",2009-07-21,2009,"pH","Jul",7.96
"2676","Temperature, water",2009-07-21,2009,"deg C","Jul",20.66
"2677","Dissolved Oxygen",2009-07-21,2009,"mg/L","Jul",9.32
"2678","pH",2009-07-21,2009,"pH","Jul",8.17
"2679","Dissolved Oxygen",2009-07-21,2009,"mg/L","Jul",9.2
"2680","Temperature, water",2009-07-21,2009,"deg C","Jul",12.57
"2681","pH",2009-07-21,2009,"pH","Jul",7.37
"2682","Dissolved Oxygen",2009-07-21,2009,"mg/L","Jul",9.19
"2683","Temperature, water",2009-07-21,2009,"deg C","Jul",19.88
"2684","Dissolved Oxygen",2009-07-21,2009,"mg/L","Jul",8.59
"2685","pH",2009-07-21,2009,"pH","Jul",7.29
"2686","pH",2009-07-21,2009,"pH","Jul",7.42
"2687","Temperature, water",2009-07-21,2009,"deg C","Jul",12.85
"2688","pH",2009-07-21,2009,"pH","Jul",6.92
"2689","Dissolved Oxygen",2009-07-21,2009,"mg/L","Jul",7.99
"2690","Temperature, water",2009-07-21,2009,"deg C","Jul",19.75
"2691","pH",2009-07-21,2009,"pH","Jul",7.18
"2692","Temperature, water",2009-07-21,2009,"deg C","Jul",21.31
"2693","Dissolved Oxygen",2009-07-21,2009,"mg/L","Jul",8.9
"2694","Dissolved Oxygen",2009-07-21,2009,"mg/L","Jul",9.05
"2695","Temperature, water",2009-07-21,2009,"deg C","Jul",20.85
"2696","pH",2009-07-21,2009,"pH","Jul",7.96
"2697","Temperature, water",2009-07-21,2009,"deg C","Jul",20.92
"2698","Dissolved Oxygen",2009-07-21,2009,"mg/L","Jul",9.3
"2699","pH",2009-07-21,2009,"pH","Jul",8.2
"2700","Dissolved Oxygen",2009-07-21,2009,"mg/L","Jul",9.11
"2701","Dissolved Oxygen",2009-07-21,2009,"mg/L","Jul",8.56
"2702","pH",2009-07-21,2009,"pH","Jul",7.67
"2703","Temperature, water",2009-07-21,2009,"deg C","Jul",19.87
"2704","pH",2009-07-21,2009,"pH","Jul",7.42
"2705","Temperature, water",2009-07-21,2009,"deg C","Jul",13.02
"2706","pH",2009-07-21,2009,"pH","Jul",6.9
"2707","Dissolved Oxygen",2009-07-21,2009,"mg/L","Jul",7.96
"2708","Temperature, water",2009-07-21,2009,"deg C","Jul",19.85
"2709","Temperature, water",2009-07-21,2009,"deg C","Jul",20.12
"2710","Dissolved Oxygen",2009-07-21,2009,"mg/L","Jul",8.49
"2711","pH",2009-07-21,2009,"pH","Jul",7.28
"2712","Temperature, water",2009-07-21,2009,"deg C","Jul",21.47
"2713","Dissolved Oxygen",2009-07-21,2009,"mg/L","Jul",8.85
"2714","pH",2009-07-21,2009,"pH","Jul",7.2
"2715","Temperature, water",2009-07-21,2009,"deg C","Jul",21.09
"2716","Dissolved Oxygen",2009-07-21,2009,"mg/L","Jul",9.01
"2717","Temperature, water",2009-07-21,2009,"deg C","Jul",21.19
"2718","pH",2009-07-21,2009,"pH","Jul",7.97
"2719","Dissolved Oxygen",2009-07-21,2009,"mg/L","Jul",9.26
"2720","pH",2009-07-21,2009,"pH","Jul",8.23
"2721","Dissolved Oxygen",2009-07-21,2009,"mg/L","Jul",9.1
"2722","Temperature, water",2009-07-21,2009,"deg C","Jul",21.66
"2723","Dissolved Oxygen",2009-07-21,2009,"mg/L","Jul",8.83
"2724","pH",2009-07-21,2009,"pH","Jul",7.19
"2725","Temperature, water",2009-07-21,2009,"deg C","Jul",13.17
"2726","pH",2009-07-21,2009,"pH","Jul",7.41
"2727","Temperature, water",2009-07-21,2009,"deg C","Jul",19.97
"2728","pH",2009-07-21,2009,"pH","Jul",6.9
"2729","Dissolved Oxygen",2009-07-21,2009,"mg/L","Jul",7.83
"2730","Temperature, water",2009-07-21,2009,"deg C","Jul",20.3
"2731","Dissolved Oxygen",2009-07-21,2009,"mg/L","Jul",8.47
"2732","pH",2009-07-21,2009,"pH","Jul",7.28
"2733","Temperature, water",2009-07-21,2009,"deg C","Jul",21.43
"2734","pH",2009-07-21,2009,"pH","Jul",7.97
"2735","Dissolved Oxygen",2009-07-21,2009,"mg/L","Jul",9.22
"2736","Dissolved Oxygen",2009-07-21,2009,"mg/L","Jul",8.97
"2737","Temperature, water",2009-07-21,2009,"deg C","Jul",22.32
"2738","pH",2009-07-21,2009,"pH","Jul",7.72
"2739","Temperature, water",2009-07-21,2009,"deg C","Jul",21.35
"2740","pH",2009-07-21,2009,"pH","Jul",7.65
"2741","Dissolved Oxygen",2009-07-21,2009,"mg/L","Jul",8.96
"2742","Temperature, water",2009-07-21,2009,"deg C","Jul",21.63
"2743","pH",2009-07-21,2009,"pH","Jul",8.24
"2744","Dissolved Oxygen",2009-07-21,2009,"mg/L","Jul",8.62
"2745","pH",2009-07-21,2009,"pH","Jul",7.14
"2746","Temperature, water",2009-07-21,2009,"deg C","Jul",21.4
"2747","Dissolved Oxygen",2009-07-21,2009,"mg/L","Jul",8.7
"2748","Dissolved Oxygen",2009-07-21,2009,"mg/L","Jul",8.7
"2749","Temperature, water",2009-07-21,2009,"deg C","Jul",13.29
"2750","pH",2009-07-21,2009,"pH","Jul",7.42
"2751","Temperature, water",2009-07-21,2009,"deg C","Jul",20.07
"2752","pH",2009-07-21,2009,"pH","Jul",6.89
"2753","Dissolved Oxygen",2009-07-21,2009,"mg/L","Jul",7.83
"2754","Temperature, water",2009-07-21,2009,"deg C","Jul",20.49
"2755","pH",2009-07-21,2009,"pH","Jul",7.28
"2756","Dissolved Oxygen",2009-07-21,2009,"mg/L","Jul",8.41
"2757","Dissolved Oxygen",2009-07-21,2009,"mg/L","Jul",8.82
"2758","Temperature, water",2009-07-21,2009,"deg C","Jul",21.81
"2759","pH",2009-07-21,2009,"pH","Jul",7.2
"2760","Dissolved Oxygen",2009-07-21,2009,"mg/L","Jul",8.94
"2761","Temperature, water",2009-07-21,2009,"deg C","Jul",21.58
"2762","pH",2009-07-21,2009,"pH","Jul",7.97
"2763","Temperature, water",2009-07-21,2009,"deg C","Jul",21.65
"2764","Dissolved Oxygen",2009-07-21,2009,"mg/L","Jul",9.23
"2765","pH",2009-07-21,2009,"pH","Jul",8.25
"2766","Dissolved Oxygen",2009-07-21,2009,"mg/L","Jul",8.94
"2767","Dissolved Oxygen",2009-07-21,2009,"mg/L","Jul",8.06
"2768","pH",2009-07-21,2009,"pH","Jul",7.61
"2769","Temperature, water",2009-07-21,2009,"deg C","Jul",20.51
"2770","Temperature, water",2009-07-21,2009,"deg C","Jul",13.39
"2771","pH",2009-07-21,2009,"pH","Jul",7.41
"2772","Dissolved Oxygen",2009-07-21,2009,"mg/L","Jul",7.87
"2773","Temperature, water",2009-07-21,2009,"deg C","Jul",20.15
"2774","pH",2009-07-21,2009,"pH","Jul",6.9
"2775","pH",2009-07-21,2009,"pH","Jul",7.28
"2776","Temperature, water",2009-07-21,2009,"deg C","Jul",20.65
"2777","Dissolved Oxygen",2009-07-21,2009,"mg/L","Jul",8.37
"2778","Temperature, water",2009-07-21,2009,"deg C","Jul",21.95
"2779","pH",2009-07-21,2009,"pH","Jul",7.2
"2780","Dissolved Oxygen",2009-07-21,2009,"mg/L","Jul",8.79
"2781","Temperature, water",2009-07-21,2009,"deg C","Jul",21.78
"2782","Dissolved Oxygen",2009-07-21,2009,"mg/L","Jul",8.87
"2783","Temperature, water",2009-07-21,2009,"deg C","Jul",21.86
"2784","pH",2009-07-21,2009,"pH","Jul",7.97
"2785","Dissolved Oxygen",2009-07-21,2009,"mg/L","Jul",9.18
"2786","pH",2009-07-21,2009,"pH","Jul",8.26
"2787","Dissolved Oxygen",2009-07-21,2009,"mg/L","Jul",8.88
"2788","pH",2009-07-21,2009,"pH","Jul",7.42
"2789","Temperature, water",2009-07-21,2009,"deg C","Jul",13.49
"2790","Temperature, water",2009-07-21,2009,"deg C","Jul",20.2
"2791","Dissolved Oxygen",2009-07-21,2009,"mg/L","Jul",7.74
"2792","pH",2009-07-21,2009,"pH","Jul",6.88
"2793","pH",2009-07-21,2009,"pH","Jul",7.28
"2794","Dissolved Oxygen",2009-07-21,2009,"mg/L","Jul",8.33
"2795","Temperature, water",2009-07-21,2009,"deg C","Jul",20.82
"2796","Dissolved Oxygen",2009-07-21,2009,"mg/L","Jul",8.76
"2797","Temperature, water",2009-07-21,2009,"deg C","Jul",22.07
"2798","pH",2009-07-21,2009,"pH","Jul",7.2
"2799","Dissolved Oxygen",2009-07-21,2009,"mg/L","Jul",8.85
"2800","Temperature, water",2009-07-21,2009,"deg C","Jul",21.98
"2801","Temperature, water",2009-07-21,2009,"deg C","Jul",22.07
"2802","pH",2009-07-21,2009,"pH","Jul",7.97
"2803","Temperature, water",2009-07-21,2009,"deg C","Jul",21.38
"2804","Dissolved Oxygen",2009-07-21,2009,"mg/L","Jul",8.37
"2805","pH",2009-07-21,2009,"pH","Jul",7.96
"2806","Dissolved Oxygen",2009-07-21,2009,"mg/L","Jul",9.13
"2807","pH",2009-07-21,2009,"pH","Jul",8.26
"2808","Dissolved Oxygen",2009-07-21,2009,"mg/L","Jul",8.88
"2809","Temperature, water",2009-07-21,2009,"deg C","Jul",13.57
"2810","pH",2009-07-21,2009,"pH","Jul",7.4
"2811","pH",2009-07-21,2009,"pH","Jul",6.88
"2812","Dissolved Oxygen",2009-07-21,2009,"mg/L","Jul",7.72
"2813","Temperature, water",2009-07-21,2009,"deg C","Jul",20.18
"2814","Temperature, water",2009-07-21,2009,"deg C","Jul",20.93
"2815","pH",2009-07-21,2009,"pH","Jul",7.28
"2816","Dissolved Oxygen",2009-07-21,2009,"mg/L","Jul",8.29
"2817","Temperature, water",2009-07-21,2009,"deg C","Jul",22.14
"2818","pH",2009-07-21,2009,"pH","Jul",7.2
"2819","Dissolved Oxygen",2009-07-21,2009,"mg/L","Jul",8.74
"2820","Temperature, water",2009-07-21,2009,"deg C","Jul",22.14
"2821","Dissolved Oxygen",2009-07-21,2009,"mg/L","Jul",8.8
"2822","pH",2009-07-21,2009,"pH","Jul",7.97
"2823","Temperature, water",2009-07-21,2009,"deg C","Jul",22.22
"2824","Dissolved Oxygen",2009-07-21,2009,"mg/L","Jul",9.11
"2825","pH",2009-07-21,2009,"pH","Jul",8.26
"2826","Dissolved Oxygen",2009-07-21,2009,"mg/L","Jul",8.85
"2827","pH",2009-07-21,2009,"pH","Jul",7.51
"2828","Temperature, water",2009-07-21,2009,"deg C","Jul",19.58
"2829","Dissolved Oxygen",2009-07-21,2009,"mg/L","Jul",8.15
"2830","Temperature, water",2009-07-21,2009,"deg C","Jul",13.63
"2831","pH",2009-07-21,2009,"pH","Jul",7.4
"2832","Dissolved Oxygen",2009-07-21,2009,"mg/L","Jul",7.74
"2833","pH",2009-07-21,2009,"pH","Jul",6.87
"2834","Temperature, water",2009-07-21,2009,"deg C","Jul",20.15
"2835","pH",2009-07-21,2009,"pH","Jul",7.27
"2836","Dissolved Oxygen",2009-07-21,2009,"mg/L","Jul",8.25
"2837","Temperature, water",2009-07-21,2009,"deg C","Jul",21.03
"2838","Temperature, water",2009-07-21,2009,"deg C","Jul",22.22
"2839","pH",2009-07-21,2009,"pH","Jul",7.2
"2840","Dissolved Oxygen",2009-07-21,2009,"mg/L","Jul",8.7
"2841","Temperature, water",2009-07-21,2009,"deg C","Jul",22.27
"2842","Dissolved Oxygen",2009-07-21,2009,"mg/L","Jul",8.74
"2843","Temperature, water",2009-07-21,2009,"deg C","Jul",22.33
"2844","pH",2009-07-21,2009,"pH","Jul",7.96
"2845","Dissolved Oxygen",2009-07-21,2009,"mg/L","Jul",9.6
"2846","Temperature, water",2009-07-21,2009,"deg C","Jul",19.65
"2847","pH",2009-07-21,2009,"pH","Jul",7.69
"2848","Dissolved Oxygen",2009-07-21,2009,"mg/L","Jul",9.11
"2849","pH",2009-07-21,2009,"pH","Jul",8.26
"2850","Dissolved Oxygen",2009-07-21,2009,"mg/L","Jul",8.78
"2851","pH",2009-07-21,2009,"pH","Jul",7.4
"2852","Temperature, water",2009-07-21,2009,"deg C","Jul",22.73
"2853","Dissolved Oxygen",2009-07-21,2009,"mg/L","Jul",8.9
"2854","Temperature, water",2009-07-21,2009,"deg C","Jul",13.67
"2855","pH",2009-07-21,2009,"pH","Jul",7.39
"2856","Temperature, water",2009-07-21,2009,"deg C","Jul",20.08
"2857","Dissolved Oxygen",2009-07-21,2009,"mg/L","Jul",7.77
"2858","pH",2009-07-21,2009,"pH","Jul",6.85
"2859","pH",2009-07-21,2009,"pH","Jul",7.26
"2860","Temperature, water",2009-07-21,2009,"deg C","Jul",21.14
"2861","Dissolved Oxygen",2009-07-21,2009,"mg/L","Jul",8.22
"2862","Dissolved Oxygen",2009-07-21,2009,"mg/L","Jul",8.68
"2863","Temperature, water",2009-07-21,2009,"deg C","Jul",22.25
"2864","pH",2009-07-21,2009,"pH","Jul",7.2
"2865","Temperature, water",2009-07-21,2009,"deg C","Jul",22.4
"2866","Dissolved Oxygen",2009-07-21,2009,"mg/L","Jul",8.69
"2867","Temperature, water",2009-07-21,2009,"deg C","Jul",22.46
"2868","pH",2009-07-21,2009,"pH","Jul",7.95
"2869","Dissolved Oxygen",2009-07-21,2009,"mg/L","Jul",9.13
"2870","pH",2009-07-21,2009,"pH","Jul",8.26
"2871","Dissolved Oxygen",2009-07-21,2009,"mg/L","Jul",8.71
"2872","pH",2009-07-21,2009,"pH","Jul",7.38
"2873","Temperature, water",2009-07-21,2009,"deg C","Jul",13.68
"2874","Temperature, water",2009-07-21,2009,"deg C","Jul",19.98
"2875","pH",2009-07-21,2009,"pH","Jul",6.85
"2876","Dissolved Oxygen",2009-07-21,2009,"mg/L","Jul",7.69
"2877","Temperature, water",2009-07-21,2009,"deg C","Jul",21.24
"2878","Dissolved Oxygen",2009-07-21,2009,"mg/L","Jul",8.17
"2879","pH",2009-07-21,2009,"pH","Jul",7.25
"2880","Temperature, water",2009-07-21,2009,"deg C","Jul",22.27
"2881","pH",2009-07-21,2009,"pH","Jul",7.2
"2882","Dissolved Oxygen",2009-07-21,2009,"mg/L","Jul",8.64
"2883","Dissolved Oxygen",2009-07-21,2009,"mg/L","Jul",8.65
"2884","Temperature, water",2009-07-21,2009,"deg C","Jul",22.5
"2885","Temperature, water",2009-07-21,2009,"deg C","Jul",22.55
"2886","pH",2009-07-21,2009,"pH","Jul",7.94
"2887","Dissolved Oxygen",2009-07-21,2009,"mg/L","Jul",9.09
"2888","pH",2009-07-21,2009,"pH","Jul",8.25
"2889","Dissolved Oxygen",2009-07-21,2009,"mg/L","Jul",8.65
"2890","Dissolved Oxygen",2009-07-21,2009,"mg/L","Jul",7.7
"2891","pH",2009-07-21,2009,"pH","Jul",6.87
"2892","Temperature, water",2009-07-21,2009,"deg C","Jul",19.92
"2893","pH",2009-07-21,2009,"pH","Jul",7.37
"2894","Temperature, water",2009-07-21,2009,"deg C","Jul",13.62
"2895","pH",2009-07-21,2009,"pH","Jul",7.24
"2896","Temperature, water",2009-07-21,2009,"deg C","Jul",21.3
"2897","Dissolved Oxygen",2009-07-21,2009,"mg/L","Jul",8.15
"2898","pH",2009-07-21,2009,"pH","Jul",7.19
"2899","Temperature, water",2009-07-21,2009,"deg C","Jul",22.27
"2900","Dissolved Oxygen",2009-07-21,2009,"mg/L","Jul",8.6
"2901","Dissolved Oxygen",2009-07-21,2009,"mg/L","Jul",8.62
"2902","Temperature, water",2009-07-21,2009,"deg C","Jul",22.56
"2903","Temperature, water",2009-07-21,2009,"deg C","Jul",22.61
"2904","pH",2009-07-21,2009,"pH","Jul",7.93
"2905","Dissolved Oxygen",2009-07-21,2009,"mg/L","Jul",9.04
"2906","pH",2009-07-21,2009,"pH","Jul",8.24
"2907","Dissolved Oxygen",2009-07-21,2009,"mg/L","Jul",8.65
"2908","Temperature, water",2009-07-21,2009,"deg C","Jul",19.86
"2909","pH",2009-07-21,2009,"pH","Jul",6.84
"2910","Dissolved Oxygen",2009-07-21,2009,"mg/L","Jul",7.7
"2911","Temperature, water",2009-07-21,2009,"deg C","Jul",13.54
"2912","pH",2009-07-21,2009,"pH","Jul",7.36
"2913","pH",2009-07-21,2009,"pH","Jul",6.83
"2914","Temperature, water",2009-07-21,2009,"deg C","Jul",19.7
"2915","Dissolved Oxygen",2009-07-21,2009,"mg/L","Jul",7.57
"2916","Dissolved Oxygen",2009-07-21,2009,"mg/L","Jul",8.13
"2917","pH",2009-07-21,2009,"pH","Jul",7.23
"2918","Temperature, water",2009-07-21,2009,"deg C","Jul",21.33
"2919","Dissolved Oxygen",2009-07-21,2009,"mg/L","Jul",8.57
"2920","pH",2009-07-21,2009,"pH","Jul",7.19
"2921","Temperature, water",2009-07-21,2009,"deg C","Jul",22.2
"2922","Dissolved Oxygen",2009-07-21,2009,"mg/L","Jul",8.55
"2923","Temperature, water",2009-07-21,2009,"deg C","Jul",22.59
"2924","pH",2009-07-21,2009,"pH","Jul",7.9
"2925","Temperature, water",2009-07-21,2009,"deg C","Jul",22.64
"2926","Dissolved Oxygen",2009-07-21,2009,"mg/L","Jul",9.03
"2927","pH",2009-07-21,2009,"pH","Jul",8.22
"2928","Dissolved Oxygen",2009-07-21,2009,"mg/L","Jul",8.66
"2929","pH",2009-07-21,2009,"pH","Jul",7.35
"2930","Temperature, water",2009-07-21,2009,"deg C","Jul",13.45
"2931","pH",2009-07-21,2009,"pH","Jul",6.82
"2932","Dissolved Oxygen",2009-07-21,2009,"mg/L","Jul",7.56
"2933","Temperature, water",2009-07-21,2009,"deg C","Jul",19.58
"2934","Temperature, water",2009-07-21,2009,"deg C","Jul",21.35
"2935","pH",2009-07-21,2009,"pH","Jul",7.21
"2936","Dissolved Oxygen",2009-07-21,2009,"mg/L","Jul",8.07
"2937","pH",2009-07-21,2009,"pH","Jul",7.17
"2938","Temperature, water",2009-07-21,2009,"deg C","Jul",22.16
"2939","Dissolved Oxygen",2009-07-21,2009,"mg/L","Jul",8.52
"2940","Dissolved Oxygen",2009-07-21,2009,"mg/L","Jul",8.52
"2941","Temperature, water",2009-07-21,2009,"deg C","Jul",22.58
"2942","Temperature, water",2009-07-21,2009,"deg C","Jul",22.63
"2943","pH",2009-07-21,2009,"pH","Jul",7.88
"2944","Dissolved Oxygen",2009-07-21,2009,"mg/L","Jul",9.02
"2945","pH",2009-07-21,2009,"pH","Jul",8.21
"2946","Dissolved Oxygen",2009-07-21,2009,"mg/L","Jul",8.54
"2947","pH",2009-07-21,2009,"pH","Jul",7.33
"2948","Temperature, water",2009-07-21,2009,"deg C","Jul",13.34
"2949","Temperature, water",2009-07-21,2009,"deg C","Jul",19.38
"2950","pH",2009-07-21,2009,"pH","Jul",6.82
"2951","Dissolved Oxygen",2009-07-21,2009,"mg/L","Jul",7.66
"2952","Dissolved Oxygen",2009-07-21,2009,"mg/L","Jul",8.07
"2953","pH",2009-07-21,2009,"pH","Jul",7.21
"2954","Temperature, water",2009-07-21,2009,"deg C","Jul",21.35
"2955","pH",2009-07-21,2009,"pH","Jul",7.17
"2956","Temperature, water",2009-07-21,2009,"deg C","Jul",22.05
"2957","Dissolved Oxygen",2009-07-21,2009,"mg/L","Jul",8.49
"2958","Dissolved Oxygen",2009-07-21,2009,"mg/L","Jul",8.45
"2959","Temperature, water",2009-07-21,2009,"deg C","Jul",22.55
"2960","Temperature, water",2009-07-21,2009,"deg C","Jul",22.59
"2961","pH",2009-07-21,2009,"pH","Jul",7.86
"2962","Dissolved Oxygen",2009-07-21,2009,"mg/L","Jul",9.06
"2963","pH",2009-07-21,2009,"pH","Jul",8.19
"2964","Dissolved Oxygen",2009-07-21,2009,"mg/L","Jul",8.51
"2965","Temperature, water",2009-07-21,2009,"deg C","Jul",13.24
"2966","pH",2009-07-21,2009,"pH","Jul",7.31
"2967","pH",2009-07-21,2009,"pH","Jul",6.81
"2968","Temperature, water",2009-07-21,2009,"deg C","Jul",19.21
"2969","Dissolved Oxygen",2009-07-21,2009,"mg/L","Jul",7.61
"2970","Temperature, water",2009-07-21,2009,"deg C","Jul",21.33
"2971","Dissolved Oxygen",2009-07-21,2009,"mg/L","Jul",8.03
"2972","pH",2009-07-21,2009,"pH","Jul",7.19
"2973","Dissolved Oxygen",2009-07-21,2009,"mg/L","Jul",8.45
"2974","Temperature, water",2009-07-21,2009,"deg C","Jul",21.97
"2975","pH",2009-07-21,2009,"pH","Jul",7.15
"2976","Temperature, water",2009-07-21,2009,"deg C","Jul",22.48
"2977","Dissolved Oxygen",2009-07-21,2009,"mg/L","Jul",8.39
"2978","pH",2009-07-21,2009,"pH","Jul",7.83
"2979","Temperature, water",2009-07-21,2009,"deg C","Jul",22.53
"2980","Dissolved Oxygen",2009-07-21,2009,"mg/L","Jul",9.01
"2981","pH",2009-07-21,2009,"pH","Jul",8.16
"2982","Dissolved Oxygen",2009-07-21,2009,"mg/L","Jul",8.48
"2983","Temperature, water",2009-07-21,2009,"deg C","Jul",13.14
"2984","pH",2009-07-21,2009,"pH","Jul",7.29
"2985","Dissolved Oxygen",2009-07-21,2009,"mg/L","Jul",7.52
"2986","Temperature, water",2009-07-21,2009,"deg C","Jul",19.03
"2987","pH",2009-07-21,2009,"pH","Jul",6.8
"2988","pH",2009-07-21,2009,"pH","Jul",7.18
"2989","Dissolved Oxygen",2009-07-21,2009,"mg/L","Jul",7.99
"2990","Temperature, water",2009-07-21,2009,"deg C","Jul",21.3
"2991","Temperature, water",2009-07-21,2009,"deg C","Jul",21.82
"2992","Dissolved Oxygen",2009-07-21,2009,"mg/L","Jul",8.39
"2993","pH",2009-07-21,2009,"pH","Jul",7.13
"2994","Temperature, water",2009-07-21,2009,"deg C","Jul",22.39
"2995","Dissolved Oxygen",2009-07-21,2009,"mg/L","Jul",8.3
"2996","pH",2009-07-21,2009,"pH","Jul",7.79
"2997","Temperature, water",2009-07-21,2009,"deg C","Jul",22.45
"2998","Dissolved Oxygen",2009-07-21,2009,"mg/L","Jul",9
"2999","pH",2009-07-21,2009,"pH","Jul",8.11
"3000","Dissolved Oxygen",2009-07-21,2009,"mg/L","Jul",8.39
"3001","pH",2009-07-21,2009,"pH","Jul",7.28
"3002","Temperature, water",2009-07-21,2009,"deg C","Jul",13.03
"3003","pH",2009-07-21,2009,"pH","Jul",6.79
"3004","Temperature, water",2009-07-21,2009,"deg C","Jul",18.87
"3005","Dissolved Oxygen",2009-07-21,2009,"mg/L","Jul",7.66
"3006","pH",2009-07-21,2009,"pH","Jul",7.18
"3007","Temperature, water",2009-07-21,2009,"deg C","Jul",21.24
"3008","Dissolved Oxygen",2009-07-21,2009,"mg/L","Jul",7.98
"3009","pH",2009-07-21,2009,"pH","Jul",7.13
"3010","Temperature, water",2009-07-21,2009,"deg C","Jul",21.66
"3011","Dissolved Oxygen",2009-07-21,2009,"mg/L","Jul",8.32
"3012","Dissolved Oxygen",2009-07-21,2009,"mg/L","Jul",8.2
"3013","Temperature, water",2009-07-21,2009,"deg C","Jul",22.27
"3014","pH",2009-07-21,2009,"pH","Jul",7.76
"3015","Temperature, water",2009-07-21,2009,"deg C","Jul",22.35
"3016","Dissolved Oxygen",2009-07-21,2009,"mg/L","Jul",9.01
"3017","pH",2009-07-21,2009,"pH","Jul",8.07
"3018","Dissolved Oxygen",2009-07-21,2009,"mg/L","Jul",8.34
"3019","Temperature, water",2009-07-21,2009,"deg C","Jul",12.93
"3020","pH",2009-07-21,2009,"pH","Jul",7.27
"3021","pH",2009-07-21,2009,"pH","Jul",6.79
"3022","Dissolved Oxygen",2009-07-21,2009,"mg/L","Jul",7.62
"3023","Temperature, water",2009-07-21,2009,"deg C","Jul",18.7
"3024","Temperature, water",2009-07-21,2009,"deg C","Jul",21.17
"3025","pH",2009-07-21,2009,"pH","Jul",7.15
"3026","Dissolved Oxygen",2009-07-21,2009,"mg/L","Jul",7.95
"3027","Dissolved Oxygen",2009-07-21,2009,"mg/L","Jul",8.25
"3028","Temperature, water",2009-07-21,2009,"deg C","Jul",21.45
"3029","pH",2009-07-21,2009,"pH","Jul",7.11
"3030","Temperature, water",2009-07-21,2009,"deg C","Jul",22.14
"3031","Dissolved Oxygen",2009-07-21,2009,"mg/L","Jul",8.07
"3032","Temperature, water",2009-07-21,2009,"deg C","Jul",22.23
"3033","pH",2009-07-21,2009,"pH","Jul",7.7
"3034","Dissolved Oxygen",2009-07-21,2009,"mg/L","Jul",9.03
"3035","pH",2009-07-21,2009,"pH","Jul",8.02
"3036","Dissolved Oxygen",2009-07-21,2009,"mg/L","Jul",8.26
"3037","Temperature, water",2009-07-21,2009,"deg C","Jul",12.83
"3038","pH",2009-07-21,2009,"pH","Jul",7.25
"3039","pH",2009-07-21,2009,"pH","Jul",6.79
"3040","Temperature, water",2009-07-21,2009,"deg C","Jul",18.51
"3041","Dissolved Oxygen",2009-07-21,2009,"mg/L","Jul",7.53
"3042","pH",2009-07-21,2009,"pH","Jul",7.14
"3043","Dissolved Oxygen",2009-07-21,2009,"mg/L","Jul",7.93
"3044","Temperature, water",2009-07-21,2009,"deg C","Jul",21.05
"3045","pH",2009-07-21,2009,"pH","Jul",7.08
"3046","Dissolved Oxygen",2009-07-21,2009,"mg/L","Jul",8.18
"3047","Temperature, water",2009-07-21,2009,"deg C","Jul",21.28
"3048","Dissolved Oxygen",2009-07-21,2009,"mg/L","Jul",7.98
"3049","Temperature, water",2009-07-21,2009,"deg C","Jul",21.99
"3050","pH",2009-07-21,2009,"pH","Jul",7.65
"3051","Temperature, water",2009-07-21,2009,"deg C","Jul",22.1
"3052","Dissolved Oxygen",2009-07-21,2009,"mg/L","Jul",9.02
"3053","pH",2009-07-21,2009,"pH","Jul",7.96
"3054","Dissolved Oxygen",2009-07-21,2009,"mg/L","Jul",8.18
"3055","Temperature, water",2009-07-21,2009,"deg C","Jul",12.74
"3056","pH",2009-07-21,2009,"pH","Jul",7.24
"3057","Temperature, water",2009-07-21,2009,"deg C","Jul",18.33
"3058","Dissolved Oxygen",2009-07-21,2009,"mg/L","Jul",7.58
"3059","pH",2009-07-21,2009,"pH","Jul",6.78
"3060","Temperature, water",2009-07-21,2009,"deg C","Jul",20.93
"3061","pH",2009-07-21,2009,"pH","Jul",7.12
"3062","Dissolved Oxygen",2009-07-21,2009,"mg/L","Jul",7.92
"3063","Dissolved Oxygen",2009-07-21,2009,"mg/L","Jul",8.07
"3064","pH",2009-07-21,2009,"pH","Jul",7.06
"3065","Temperature, water",2009-07-21,2009,"deg C","Jul",21.12
"3066","Dissolved Oxygen",2009-07-21,2009,"mg/L","Jul",7.87
"3067","Temperature, water",2009-07-21,2009,"deg C","Jul",21.85
"3068","Temperature, water",2009-07-21,2009,"deg C","Jul",21.95
"3069","pH",2009-07-21,2009,"pH","Jul",7.59
"3070","Dissolved Oxygen",2009-07-21,2009,"mg/L","Jul",9.04
"3071","pH",2009-07-21,2009,"pH","Jul",7.9
"3072","Dissolved Oxygen",2009-07-21,2009,"mg/L","Jul",8.08
"3073","pH",2009-07-21,2009,"pH","Jul",7.24
"3074","Temperature, water",2009-07-21,2009,"deg C","Jul",12.64
"3075","Dissolved Oxygen",2009-07-21,2009,"mg/L","Jul",7.66
"3076","pH",2009-07-21,2009,"pH","Jul",6.78
"3077","Temperature, water",2009-07-21,2009,"deg C","Jul",18.13
"3078","pH",2009-07-21,2009,"pH","Jul",7.1
"3079","Temperature, water",2009-07-21,2009,"deg C","Jul",20.79
"3080","Dissolved Oxygen",2009-07-21,2009,"mg/L","Jul",7.88
"3081","Dissolved Oxygen",2009-07-21,2009,"mg/L","Jul",7.98
"3082","Temperature, water",2009-07-21,2009,"deg C","Jul",20.92
"3083","pH",2009-07-21,2009,"pH","Jul",7.04
"3084","Dissolved Oxygen",2009-07-21,2009,"mg/L","Jul",7.77
"3085","Temperature, water",2009-07-21,2009,"deg C","Jul",21.7
"3086","pH",2009-07-21,2009,"pH","Jul",7.52
"3087","Temperature, water",2009-07-21,2009,"deg C","Jul",21.79
"3088","Dissolved Oxygen",2009-07-21,2009,"mg/L","Jul",9.04
"3089","pH",2009-07-21,2009,"pH","Jul",7.84
"3090","Dissolved Oxygen",2009-07-21,2009,"mg/L","Jul",7.97
"3091","Temperature, water",2009-07-21,2009,"deg C","Jul",12.53
"3092","pH",2009-07-21,2009,"pH","Jul",7.23
"3093","pH",2009-07-21,2009,"pH","Jul",6.77
"3094","Temperature, water",2009-07-21,2009,"deg C","Jul",17.93
"3095","Dissolved Oxygen",2009-07-21,2009,"mg/L","Jul",7.68
"3096","Temperature, water",2009-07-21,2009,"deg C","Jul",20.61
"3097","pH",2009-07-21,2009,"pH","Jul",7.08
"3098","Dissolved Oxygen",2009-07-21,2009,"mg/L","Jul",7.84
"3099","Temperature, water",2009-07-21,2009,"deg C","Jul",20.71
"3100","Dissolved Oxygen",2009-07-21,2009,"mg/L","Jul",7.81
"3101","pH",2009-07-21,2009,"pH","Jul",7.01
"3102","Dissolved Oxygen",2009-07-21,2009,"mg/L","Jul",7.64
"3103","Temperature, water",2009-07-21,2009,"deg C","Jul",21.53
"3104","Temperature, water",2009-07-21,2009,"deg C","Jul",21.62
"3105","pH",2009-07-21,2009,"pH","Jul",7.45
"3106","Dissolved Oxygen",2009-07-21,2009,"mg/L","Jul",9.07
"3107","pH",2009-07-21,2009,"pH","Jul",7.77
"3108","Dissolved Oxygen",2009-07-21,2009,"mg/L","Jul",7.88
"3109","Temperature, water",2009-07-21,2009,"deg C","Jul",12.44
"3110","pH",2009-07-21,2009,"pH","Jul",7.23
"3111","pH",2009-07-21,2009,"pH","Jul",6.76
"3112","Temperature, water",2009-07-21,2009,"deg C","Jul",17.74
"3113","Dissolved Oxygen",2009-07-21,2009,"mg/L","Jul",7.57
"3114","pH",2009-07-21,2009,"pH","Jul",7.05
"3115","Temperature, water",2009-07-21,2009,"deg C","Jul",20.42
"3116","Dissolved Oxygen",2009-07-21,2009,"mg/L","Jul",7.83
"3117","pH",2009-07-21,2009,"pH","Jul",6.98
"3118","Temperature, water",2009-07-21,2009,"deg C","Jul",20.5
"3119","Dissolved Oxygen",2009-07-21,2009,"mg/L","Jul",7.64
"3120","Dissolved Oxygen",2009-07-21,2009,"mg/L","Jul",7.54
"3121","Temperature, water",2009-07-21,2009,"deg C","Jul",21.36
"3122","pH",2009-07-21,2009,"pH","Jul",7.38
"3123","Temperature, water",2009-07-21,2009,"deg C","Jul",21.44
"3124","Dissolved Oxygen",2009-07-21,2009,"mg/L","Jul",9.06
"3125","pH",2009-07-21,2009,"pH","Jul",7.7
"3126","Dissolved Oxygen",2009-07-21,2009,"mg/L","Jul",7.71
"3127","Temperature, water",2009-07-21,2009,"deg C","Jul",12.36
"3128","pH",2009-07-21,2009,"pH","Jul",7.22
"3129","Dissolved Oxygen",2009-07-21,2009,"mg/L","Jul",7.65
"3130","Temperature, water",2009-07-21,2009,"deg C","Jul",17.58
"3131","pH",2009-07-21,2009,"pH","Jul",6.77
"3132","Temperature, water",2009-07-21,2009,"deg C","Jul",20.25
"3133","pH",2009-07-21,2009,"pH","Jul",7.03
"3134","Dissolved Oxygen",2009-07-21,2009,"mg/L","Jul",7.81
"3135","Dissolved Oxygen",2009-07-21,2009,"mg/L","Jul",7.5
"3136","Temperature, water",2009-07-21,2009,"deg C","Jul",20.31
"3137","pH",2009-07-21,2009,"pH","Jul",6.96
"3138","Dissolved Oxygen",2009-07-21,2009,"mg/L","Jul",7.43
"3139","Temperature, water",2009-07-21,2009,"deg C","Jul",21.19
"3140","Temperature, water",2009-07-21,2009,"deg C","Jul",21.26
"3141","pH",2009-07-21,2009,"pH","Jul",7.33
"3142","Dissolved Oxygen",2009-07-21,2009,"mg/L","Jul",9.07
"3143","pH",2009-07-21,2009,"pH","Jul",7.64
"3144","Dissolved Oxygen",2009-07-21,2009,"mg/L","Jul",7.71
"3145","Temperature, water",2009-07-21,2009,"deg C","Jul",12.28
"3146","pH",2009-07-21,2009,"pH","Jul",7.22
"3147","Temperature, water",2009-07-21,2009,"deg C","Jul",17.45
"3148","Dissolved Oxygen",2009-07-21,2009,"mg/L","Jul",7.63
"3149","pH",2009-07-21,2009,"pH","Jul",6.76
"3150","Dissolved Oxygen",2009-07-21,2009,"mg/L","Jul",7.78
"3151","pH",2009-07-21,2009,"pH","Jul",7.01
"3152","Temperature, water",2009-07-21,2009,"deg C","Jul",20.05
"3153","pH",2009-07-21,2009,"pH","Jul",6.94
"3154","Temperature, water",2009-07-21,2009,"deg C","Jul",20.14
"3155","Dissolved Oxygen",2009-07-21,2009,"mg/L","Jul",7.36
"3156","Dissolved Oxygen",2009-07-21,2009,"mg/L","Jul",7.37
"3157","Temperature, water",2009-07-21,2009,"deg C","Jul",21.01
"3158","pH",2009-07-21,2009,"pH","Jul",7.29
"3159","Temperature, water",2009-07-21,2009,"deg C","Jul",21.09
"3160","Dissolved Oxygen",2009-07-21,2009,"mg/L","Jul",9.09
"3161","pH",2009-07-21,2009,"pH","Jul",7.59
"3162","Dissolved Oxygen",2009-07-21,2009,"mg/L","Jul",7.62
"3163","Temperature, water",2009-07-21,2009,"deg C","Jul",12.2
"3164","pH",2009-07-21,2009,"pH","Jul",7.21
"3165","Dissolved Oxygen",2009-07-21,2009,"mg/L","Jul",7.65
"3166","Temperature, water",2009-07-21,2009,"deg C","Jul",17.31
"3167","pH",2009-07-21,2009,"pH","Jul",6.76
"3168","Dissolved Oxygen",2009-07-21,2009,"mg/L","Jul",7.77
"3169","Temperature, water",2009-07-21,2009,"deg C","Jul",19.83
"3170","pH",2009-07-21,2009,"pH","Jul",6.99
"3171","Temperature, water",2009-07-21,2009,"deg C","Jul",19.96
"3172","pH",2009-07-21,2009,"pH","Jul",6.92
"3173","Dissolved Oxygen",2009-07-21,2009,"mg/L","Jul",7.19
"3174","Temperature, water",2009-07-21,2009,"deg C","Jul",20.84
"3175","Dissolved Oxygen",2009-07-21,2009,"mg/L","Jul",7.3
"3176","Temperature, water",2009-07-21,2009,"deg C","Jul",20.92
"3177","pH",2009-07-21,2009,"pH","Jul",7.25
"3178","Dissolved Oxygen",2009-07-21,2009,"mg/L","Jul",9.09
"3179","pH",2009-07-21,2009,"pH","Jul",7.55
"3180","Dissolved Oxygen",2009-07-21,2009,"mg/L","Jul",7.59
"3181","Temperature, water",2009-07-21,2009,"deg C","Jul",12.13
"3182","pH",2009-07-21,2009,"pH","Jul",7.21
"3183","pH",2009-07-21,2009,"pH","Jul",6.76
"3184","Dissolved Oxygen",2009-07-21,2009,"mg/L","Jul",7.67
"3185","Temperature, water",2009-07-21,2009,"deg C","Jul",17.19
"3186","Temperature, water",2009-07-21,2009,"deg C","Jul",19.6
"3187","pH",2009-07-21,2009,"pH","Jul",6.97
"3188","Dissolved Oxygen",2009-07-21,2009,"mg/L","Jul",7.76
"3189","Dissolved Oxygen",2009-07-21,2009,"mg/L","Jul",7.09
"3190","Temperature, water",2009-07-21,2009,"deg C","Jul",19.75
"3191","pH",2009-07-21,2009,"pH","Jul",6.9
"3192","Dissolved Oxygen",2009-07-21,2009,"mg/L","Jul",7.25
"3193","Temperature, water",2009-07-21,2009,"deg C","Jul",20.66
"3194","pH",2009-07-21,2009,"pH","Jul",7.21
"3195","Temperature, water",2009-07-21,2009,"deg C","Jul",20.73
"3196","Dissolved Oxygen",2009-07-21,2009,"mg/L","Jul",9.08
"3197","pH",2009-07-21,2009,"pH","Jul",7.53
"3198","Dissolved Oxygen",2009-07-21,2009,"mg/L","Jul",7.52
"3199","Temperature, water",2009-07-21,2009,"deg C","Jul",12.06
"3200","pH",2009-07-21,2009,"pH","Jul",7.21
"3201","Dissolved Oxygen",2009-07-21,2009,"mg/L","Jul",7.61
"3202","pH",2009-07-21,2009,"pH","Jul",6.76
"3203","Temperature, water",2009-07-21,2009,"deg C","Jul",17.07
"3204","Temperature, water",2009-07-21,2009,"deg C","Jul",19.38
"3205","Dissolved Oxygen",2009-07-21,2009,"mg/L","Jul",7.76
"3206","pH",2009-07-21,2009,"pH","Jul",6.96
"3207","Dissolved Oxygen",2009-07-21,2009,"mg/L","Jul",6.98
"3208","Temperature, water",2009-07-21,2009,"deg C","Jul",19.58
"3209","pH",2009-07-21,2009,"pH","Jul",6.88
"3210","Dissolved Oxygen",2009-07-21,2009,"mg/L","Jul",7.2
"3211","Temperature, water",2009-07-21,2009,"deg C","Jul",20.49
"3212","pH",2009-07-21,2009,"pH","Jul",7.18
"3213","Temperature, water",2009-07-21,2009,"deg C","Jul",20.55
"3214","Dissolved Oxygen",2009-07-21,2009,"mg/L","Jul",9.08
"3215","pH",2009-07-21,2009,"pH","Jul",7.5
"3216","Dissolved Oxygen",2009-07-21,2009,"mg/L","Jul",7.48
"3217","Temperature, water",2009-07-21,2009,"deg C","Jul",11.98
"3218","pH",2009-07-21,2009,"pH","Jul",7.2
"3219","Temperature, water",2009-07-21,2009,"deg C","Jul",16.95
"3220","pH",2009-07-21,2009,"pH","Jul",6.74
"3221","Dissolved Oxygen",2009-07-21,2009,"mg/L","Jul",7.57
"3222","Temperature, water",2009-07-21,2009,"deg C","Jul",19.17
"3223","Dissolved Oxygen",2009-07-21,2009,"mg/L","Jul",7.76
"3224","pH",2009-07-21,2009,"pH","Jul",6.94
"3225","Dissolved Oxygen",2009-07-21,2009,"mg/L","Jul",6.86
"3226","Temperature, water",2009-07-21,2009,"deg C","Jul",19.43
"3227","pH",2009-07-21,2009,"pH","Jul",6.87
"3228","Dissolved Oxygen",2009-07-21,2009,"mg/L","Jul",7.15
"3229","Temperature, water",2009-07-21,2009,"deg C","Jul",20.32
"3230","pH",2009-07-21,2009,"pH","Jul",7.16
"3231","Temperature, water",2009-07-21,2009,"deg C","Jul",20.37
"3232","Dissolved Oxygen",2009-07-21,2009,"mg/L","Jul",9.07
"3233","pH",2009-07-21,2009,"pH","Jul",7.46
"3234","Dissolved Oxygen",2009-07-21,2009,"mg/L","Jul",7.45
"3235","Temperature, water",2009-07-21,2009,"deg C","Jul",11.9
"3236","pH",2009-07-21,2009,"pH","Jul",7.19
"3237","Temperature, water",2009-07-21,2009,"deg C","Jul",16.84
"3238","pH",2009-07-21,2009,"pH","Jul",6.74
"3239","Dissolved Oxygen",2009-07-21,2009,"mg/L","Jul",7.62
"3240","Temperature, water",2009-07-21,2009,"deg C","Jul",18.96
"3241","Dissolved Oxygen",2009-07-21,2009,"mg/L","Jul",7.76
"3242","pH",2009-07-21,2009,"pH","Jul",6.94
"3243","pH",2009-07-21,2009,"pH","Jul",6.85
"3244","Dissolved Oxygen",2009-07-21,2009,"mg/L","Jul",6.76
"3245","Temperature, water",2009-07-21,2009,"deg C","Jul",19.27
"3246","Temperature, water",2009-07-21,2009,"deg C","Jul",20.14
"3247","Dissolved Oxygen",2009-07-21,2009,"mg/L","Jul",7.08
"3248","Temperature, water",2009-07-21,2009,"deg C","Jul",20.21
"3249","pH",2009-07-21,2009,"pH","Jul",7.14
"3250","Dissolved Oxygen",2009-07-21,2009,"mg/L","Jul",9.08
"3251","pH",2009-07-21,2009,"pH","Jul",7.43
"3252","Dissolved Oxygen",2009-07-21,2009,"mg/L","Jul",7.43
"3253","pH",2009-07-21,2009,"pH","Jul",7.18
"3254","Temperature, water",2009-07-21,2009,"deg C","Jul",11.83
"3255","Temperature, water",2009-07-21,2009,"deg C","Jul",16.74
"3256","Dissolved Oxygen",2009-07-21,2009,"mg/L","Jul",7.61
"3257","pH",2009-07-21,2009,"pH","Jul",6.74
"3258","Dissolved Oxygen",2009-07-21,2009,"mg/L","Jul",7.77
"3259","pH",2009-07-21,2009,"pH","Jul",6.92
"3260","Temperature, water",2009-07-21,2009,"deg C","Jul",18.77
"3261","Temperature, water",2009-07-21,2009,"deg C","Jul",19.13
"3262","pH",2009-07-21,2009,"pH","Jul",6.84
"3263","Dissolved Oxygen",2009-07-21,2009,"mg/L","Jul",6.67
"3264","Dissolved Oxygen",2009-07-21,2009,"mg/L","Jul",7.04
"3265","Temperature, water",2009-07-21,2009,"deg C","Jul",19.98
"3266","Temperature, water",2009-07-21,2009,"deg C","Jul",20.04
"3267","pH",2009-07-21,2009,"pH","Jul",7.11
"3268","Dissolved Oxygen",2009-07-21,2009,"mg/L","Jul",9.1
"3269","pH",2009-07-21,2009,"pH","Jul",7.41
"3270","Dissolved Oxygen",2009-07-21,2009,"mg/L","Jul",7.37
"3271","pH",2009-07-21,2009,"pH","Jul",7.18
"3272","Temperature, water",2009-07-21,2009,"deg C","Jul",11.76
"3273","pH",2009-07-21,2009,"pH","Jul",6.74
"3274","Dissolved Oxygen",2009-07-21,2009,"mg/L","Jul",7.53
"3275","Temperature, water",2009-07-21,2009,"deg C","Jul",16.65
"3276","Dissolved Oxygen",2009-07-21,2009,"mg/L","Jul",7.8
"3277","Temperature, water",2009-07-21,2009,"deg C","Jul",18.56
"3278","pH",2009-07-21,2009,"pH","Jul",6.92
"3279","Temperature, water",2009-07-21,2009,"deg C","Jul",18.99
"3280","pH",2009-07-21,2009,"pH","Jul",6.83
"3281","Dissolved Oxygen",2009-07-21,2009,"mg/L","Jul",6.64
"3282","Temperature, water",2009-07-21,2009,"deg C","Jul",19.82
"3283","Dissolved Oxygen",2009-07-21,2009,"mg/L","Jul",7.01
"3284","Temperature, water",2009-07-21,2009,"deg C","Jul",19.88
"3285","pH",2009-07-21,2009,"pH","Jul",7.1
"3286","Dissolved Oxygen",2009-07-21,2009,"mg/L","Jul",9.1
"3287","pH",2009-07-21,2009,"pH","Jul",7.39
"3288","Dissolved Oxygen",2009-07-21,2009,"mg/L","Jul",7.39
"3289","Temperature, water",2009-07-21,2009,"deg C","Jul",11.7
"3290","pH",2009-07-21,2009,"pH","Jul",7.17
"3291","Dissolved Oxygen",2009-07-21,2009,"mg/L","Jul",7.64
"3292","Temperature, water",2009-07-21,2009,"deg C","Jul",16.56
"3293","pH",2009-07-21,2009,"pH","Jul",6.74
"3294","Temperature, water",2009-07-21,2009,"deg C","Jul",18.36
"3295","pH",2009-07-21,2009,"pH","Jul",6.91
"3296","Dissolved Oxygen",2009-07-21,2009,"mg/L","Jul",7.81
"3297","pH",2009-07-21,2009,"pH","Jul",6.84
"3298","Dissolved Oxygen",2009-07-21,2009,"mg/L","Jul",6.6
"3299","Temperature, water",2009-07-21,2009,"deg C","Jul",18.86
"3300","Temperature, water",2009-07-21,2009,"deg C","Jul",19.65
"3301","Dissolved Oxygen",2009-07-21,2009,"mg/L","Jul",7.02
"3302","Temperature, water",2009-07-21,2009,"deg C","Jul",19.7
"3303","pH",2009-07-21,2009,"pH","Jul",7.09
"3304","Dissolved Oxygen",2009-07-21,2009,"mg/L","Jul",9.13
"3305","pH",2009-07-21,2009,"pH","Jul",7.39
"3306","Dissolved Oxygen",2009-07-21,2009,"mg/L","Jul",7.34
"3307","Temperature, water",2009-07-21,2009,"deg C","Jul",11.63
"3308","pH",2009-07-21,2009,"pH","Jul",7.17
"3309","Dissolved Oxygen",2009-07-21,2009,"mg/L","Jul",7.67
"3310","pH",2009-07-21,2009,"pH","Jul",6.75
"3311","Temperature, water",2009-07-21,2009,"deg C","Jul",16.49
"3312","Temperature, water",2009-07-21,2009,"deg C","Jul",18.16
"3313","Dissolved Oxygen",2009-07-21,2009,"mg/L","Jul",7.85
"3314","pH",2009-07-21,2009,"pH","Jul",6.91
"3315","Dissolved Oxygen",2009-07-21,2009,"mg/L","Jul",6.59
"3316","Temperature, water",2009-07-21,2009,"deg C","Jul",18.74
"3317","pH",2009-07-21,2009,"pH","Jul",6.83
"3318","Temperature, water",2009-07-21,2009,"deg C","Jul",19.46
"3319","Dissolved Oxygen",2009-07-21,2009,"mg/L","Jul",7.04
"3320","Temperature, water",2009-07-21,2009,"deg C","Jul",19.51
"3321","pH",2009-07-21,2009,"pH","Jul",7.08
"3322","Dissolved Oxygen",2009-07-21,2009,"mg/L","Jul",9.15
"3323","pH",2009-07-21,2009,"pH","Jul",7.37
"3324","Dissolved Oxygen",2009-07-21,2009,"mg/L","Jul",7.36
"3325","Temperature, water",2009-07-21,2009,"deg C","Jul",11.57
"3326","pH",2009-07-21,2009,"pH","Jul",7.17
"3327","Temperature, water",2009-07-21,2009,"deg C","Jul",16.42
"3328","pH",2009-07-21,2009,"pH","Jul",6.73
"3329","Dissolved Oxygen",2009-07-21,2009,"mg/L","Jul",7.76
"3330","pH",2009-07-21,2009,"pH","Jul",6.91
"3331","Dissolved Oxygen",2009-07-21,2009,"mg/L","Jul",7.89
"3332","Temperature, water",2009-07-21,2009,"deg C","Jul",17.97
"3333","Dissolved Oxygen",2009-07-21,2009,"mg/L","Jul",6.57
"3334","pH",2009-07-21,2009,"pH","Jul",6.82
"3335","Temperature, water",2009-07-21,2009,"deg C","Jul",18.62
"3336","Temperature, water",2009-07-21,2009,"deg C","Jul",19.28
"3337","Dissolved Oxygen",2009-07-21,2009,"mg/L","Jul",7.07
"3338","Temperature, water",2009-07-21,2009,"deg C","Jul",19.33
"3339","pH",2009-07-21,2009,"pH","Jul",7.08
"3340","Dissolved Oxygen",2009-07-21,2009,"mg/L","Jul",9.17
"3341","pH",2009-07-21,2009,"pH","Jul",7.36
"3342","Dissolved Oxygen",2009-07-21,2009,"mg/L","Jul",7.44
"3343","pH",2009-07-21,2009,"pH","Jul",7.17
"3344","Temperature, water",2009-07-21,2009,"deg C","Jul",11.51
"3345","Temperature, water",2009-07-21,2009,"deg C","Jul",16.36
"3346","pH",2009-07-21,2009,"pH","Jul",6.74
"3347","Dissolved Oxygen",2009-07-21,2009,"mg/L","Jul",7.76
"3348","Temperature, water",2009-07-21,2009,"deg C","Jul",17.8
"3349","Dissolved Oxygen",2009-07-21,2009,"mg/L","Jul",7.91
"3350","pH",2009-07-21,2009,"pH","Jul",6.9
"3351","Temperature, water",2009-07-21,2009,"deg C","Jul",18.51
"3352","pH",2009-07-21,2009,"pH","Jul",6.82
"3353","Dissolved Oxygen",2009-07-21,2009,"mg/L","Jul",6.56
"3354","Temperature, water",2009-07-21,2009,"deg C","Jul",19.12
"3355","Dissolved Oxygen",2009-07-21,2009,"mg/L","Jul",7.1
"3356","Temperature, water",2009-07-21,2009,"deg C","Jul",19.17
"3357","pH",2009-07-21,2009,"pH","Jul",7.08
"3358","Dissolved Oxygen",2009-07-21,2009,"mg/L","Jul",9.19
"3359","pH",2009-07-21,2009,"pH","Jul",7.36
"3360","Dissolved Oxygen",2009-07-21,2009,"mg/L","Jul",7.48
"3361","Temperature, water",2009-07-21,2009,"deg C","Jul",11.45
"3362","pH",2009-07-21,2009,"pH","Jul",7.18
"3363","pH",2009-07-21,2009,"pH","Jul",6.73
"3364","Temperature, water",2009-07-21,2009,"deg C","Jul",16.3
"3365","Dissolved Oxygen",2009-07-21,2009,"mg/L","Jul",7.73
"3366","pH",2009-07-21,2009,"pH","Jul",6.91
"3367","Dissolved Oxygen",2009-07-21,2009,"mg/L","Jul",7.95
"3368","Temperature, water",2009-07-21,2009,"deg C","Jul",17.63
"3369","pH",2009-07-21,2009,"pH","Jul",6.83
"3370","Temperature, water",2009-07-21,2009,"deg C","Jul",18.39
"3371","Dissolved Oxygen",2009-07-21,2009,"mg/L","Jul",6.57
"3372","Temperature, water",2009-07-21,2009,"deg C","Jul",18.96
"3373","Dissolved Oxygen",2009-07-21,2009,"mg/L","Jul",7.13
"3374","Temperature, water",2009-07-21,2009,"deg C","Jul",19
"3375","pH",2009-07-21,2009,"pH","Jul",7.08
"3376","Dissolved Oxygen",2009-07-21,2009,"mg/L","Jul",9.17
"3377","pH",2009-07-21,2009,"pH","Jul",7.36
"3378","Dissolved Oxygen",2009-07-21,2009,"mg/L","Jul",7.46
"3379","Temperature, water",2009-07-21,2009,"deg C","Jul",11.39
"3380","pH",2009-07-21,2009,"pH","Jul",7.17
"3381","Temperature, water",2009-07-21,2009,"deg C","Jul",16.24
"3382","pH",2009-07-21,2009,"pH","Jul",6.74
"3383","Dissolved Oxygen",2009-07-21,2009,"mg/L","Jul",7.7
"3384","Dissolved Oxygen",2009-07-21,2009,"mg/L","Jul",7.98
"3385","Temperature, water",2009-07-21,2009,"deg C","Jul",17.49
"3386","pH",2009-07-21,2009,"pH","Jul",6.91
"3387","pH",2009-07-21,2009,"pH","Jul",6.82
"3388","Dissolved Oxygen",2009-07-21,2009,"mg/L","Jul",6.57
"3389","Temperature, water",2009-07-21,2009,"deg C","Jul",18.29
"3390","Dissolved Oxygen",2009-07-21,2009,"mg/L","Jul",7.18
"3391","Temperature, water",2009-07-21,2009,"deg C","Jul",18.8
"3392","pH",2009-07-21,2009,"pH","Jul",7.08
"3393","Temperature, water",2009-07-21,2009,"deg C","Jul",18.84
"3394","Dissolved Oxygen",2009-07-21,2009,"mg/L","Jul",9.18
"3395","pH",2009-07-21,2009,"pH","Jul",7.36
"3396","Dissolved Oxygen",2009-07-21,2009,"mg/L","Jul",7.51
"3397","pH",2009-07-21,2009,"pH","Jul",7.18
"3398","Temperature, water",2009-07-21,2009,"deg C","Jul",11.34
"3399","Dissolved Oxygen",2009-07-21,2009,"mg/L","Jul",7.67
"3400","Temperature, water",2009-07-21,2009,"deg C","Jul",16.19
"3401","pH",2009-07-21,2009,"pH","Jul",6.74
"3402","pH",2009-07-21,2009,"pH","Jul",6.91
"3403","Temperature, water",2009-07-21,2009,"deg C","Jul",17.33
"3404","Dissolved Oxygen",2009-07-21,2009,"mg/L","Jul",8.02
"3405","Dissolved Oxygen",2009-07-21,2009,"mg/L","Jul",6.57
"3406","pH",2009-07-21,2009,"pH","Jul",6.82
"3407","Temperature, water",2009-07-21,2009,"deg C","Jul",18.17
"3408","Dissolved Oxygen",2009-07-21,2009,"mg/L","Jul",7.21
"3409","Temperature, water",2009-07-21,2009,"deg C","Jul",18.65
"3410","Temperature, water",2009-07-21,2009,"deg C","Jul",18.69
"3411","pH",2009-07-21,2009,"pH","Jul",7.08
"3412","Dissolved Oxygen",2009-07-21,2009,"mg/L","Jul",9.2
"3413","pH",2009-07-21,2009,"pH","Jul",7.35
"3414","Dissolved Oxygen",2009-07-21,2009,"mg/L","Jul",7.56
"3415","pH",2009-07-21,2009,"pH","Jul",7.18
"3416","Temperature, water",2009-07-21,2009,"deg C","Jul",11.28
"3417","Temperature, water",2009-07-21,2009,"deg C","Jul",16.14
"3418","Dissolved Oxygen",2009-07-21,2009,"mg/L","Jul",7.77
"3419","pH",2009-07-21,2009,"pH","Jul",6.73
"3420","Dissolved Oxygen",2009-07-21,2009,"mg/L","Jul",8.05
"3421","Temperature, water",2009-07-21,2009,"deg C","Jul",17.17
"3422","pH",2009-07-21,2009,"pH","Jul",6.9
"3423","Temperature, water",2009-07-21,2009,"deg C","Jul",18.07
"3424","pH",2009-07-21,2009,"pH","Jul",6.82
"3425","Dissolved Oxygen",2009-07-21,2009,"mg/L","Jul",6.58
"3426","Dissolved Oxygen",2009-07-21,2009,"mg/L","Jul",7.25
"3427","Temperature, water",2009-07-21,2009,"deg C","Jul",18.49
"3428","pH",2009-07-21,2009,"pH","Jul",7.09
"3429","Temperature, water",2009-07-21,2009,"deg C","Jul",18.53
"3430","Dissolved Oxygen",2009-07-21,2009,"mg/L","Jul",9.24
"3431","pH",2009-07-21,2009,"pH","Jul",7.36
"3432","Dissolved Oxygen",2009-07-21,2009,"mg/L","Jul",7.6
"3433","pH",2009-07-21,2009,"pH","Jul",7.17
"3434","Temperature, water",2009-07-21,2009,"deg C","Jul",11.23
"3435","Temperature, water",2009-07-21,2009,"deg C","Jul",16.1
"3436","pH",2009-07-21,2009,"pH","Jul",6.74
"3437","Dissolved Oxygen",2009-07-21,2009,"mg/L","Jul",7.7
"3438","Temperature, water",2009-07-21,2009,"deg C","Jul",17.04
"3439","pH",2009-07-21,2009,"pH","Jul",6.9
"3440","Dissolved Oxygen",2009-07-21,2009,"mg/L","Jul",8.07
"3441","Dissolved Oxygen",2009-07-21,2009,"mg/L","Jul",6.58
"3442","Temperature, water",2009-07-21,2009,"deg C","Jul",17.97
"3443","pH",2009-07-21,2009,"pH","Jul",6.82
"3444","Temperature, water",2009-07-21,2009,"deg C","Jul",18.33
"3445","Dissolved Oxygen",2009-07-21,2009,"mg/L","Jul",7.29
"3446","pH",2009-07-21,2009,"pH","Jul",7.08
"3447","Temperature, water",2009-07-21,2009,"deg C","Jul",18.38
"3448","Dissolved Oxygen",2009-07-21,2009,"mg/L","Jul",9.26
"3449","pH",2009-07-21,2009,"pH","Jul",7.37
"3450","Dissolved Oxygen",2009-07-21,2009,"mg/L","Jul",7.6
"3451","Temperature, water",2009-07-21,2009,"deg C","Jul",11.18
"3452","pH",2009-07-21,2009,"pH","Jul",7.17
"3453","pH",2009-07-21,2009,"pH","Jul",6.73
"3454","Dissolved Oxygen",2009-07-21,2009,"mg/L","Jul",7.78
"3455","Temperature, water",2009-07-21,2009,"deg C","Jul",16.05
"3456","Temperature, water",2009-07-21,2009,"deg C","Jul",16.9
"3457","Dissolved Oxygen",2009-07-21,2009,"mg/L","Jul",8.12
"3458","pH",2009-07-21,2009,"pH","Jul",6.91
"3459","Temperature, water",2009-07-21,2009,"deg C","Jul",17.88
"3460","pH",2009-07-21,2009,"pH","Jul",6.81
"3461","Dissolved Oxygen",2009-07-21,2009,"mg/L","Jul",6.59
"3462","Dissolved Oxygen",2009-07-21,2009,"mg/L","Jul",7.33
"3463","Temperature, water",2009-07-21,2009,"deg C","Jul",18.18
"3464","pH",2009-07-21,2009,"pH","Jul",7.09
"3465","Temperature, water",2009-07-21,2009,"deg C","Jul",18.21
"3466","Dissolved Oxygen",2009-07-21,2009,"mg/L","Jul",9.26
"3467","pH",2009-07-21,2009,"pH","Jul",7.37
"3468","Dissolved Oxygen",2009-07-21,2009,"mg/L","Jul",7.64
"3469","pH",2009-07-22,2009,"pH","Jul",7.17
"3470","Temperature, water",2009-07-22,2009,"deg C","Jul",11.12
"3471","Temperature, water",2009-07-22,2009,"deg C","Jul",16.01
"3472","pH",2009-07-22,2009,"pH","Jul",6.74
"3473","Dissolved Oxygen",2009-07-22,2009,"mg/L","Jul",7.74
"3474","pH",2009-07-22,2009,"pH","Jul",6.91
"3475","Dissolved Oxygen",2009-07-22,2009,"mg/L","Jul",8.12
"3476","Temperature, water",2009-07-22,2009,"deg C","Jul",16.79
"3477","Dissolved Oxygen",2009-07-22,2009,"mg/L","Jul",6.59
"3478","pH",2009-07-22,2009,"pH","Jul",6.81
"3479","Temperature, water",2009-07-22,2009,"deg C","Jul",17.8
"3480","Temperature, water",2009-07-22,2009,"deg C","Jul",18.02
"3481","Dissolved Oxygen",2009-07-22,2009,"mg/L","Jul",7.35
"3482","Temperature, water",2009-07-22,2009,"deg C","Jul",18.06
"3483","pH",2009-07-22,2009,"pH","Jul",7.1
"3484","Dissolved Oxygen",2009-07-22,2009,"mg/L","Jul",9.27
"3485","pH",2009-07-22,2009,"pH","Jul",7.37
"3486","Dissolved Oxygen",2009-07-22,2009,"mg/L","Jul",7.67
"3487","Temperature, water",2009-07-22,2009,"deg C","Jul",11.06
"3488","pH",2009-07-22,2009,"pH","Jul",7.17
"3489","pH",2009-07-22,2009,"pH","Jul",6.74
"3490","Temperature, water",2009-07-22,2009,"deg C","Jul",15.96
"3491","Dissolved Oxygen",2009-07-22,2009,"mg/L","Jul",7.75
"3492","Dissolved Oxygen",2009-07-22,2009,"mg/L","Jul",8.15
"3493","pH",2009-07-22,2009,"pH","Jul",6.91
"3494","Temperature, water",2009-07-22,2009,"deg C","Jul",16.67
"3495","Temperature, water",2009-07-22,2009,"deg C","Jul",17.69
"3496","pH",2009-07-22,2009,"pH","Jul",6.82
"3497","Dissolved Oxygen",2009-07-22,2009,"mg/L","Jul",6.59
"3498","Dissolved Oxygen",2009-07-22,2009,"mg/L","Jul",7.4
"3499","Temperature, water",2009-07-22,2009,"deg C","Jul",17.87
"3500","pH",2009-07-22,2009,"pH","Jul",7.1
"3501","Temperature, water",2009-07-22,2009,"deg C","Jul",17.9
"3502","Dissolved Oxygen",2009-07-22,2009,"mg/L","Jul",9.26
"3503","pH",2009-07-22,2009,"pH","Jul",7.36
"3504","Dissolved Oxygen",2009-07-22,2009,"mg/L","Jul",7.75
"3505","Temperature, water",2009-07-22,2009,"deg C","Jul",11
"3506","pH",2009-07-22,2009,"pH","Jul",7.17
"3507","Dissolved Oxygen",2009-07-22,2009,"mg/L","Jul",7.73
"3508","pH",2009-07-22,2009,"pH","Jul",6.74
"3509","Temperature, water",2009-07-22,2009,"deg C","Jul",15.91
"3510","Dissolved Oxygen",2009-07-22,2009,"mg/L","Jul",8.18
"3511","pH",2009-07-22,2009,"pH","Jul",6.91
"3512","Temperature, water",2009-07-22,2009,"deg C","Jul",16.56
"3513","Dissolved Oxygen",2009-07-22,2009,"mg/L","Jul",6.61
"3514","pH",2009-07-22,2009,"pH","Jul",6.81
"3515","Temperature, water",2009-07-22,2009,"deg C","Jul",17.61
"3516","Temperature, water",2009-07-22,2009,"deg C","Jul",17.72
"3517","Dissolved Oxygen",2009-07-22,2009,"mg/L","Jul",7.43
"3518","pH",2009-07-22,2009,"pH","Jul",7.1
"3519","Temperature, water",2009-07-22,2009,"deg C","Jul",17.76
"3520","Dissolved Oxygen",2009-07-22,2009,"mg/L","Jul",9.26
"3521","pH",2009-07-22,2009,"pH","Jul",7.37
"3522","Dissolved Oxygen",2009-07-22,2009,"mg/L","Jul",7.71
"3523","pH",2009-07-22,2009,"pH","Jul",7.18
"3524","Temperature, water",2009-07-22,2009,"deg C","Jul",10.95
"3525","pH",2009-07-22,2009,"pH","Jul",6.75
"3526","Temperature, water",2009-07-22,2009,"deg C","Jul",15.87
"3527","Dissolved Oxygen",2009-07-22,2009,"mg/L","Jul",7.73
"3528","pH",2009-07-22,2009,"pH","Jul",6.91
"3529","Temperature, water",2009-07-22,2009,"deg C","Jul",16.46
"3530","Dissolved Oxygen",2009-07-22,2009,"mg/L","Jul",8.2
"3531","Temperature, water",2009-07-22,2009,"deg C","Jul",17.54
"3532","pH",2009-07-22,2009,"pH","Jul",6.8
"3533","Dissolved Oxygen",2009-07-22,2009,"mg/L","Jul",6.61
"3534","Temperature, water",2009-07-22,2009,"deg C","Jul",17.58
"3535","Dissolved Oxygen",2009-07-22,2009,"mg/L","Jul",7.46
"3536","Temperature, water",2009-07-22,2009,"deg C","Jul",17.62
"3537","pH",2009-07-22,2009,"pH","Jul",7.11
"3538","Dissolved Oxygen",2009-07-22,2009,"mg/L","Jul",9.28
"3539","pH",2009-07-22,2009,"pH","Jul",7.36
"3540","Dissolved Oxygen",2009-07-22,2009,"mg/L","Jul",7.79
"3541","pH",2009-07-22,2009,"pH","Jul",7.18
"3542","Temperature, water",2009-07-22,2009,"deg C","Jul",10.89
"3543","Temperature, water",2009-07-22,2009,"deg C","Jul",15.82
"3544","pH",2009-07-22,2009,"pH","Jul",6.75
"3545","Dissolved Oxygen",2009-07-22,2009,"mg/L","Jul",7.86
"3546","pH",2009-07-22,2009,"pH","Jul",6.91
"3547","Temperature, water",2009-07-22,2009,"deg C","Jul",16.34
"3548","Dissolved Oxygen",2009-07-22,2009,"mg/L","Jul",8.22
"3549","Temperature, water",2009-07-22,2009,"deg C","Jul",17.47
"3550","Dissolved Oxygen",2009-07-22,2009,"mg/L","Jul",6.62
"3551","pH",2009-07-22,2009,"pH","Jul",6.81
"3552","Dissolved Oxygen",2009-07-22,2009,"mg/L","Jul",7.5
"3553","Temperature, water",2009-07-22,2009,"deg C","Jul",17.44
"3554","pH",2009-07-22,2009,"pH","Jul",7.11
"3555","Temperature, water",2009-07-22,2009,"deg C","Jul",17.48
"3556","Dissolved Oxygen",2009-07-22,2009,"mg/L","Jul",9.3
"3557","pH",2009-07-22,2009,"pH","Jul",7.37
"3558","Dissolved Oxygen",2009-07-22,2009,"mg/L","Jul",7.81
"3559","pH",2009-07-22,2009,"pH","Jul",7.17
"3560","Temperature, water",2009-07-22,2009,"deg C","Jul",10.84
"3561","Temperature, water",2009-07-22,2009,"deg C","Jul",15.78
"3562","pH",2009-07-22,2009,"pH","Jul",6.75
"3563","Dissolved Oxygen",2009-07-22,2009,"mg/L","Jul",7.74
"3564","Dissolved Oxygen",2009-07-22,2009,"mg/L","Jul",8.25
"3565","pH",2009-07-22,2009,"pH","Jul",6.91
"3566","Temperature, water",2009-07-22,2009,"deg C","Jul",16.24
"3567","Temperature, water",2009-07-22,2009,"deg C","Jul",17.37
"3568","pH",2009-07-22,2009,"pH","Jul",6.82
"3569","Dissolved Oxygen",2009-07-22,2009,"mg/L","Jul",6.64
"3570","Temperature, water",2009-07-22,2009,"deg C","Jul",17.3
"3571","Dissolved Oxygen",2009-07-22,2009,"mg/L","Jul",7.53
"3572","pH",2009-07-22,2009,"pH","Jul",7.11
"3573","Temperature, water",2009-07-22,2009,"deg C","Jul",17.35
"3574","Dissolved Oxygen",2009-07-22,2009,"mg/L","Jul",9.33
"3575","pH",2009-07-22,2009,"pH","Jul",7.37
"3576","Dissolved Oxygen",2009-07-22,2009,"mg/L","Jul",7.86
"3577","pH",2009-07-22,2009,"pH","Jul",7.18
"3578","Temperature, water",2009-07-22,2009,"deg C","Jul",10.79
"3579","Temperature, water",2009-07-22,2009,"deg C","Jul",15.74
"3580","Dissolved Oxygen",2009-07-22,2009,"mg/L","Jul",7.84
"3581","pH",2009-07-22,2009,"pH","Jul",6.74
"3582","Temperature, water",2009-07-22,2009,"deg C","Jul",16.13
"3583","Dissolved Oxygen",2009-07-22,2009,"mg/L","Jul",8.26
"3584","pH",2009-07-22,2009,"pH","Jul",6.91
"3585","pH",2009-07-22,2009,"pH","Jul",6.81
"3586","Dissolved Oxygen",2009-07-22,2009,"mg/L","Jul",6.65
"3587","Temperature, water",2009-07-22,2009,"deg C","Jul",17.3
"3588","Dissolved Oxygen",2009-07-22,2009,"mg/L","Jul",7.56
"3589","Temperature, water",2009-07-22,2009,"deg C","Jul",17.17
"3590","Temperature, water",2009-07-22,2009,"deg C","Jul",17.23
"3591","pH",2009-07-22,2009,"pH","Jul",7.12
"3592","Dissolved Oxygen",2009-07-22,2009,"mg/L","Jul",9.33
"3593","pH",2009-07-22,2009,"pH","Jul",7.37
"3594","Dissolved Oxygen",2009-07-22,2009,"mg/L","Jul",7.84
"3595","pH",2009-07-22,2009,"pH","Jul",7.18
"3596","Temperature, water",2009-07-22,2009,"deg C","Jul",10.73
"3597","Temperature, water",2009-07-22,2009,"deg C","Jul",15.7
"3598","pH",2009-07-22,2009,"pH","Jul",6.75
"3599","Dissolved Oxygen",2009-07-22,2009,"mg/L","Jul",7.87
"3600","pH",2009-07-22,2009,"pH","Jul",6.91
"3601","Dissolved Oxygen",2009-07-22,2009,"mg/L","Jul",8.29
"3602","Temperature, water",2009-07-22,2009,"deg C","Jul",16.04
"3603","Dissolved Oxygen",2009-07-22,2009,"mg/L","Jul",6.66
"3604","pH",2009-07-22,2009,"pH","Jul",6.81
"3605","Temperature, water",2009-07-22,2009,"deg C","Jul",17.24
"3606","Dissolved Oxygen",2009-07-22,2009,"mg/L","Jul",7.6
"3607","Temperature, water",2009-07-22,2009,"deg C","Jul",17.04
"3608","pH",2009-07-22,2009,"pH","Jul",7.12
"3609","Temperature, water",2009-07-22,2009,"deg C","Jul",17.1
"3610","Dissolved Oxygen",2009-07-22,2009,"mg/L","Jul",9.32
"3611","pH",2009-07-22,2009,"pH","Jul",7.37
"3612","Dissolved Oxygen",2009-07-22,2009,"mg/L","Jul",7.88
"3613","pH",2009-07-22,2009,"pH","Jul",7.17
"3614","Temperature, water",2009-07-22,2009,"deg C","Jul",10.68
"3615","Temperature, water",2009-07-22,2009,"deg C","Jul",15.66
"3616","pH",2009-07-22,2009,"pH","Jul",6.75
"3617","Dissolved Oxygen",2009-07-22,2009,"mg/L","Jul",7.81
"3618","Temperature, water",2009-07-22,2009,"deg C","Jul",15.93
"3619","pH",2009-07-22,2009,"pH","Jul",6.91
"3620","Dissolved Oxygen",2009-07-22,2009,"mg/L","Jul",8.31
"3621","Temperature, water",2009-07-22,2009,"deg C","Jul",17.17
"3622","Dissolved Oxygen",2009-07-22,2009,"mg/L","Jul",6.66
"3623","pH",2009-07-22,2009,"pH","Jul",6.81
"3624","Dissolved Oxygen",2009-07-22,2009,"mg/L","Jul",7.62
"3625","Temperature, water",2009-07-22,2009,"deg C","Jul",16.92
"3626","Temperature, water",2009-07-22,2009,"deg C","Jul",16.98
"3627","pH",2009-07-22,2009,"pH","Jul",7.13
"3628","Dissolved Oxygen",2009-07-22,2009,"mg/L","Jul",9.35
"3629","pH",2009-07-22,2009,"pH","Jul",7.38
"3630","Dissolved Oxygen",2009-07-22,2009,"mg/L","Jul",7.92
"3631","pH",2009-07-22,2009,"pH","Jul",7.17
"3632","Temperature, water",2009-07-22,2009,"deg C","Jul",10.63
"3633","Temperature, water",2009-07-22,2009,"deg C","Jul",15.62
"3634","Dissolved Oxygen",2009-07-22,2009,"mg/L","Jul",7.84
"3635","pH",2009-07-22,2009,"pH","Jul",6.75
"3636","Temperature, water",2009-07-22,2009,"deg C","Jul",15.86
"3637","pH",2009-07-22,2009,"pH","Jul",6.91
"3638","Dissolved Oxygen",2009-07-22,2009,"mg/L","Jul",8.32
"3639","Dissolved Oxygen",2009-07-22,2009,"mg/L","Jul",6.67
"3640","Temperature, water",2009-07-22,2009,"deg C","Jul",17.1
"3641","pH",2009-07-22,2009,"pH","Jul",6.81
"3642","Temperature, water",2009-07-22,2009,"deg C","Jul",16.82
"3643","Dissolved Oxygen",2009-07-22,2009,"mg/L","Jul",7.65
"3644","pH",2009-07-22,2009,"pH","Jul",7.13
"3645","Temperature, water",2009-07-22,2009,"deg C","Jul",16.87
"3646","Dissolved Oxygen",2009-07-22,2009,"mg/L","Jul",9.39
"3647","pH",2009-07-22,2009,"pH","Jul",7.37
"3648","Dissolved Oxygen",2009-07-22,2009,"mg/L","Jul",7.95
"3649","pH",2009-07-22,2009,"pH","Jul",7.17
"3650","Temperature, water",2009-07-22,2009,"deg C","Jul",10.58
"3651","pH",2009-07-22,2009,"pH","Jul",6.75
"3652","Temperature, water",2009-07-22,2009,"deg C","Jul",15.58
"3653","Dissolved Oxygen",2009-07-22,2009,"mg/L","Jul",7.87
"3654","Temperature, water",2009-07-22,2009,"deg C","Jul",15.74
"3655","Dissolved Oxygen",2009-07-22,2009,"mg/L","Jul",8.35
"3656","pH",2009-07-22,2009,"pH","Jul",6.91
"3657","Temperature, water",2009-07-22,2009,"deg C","Jul",17.03
"3658","pH",2009-07-22,2009,"pH","Jul",6.81
"3659","Dissolved Oxygen",2009-07-22,2009,"mg/L","Jul",6.69
"3660","Temperature, water",2009-07-22,2009,"deg C","Jul",16.7
"3661","Dissolved Oxygen",2009-07-22,2009,"mg/L","Jul",7.69
"3662","pH",2009-07-22,2009,"pH","Jul",7.14
"3663","Temperature, water",2009-07-22,2009,"deg C","Jul",16.76
"3664","Dissolved Oxygen",2009-07-22,2009,"mg/L","Jul",9.39
"3665","pH",2009-07-22,2009,"pH","Jul",7.37
"3666","Dissolved Oxygen",2009-07-22,2009,"mg/L","Jul",8.01
"3667","pH",2009-07-22,2009,"pH","Jul",7.18
"3668","Temperature, water",2009-07-22,2009,"deg C","Jul",10.53
"3669","Dissolved Oxygen",2009-07-22,2009,"mg/L","Jul",7.88
"3670","pH",2009-07-22,2009,"pH","Jul",6.74
"3671","Temperature, water",2009-07-22,2009,"deg C","Jul",15.55
"3672","Dissolved Oxygen",2009-07-22,2009,"mg/L","Jul",8.36
"3673","pH",2009-07-22,2009,"pH","Jul",6.91
"3674","Temperature, water",2009-07-22,2009,"deg C","Jul",15.66
"3675","Dissolved Oxygen",2009-07-22,2009,"mg/L","Jul",6.71
"3676","pH",2009-07-22,2009,"pH","Jul",6.82
"3677","Temperature, water",2009-07-22,2009,"deg C","Jul",16.98
"3678","Dissolved Oxygen",2009-07-22,2009,"mg/L","Jul",7.71
"3679","Temperature, water",2009-07-22,2009,"deg C","Jul",16.59
"3680","pH",2009-07-22,2009,"pH","Jul",7.14
"3681","Temperature, water",2009-07-22,2009,"deg C","Jul",16.66
"3682","Dissolved Oxygen",2009-07-22,2009,"mg/L","Jul",9.42
"3683","pH",2009-07-22,2009,"pH","Jul",7.38
"3684","Dissolved Oxygen",2009-07-22,2009,"mg/L","Jul",7.99
"3685","Temperature, water",2009-07-22,2009,"deg C","Jul",10.49
"3686","pH",2009-07-22,2009,"pH","Jul",7.17
"3687","Temperature, water",2009-07-22,2009,"deg C","Jul",15.52
"3688","pH",2009-07-22,2009,"pH","Jul",6.75
"3689","Dissolved Oxygen",2009-07-22,2009,"mg/L","Jul",7.77
"3690","Temperature, water",2009-07-22,2009,"deg C","Jul",15.59
"3691","Dissolved Oxygen",2009-07-22,2009,"mg/L","Jul",8.38
"3692","pH",2009-07-22,2009,"pH","Jul",6.92
"3693","Dissolved Oxygen",2009-07-22,2009,"mg/L","Jul",6.71
"3694","Temperature, water",2009-07-22,2009,"deg C","Jul",16.91
"3695","pH",2009-07-22,2009,"pH","Jul",6.81
"3696","Temperature, water",2009-07-22,2009,"deg C","Jul",16.5
"3697","Dissolved Oxygen",2009-07-22,2009,"mg/L","Jul",7.72
"3698","Temperature, water",2009-07-22,2009,"deg C","Jul",16.56
"3699","pH",2009-07-22,2009,"pH","Jul",7.14
"3700","Dissolved Oxygen",2009-07-22,2009,"mg/L","Jul",9.4
"3701","pH",2009-07-22,2009,"pH","Jul",7.38
"3702","Dissolved Oxygen",2009-07-22,2009,"mg/L","Jul",8.04
"3703","pH",2009-07-22,2009,"pH","Jul",7.17
"3704","Temperature, water",2009-07-22,2009,"deg C","Jul",10.44
"3705","Temperature, water",2009-07-22,2009,"deg C","Jul",15.49
"3706","Dissolved Oxygen",2009-07-22,2009,"mg/L","Jul",7.9
"3707","pH",2009-07-22,2009,"pH","Jul",6.74
"3708","Dissolved Oxygen",2009-07-22,2009,"mg/L","Jul",8.41
"3709","pH",2009-07-22,2009,"pH","Jul",6.92
"3710","Temperature, water",2009-07-22,2009,"deg C","Jul",15.51
"3711","pH",2009-07-22,2009,"pH","Jul",6.81
"3712","Dissolved Oxygen",2009-07-22,2009,"mg/L","Jul",6.72
"3713","Temperature, water",2009-07-22,2009,"deg C","Jul",16.85
"3714","Temperature, water",2009-07-22,2009,"deg C","Jul",16.41
"3715","Dissolved Oxygen",2009-07-22,2009,"mg/L","Jul",7.75
"3716","pH",2009-07-22,2009,"pH","Jul",7.14
"3717","Temperature, water",2009-07-22,2009,"deg C","Jul",16.47
"3718","Dissolved Oxygen",2009-07-22,2009,"mg/L","Jul",9.43
"3719","pH",2009-07-22,2009,"pH","Jul",7.37
"3720","Dissolved Oxygen",2009-07-22,2009,"mg/L","Jul",8.05
"3721","pH",2009-07-22,2009,"pH","Jul",7.18
"3722","Temperature, water",2009-07-22,2009,"deg C","Jul",10.4
"3723","Dissolved Oxygen",2009-07-22,2009,"mg/L","Jul",7.83
"3724","Temperature, water",2009-07-22,2009,"deg C","Jul",15.46
"3725","pH",2009-07-22,2009,"pH","Jul",6.74
"3726","pH",2009-07-22,2009,"pH","Jul",6.92
"3727","Temperature, water",2009-07-22,2009,"deg C","Jul",15.43
"3728","Dissolved Oxygen",2009-07-22,2009,"mg/L","Jul",8.42
"3729","Dissolved Oxygen",2009-07-22,2009,"mg/L","Jul",6.73
"3730","Temperature, water",2009-07-22,2009,"deg C","Jul",16.81
"3731","pH",2009-07-22,2009,"pH","Jul",6.81
"3732","Dissolved Oxygen",2009-07-22,2009,"mg/L","Jul",7.76
"3733","Temperature, water",2009-07-22,2009,"deg C","Jul",16.32
"3734","Temperature, water",2009-07-22,2009,"deg C","Jul",16.37
"3735","pH",2009-07-22,2009,"pH","Jul",7.14
"3736","Dissolved Oxygen",2009-07-22,2009,"mg/L","Jul",9.4
"3737","pH",2009-07-22,2009,"pH","Jul",7.39
"3738","Dissolved Oxygen",2009-07-22,2009,"mg/L","Jul",8.04
"3739","Temperature, water",2009-07-22,2009,"deg C","Jul",10.36
"3740","pH",2009-07-22,2009,"pH","Jul",7.17
"3741","Temperature, water",2009-07-22,2009,"deg C","Jul",15.42
"3742","Dissolved Oxygen",2009-07-22,2009,"mg/L","Jul",7.94
"3743","pH",2009-07-22,2009,"pH","Jul",6.74
"3744","Dissolved Oxygen",2009-07-22,2009,"mg/L","Jul",8.44
"3745","Temperature, water",2009-07-22,2009,"deg C","Jul",15.34
"3746","pH",2009-07-22,2009,"pH","Jul",6.92
"3747","pH",2009-07-22,2009,"pH","Jul",6.82
"3748","Temperature, water",2009-07-22,2009,"deg C","Jul",16.73
"3749","Dissolved Oxygen",2009-07-22,2009,"mg/L","Jul",6.76
"3750","Temperature, water",2009-07-22,2009,"deg C","Jul",16.22
"3751","Dissolved Oxygen",2009-07-22,2009,"mg/L","Jul",7.8
"3752","pH",2009-07-22,2009,"pH","Jul",7.13
"3753","Temperature, water",2009-07-22,2009,"deg C","Jul",16.28
"3754","Dissolved Oxygen",2009-07-22,2009,"mg/L","Jul",9.41
"3755","pH",2009-07-22,2009,"pH","Jul",7.39
"3756","Dissolved Oxygen",2009-07-22,2009,"mg/L","Jul",8.09
"3757","pH",2009-07-22,2009,"pH","Jul",7.18
"3758","Temperature, water",2009-07-22,2009,"deg C","Jul",10.31
"3759","Temperature, water",2009-07-22,2009,"deg C","Jul",15.39
"3760","Dissolved Oxygen",2009-07-22,2009,"mg/L","Jul",7.91
"3761","pH",2009-07-22,2009,"pH","Jul",6.74
"3762","Dissolved Oxygen",2009-07-22,2009,"mg/L","Jul",8.45
"3763","pH",2009-07-22,2009,"pH","Jul",6.92
"3764","Temperature, water",2009-07-22,2009,"deg C","Jul",15.28
"3765","pH",2009-07-22,2009,"pH","Jul",6.82
"3766","Dissolved Oxygen",2009-07-22,2009,"mg/L","Jul",6.76
"3767","Temperature, water",2009-07-22,2009,"deg C","Jul",16.7
"3768","Dissolved Oxygen",2009-07-22,2009,"mg/L","Jul",7.81
"3769","Temperature, water",2009-07-22,2009,"deg C","Jul",16.13
"3770","pH",2009-07-22,2009,"pH","Jul",7.14
"3771","Temperature, water",2009-07-22,2009,"deg C","Jul",16.2
"3772","Dissolved Oxygen",2009-07-22,2009,"mg/L","Jul",9.45
"3773","pH",2009-07-22,2009,"pH","Jul",7.38
"3774","Dissolved Oxygen",2009-07-22,2009,"mg/L","Jul",8.11
"3775","Temperature, water",2009-07-22,2009,"deg C","Jul",10.27
"3776","pH",2009-07-22,2009,"pH","Jul",7.19
"3777","Temperature, water",2009-07-22,2009,"deg C","Jul",15.36
"3778","Dissolved Oxygen",2009-07-22,2009,"mg/L","Jul",7.88
"3779","pH",2009-07-22,2009,"pH","Jul",6.74
"3780","Temperature, water",2009-07-22,2009,"deg C","Jul",15.19
"3781","Dissolved Oxygen",2009-07-22,2009,"mg/L","Jul",8.46
"3782","pH",2009-07-22,2009,"pH","Jul",6.92
"3783","Temperature, water",2009-07-22,2009,"deg C","Jul",16.64
"3784","Dissolved Oxygen",2009-07-22,2009,"mg/L","Jul",6.76
"3785","pH",2009-07-22,2009,"pH","Jul",6.82
"3786","Temperature, water",2009-07-22,2009,"deg C","Jul",16.04
"3787","Dissolved Oxygen",2009-07-22,2009,"mg/L","Jul",7.84
"3788","pH",2009-07-22,2009,"pH","Jul",7.15
"3789","Temperature, water",2009-07-22,2009,"deg C","Jul",16.11
"3790","Dissolved Oxygen",2009-07-22,2009,"mg/L","Jul",9.43
"3791","pH",2009-07-22,2009,"pH","Jul",7.38
"3792","Dissolved Oxygen",2009-07-22,2009,"mg/L","Jul",8.13
"3793","pH",2009-07-22,2009,"pH","Jul",7.18
"3794","Temperature, water",2009-07-22,2009,"deg C","Jul",10.23
"3795","Temperature, water",2009-07-22,2009,"deg C","Jul",15.33
"3796","pH",2009-07-22,2009,"pH","Jul",6.75
"3797","Dissolved Oxygen",2009-07-22,2009,"mg/L","Jul",7.91
"3798","Temperature, water",2009-07-22,2009,"deg C","Jul",15.12
"3799","pH",2009-07-22,2009,"pH","Jul",6.92
"3800","Dissolved Oxygen",2009-07-22,2009,"mg/L","Jul",8.49
"3801","Dissolved Oxygen",2009-07-22,2009,"mg/L","Jul",6.77
"3802","pH",2009-07-22,2009,"pH","Jul",6.81
"3803","Temperature, water",2009-07-22,2009,"deg C","Jul",16.61
"3804","Temperature, water",2009-07-22,2009,"deg C","Jul",15.94
"3805","Dissolved Oxygen",2009-07-22,2009,"mg/L","Jul",7.87
"3806","Temperature, water",2009-07-22,2009,"deg C","Jul",16.01
"3807","pH",2009-07-22,2009,"pH","Jul",7.15
"3808","Dissolved Oxygen",2009-07-22,2009,"mg/L","Jul",9.45
"3809","pH",2009-07-22,2009,"pH","Jul",7.39
"3810","Dissolved Oxygen",2009-07-22,2009,"mg/L","Jul",8.16
"3811","Temperature, water",2009-07-22,2009,"deg C","Jul",10.19
"3812","pH",2009-07-22,2009,"pH","Jul",7.17
"3813","pH",2009-07-22,2009,"pH","Jul",6.76
"3814","Dissolved Oxygen",2009-07-22,2009,"mg/L","Jul",8.02
"3815","Temperature, water",2009-07-22,2009,"deg C","Jul",15.31
"3816","Dissolved Oxygen",2009-07-22,2009,"mg/L","Jul",8.52
"3817","pH",2009-07-22,2009,"pH","Jul",6.92
"3818","Temperature, water",2009-07-22,2009,"deg C","Jul",15.04
"3819","pH",2009-07-22,2009,"pH","Jul",6.82
"3820","Dissolved Oxygen",2009-07-22,2009,"mg/L","Jul",6.8
"3821","Temperature, water",2009-07-22,2009,"deg C","Jul",16.54
"3822","Temperature, water",2009-07-22,2009,"deg C","Jul",15.85
"3823","Dissolved Oxygen",2009-07-22,2009,"mg/L","Jul",7.89
"3824","pH",2009-07-22,2009,"pH","Jul",7.15
"3825","Temperature, water",2009-07-22,2009,"deg C","Jul",15.92
"3826","Dissolved Oxygen",2009-07-22,2009,"mg/L","Jul",9.49
"3827","pH",2009-07-22,2009,"pH","Jul",7.39
"3828","Dissolved Oxygen",2009-07-22,2009,"mg/L","Jul",8.15
"3829","Temperature, water",2009-07-22,2009,"deg C","Jul",10.15
"3830","pH",2009-07-22,2009,"pH","Jul",7.17
"3831","Dissolved Oxygen",2009-07-22,2009,"mg/L","Jul",7.93
"3832","pH",2009-07-22,2009,"pH","Jul",6.75
"3833","Temperature, water",2009-07-22,2009,"deg C","Jul",15.28
"3834","pH",2009-07-22,2009,"pH","Jul",6.92
"3835","Temperature, water",2009-07-22,2009,"deg C","Jul",14.97
"3836","Dissolved Oxygen",2009-07-22,2009,"mg/L","Jul",8.52
"3837","pH",2009-07-22,2009,"pH","Jul",6.83
"3838","Dissolved Oxygen",2009-07-22,2009,"mg/L","Jul",6.82
"3839","Temperature, water",2009-07-22,2009,"deg C","Jul",16.51
"3840","Dissolved Oxygen",2009-07-22,2009,"mg/L","Jul",7.9
"3841","Temperature, water",2009-07-22,2009,"deg C","Jul",15.76
"3842","Temperature, water",2009-07-22,2009,"deg C","Jul",15.83
"3843","pH",2009-07-22,2009,"pH","Jul",7.15
"3844","Dissolved Oxygen",2009-07-22,2009,"mg/L","Jul",9.47
"3845","pH",2009-07-22,2009,"pH","Jul",7.38
"3846","Dissolved Oxygen",2009-07-22,2009,"mg/L","Jul",8.16
"3847","Temperature, water",2009-07-22,2009,"deg C","Jul",10.11
"3848","pH",2009-07-22,2009,"pH","Jul",7.18
"3849","Temperature, water",2009-07-22,2009,"deg C","Jul",15.26
"3850","Dissolved Oxygen",2009-07-22,2009,"mg/L","Jul",8.05
"3851","pH",2009-07-22,2009,"pH","Jul",6.75
"3852","Temperature, water",2009-07-22,2009,"deg C","Jul",14.89
"3853","pH",2009-07-22,2009,"pH","Jul",6.92
"3854","Dissolved Oxygen",2009-07-22,2009,"mg/L","Jul",8.53
"3855","pH",2009-07-22,2009,"pH","Jul",6.83
"3856","Dissolved Oxygen",2009-07-22,2009,"mg/L","Jul",6.84
"3857","Temperature, water",2009-07-22,2009,"deg C","Jul",16.46
"3858","Dissolved Oxygen",2009-07-22,2009,"mg/L","Jul",7.94
"3859","Temperature, water",2009-07-22,2009,"deg C","Jul",15.67
"3860","pH",2009-07-22,2009,"pH","Jul",7.15
"3861","Temperature, water",2009-07-22,2009,"deg C","Jul",15.74
"3862","Dissolved Oxygen",2009-07-22,2009,"mg/L","Jul",9.47
"3863","pH",2009-07-22,2009,"pH","Jul",7.35
"3864","Dissolved Oxygen",2009-07-22,2009,"mg/L","Jul",8.27
"3865","pH",2009-07-22,2009,"pH","Jul",7.18
"3866","Temperature, water",2009-07-22,2009,"deg C","Jul",10.08
"3867","Dissolved Oxygen",2009-07-22,2009,"mg/L","Jul",7.93
"3868","pH",2009-07-22,2009,"pH","Jul",6.76
"3869","Temperature, water",2009-07-22,2009,"deg C","Jul",15.25
"3870","Dissolved Oxygen",2009-07-22,2009,"mg/L","Jul",8.58
"3871","pH",2009-07-22,2009,"pH","Jul",6.92
"3872","Temperature, water",2009-07-22,2009,"deg C","Jul",14.81
"3873","Temperature, water",2009-07-22,2009,"deg C","Jul",16.41
"3874","Dissolved Oxygen",2009-07-22,2009,"mg/L","Jul",6.89
"3875","pH",2009-07-22,2009,"pH","Jul",6.83
"3876","Temperature, water",2009-07-22,2009,"deg C","Jul",15.59
"3877","Dissolved Oxygen",2009-07-22,2009,"mg/L","Jul",7.96
"3878","pH",2009-07-22,2009,"pH","Jul",7.15
"3879","Temperature, water",2009-07-22,2009,"deg C","Jul",15.67
"3880","Dissolved Oxygen",2009-07-22,2009,"mg/L","Jul",9.52
"3881","pH",2009-07-22,2009,"pH","Jul",7.29
"3882","Dissolved Oxygen",2009-07-22,2009,"mg/L","Jul",8.28
"3883","pH",2009-07-22,2009,"pH","Jul",7.19
"3884","Temperature, water",2009-07-22,2009,"deg C","Jul",10.04
"3885","Dissolved Oxygen",2009-07-22,2009,"mg/L","Jul",7.99
"3886","Temperature, water",2009-07-22,2009,"deg C","Jul",15.24
"3887","pH",2009-07-22,2009,"pH","Jul",6.74
"3888","Dissolved Oxygen",2009-07-22,2009,"mg/L","Jul",8.62
"3889","Temperature, water",2009-07-22,2009,"deg C","Jul",14.74
"3890","pH",2009-07-22,2009,"pH","Jul",6.93
"3891","Temperature, water",2009-07-22,2009,"deg C","Jul",16.34
"3892","pH",2009-07-22,2009,"pH","Jul",6.84
"3893","Dissolved Oxygen",2009-07-22,2009,"mg/L","Jul",7.01
"3894","Dissolved Oxygen",2009-07-22,2009,"mg/L","Jul",8.01
"3895","Temperature, water",2009-07-22,2009,"deg C","Jul",15.52
"3896","Temperature, water",2009-07-22,2009,"deg C","Jul",15.59
"3897","pH",2009-07-22,2009,"pH","Jul",7.16
"3898","Dissolved Oxygen",2009-07-22,2009,"mg/L","Jul",9.51
"3899","pH",2009-07-22,2009,"pH","Jul",7.29
"3900","Dissolved Oxygen",2009-07-22,2009,"mg/L","Jul",8.32
"3901","Temperature, water",2009-07-22,2009,"deg C","Jul",10.01
"3902","pH",2009-07-22,2009,"pH","Jul",7.19
"3903","pH",2009-07-22,2009,"pH","Jul",6.75
"3904","Dissolved Oxygen",2009-07-22,2009,"mg/L","Jul",7.93
"3905","Temperature, water",2009-07-22,2009,"deg C","Jul",15.22
"3906","pH",2009-07-22,2009,"pH","Jul",6.94
"3907","Dissolved Oxygen",2009-07-22,2009,"mg/L","Jul",8.67
"3908","Temperature, water",2009-07-22,2009,"deg C","Jul",14.69
"3909","Temperature, water",2009-07-22,2009,"deg C","Jul",16.31
"3910","pH",2009-07-22,2009,"pH","Jul",6.85
"3911","Dissolved Oxygen",2009-07-22,2009,"mg/L","Jul",7.12
"3912","Temperature, water",2009-07-22,2009,"deg C","Jul",15.45
"3913","Dissolved Oxygen",2009-07-22,2009,"mg/L","Jul",8.12
"3914","pH",2009-07-22,2009,"pH","Jul",7.18
"3915","Temperature, water",2009-07-22,2009,"deg C","Jul",15.53
"3916","Dissolved Oxygen",2009-07-22,2009,"mg/L","Jul",9.52
"3917","pH",2009-07-22,2009,"pH","Jul",7.31
"3918","Dissolved Oxygen",2009-07-22,2009,"mg/L","Jul",8.38
"3919","Temperature, water",2009-07-22,2009,"deg C","Jul",9.99
"3920","pH",2009-07-22,2009,"pH","Jul",7.2
"3921","pH",2009-07-22,2009,"pH","Jul",6.76
"3922","Dissolved Oxygen",2009-07-22,2009,"mg/L","Jul",8.08
"3923","Temperature, water",2009-07-22,2009,"deg C","Jul",15.22
"3924","pH",2009-07-22,2009,"pH","Jul",6.94
"3925","Dissolved Oxygen",2009-07-22,2009,"mg/L","Jul",8.7
"3926","Temperature, water",2009-07-22,2009,"deg C","Jul",14.65
"3927","Dissolved Oxygen",2009-07-22,2009,"mg/L","Jul",7.24
"3928","pH",2009-07-22,2009,"pH","Jul",6.87
"3929","Temperature, water",2009-07-22,2009,"deg C","Jul",16.29
"3930","Temperature, water",2009-07-22,2009,"deg C","Jul",15.4
"3931","Dissolved Oxygen",2009-07-22,2009,"mg/L","Jul",8.2
"3932","pH",2009-07-22,2009,"pH","Jul",7.19
"3933","Temperature, water",2009-07-22,2009,"deg C","Jul",15.47
"3934","Dissolved Oxygen",2009-07-22,2009,"mg/L","Jul",9.54
"3935","pH",2009-07-22,2009,"pH","Jul",7.33
"3936","Dissolved Oxygen",2009-07-22,2009,"mg/L","Jul",8.5
"3937","pH",2009-07-22,2009,"pH","Jul",7.2
"3938","Temperature, water",2009-07-22,2009,"deg C","Jul",9.96
"3939","pH",2009-07-22,2009,"pH","Jul",6.76
"3940","Dissolved Oxygen",2009-07-22,2009,"mg/L","Jul",8.08
"3941","Temperature, water",2009-07-22,2009,"deg C","Jul",15.22
"3942","Temperature, water",2009-07-22,2009,"deg C","Jul",14.6
"3943","Dissolved Oxygen",2009-07-22,2009,"mg/L","Jul",8.78
"3944","pH",2009-07-22,2009,"pH","Jul",6.95
"3945","Temperature, water",2009-07-22,2009,"deg C","Jul",16.29
"3946","Dissolved Oxygen",2009-07-22,2009,"mg/L","Jul",7.34
"3947","pH",2009-07-22,2009,"pH","Jul",6.88
"3948","Temperature, water",2009-07-22,2009,"deg C","Jul",15.36
"3949","Dissolved Oxygen",2009-07-22,2009,"mg/L","Jul",8.29
"3950","pH",2009-07-22,2009,"pH","Jul",7.21
"3951","Temperature, water",2009-07-22,2009,"deg C","Jul",15.43
"3952","Dissolved Oxygen",2009-07-22,2009,"mg/L","Jul",9.6
"3953","pH",2009-07-22,2009,"pH","Jul",7.4
"3954","Dissolved Oxygen",2009-07-22,2009,"mg/L","Jul",8.59
"3955","pH",2009-07-22,2009,"pH","Jul",7.2
"3956","Temperature, water",2009-07-22,2009,"deg C","Jul",9.94
"3957","Temperature, water",2009-07-22,2009,"deg C","Jul",15.22
"3958","pH",2009-07-22,2009,"pH","Jul",6.77
"3959","Dissolved Oxygen",2009-07-22,2009,"mg/L","Jul",8.11
"3960","Dissolved Oxygen",2009-07-22,2009,"mg/L","Jul",8.83
"3961","pH",2009-07-22,2009,"pH","Jul",6.97
"3962","Temperature, water",2009-07-22,2009,"deg C","Jul",14.59
"3963","Dissolved Oxygen",2009-07-22,2009,"mg/L","Jul",7.45
"3964","pH",2009-07-22,2009,"pH","Jul",6.89
"3965","Temperature, water",2009-07-22,2009,"deg C","Jul",16.29
"3966","Temperature, water",2009-07-22,2009,"deg C","Jul",15.34
"3967","Dissolved Oxygen",2009-07-22,2009,"mg/L","Jul",8.42
"3968","pH",2009-07-22,2009,"pH","Jul",7.23
"3969","Temperature, water",2009-07-22,2009,"deg C","Jul",15.41
"3970","Dissolved Oxygen",2009-07-22,2009,"mg/L","Jul",9.58
"3971","pH",2009-07-22,2009,"pH","Jul",7.46
"3972","Dissolved Oxygen",2009-07-22,2009,"mg/L","Jul",8.66
"3973","Temperature, water",2009-07-22,2009,"deg C","Jul",9.92
"3974","pH",2009-07-22,2009,"pH","Jul",7.22
"3975","Temperature, water",2009-07-22,2009,"deg C","Jul",15.22
"3976","pH",2009-07-22,2009,"pH","Jul",6.78
"3977","Dissolved Oxygen",2009-07-22,2009,"mg/L","Jul",8.21
"3978","Temperature, water",2009-07-22,2009,"deg C","Jul",14.58
"3979","Dissolved Oxygen",2009-07-22,2009,"mg/L","Jul",8.88
"3980","pH",2009-07-22,2009,"pH","Jul",6.98
"3981","pH",2009-07-22,2009,"pH","Jul",6.9
"3982","Dissolved Oxygen",2009-07-22,2009,"mg/L","Jul",7.56
"3983","Temperature, water",2009-07-22,2009,"deg C","Jul",16.29
"3984","Temperature, water",2009-07-22,2009,"deg C","Jul",15.34
"3985","Dissolved Oxygen",2009-07-22,2009,"mg/L","Jul",8.51
"3986","Temperature, water",2009-07-22,2009,"deg C","Jul",15.39
"3987","pH",2009-07-22,2009,"pH","Jul",7.26
"3988","Dissolved Oxygen",2009-07-22,2009,"mg/L","Jul",9.6
"3989","pH",2009-07-22,2009,"pH","Jul",7.5
"3990","Dissolved Oxygen",2009-07-22,2009,"mg/L","Jul",8.77
"3991","Temperature, water",2009-07-22,2009,"deg C","Jul",9.91
"3992","pH",2009-07-22,2009,"pH","Jul",7.21
"3993","pH",2009-07-22,2009,"pH","Jul",6.78
"3994","Dissolved Oxygen",2009-07-22,2009,"mg/L","Jul",8.17
"3995","Temperature, water",2009-07-22,2009,"deg C","Jul",15.24
"3996","Temperature, water",2009-07-22,2009,"deg C","Jul",14.61
"3997","pH",2009-07-22,2009,"pH","Jul",6.99
"3998","Dissolved Oxygen",2009-07-22,2009,"mg/L","Jul",8.92
"3999","pH",2009-07-22,2009,"pH","Jul",6.91
"4000","Temperature, water",2009-07-22,2009,"deg C","Jul",16.34
"4001","Dissolved Oxygen",2009-07-22,2009,"mg/L","Jul",7.67
"4002","Temperature, water",2009-07-22,2009,"deg C","Jul",15.34
"4003","Dissolved Oxygen",2009-07-22,2009,"mg/L","Jul",8.61
"4004","Temperature, water",2009-07-22,2009,"deg C","Jul",15.4
"4005","pH",2009-07-22,2009,"pH","Jul",7.29
"4006","Dissolved Oxygen",2009-07-22,2009,"mg/L","Jul",9.62
"4007","pH",2009-07-22,2009,"pH","Jul",7.53
"4008","Dissolved Oxygen",2009-07-22,2009,"mg/L","Jul",8.92
"4009","Temperature, water",2009-07-22,2009,"deg C","Jul",9.9
"4010","pH",2009-07-22,2009,"pH","Jul",7.21
"4011","pH",2009-07-22,2009,"pH","Jul",6.78
"4012","Dissolved Oxygen",2009-07-22,2009,"mg/L","Jul",8.11
"4013","Temperature, water",2009-07-22,2009,"deg C","Jul",15.26
"4014","Dissolved Oxygen",2009-07-22,2009,"mg/L","Jul",8.97
"4015","pH",2009-07-22,2009,"pH","Jul",7.01
"4016","Temperature, water",2009-07-22,2009,"deg C","Jul",14.63
"4017","pH",2009-07-22,2009,"pH","Jul",6.92
"4018","Dissolved Oxygen",2009-07-22,2009,"mg/L","Jul",7.78
"4019","Temperature, water",2009-07-22,2009,"deg C","Jul",16.39
"4020","Temperature, water",2009-07-22,2009,"deg C","Jul",15.36
"4021","Dissolved Oxygen",2009-07-22,2009,"mg/L","Jul",8.74
"4022","pH",2009-07-22,2009,"pH","Jul",7.32
"4023","Temperature, water",2009-07-22,2009,"deg C","Jul",15.42
"4024","Dissolved Oxygen",2009-07-22,2009,"mg/L","Jul",9.64
"4025","pH",2009-07-22,2009,"pH","Jul",7.58
"4026","Dissolved Oxygen",2009-07-22,2009,"mg/L","Jul",8.95
"4027","Temperature, water",2009-07-22,2009,"deg C","Jul",9.89
"4028","pH",2009-07-22,2009,"pH","Jul",7.21
"4029","Dissolved Oxygen",2009-07-22,2009,"mg/L","Jul",8.33
"4030","Temperature, water",2009-07-22,2009,"deg C","Jul",15.33
"4031","pH",2009-07-22,2009,"pH","Jul",6.78
"4032","Dissolved Oxygen",2009-07-22,2009,"mg/L","Jul",9.01
"4033","Temperature, water",2009-07-22,2009,"deg C","Jul",14.66
"4034","pH",2009-07-22,2009,"pH","Jul",7.02
"4035","Temperature, water",2009-07-22,2009,"deg C","Jul",16.46
"4036","Dissolved Oxygen",2009-07-22,2009,"mg/L","Jul",7.86
"4037","pH",2009-07-22,2009,"pH","Jul",6.93
"4038","Temperature, water",2009-07-22,2009,"deg C","Jul",15.4
"4039","Dissolved Oxygen",2009-07-22,2009,"mg/L","Jul",8.79
"4040","Temperature, water",2009-07-22,2009,"deg C","Jul",15.45
"4041","pH",2009-07-22,2009,"pH","Jul",7.35
"4042","Dissolved Oxygen",2009-07-22,2009,"mg/L","Jul",9.64
"4043","pH",2009-07-22,2009,"pH","Jul",7.6
"4044","Dissolved Oxygen",2009-07-22,2009,"mg/L","Jul",9.1
"4045","Temperature, water",2009-07-22,2009,"deg C","Jul",9.9
"4046","pH",2009-07-22,2009,"pH","Jul",7.23
"4047","Temperature, water",2009-07-22,2009,"deg C","Jul",15.43
"4048","pH",2009-07-22,2009,"pH","Jul",6.8
"4049","Dissolved Oxygen",2009-07-22,2009,"mg/L","Jul",8.18
"4050","pH",2009-07-22,2009,"pH","Jul",7.03
"4051","Dissolved Oxygen",2009-07-22,2009,"mg/L","Jul",9.02
"4052","Temperature, water",2009-07-22,2009,"deg C","Jul",14.72
"4053","Temperature, water",2009-07-22,2009,"deg C","Jul",16.56
"4054","pH",2009-07-22,2009,"pH","Jul",6.94
"4055","Dissolved Oxygen",2009-07-22,2009,"mg/L","Jul",7.97
"4056","Temperature, water",2009-07-22,2009,"deg C","Jul",15.46
"4057","Dissolved Oxygen",2009-07-22,2009,"mg/L","Jul",8.87
"4058","Temperature, water",2009-07-22,2009,"deg C","Jul",15.51
"4059","pH",2009-07-22,2009,"pH","Jul",7.39
"4060","Dissolved Oxygen",2009-07-22,2009,"mg/L","Jul",9.6
"4061","pH",2009-07-22,2009,"pH","Jul",7.64
"4062","Dissolved Oxygen",2009-07-22,2009,"mg/L","Jul",9.12
"4063","Temperature, water",2009-07-22,2009,"deg C","Jul",9.91
"4064","pH",2009-07-22,2009,"pH","Jul",7.22
"4065","Dissolved Oxygen",2009-07-22,2009,"mg/L","Jul",8.12
"4066","pH",2009-07-22,2009,"pH","Jul",6.81
"4067","Temperature, water",2009-07-22,2009,"deg C","Jul",15.54
"4068","Dissolved Oxygen",2009-07-22,2009,"mg/L","Jul",9.05
"4069","Temperature, water",2009-07-22,2009,"deg C","Jul",14.77
"4070","pH",2009-07-22,2009,"pH","Jul",7.04
"4071","Temperature, water",2009-07-22,2009,"deg C","Jul",16.7
"4072","Dissolved Oxygen",2009-07-22,2009,"mg/L","Jul",8.03
"4073","pH",2009-07-22,2009,"pH","Jul",6.96
"4074","Temperature, water",2009-07-22,2009,"deg C","Jul",15.54
"4075","Dissolved Oxygen",2009-07-22,2009,"mg/L","Jul",8.93
"4076","Dissolved Oxygen",2009-07-22,2009,"mg/L","Jul",9.65
"4077","pH",2009-07-22,2009,"pH","Jul",7.66
"4078","Temperature, water",2009-07-22,2009,"deg C","Jul",9.94
"4079","pH",2009-07-22,2009,"pH","Jul",7.24
"4080","Temperature, water",2009-07-22,2009,"deg C","Jul",15.66
"4081","pH",2009-07-22,2009,"pH","Jul",6.82
"4082","Dissolved Oxygen",2009-07-22,2009,"mg/L","Jul",8.06
"4083","Temperature, water",2009-07-22,2009,"deg C","Jul",14.87
"4084","Dissolved Oxygen",2009-07-22,2009,"mg/L","Jul",9.08
"4085","pH",2009-07-22,2009,"pH","Jul",7.06
"4086","Temperature, water",2009-07-22,2009,"deg C","Jul",16.91
"4087","pH",2009-07-22,2009,"pH","Jul",6.98
"4088","Dissolved Oxygen",2009-07-22,2009,"mg/L","Jul",8.09
"4089","Dissolved Oxygen",2009-07-22,2009,"mg/L","Jul",9.65
"4090","Temperature, water",2009-07-22,2009,"deg C","Jul",9.96
"4091","pH",2009-07-22,2009,"pH","Jul",7.25
"4092","pH",2009-07-22,2009,"pH","Jul",6.82
"4093","Dissolved Oxygen",2009-07-22,2009,"mg/L","Jul",8.19
"4094","Temperature, water",2009-07-22,2009,"deg C","Jul",15.8
"4095","pH",2009-07-22,2009,"pH","Jul",7.07
"4096","Dissolved Oxygen",2009-07-22,2009,"mg/L","Jul",9.07
"4097","Temperature, water",2009-07-22,2009,"deg C","Jul",15.02
"4098","pH",2009-07-22,2009,"pH","Jul",7
"4099","Dissolved Oxygen",2009-07-22,2009,"mg/L","Jul",8.17
"4100","Temperature, water",2009-07-22,2009,"deg C","Jul",17.2
"4101","Dissolved Oxygen",2009-07-22,2009,"mg/L","Jul",9.64
"4102","Temperature, water",2009-07-22,2009,"deg C","Jul",9.99
"4103","pH",2009-07-22,2009,"pH","Jul",7.25
"4104","pH",2009-07-22,2009,"pH","Jul",6.82
"4105","Temperature, water",2009-07-22,2009,"deg C","Jul",15.95
"4106","Dissolved Oxygen",2009-07-22,2009,"mg/L","Jul",8.22
"4107","pH",2009-07-22,2009,"pH","Jul",7.03
"4108","Temperature, water",2009-07-22,2009,"deg C","Jul",15.17
"4109","Dissolved Oxygen",2009-07-22,2009,"mg/L","Jul",9.11
"4110","Temperature, water",2009-07-22,2009,"deg C","Jul",17.42
"4111","Dissolved Oxygen",2009-07-22,2009,"mg/L","Jul",8.23
"4112","pH",2009-07-22,2009,"pH","Jul",7.02
"4113","Dissolved Oxygen",2009-07-22,2009,"mg/L","Jul",9.69
"4114","Temperature, water",2009-07-22,2009,"deg C","Jul",10.04
"4115","pH",2009-07-22,2009,"pH","Jul",7.26
"4116","pH",2009-07-22,2009,"pH","Jul",6.83
"4117","Temperature, water",2009-07-22,2009,"deg C","Jul",16.1
"4118","Dissolved Oxygen",2009-07-22,2009,"mg/L","Jul",8.15
"4119","Dissolved Oxygen",2009-07-22,2009,"mg/L","Jul",9.66
"4120","Temperature, water",2009-07-22,2009,"deg C","Jul",10.12
"4121","pH",2009-07-22,2009,"pH","Jul",7.27
"4122","Temperature, water",2009-07-22,2009,"deg C","Jul",16.28
"4123","Dissolved Oxygen",2009-07-22,2009,"mg/L","Jul",8.23
"4124","pH",2009-07-22,2009,"pH","Jul",6.83
"4125","Dissolved Oxygen",2009-07-22,2009,"mg/L","Jul",9.67
"4126","Temperature, water",2009-07-22,2009,"deg C","Jul",10.22
"4127","pH",2009-07-22,2009,"pH","Jul",7.28
"4128","Dissolved Oxygen",2009-07-22,2009,"mg/L","Jul",9.66
"4129","pH",2009-07-22,2009,"pH","Jul",7.29
"4130","Temperature, water",2009-07-22,2009,"deg C","Jul",10.33
"4131","Dissolved Oxygen",2009-07-22,2009,"mg/L","Jul",9.66
"4132","Temperature, water",2009-07-22,2009,"deg C","Jul",10.45
"4133","pH",2009-07-22,2009,"pH","Jul",7.31
"4134","Dissolved Oxygen",2009-07-22,2009,"mg/L","Jul",9.64
"4135","pH",2014-07-22,2014,"pH","Jul",7.34
"4136","Temperature, water",2014-07-22,2014,"deg C","Jul",16.46
"4137","Dissolved Oxygen",2014-07-22,2014,"mg/L","Jul",8.73
"4138","pH",2014-07-22,2014,"pH","Jul",7.3
"4139","Temperature, water",2014-07-22,2014,"deg C","Jul",16.36
"4140","Dissolved Oxygen",2014-07-22,2014,"mg/L","Jul",9.48
"4141","pH",2014-07-22,2014,"pH","Jul",7.74
"4142","Temperature, water",2014-07-22,2014,"deg C","Jul",15.98
"4143","Dissolved Oxygen",2014-07-22,2014,"mg/L","Jul",9.5
"4144","pH",2014-07-22,2014,"pH","Jul",8.23
"4145","Temperature, water",2014-07-22,2014,"deg C","Jul",17.13
"4146","Dissolved Oxygen",2014-07-22,2014,"mg/L","Jul",10.24
"4147","pH",2014-07-22,2014,"pH","Jul",8.14
"4148","Temperature, water",2014-07-22,2014,"deg C","Jul",17.53
"4149","Dissolved Oxygen",2014-07-22,2014,"mg/L","Jul",9.91
"4150","pH",2016-07-25,2016,"pH","Jul",7.22
"4151","Temperature, water",2016-07-25,2016,"deg C","Jul",13.2
"4152","Dissolved Oxygen",2016-07-25,2016,"mg/L","Jul",7.91
"4153","pH",2016-07-25,2016,"pH","Jul",7.2
"4154","Temperature, water",2016-07-25,2016,"deg C","Jul",17.3
"4155","Dissolved Oxygen",2016-07-25,2016,"mg/L","Jul",7.69
"4156","Dissolved Oxygen",2002-07-30,2002,"mg/L","Jul",9.26
"4157","Temperature, water",2002-07-30,2002,"deg C","Jul",18.95
"4158","pH",2002-07-30,2002,"pH","Jul",7.55
"4159","Dissolved Oxygen",2002-07-30,2002,"mg/L","Jul",8.68
"4160","Temperature, water",2002-07-30,2002,"deg C","Jul",19.15
"4161","pH",2002-07-30,2002,"pH","Jul",6.99
"4162","pH",2002-07-30,2002,"pH","Jul",7.88
"4163","Dissolved Oxygen",2002-07-30,2002,"mg/L","Jul",9.15
"4164","Temperature, water",2002-07-30,2002,"deg C","Jul",20.58
"4165","Dissolved Oxygen",2002-07-30,2002,"mg/L","Jul",9.45
"4166","Temperature, water",2002-07-30,2002,"deg C","Jul",17.8
"4167","Dissolved Oxygen",2002-07-30,2002,"mg/L","Jul",8.85
"4168","pH",2002-07-30,2002,"pH","Jul",7.08
"4169","Dissolved Oxygen",2002-07-30,2002,"mg/L","Jul",10.08
"4170","Temperature, water",2002-07-30,2002,"deg C","Jul",21.95
"4171","pH",2002-07-30,2002,"pH","Jul",8.41
"4172","Dissolved Oxygen",2002-07-30,2002,"mg/L","Jul",9.8
"4173","pH",2002-07-30,2002,"pH","Jul",8.58
"4174","Dissolved Oxygen",2002-07-30,2002,"mg/L","Jul",9.6
"4175","Temperature, water",2002-07-30,2002,"deg C","Jul",22.77
"4176","Temperature, water",2002-07-30,2002,"deg C","Jul",23.89
"4177","pH",2002-07-30,2002,"pH","Jul",8.76
"4178","Dissolved Oxygen",2002-07-30,2002,"mg/L","Jul",9.78
"4179","Temperature, water",2022-08-01,2022,"deg C","Aug",17.83
"4180","pH",2022-08-01,2022,"pH","Aug",7.66
"4181","Dissolved Oxygen",2022-08-01,2022,"mg/L","Aug",9.5
"4182","Dissolved Oxygen",2023-08-01,2023,"mg/L","Aug",10.12
"4183","pH",2023-08-01,2023,"pH","Aug",6.9
"4184","Temperature, water",2023-08-01,2023,"deg C","Aug",15.33
"4185","pH",2014-08-05,2014,"pH","Aug",7.45
"4186","Temperature, water",2014-08-05,2014,"deg C","Aug",16.8
"4187","Dissolved Oxygen",2014-08-05,2014,"mg/L","Aug",7.85
"4188","pH",2014-08-05,2014,"pH","Aug",7.33
"4189","Temperature, water",2014-08-05,2014,"deg C","Aug",14.78
"4190","Dissolved Oxygen",2014-08-05,2014,"mg/L","Aug",8.67
"4191","pH",2014-08-05,2014,"pH","Aug",7.69
"4192","Temperature, water",2014-08-05,2014,"deg C","Aug",16.2
"4193","Dissolved Oxygen",2014-08-05,2014,"mg/L","Aug",8.64
"4194","pH",2014-08-05,2014,"pH","Aug",8.08
"4195","Temperature, water",2014-08-05,2014,"deg C","Aug",17.6
"4196","Dissolved Oxygen",2014-08-05,2014,"mg/L","Aug",9.15
"4197","pH",2014-08-05,2014,"pH","Aug",8.15
"4198","Temperature, water",2014-08-05,2014,"deg C","Aug",17.7
"4199","Dissolved Oxygen",2014-08-05,2014,"mg/L","Aug",9.15
"4200","pH",2014-08-05,2014,"pH","Aug",8.22
"4201","Temperature, water",2014-08-05,2014,"deg C","Aug",18.8
"4202","Dissolved Oxygen",2014-08-05,2014,"mg/L","Aug",9.28
"4203","Temperature, water",2002-08-06,2002,"deg C","Aug",16.1
"4204","Temperature, water",2002-08-06,2002,"deg C","Aug",17.3
"4205","Temperature, water",2002-08-06,2002,"deg C","Aug",14.9
"4206","Temperature, water",2002-08-06,2002,"deg C","Aug",15.3
"4207","Temperature, water",2002-08-06,2002,"deg C","Aug",12.8
"4208","Temperature, water",2002-08-06,2002,"deg C","Aug",13.2
"4209","Temperature, water",2002-08-06,2002,"deg C","Aug",11.3
"4210","Temperature, water",2002-08-06,2002,"deg C","Aug",11.2
"4211","Temperature, water",2002-08-06,2002,"deg C","Aug",16.5
"4212","Temperature, water",2002-08-06,2002,"deg C","Aug",16.2
"4213","Temperature, water",2002-08-06,2002,"deg C","Aug",16
"4214","Temperature, water",2002-08-06,2002,"deg C","Aug",15.8
"4215","pH",2019-08-06,2019,"pH","Aug",7.13
"4216","Temperature, water",2019-08-06,2019,"deg C","Aug",12.65
"4217","Dissolved Oxygen",2019-08-06,2019,"mg/L","Aug",9.72
"4218","pH",2019-08-06,2019,"pH","Aug",7.66
"4219","Temperature, water",2019-08-06,2019,"deg C","Aug",14.22
"4220","Dissolved Oxygen",2019-08-06,2019,"mg/L","Aug",9.65
"4221","pH",2012-08-08,2012,"pH","Aug",7.45
"4222","Temperature, water",2012-08-08,2012,"deg C","Aug",12.1
"4223","pH",2012-08-08,2012,"pH","Aug",7.58
"4224","Temperature, water",2012-08-08,2012,"deg C","Aug",13.4
"4225","Dissolved Oxygen",2012-08-08,2012,"mg/L","Aug",8.8
"4226","Temperature, water",2002-08-13,2002,"deg C","Aug",14.5
"4227","Dissolved Oxygen",2002-08-13,2002,"mg/L","Aug",9.51
"4228","pH",2002-08-13,2002,"pH","Aug",7.6
"4229","Dissolved Oxygen",2002-08-13,2002,"mg/L","Aug",9.58
"4230","Dissolved Oxygen",2002-08-13,2002,"mg/L","Aug",9.51
"4231","pH",2002-08-13,2002,"pH","Aug",7.89
"4232","Temperature, water",2002-08-13,2002,"deg C","Aug",14.47
"4233","pH",2002-08-13,2002,"pH","Aug",7.14
"4234","Dissolved Oxygen",2002-08-13,2002,"mg/L","Aug",8.27
"4235","Temperature, water",2002-08-13,2002,"deg C","Aug",16.5
"4236","Temperature, water",2002-08-13,2002,"deg C","Aug",14.66
"4237","pH",2002-08-13,2002,"pH","Aug",7.92
"4238","Dissolved Oxygen",2002-08-13,2002,"mg/L","Aug",9.53
"4239","Temperature, water",2002-08-13,2002,"deg C","Aug",14.89
"4240","pH",2002-08-13,2002,"pH","Aug",7.93
"4241","Dissolved Oxygen",2002-08-13,2002,"mg/L","Aug",9.57
"4242","pH",2002-08-13,2002,"pH","Aug",7.98
"4243","Dissolved Oxygen",2002-08-13,2002,"mg/L","Aug",9.54
"4244","Temperature, water",2002-08-13,2002,"deg C","Aug",15.13
"4245","Dissolved Oxygen",2002-08-13,2002,"mg/L","Aug",9.55
"4246","pH",2002-08-13,2002,"pH","Aug",7.99
"4247","Temperature, water",2002-08-13,2002,"deg C","Aug",15.4
"4248","Dissolved Oxygen",2002-08-13,2002,"mg/L","Aug",10.29
"4249","pH",2002-08-13,2002,"pH","Aug",8.03
"4250","Temperature, water",2002-08-13,2002,"deg C","Aug",16.45
"4251","pH",2002-08-13,2002,"pH","Aug",8.02
"4252","Temperature, water",2002-08-13,2002,"deg C","Aug",15.67
"4253","Dissolved Oxygen",2002-08-13,2002,"mg/L","Aug",9.52
"4254","Temperature, water",2002-08-13,2002,"deg C","Aug",18.21
"4255","pH",2002-08-13,2002,"pH","Aug",8.21
"4256","Dissolved Oxygen",2002-08-13,2002,"mg/L","Aug",9.98
"4257","pH",2002-08-13,2002,"pH","Aug",8.04
"4258","Dissolved Oxygen",2002-08-13,2002,"mg/L","Aug",9.47
"4259","Temperature, water",2002-08-13,2002,"deg C","Aug",15.95
"4260","pH",2002-08-13,2002,"pH","Aug",8.05
"4261","Temperature, water",2002-08-13,2002,"deg C","Aug",16.24
"4262","Dissolved Oxygen",2002-08-13,2002,"mg/L","Aug",9.43
"4263","Temperature, water",2002-08-13,2002,"deg C","Aug",16.54
"4264","Dissolved Oxygen",2002-08-13,2002,"mg/L","Aug",9.36
"4265","pH",2002-08-13,2002,"pH","Aug",8.07
"4266","Dissolved Oxygen",2002-08-13,2002,"mg/L","Aug",9.32
"4267","pH",2002-08-13,2002,"pH","Aug",8.08
"4268","Temperature, water",2002-08-13,2002,"deg C","Aug",16.87
"4269","pH",2002-08-13,2002,"pH","Aug",8.1
"4270","Temperature, water",2002-08-13,2002,"deg C","Aug",17.19
"4271","Dissolved Oxygen",2002-08-13,2002,"mg/L","Aug",9.24
"4272","Temperature, water",2002-08-13,2002,"deg C","Aug",17.53
"4273","pH",2002-08-13,2002,"pH","Aug",8.11
"4274","Dissolved Oxygen",2002-08-13,2002,"mg/L","Aug",9.19
"4275","Temperature, water",2002-08-13,2002,"deg C","Aug",17.86
"4276","Dissolved Oxygen",2002-08-13,2002,"mg/L","Aug",9.15
"4277","pH",2002-08-13,2002,"pH","Aug",8.12
"4278","Temperature, water",2002-08-13,2002,"deg C","Aug",18.19
"4279","Dissolved Oxygen",2002-08-13,2002,"mg/L","Aug",9.09
"4280","pH",2002-08-13,2002,"pH","Aug",8.16
"4281","pH",2002-08-13,2002,"pH","Aug",8.15
"4282","Temperature, water",2002-08-13,2002,"deg C","Aug",18.51
"4283","Dissolved Oxygen",2002-08-13,2002,"mg/L","Aug",9.03
"4284","pH",2002-08-13,2002,"pH","Aug",8.16
"4285","Temperature, water",2002-08-13,2002,"deg C","Aug",18.81
"4286","Dissolved Oxygen",2002-08-13,2002,"mg/L","Aug",9
"4287","Dissolved Oxygen",2002-08-13,2002,"mg/L","Aug",8.91
"4288","Temperature, water",2002-08-13,2002,"deg C","Aug",19.13
"4289","pH",2002-08-13,2002,"pH","Aug",8.18
"4290","Dissolved Oxygen",2002-08-13,2002,"mg/L","Aug",8.85
"4291","Temperature, water",2002-08-13,2002,"deg C","Aug",19.41
"4292","pH",2002-08-13,2002,"pH","Aug",8.18
"4293","Dissolved Oxygen",2002-08-13,2002,"mg/L","Aug",8.79
"4294","Temperature, water",2002-08-13,2002,"deg C","Aug",19.68
"4295","pH",2002-08-13,2002,"pH","Aug",8.17
"4296","Dissolved Oxygen",2002-08-13,2002,"mg/L","Aug",8.69
"4297","Temperature, water",2002-08-13,2002,"deg C","Aug",19.96
"4298","pH",2002-08-13,2002,"pH","Aug",8.18
"4299","Temperature, water",2002-08-13,2002,"deg C","Aug",20.22
"4300","Dissolved Oxygen",2002-08-13,2002,"mg/L","Aug",8.64
"4301","pH",2002-08-13,2002,"pH","Aug",8.2
"4302","pH",2002-08-13,2002,"pH","Aug",8.18
"4303","Temperature, water",2002-08-13,2002,"deg C","Aug",20.44
"4304","Dissolved Oxygen",2002-08-13,2002,"mg/L","Aug",8.61
"4305","Temperature, water",2002-08-13,2002,"deg C","Aug",20.65
"4306","Dissolved Oxygen",2002-08-13,2002,"mg/L","Aug",8.58
"4307","pH",2002-08-13,2002,"pH","Aug",8.17
"4308","Dissolved Oxygen",2002-08-13,2002,"mg/L","Aug",8.56
"4309","pH",2002-08-13,2002,"pH","Aug",8.17
"4310","Temperature, water",2002-08-13,2002,"deg C","Aug",20.83
"4311","Dissolved Oxygen",2002-08-13,2002,"mg/L","Aug",8.48
"4312","Temperature, water",2002-08-13,2002,"deg C","Aug",20.99
"4313","pH",2002-08-13,2002,"pH","Aug",8.16
"4314","pH",2002-08-13,2002,"pH","Aug",8.16
"4315","Temperature, water",2002-08-13,2002,"deg C","Aug",21.14
"4316","Dissolved Oxygen",2002-08-13,2002,"mg/L","Aug",8.43
"4317","Dissolved Oxygen",2002-08-13,2002,"mg/L","Aug",8.36
"4318","pH",2002-08-13,2002,"pH","Aug",8.14
"4319","Temperature, water",2002-08-13,2002,"deg C","Aug",21.26
"4320","Dissolved Oxygen",2002-08-13,2002,"mg/L","Aug",8.3
"4321","pH",2002-08-13,2002,"pH","Aug",8.15
"4322","Temperature, water",2002-08-13,2002,"deg C","Aug",21.37
"4323","Dissolved Oxygen",2002-08-13,2002,"mg/L","Aug",8.27
"4324","Temperature, water",2002-08-13,2002,"deg C","Aug",21.44
"4325","pH",2002-08-13,2002,"pH","Aug",8.12
"4326","Temperature, water",2002-08-13,2002,"deg C","Aug",21.48
"4327","Dissolved Oxygen",2002-08-13,2002,"mg/L","Aug",8.21
"4328","pH",2002-08-13,2002,"pH","Aug",8.1
"4329","Dissolved Oxygen",2002-08-13,2002,"mg/L","Aug",8.18
"4330","pH",2002-08-13,2002,"pH","Aug",8.08
"4331","Temperature, water",2002-08-13,2002,"deg C","Aug",21.5
"4332","Temperature, water",2002-08-13,2002,"deg C","Aug",21.51
"4333","Dissolved Oxygen",2002-08-13,2002,"mg/L","Aug",8.14
"4334","pH",2002-08-13,2002,"pH","Aug",8.05
"4335","Temperature, water",2002-08-13,2002,"deg C","Aug",21.5
"4336","Dissolved Oxygen",2002-08-13,2002,"mg/L","Aug",8.1
"4337","pH",2002-08-13,2002,"pH","Aug",8.03
"4338","Dissolved Oxygen",2002-08-13,2002,"mg/L","Aug",8.05
"4339","Temperature, water",2002-08-13,2002,"deg C","Aug",21.45
"4340","pH",2002-08-13,2002,"pH","Aug",8.01
"4341","Dissolved Oxygen",2002-08-13,2002,"mg/L","Aug",8.09
"4342","Temperature, water",2002-08-13,2002,"deg C","Aug",21.38
"4343","pH",2002-08-13,2002,"pH","Aug",7.98
"4344","Temperature, water",2002-08-13,2002,"deg C","Aug",21.28
"4345","pH",2002-08-13,2002,"pH","Aug",7.96
"4346","Dissolved Oxygen",2002-08-13,2002,"mg/L","Aug",8.06
"4347","pH",2002-08-13,2002,"pH","Aug",7.93
"4348","Temperature, water",2002-08-13,2002,"deg C","Aug",21.17
"4349","Dissolved Oxygen",2002-08-13,2002,"mg/L","Aug",8.01
"4350","pH",2002-08-13,2002,"pH","Aug",7.89
"4351","Temperature, water",2002-08-13,2002,"deg C","Aug",21.03
"4352","Dissolved Oxygen",2002-08-13,2002,"mg/L","Aug",7.95
"4353","pH",2002-08-13,2002,"pH","Aug",7.88
"4354","Dissolved Oxygen",2002-08-13,2002,"mg/L","Aug",7.98
"4355","Temperature, water",2002-08-13,2002,"deg C","Aug",20.86
"4356","Dissolved Oxygen",2002-08-13,2002,"mg/L","Aug",7.93
"4357","pH",2002-08-13,2002,"pH","Aug",7.84
"4358","Temperature, water",2002-08-13,2002,"deg C","Aug",20.68
"4359","Dissolved Oxygen",2002-08-13,2002,"mg/L","Aug",7.93
"4360","Temperature, water",2002-08-13,2002,"deg C","Aug",20.49
"4361","pH",2002-08-13,2002,"pH","Aug",7.81
"4362","Temperature, water",2002-08-13,2002,"deg C","Aug",20.29
"4363","Dissolved Oxygen",2002-08-13,2002,"mg/L","Aug",7.89
"4364","pH",2002-08-13,2002,"pH","Aug",7.78
"4365","pH",2002-08-13,2002,"pH","Aug",7.75
"4366","Temperature, water",2002-08-13,2002,"deg C","Aug",20.07
"4367","Dissolved Oxygen",2002-08-13,2002,"mg/L","Aug",7.88
"4368","Dissolved Oxygen",2002-08-13,2002,"mg/L","Aug",7.88
"4369","Temperature, water",2002-08-13,2002,"deg C","Aug",19.84
"4370","pH",2002-08-13,2002,"pH","Aug",7.72
"4371","Dissolved Oxygen",2002-08-13,2002,"mg/L","Aug",7.85
"4372","Temperature, water",2002-08-13,2002,"deg C","Aug",19.62
"4373","pH",2002-08-13,2002,"pH","Aug",7.7
"4374","pH",2002-08-13,2002,"pH","Aug",7.66
"4375","Temperature, water",2002-08-13,2002,"deg C","Aug",19.37
"4376","Dissolved Oxygen",2002-08-13,2002,"mg/L","Aug",7.87
"4377","Temperature, water",2002-08-13,2002,"deg C","Aug",19.13
"4378","pH",2002-08-13,2002,"pH","Aug",7.67
"4379","Dissolved Oxygen",2002-08-13,2002,"mg/L","Aug",7.87
"4380","Dissolved Oxygen",2002-08-13,2002,"mg/L","Aug",7.9
"4381","Temperature, water",2002-08-13,2002,"deg C","Aug",18.88
"4382","pH",2002-08-13,2002,"pH","Aug",7.65
"4383","Dissolved Oxygen",2002-08-13,2002,"mg/L","Aug",7.9
"4384","pH",2002-08-13,2002,"pH","Aug",7.65
"4385","Temperature, water",2002-08-13,2002,"deg C","Aug",18.65
"4386","Temperature, water",2002-08-13,2002,"deg C","Aug",18.44
"4387","Dissolved Oxygen",2002-08-13,2002,"mg/L","Aug",8
"4388","pH",2002-08-13,2002,"pH","Aug",7.64
"4389","Temperature, water",2002-08-13,2002,"deg C","Aug",18.22
"4390","pH",2002-08-13,2002,"pH","Aug",7.63
"4391","Dissolved Oxygen",2002-08-13,2002,"mg/L","Aug",7.99
"4392","pH",2002-08-13,2002,"pH","Aug",7.63
"4393","Dissolved Oxygen",2002-08-13,2002,"mg/L","Aug",8.07
"4394","Temperature, water",2002-08-13,2002,"deg C","Aug",18.02
"4395","Dissolved Oxygen",2002-08-13,2002,"mg/L","Aug",8.13
"4396","Temperature, water",2002-08-13,2002,"deg C","Aug",17.81
"4397","pH",2002-08-13,2002,"pH","Aug",7.63
"4398","pH",2002-08-13,2002,"pH","Aug",7.62
"4399","Temperature, water",2002-08-13,2002,"deg C","Aug",17.62
"4400","Dissolved Oxygen",2002-08-13,2002,"mg/L","Aug",8.15
"4401","Temperature, water",2002-08-13,2002,"deg C","Aug",17.43
"4402","Dissolved Oxygen",2002-08-13,2002,"mg/L","Aug",8.22
"4403","pH",2002-08-13,2002,"pH","Aug",7.63
"4404","pH",2002-08-13,2002,"pH","Aug",7.63
"4405","Dissolved Oxygen",2002-08-13,2002,"mg/L","Aug",8.24
"4406","Temperature, water",2002-08-13,2002,"deg C","Aug",17.24
"4407","pH",2002-08-13,2002,"pH","Aug",7.63
"4408","Dissolved Oxygen",2002-08-13,2002,"mg/L","Aug",8.29
"4409","Temperature, water",2002-08-13,2002,"deg C","Aug",17.06
"4410","Temperature, water",2002-08-13,2002,"deg C","Aug",16.88
"4411","Dissolved Oxygen",2002-08-13,2002,"mg/L","Aug",8.35
"4412","pH",2002-08-13,2002,"pH","Aug",7.63
"4413","pH",2002-08-13,2002,"pH","Aug",7.64
"4414","Temperature, water",2002-08-13,2002,"deg C","Aug",16.72
"4415","Dissolved Oxygen",2002-08-13,2002,"mg/L","Aug",8.35
"4416","pH",2002-08-13,2002,"pH","Aug",7.64
"4417","Dissolved Oxygen",2002-08-13,2002,"mg/L","Aug",8.32
"4418","Temperature, water",2002-08-13,2002,"deg C","Aug",16.55
"4419","Temperature, water",2002-08-14,2002,"deg C","Aug",16.39
"4420","pH",2002-08-14,2002,"pH","Aug",7.64
"4421","Dissolved Oxygen",2002-08-14,2002,"mg/L","Aug",8.38
"4422","Dissolved Oxygen",2002-08-14,2002,"mg/L","Aug",8.39
"4423","pH",2002-08-14,2002,"pH","Aug",7.64
"4424","Temperature, water",2002-08-14,2002,"deg C","Aug",16.24
"4425","pH",2002-08-14,2002,"pH","Aug",7.65
"4426","Temperature, water",2002-08-14,2002,"deg C","Aug",16.09
"4427","Dissolved Oxygen",2002-08-14,2002,"mg/L","Aug",8.41
"4428","Dissolved Oxygen",2002-08-14,2002,"mg/L","Aug",8.42
"4429","pH",2002-08-14,2002,"pH","Aug",7.64
"4430","Temperature, water",2002-08-14,2002,"deg C","Aug",15.95
"4431","pH",2002-08-14,2002,"pH","Aug",7.65
"4432","Dissolved Oxygen",2002-08-14,2002,"mg/L","Aug",8.47
"4433","Temperature, water",2002-08-14,2002,"deg C","Aug",15.8
"4434","pH",2002-08-14,2002,"pH","Aug",7.65
"4435","Temperature, water",2002-08-14,2002,"deg C","Aug",15.68
"4436","Dissolved Oxygen",2002-08-14,2002,"mg/L","Aug",8.49
"4437","Temperature, water",2002-08-14,2002,"deg C","Aug",15.55
"4438","pH",2002-08-14,2002,"pH","Aug",7.65
"4439","Dissolved Oxygen",2002-08-14,2002,"mg/L","Aug",8.52
"4440","Dissolved Oxygen",2002-08-14,2002,"mg/L","Aug",8.49
"4441","Temperature, water",2002-08-14,2002,"deg C","Aug",15.45
"4442","pH",2002-08-14,2002,"pH","Aug",7.65
"4443","Dissolved Oxygen",2002-08-14,2002,"mg/L","Aug",8.57
"4444","Temperature, water",2002-08-14,2002,"deg C","Aug",15.34
"4445","pH",2002-08-14,2002,"pH","Aug",7.65
"4446","Temperature, water",2002-08-14,2002,"deg C","Aug",15.24
"4447","pH",2002-08-14,2002,"pH","Aug",7.65
"4448","Dissolved Oxygen",2002-08-14,2002,"mg/L","Aug",8.63
"4449","Temperature, water",2002-08-14,2002,"deg C","Aug",15.13
"4450","Dissolved Oxygen",2002-08-14,2002,"mg/L","Aug",8.59
"4451","pH",2002-08-14,2002,"pH","Aug",7.65
"4452","pH",2002-08-14,2002,"pH","Aug",7.65
"4453","Dissolved Oxygen",2002-08-14,2002,"mg/L","Aug",8.62
"4454","Temperature, water",2002-08-14,2002,"deg C","Aug",15.01
"4455","Temperature, water",2002-08-14,2002,"deg C","Aug",14.92
"4456","Dissolved Oxygen",2002-08-14,2002,"mg/L","Aug",8.63
"4457","pH",2002-08-14,2002,"pH","Aug",7.65
"4458","pH",2002-08-14,2002,"pH","Aug",7.64
"4459","Dissolved Oxygen",2002-08-14,2002,"mg/L","Aug",8.65
"4460","Temperature, water",2002-08-14,2002,"deg C","Aug",14.82
"4461","Temperature, water",2002-08-14,2002,"deg C","Aug",14.76
"4462","Dissolved Oxygen",2002-08-14,2002,"mg/L","Aug",8.67
"4463","pH",2002-08-14,2002,"pH","Aug",7.64
"4464","pH",2002-08-14,2002,"pH","Aug",7.66
"4465","Dissolved Oxygen",2002-08-14,2002,"mg/L","Aug",8.73
"4466","Temperature, water",2002-08-14,2002,"deg C","Aug",14.73
"4467","pH",2002-08-14,2002,"pH","Aug",7.65
"4468","Temperature, water",2002-08-14,2002,"deg C","Aug",14.68
"4469","Dissolved Oxygen",2002-08-14,2002,"mg/L","Aug",8.72
"4470","Temperature, water",2002-08-14,2002,"deg C","Aug",14.65
"4471","Dissolved Oxygen",2002-08-14,2002,"mg/L","Aug",8.79
"4472","pH",2002-08-14,2002,"pH","Aug",7.65
"4473","Dissolved Oxygen",2002-08-14,2002,"mg/L","Aug",8.77
"4474","pH",2002-08-14,2002,"pH","Aug",7.64
"4475","Temperature, water",2002-08-14,2002,"deg C","Aug",14.62
"4476","Dissolved Oxygen",2002-08-14,2002,"mg/L","Aug",8.76
"4477","pH",2002-08-14,2002,"pH","Aug",7.65
"4478","Temperature, water",2002-08-14,2002,"deg C","Aug",14.58
"4479","Temperature, water",2002-08-14,2002,"deg C","Aug",14.54
"4480","pH",2002-08-14,2002,"pH","Aug",7.65
"4481","Dissolved Oxygen",2002-08-14,2002,"mg/L","Aug",8.81
"4482","Dissolved Oxygen",2002-08-14,2002,"mg/L","Aug",8.81
"4483","Temperature, water",2002-08-14,2002,"deg C","Aug",14.51
"4484","pH",2002-08-14,2002,"pH","Aug",7.66
"4485","Temperature, water",2002-08-14,2002,"deg C","Aug",14.48
"4486","Dissolved Oxygen",2002-08-14,2002,"mg/L","Aug",8.82
"4487","pH",2002-08-14,2002,"pH","Aug",7.65
"4488","Temperature, water",2002-08-14,2002,"deg C","Aug",14.45
"4489","pH",2002-08-14,2002,"pH","Aug",7.65
"4490","Dissolved Oxygen",2002-08-14,2002,"mg/L","Aug",8.85
"4491","pH",2002-08-14,2002,"pH","Aug",7.65
"4492","Dissolved Oxygen",2002-08-14,2002,"mg/L","Aug",8.88
"4493","Temperature, water",2002-08-14,2002,"deg C","Aug",14.43
"4494","Dissolved Oxygen",2002-08-14,2002,"mg/L","Aug",8.91
"4495","pH",2002-08-14,2002,"pH","Aug",7.65
"4496","Temperature, water",2002-08-14,2002,"deg C","Aug",14.39
"4497","pH",2002-08-14,2002,"pH","Aug",7.66
"4498","Dissolved Oxygen",2002-08-14,2002,"mg/L","Aug",8.94
"4499","Temperature, water",2002-08-14,2002,"deg C","Aug",14.36
"4500","Temperature, water",2002-08-14,2002,"deg C","Aug",14.33
"4501","pH",2002-08-14,2002,"pH","Aug",7.67
"4502","Dissolved Oxygen",2002-08-14,2002,"mg/L","Aug",8.97
"4503","Temperature, water",2002-08-14,2002,"deg C","Aug",14.32
"4504","Dissolved Oxygen",2002-08-14,2002,"mg/L","Aug",9.03
"4505","pH",2002-08-14,2002,"pH","Aug",7.68
"4506","pH",2002-08-14,2002,"pH","Aug",7.7
"4507","Temperature, water",2002-08-14,2002,"deg C","Aug",14.32
"4508","Dissolved Oxygen",2002-08-14,2002,"mg/L","Aug",9.07
"4509","Dissolved Oxygen",2002-08-14,2002,"mg/L","Aug",9.13
"4510","Temperature, water",2002-08-14,2002,"deg C","Aug",14.33
"4511","pH",2002-08-14,2002,"pH","Aug",7.72
"4512","Temperature, water",2002-08-14,2002,"deg C","Aug",14.39
"4513","Dissolved Oxygen",2002-08-14,2002,"mg/L","Aug",9.17
"4514","pH",2002-08-14,2002,"pH","Aug",7.76
"4515","pH",2002-08-14,2002,"pH","Aug",7.81
"4516","Dissolved Oxygen",2002-08-14,2002,"mg/L","Aug",9.25
"4517","Temperature, water",2002-08-14,2002,"deg C","Aug",14.46
"4518","pH",2002-08-14,2002,"pH","Aug",7.82
"4519","Temperature, water",2002-08-14,2002,"deg C","Aug",14.54
"4520","Dissolved Oxygen",2002-08-14,2002,"mg/L","Aug",9.31
"4521","Dissolved Oxygen",2002-08-14,2002,"mg/L","Aug",9.35
"4522","Temperature, water",2002-08-14,2002,"deg C","Aug",14.63
"4523","pH",2002-08-14,2002,"pH","Aug",7.83
"4524","Dissolved Oxygen",2002-08-14,2002,"mg/L","Aug",9.37
"4525","Temperature, water",2002-08-14,2002,"deg C","Aug",14.76
"4526","pH",2002-08-14,2002,"pH","Aug",7.84
"4527","Temperature, water",2002-08-14,2002,"deg C","Aug",14.9
"4528","Dissolved Oxygen",2002-08-14,2002,"mg/L","Aug",9.41
"4529","pH",2002-08-14,2002,"pH","Aug",7.87
"4530","Temperature, water",2002-08-14,2002,"deg C","Aug",15.09
"4531","pH",2002-08-14,2002,"pH","Aug",7.89
"4532","Dissolved Oxygen",2002-08-14,2002,"mg/L","Aug",9.38
"4533","Temperature, water",2002-08-14,2002,"deg C","Aug",15.3
"4534","pH",2002-08-14,2002,"pH","Aug",7.92
"4535","Dissolved Oxygen",2002-08-14,2002,"mg/L","Aug",9.4
"4536","Temperature, water",2002-08-14,2002,"deg C","Aug",15.54
"4537","pH",2002-08-14,2002,"pH","Aug",7.95
"4538","Dissolved Oxygen",2002-08-14,2002,"mg/L","Aug",9.4
"4539","Dissolved Oxygen",2002-08-14,2002,"mg/L","Aug",9.4
"4540","pH",2002-08-14,2002,"pH","Aug",7.79
"4541","Temperature, water",2002-08-14,2002,"deg C","Aug",15.87
"4542","Dissolved Oxygen",2002-08-14,2002,"mg/L","Aug",9.29
"4543","Dissolved Oxygen",2002-08-14,2002,"mg/L","Aug",9.4
"4544","Temperature, water",2002-08-14,2002,"deg C","Aug",15.8
"4545","pH",2002-08-14,2002,"pH","Aug",7.98
"4546","pH",2014-08-19,2014,"pH","Aug",7.44
"4547","Temperature, water",2014-08-19,2014,"deg C","Aug",16.15
"4548","Dissolved Oxygen",2014-08-19,2014,"mg/L","Aug",8.55
"4549","pH",2014-08-19,2014,"pH","Aug",7.49
"4550","Temperature, water",2014-08-19,2014,"deg C","Aug",16.61
"4551","Dissolved Oxygen",2014-08-19,2014,"mg/L","Aug",9.2
"4552","pH",2014-08-19,2014,"pH","Aug",7.7
"4553","Temperature, water",2014-08-19,2014,"deg C","Aug",15.59
"4554","Dissolved Oxygen",2014-08-19,2014,"mg/L","Aug",9.32
"4555","pH",2014-08-19,2014,"pH","Aug",8.32
"4556","Temperature, water",2014-08-19,2014,"deg C","Aug",17.26
"4557","Dissolved Oxygen",2014-08-19,2014,"mg/L","Aug",10.29
"4558","pH",2014-08-19,2014,"pH","Aug",8.5
"4559","Temperature, water",2014-08-19,2014,"deg C","Aug",18
"4560","Dissolved Oxygen",2014-08-19,2014,"mg/L","Aug",10.57
"4561","pH",2016-08-23,2016,"pH","Aug",8.65
"4562","Temperature, water",2016-08-23,2016,"deg C","Aug",18.6
"4563","Dissolved Oxygen",2016-08-23,2016,"mg/L","Aug",10.25
"4564","pH",2016-08-23,2016,"pH","Aug",8.66
"4565","Temperature, water",2016-08-23,2016,"deg C","Aug",18.6
"4566","Dissolved Oxygen",2016-08-23,2016,"mg/L","Aug",9.67
"4567","pH",2009-08-24,2009,"pH","Aug",8.56
"4568","Temperature, water",2009-08-24,2009,"deg C","Aug",19.41
"4569","Dissolved Oxygen",2009-08-24,2009,"mg/L","Aug",10.08
"4570","pH",2009-08-24,2009,"pH","Aug",8.56
"4571","Dissolved Oxygen",2009-08-24,2009,"mg/L","Aug",10.07
"4572","Temperature, water",2009-08-24,2009,"deg C","Aug",19.53
"4573","Temperature, water",2009-08-24,2009,"deg C","Aug",19.54
"4574","Dissolved Oxygen",2009-08-24,2009,"mg/L","Aug",9.66
"4575","pH",2009-08-24,2009,"pH","Aug",8.37
"4576","pH",2009-08-24,2009,"pH","Aug",8.56
"4577","Temperature, water",2009-08-24,2009,"deg C","Aug",19.67
"4578","Dissolved Oxygen",2009-08-24,2009,"mg/L","Aug",10.02
"4579","Dissolved Oxygen",2009-08-24,2009,"mg/L","Aug",9.63
"4580","pH",2009-08-24,2009,"pH","Aug",8.35
"4581","Temperature, water",2009-08-24,2009,"deg C","Aug",19.68
"4582","Temperature, water",2009-08-24,2009,"deg C","Aug",19.79
"4583","Dissolved Oxygen",2009-08-24,2009,"mg/L","Aug",9.94
"4584","pH",2009-08-24,2009,"pH","Aug",8.55
"4585","Temperature, water",2009-08-24,2009,"deg C","Aug",19.78
"4586","Dissolved Oxygen",2009-08-24,2009,"mg/L","Aug",9.57
"4587","pH",2009-08-24,2009,"pH","Aug",8.33
"4588","Dissolved Oxygen",2009-08-24,2009,"mg/L","Aug",9.87
"4589","pH",2009-08-24,2009,"pH","Aug",8.54
"4590","Temperature, water",2009-08-24,2009,"deg C","Aug",19.88
"4591","pH",2009-08-24,2009,"pH","Aug",7.22
"4592","Temperature, water",2009-08-24,2009,"deg C","Aug",18.54
"4593","Temperature, water",2009-08-24,2009,"deg C","Aug",19.85
"4594","pH",2009-08-24,2009,"pH","Aug",8.31
"4595","Dissolved Oxygen",2009-08-24,2009,"mg/L","Aug",9.52
"4596","Dissolved Oxygen",2009-08-24,2009,"mg/L","Aug",9.86
"4597","pH",2009-08-24,2009,"pH","Aug",8.54
"4598","Temperature, water",2009-08-24,2009,"deg C","Aug",19.93
"4599","Dissolved Oxygen",2009-08-24,2009,"mg/L","Aug",8.39
"4600","Temperature, water",2009-08-24,2009,"deg C","Aug",18.52
"4601","pH",2009-08-24,2009,"pH","Aug",7.22
"4602","Temperature, water",2009-08-24,2009,"deg C","Aug",18.69
"4603","Dissolved Oxygen",2009-08-24,2009,"mg/L","Aug",9.92
"4604","pH",2009-08-24,2009,"pH","Aug",7
"4605","pH",2009-08-24,2009,"pH","Aug",8.3
"4606","Dissolved Oxygen",2009-08-24,2009,"mg/L","Aug",9.43
"4607","Temperature, water",2009-08-24,2009,"deg C","Aug",19.88
"4608","Temperature, water",2009-08-24,2009,"deg C","Aug",19.95
"4609","pH",2009-08-24,2009,"pH","Aug",8.53
"4610","Dissolved Oxygen",2009-08-24,2009,"mg/L","Aug",9.79
"4611","Dissolved Oxygen",2009-08-24,2009,"mg/L","Aug",6.07
"4612","pH",2009-08-24,2009,"pH","Aug",7.21
"4613","Temperature, water",2009-08-24,2009,"deg C","Aug",18.51
"4614","Dissolved Oxygen",2009-08-24,2009,"mg/L","Aug",9.88
"4615","pH",2009-08-24,2009,"pH","Aug",6.97
"4616","Temperature, water",2009-08-24,2009,"deg C","Aug",18.61
"4617","pH",2009-08-24,2009,"pH","Aug",8.27
"4618","Temperature, water",2009-08-24,2009,"deg C","Aug",19.87
"4619","Dissolved Oxygen",2009-08-24,2009,"mg/L","Aug",9.37
"4620","pH",2009-08-24,2009,"pH","Aug",8.5
"4621","Temperature, water",2009-08-24,2009,"deg C","Aug",19.95
"4622","Dissolved Oxygen",2009-08-24,2009,"mg/L","Aug",9.71
"4623","Dissolved Oxygen",2009-08-24,2009,"mg/L","Aug",4.18
"4624","pH",2009-08-24,2009,"pH","Aug",7.2
"4625","Temperature, water",2009-08-24,2009,"deg C","Aug",18.5
"4626","pH",2009-08-24,2009,"pH","Aug",6.95
"4627","Temperature, water",2009-08-24,2009,"deg C","Aug",18.54
"4628","Dissolved Oxygen",2009-08-24,2009,"mg/L","Aug",9.81
"4629","Dissolved Oxygen",2009-08-24,2009,"mg/L","Aug",9.28
"4630","Temperature, water",2009-08-24,2009,"deg C","Aug",19.85
"4631","pH",2009-08-24,2009,"pH","Aug",8.25
"4632","Temperature, water",2009-08-24,2009,"deg C","Aug",19.93
"4633","pH",2009-08-24,2009,"pH","Aug",8.47
"4634","Dissolved Oxygen",2009-08-24,2009,"mg/L","Aug",9.62
"4635","Dissolved Oxygen",2009-08-24,2009,"mg/L","Aug",3.25
"4636","Temperature, water",2009-08-24,2009,"deg C","Aug",11.58
"4637","Dissolved Oxygen",2009-08-24,2009,"mg/L","Aug",9.35
"4638","pH",2009-08-24,2009,"pH","Aug",7.27
"4639","pH",2009-08-24,2009,"pH","Aug",7.18
"4640","Temperature, water",2009-08-24,2009,"deg C","Aug",18.51
"4641","pH",2009-08-24,2009,"pH","Aug",6.93
"4642","Dissolved Oxygen",2009-08-24,2009,"mg/L","Aug",9.68
"4643","Temperature, water",2009-08-24,2009,"deg C","Aug",18.39
"4644","Dissolved Oxygen",2009-08-24,2009,"mg/L","Aug",9.2
"4645","pH",2009-08-24,2009,"pH","Aug",8.22
"4646","Temperature, water",2009-08-24,2009,"deg C","Aug",19.8
"4647","pH",2009-08-24,2009,"pH","Aug",8.44
"4648","Dissolved Oxygen",2009-08-24,2009,"mg/L","Aug",9.54
"4649","Temperature, water",2009-08-24,2009,"deg C","Aug",19.88
"4650","Dissolved Oxygen",2009-08-24,2009,"mg/L","Aug",2.64
"4651","Dissolved Oxygen",2009-08-24,2009,"mg/L","Aug",9.25
"4652","pH",2009-08-24,2009,"pH","Aug",7.23
"4653","Temperature, water",2009-08-24,2009,"deg C","Aug",11.46
"4654","Temperature, water",2009-08-24,2009,"deg C","Aug",18.49
"4655","pH",2009-08-24,2009,"pH","Aug",7.17
"4656","Temperature, water",2009-08-24,2009,"deg C","Aug",18.2
"4657","Dissolved Oxygen",2009-08-24,2009,"mg/L","Aug",9.42
"4658","pH",2009-08-24,2009,"pH","Aug",6.88
"4659","Temperature, water",2009-08-24,2009,"deg C","Aug",19.7
"4660","pH",2009-08-24,2009,"pH","Aug",8.16
"4661","Dissolved Oxygen",2009-08-24,2009,"mg/L","Aug",9.1
"4662","Dissolved Oxygen",2009-08-24,2009,"mg/L","Aug",9.45
"4663","Temperature, water",2009-08-24,2009,"deg C","Aug",19.82
"4664","pH",2009-08-24,2009,"pH","Aug",8.4
"4665","Dissolved Oxygen",2009-08-24,2009,"mg/L","Aug",2.36
"4666","pH",2009-08-24,2009,"pH","Aug",7.23
"4667","Dissolved Oxygen",2009-08-24,2009,"mg/L","Aug",9.29
"4668","Temperature, water",2009-08-24,2009,"deg C","Aug",11.4
"4669","Temperature, water",2009-08-24,2009,"deg C","Aug",18.48
"4670","pH",2009-08-24,2009,"pH","Aug",7.15
"4671","pH",2009-08-24,2009,"pH","Aug",6.87
"4672","Temperature, water",2009-08-24,2009,"deg C","Aug",18.04
"4673","Dissolved Oxygen",2009-08-24,2009,"mg/L","Aug",9.25
"4674","Temperature, water",2009-08-24,2009,"deg C","Aug",19.6
"4675","Dissolved Oxygen",2009-08-24,2009,"mg/L","Aug",8.96
"4676","pH",2009-08-24,2009,"pH","Aug",8.11
"4677","pH",2009-08-24,2009,"pH","Aug",8.35
"4678","Dissolved Oxygen",2009-08-24,2009,"mg/L","Aug",9.34
"4679","Temperature, water",2009-08-24,2009,"deg C","Aug",19.74
"4680","Dissolved Oxygen",2009-08-24,2009,"mg/L","Aug",2.17
"4681","Temperature, water",2009-08-24,2009,"deg C","Aug",11.32
"4682","pH",2009-08-24,2009,"pH","Aug",7.22
"4683","Dissolved Oxygen",2009-08-24,2009,"mg/L","Aug",9.28
"4684","pH",2009-08-24,2009,"pH","Aug",6.97
"4685","Temperature, water",2009-08-24,2009,"deg C","Aug",17.67
"4686","pH",2009-08-24,2009,"pH","Aug",7.14
"4687","Temperature, water",2009-08-24,2009,"deg C","Aug",18.42
"4688","pH",2009-08-24,2009,"pH","Aug",6.87
"4689","Dissolved Oxygen",2009-08-24,2009,"mg/L","Aug",9.13
"4690","Temperature, water",2009-08-24,2009,"deg C","Aug",17.91
"4691","pH",2009-08-24,2009,"pH","Aug",8.05
"4692","Dissolved Oxygen",2009-08-24,2009,"mg/L","Aug",8.81
"4693","Temperature, water",2009-08-24,2009,"deg C","Aug",19.48
"4694","pH",2009-08-24,2009,"pH","Aug",8.29
"4695","Temperature, water",2009-08-24,2009,"deg C","Aug",19.62
"4696","Dissolved Oxygen",2009-08-24,2009,"mg/L","Aug",9.27
"4697","Dissolved Oxygen",2009-08-24,2009,"mg/L","Aug",7.99
"4698","Dissolved Oxygen",2009-08-24,2009,"mg/L","Aug",2.06
"4699","Dissolved Oxygen",2009-08-24,2009,"mg/L","Aug",9.37
"4700","Temperature, water",2009-08-24,2009,"deg C","Aug",11.27
"4701","pH",2009-08-24,2009,"pH","Aug",7.22
"4702","pH",2009-08-24,2009,"pH","Aug",6.96
"4703","Temperature, water",2009-08-24,2009,"deg C","Aug",17.51
"4704","pH",2009-08-24,2009,"pH","Aug",7.12
"4705","Temperature, water",2009-08-24,2009,"deg C","Aug",18.38
"4706","Dissolved Oxygen",2009-08-24,2009,"mg/L","Aug",8.98
"4707","Temperature, water",2009-08-24,2009,"deg C","Aug",17.77
"4708","pH",2009-08-24,2009,"pH","Aug",6.86
"4709","Dissolved Oxygen",2009-08-24,2009,"mg/L","Aug",8.71
"4710","Temperature, water",2009-08-24,2009,"deg C","Aug",19.34
"4711","pH",2009-08-24,2009,"pH","Aug",7.97
"4712","pH",2009-08-24,2009,"pH","Aug",8.21
"4713","Temperature, water",2009-08-24,2009,"deg C","Aug",19.48
"4714","Dissolved Oxygen",2009-08-24,2009,"mg/L","Aug",9.13
"4715","Dissolved Oxygen",2009-08-24,2009,"mg/L","Aug",7.97
"4716","Dissolved Oxygen",2009-08-24,2009,"mg/L","Aug",1.97
"4717","Temperature, water",2009-08-24,2009,"deg C","Aug",11.2
"4718","Dissolved Oxygen",2009-08-24,2009,"mg/L","Aug",9.33
"4719","pH",2009-08-24,2009,"pH","Aug",7.23
"4720","pH",2009-08-24,2009,"pH","Aug",6.94
"4721","Temperature, water",2009-08-24,2009,"deg C","Aug",17.34
"4722","Temperature, water",2009-08-24,2009,"deg C","Aug",18.29
"4723","pH",2009-08-24,2009,"pH","Aug",7.09
"4724","Dissolved Oxygen",2009-08-24,2009,"mg/L","Aug",8.78
"4725","pH",2009-08-24,2009,"pH","Aug",6.85
"4726","Temperature, water",2009-08-24,2009,"deg C","Aug",17.62
"4727","pH",2009-08-24,2009,"pH","Aug",7.88
"4728","Temperature, water",2009-08-24,2009,"deg C","Aug",19.17
"4729","Dissolved Oxygen",2009-08-24,2009,"mg/L","Aug",8.53
"4730","Temperature, water",2009-08-24,2009,"deg C","Aug",19.3
"4731","pH",2009-08-24,2009,"pH","Aug",8.11
"4732","Dissolved Oxygen",2009-08-24,2009,"mg/L","Aug",8.95
"4733","Dissolved Oxygen",2009-08-24,2009,"mg/L","Aug",8
"4734","Dissolved Oxygen",2009-08-24,2009,"mg/L","Aug",1.93
"4735","Dissolved Oxygen",2009-08-24,2009,"mg/L","Aug",9.32
"4736","pH",2009-08-24,2009,"pH","Aug",7.22
"4737","Temperature, water",2009-08-24,2009,"deg C","Aug",11.14
"4738","Temperature, water",2009-08-24,2009,"deg C","Aug",17.15
"4739","pH",2009-08-24,2009,"pH","Aug",6.93
"4740","pH",2009-08-24,2009,"pH","Aug",7.07
"4741","Temperature, water",2009-08-24,2009,"deg C","Aug",18.18
"4742","pH",2009-08-24,2009,"pH","Aug",6.83
"4743","Temperature, water",2009-08-24,2009,"deg C","Aug",17.45
"4744","Dissolved Oxygen",2009-08-24,2009,"mg/L","Aug",8.59
"4745","Temperature, water",2009-08-24,2009,"deg C","Aug",18.99
"4746","pH",2009-08-24,2009,"pH","Aug",7.77
"4747","Dissolved Oxygen",2009-08-24,2009,"mg/L","Aug",8.39
"4748","Temperature, water",2009-08-24,2009,"deg C","Aug",19.11
"4749","pH",2009-08-24,2009,"pH","Aug",7.98
"4750","Dissolved Oxygen",2009-08-24,2009,"mg/L","Aug",8.8
"4751","Dissolved Oxygen",2009-08-24,2009,"mg/L","Aug",8.01
"4752","Dissolved Oxygen",2009-08-24,2009,"mg/L","Aug",1.9
"4753","Temperature, water",2009-08-24,2009,"deg C","Aug",11.07
"4754","Dissolved Oxygen",2009-08-24,2009,"mg/L","Aug",9.36
"4755","pH",2009-08-24,2009,"pH","Aug",7.21
"4756","pH",2009-08-24,2009,"pH","Aug",6.93
"4757","Temperature, water",2009-08-24,2009,"deg C","Aug",16.97
"4758","pH",2009-08-24,2009,"pH","Aug",7.04
"4759","Temperature, water",2009-08-24,2009,"deg C","Aug",18.04
"4760","pH",2009-08-24,2009,"pH","Aug",6.82
"4761","Dissolved Oxygen",2009-08-24,2009,"mg/L","Aug",8.36
"4762","Temperature, water",2009-08-24,2009,"deg C","Aug",17.28
"4763","Temperature, water",2009-08-24,2009,"deg C","Aug",18.81
"4764","pH",2009-08-24,2009,"pH","Aug",7.65
"4765","Dissolved Oxygen",2009-08-24,2009,"mg/L","Aug",8.24
"4766","pH",2009-08-24,2009,"pH","Aug",7.85
"4767","Dissolved Oxygen",2009-08-24,2009,"mg/L","Aug",8.61
"4768","Temperature, water",2009-08-24,2009,"deg C","Aug",18.94
"4769","Dissolved Oxygen",2009-08-24,2009,"mg/L","Aug",8.01
"4770","Dissolved Oxygen",2009-08-24,2009,"mg/L","Aug",1.89
"4771","Dissolved Oxygen",2009-08-24,2009,"mg/L","Aug",9.38
"4772","pH",2009-08-24,2009,"pH","Aug",7.21
"4773","Temperature, water",2009-08-24,2009,"deg C","Aug",10.99
"4774","Temperature, water",2009-08-24,2009,"deg C","Aug",16.82
"4775","pH",2009-08-24,2009,"pH","Aug",6.91
"4776","pH",2009-08-24,2009,"pH","Aug",7.01
"4777","Temperature, water",2009-08-24,2009,"deg C","Aug",17.9
"4778","Temperature, water",2009-08-24,2009,"deg C","Aug",17.09
"4779","Dissolved Oxygen",2009-08-24,2009,"mg/L","Aug",8.08
"4780","pH",2009-08-24,2009,"pH","Aug",6.81
"4781","Temperature, water",2009-08-24,2009,"deg C","Aug",18.63
"4782","pH",2009-08-24,2009,"pH","Aug",7.55
"4783","Dissolved Oxygen",2009-08-24,2009,"mg/L","Aug",8.06
"4784","pH",2009-08-24,2009,"pH","Aug",7.73
"4785","Dissolved Oxygen",2009-08-24,2009,"mg/L","Aug",8.46
"4786","Temperature, water",2009-08-24,2009,"deg C","Aug",18.75
"4787","Dissolved Oxygen",2009-08-24,2009,"mg/L","Aug",8.04
"4788","Dissolved Oxygen",2009-08-24,2009,"mg/L","Aug",1.85
"4789","pH",2009-08-24,2009,"pH","Aug",7.21
"4790","Temperature, water",2009-08-24,2009,"deg C","Aug",10.92
"4791","Dissolved Oxygen",2009-08-24,2009,"mg/L","Aug",9.34
"4792","Temperature, water",2009-08-24,2009,"deg C","Aug",16.68
"4793","pH",2009-08-24,2009,"pH","Aug",6.91
"4794","pH",2009-08-24,2009,"pH","Aug",6.98
"4795","Temperature, water",2009-08-24,2009,"deg C","Aug",17.75
"4796","Dissolved Oxygen",2009-08-24,2009,"mg/L","Aug",7.84
"4797","pH",2009-08-24,2009,"pH","Aug",6.8
"4798","Temperature, water",2009-08-24,2009,"deg C","Aug",16.93
"4799","Dissolved Oxygen",2009-08-24,2009,"mg/L","Aug",8.01
"4800","pH",2009-08-24,2009,"pH","Aug",7.46
"4801","Temperature, water",2009-08-24,2009,"deg C","Aug",18.46
"4802","Dissolved Oxygen",2009-08-24,2009,"mg/L","Aug",8.37
"4803","Temperature, water",2009-08-24,2009,"deg C","Aug",18.58
"4804","pH",2009-08-24,2009,"pH","Aug",7.65
"4805","Dissolved Oxygen",2009-08-24,2009,"mg/L","Aug",8.02
"4806","Dissolved Oxygen",2009-08-24,2009,"mg/L","Aug",1.83
"4807","pH",2009-08-24,2009,"pH","Aug",7.21
"4808","Temperature, water",2009-08-24,2009,"deg C","Aug",10.86
"4809","Dissolved Oxygen",2009-08-24,2009,"mg/L","Aug",9.33
"4810","Temperature, water",2009-08-24,2009,"deg C","Aug",16.56
"4811","pH",2009-08-24,2009,"pH","Aug",6.9
"4812","pH",2009-08-24,2009,"pH","Aug",6.95
"4813","Temperature, water",2009-08-24,2009,"deg C","Aug",17.58
"4814","Dissolved Oxygen",2009-08-24,2009,"mg/L","Aug",7.65
"4815","pH",2009-08-24,2009,"pH","Aug",6.79
"4816","Temperature, water",2009-08-24,2009,"deg C","Aug",16.77
"4817","Temperature, water",2009-08-24,2009,"deg C","Aug",18.3
"4818","pH",2009-08-24,2009,"pH","Aug",7.4
"4819","Dissolved Oxygen",2009-08-24,2009,"mg/L","Aug",7.89
"4820","Dissolved Oxygen",2009-08-24,2009,"mg/L","Aug",8.29
"4821","pH",2009-08-24,2009,"pH","Aug",7.57
"4822","Temperature, water",2009-08-24,2009,"deg C","Aug",18.43
"4823","Dissolved Oxygen",2009-08-24,2009,"mg/L","Aug",8
"4824","Dissolved Oxygen",2009-08-24,2009,"mg/L","Aug",1.81
"4825","pH",2009-08-24,2009,"pH","Aug",7.21
"4826","Temperature, water",2009-08-24,2009,"deg C","Aug",10.79
"4827","Dissolved Oxygen",2009-08-24,2009,"mg/L","Aug",9.35
"4828","Temperature, water",2009-08-24,2009,"deg C","Aug",16.44
"4829","pH",2009-08-24,2009,"pH","Aug",6.89
"4830","Temperature, water",2009-08-24,2009,"deg C","Aug",17.42
"4831","pH",2009-08-24,2009,"pH","Aug",6.93
"4832","pH",2009-08-24,2009,"pH","Aug",6.78
"4833","Temperature, water",2009-08-24,2009,"deg C","Aug",16.62
"4834","Dissolved Oxygen",2009-08-24,2009,"mg/L","Aug",7.46
"4835","Dissolved Oxygen",2009-08-24,2009,"mg/L","Aug",7.86
"4836","Temperature, water",2009-08-24,2009,"deg C","Aug",18.14
"4837","pH",2009-08-24,2009,"pH","Aug",7.35
"4838","Temperature, water",2009-08-24,2009,"deg C","Aug",18.27
"4839","Dissolved Oxygen",2009-08-24,2009,"mg/L","Aug",8.22
"4840","pH",2009-08-24,2009,"pH","Aug",7.51
"4841","Dissolved Oxygen",2009-08-24,2009,"mg/L","Aug",8.01
"4842","Dissolved Oxygen",2009-08-24,2009,"mg/L","Aug",1.81
"4843","Temperature, water",2009-08-24,2009,"deg C","Aug",10.73
"4844","pH",2009-08-24,2009,"pH","Aug",7.2
"4845","Dissolved Oxygen",2009-08-24,2009,"mg/L","Aug",9.33
"4846","Temperature, water",2009-08-24,2009,"deg C","Aug",16.32
"4847","pH",2009-08-24,2009,"pH","Aug",6.88
"4848","pH",2009-08-24,2009,"pH","Aug",6.92
"4849","Temperature, water",2009-08-24,2009,"deg C","Aug",17.22
"4850","pH",2009-08-24,2009,"pH","Aug",6.76
"4851","Temperature, water",2009-08-24,2009,"deg C","Aug",16.49
"4852","Dissolved Oxygen",2009-08-24,2009,"mg/L","Aug",7.29
"4853","Temperature, water",2009-08-24,2009,"deg C","Aug",18
"4854","pH",2009-08-24,2009,"pH","Aug",7.3
"4855","Dissolved Oxygen",2009-08-24,2009,"mg/L","Aug",7.74
"4856","Temperature, water",2009-08-24,2009,"deg C","Aug",18.12
"4857","pH",2009-08-24,2009,"pH","Aug",7.45
"4858","Dissolved Oxygen",2009-08-24,2009,"mg/L","Aug",8.14
"4859","Dissolved Oxygen",2009-08-24,2009,"mg/L","Aug",7.99
"4860","Dissolved Oxygen",2009-08-24,2009,"mg/L","Aug",1.78
"4861","pH",2009-08-24,2009,"pH","Aug",7.19
"4862","Temperature, water",2009-08-24,2009,"deg C","Aug",10.67
"4863","Dissolved Oxygen",2009-08-24,2009,"mg/L","Aug",9.41
"4864","Temperature, water",2009-08-24,2009,"deg C","Aug",16.2
"4865","pH",2009-08-24,2009,"pH","Aug",6.88
"4866","pH",2009-08-24,2009,"pH","Aug",6.9
"4867","Temperature, water",2009-08-24,2009,"deg C","Aug",17.06
"4868","pH",2009-08-24,2009,"pH","Aug",6.75
"4869","Dissolved Oxygen",2009-08-24,2009,"mg/L","Aug",7.13
"4870","Temperature, water",2009-08-24,2009,"deg C","Aug",16.37
"4871","pH",2009-08-24,2009,"pH","Aug",7.25
"4872","Temperature, water",2009-08-24,2009,"deg C","Aug",17.85
"4873","Dissolved Oxygen",2009-08-24,2009,"mg/L","Aug",7.65
"4874","pH",2009-08-24,2009,"pH","Aug",7.4
"4875","Temperature, water",2009-08-24,2009,"deg C","Aug",17.98
"4876","Dissolved Oxygen",2009-08-24,2009,"mg/L","Aug",8.04
"4877","Dissolved Oxygen",2009-08-24,2009,"mg/L","Aug",7.99
"4878","Dissolved Oxygen",2009-08-24,2009,"mg/L","Aug",1.77
"4879","pH",2009-08-24,2009,"pH","Aug",7.19
"4880","Temperature, water",2009-08-24,2009,"deg C","Aug",10.61
"4881","Dissolved Oxygen",2009-08-24,2009,"mg/L","Aug",9.32
"4882","pH",2009-08-24,2009,"pH","Aug",6.87
"4883","Temperature, water",2009-08-24,2009,"deg C","Aug",16.09
"4884","Temperature, water",2009-08-24,2009,"deg C","Aug",16.9
"4885","pH",2009-08-24,2009,"pH","Aug",6.88
"4886","Temperature, water",2009-08-24,2009,"deg C","Aug",16.27
"4887","pH",2009-08-24,2009,"pH","Aug",6.75
"4888","Dissolved Oxygen",2009-08-24,2009,"mg/L","Aug",7.04
"4889","pH",2009-08-24,2009,"pH","Aug",7.21
"4890","Dissolved Oxygen",2009-08-24,2009,"mg/L","Aug",7.56
"4891","Temperature, water",2009-08-24,2009,"deg C","Aug",17.73
"4892","Dissolved Oxygen",2009-08-24,2009,"mg/L","Aug",7.96
"4893","pH",2009-08-24,2009,"pH","Aug",7.35
"4894","Temperature, water",2009-08-24,2009,"deg C","Aug",17.86
"4895","Dissolved Oxygen",2009-08-24,2009,"mg/L","Aug",8.01
"4896","Dissolved Oxygen",2009-08-24,2009,"mg/L","Aug",1.76
"4897","pH",2009-08-24,2009,"pH","Aug",7.19
"4898","Temperature, water",2009-08-24,2009,"deg C","Aug",10.54
"4899","Dissolved Oxygen",2009-08-24,2009,"mg/L","Aug",9.35
"4900","pH",2009-08-24,2009,"pH","Aug",6.87
"4901","Temperature, water",2009-08-24,2009,"deg C","Aug",15.98
"4902","pH",2009-08-24,2009,"pH","Aug",6.87
"4903","Temperature, water",2009-08-24,2009,"deg C","Aug",16.71
"4904","Dissolved Oxygen",2009-08-24,2009,"mg/L","Aug",6.97
"4905","Temperature, water",2009-08-24,2009,"deg C","Aug",16.17
"4906","pH",2009-08-24,2009,"pH","Aug",6.75
"4907","Temperature, water",2009-08-24,2009,"deg C","Aug",17.6
"4908","Dissolved Oxygen",2009-08-24,2009,"mg/L","Aug",7.56
"4909","pH",2009-08-24,2009,"pH","Aug",7.19
"4910","Dissolved Oxygen",2009-08-24,2009,"mg/L","Aug",7.94
"4911","pH",2009-08-24,2009,"pH","Aug",7.33
"4912","Temperature, water",2009-08-24,2009,"deg C","Aug",17.73
"4913","Dissolved Oxygen",2009-08-24,2009,"mg/L","Aug",8.01
"4914","Dissolved Oxygen",2009-08-24,2009,"mg/L","Aug",1.74
"4915","Temperature, water",2009-08-24,2009,"deg C","Aug",10.49
"4916","Dissolved Oxygen",2009-08-24,2009,"mg/L","Aug",9.4
"4917","pH",2009-08-24,2009,"pH","Aug",7.18
"4918","Temperature, water",2009-08-24,2009,"deg C","Aug",15.88
"4919","pH",2009-08-24,2009,"pH","Aug",6.87
"4920","pH",2009-08-24,2009,"pH","Aug",6.87
"4921","Temperature, water",2009-08-24,2009,"deg C","Aug",16.53
"4922","pH",2009-08-24,2009,"pH","Aug",6.75
"4923","Temperature, water",2009-08-24,2009,"deg C","Aug",16.08
"4924","Dissolved Oxygen",2009-08-24,2009,"mg/L","Aug",6.94
"4925","Dissolved Oxygen",2009-08-24,2009,"mg/L","Aug",7.54
"4926","pH",2009-08-24,2009,"pH","Aug",7.18
"4927","Temperature, water",2009-08-24,2009,"deg C","Aug",17.49
"4928","Dissolved Oxygen",2009-08-24,2009,"mg/L","Aug",7.92
"4929","pH",2009-08-24,2009,"pH","Aug",7.3
"4930","Temperature, water",2009-08-24,2009,"deg C","Aug",17.61
"4931","Dissolved Oxygen",2009-08-24,2009,"mg/L","Aug",8.02
"4932","Dissolved Oxygen",2009-08-24,2009,"mg/L","Aug",1.73
"4933","Temperature, water",2009-08-24,2009,"deg C","Aug",10.44
"4934","Dissolved Oxygen",2009-08-24,2009,"mg/L","Aug",9.39
"4935","pH",2009-08-24,2009,"pH","Aug",7.18
"4936","Temperature, water",2009-08-24,2009,"deg C","Aug",15.79
"4937","pH",2009-08-24,2009,"pH","Aug",6.87
"4938","Temperature, water",2009-08-24,2009,"deg C","Aug",16.38
"4939","pH",2009-08-24,2009,"pH","Aug",6.86
"4940","Dissolved Oxygen",2009-08-24,2009,"mg/L","Aug",6.91
"4941","Temperature, water",2009-08-24,2009,"deg C","Aug",15.98
"4942","pH",2009-08-24,2009,"pH","Aug",6.75
"4943","Temperature, water",2009-08-24,2009,"deg C","Aug",17.37
"4944","pH",2009-08-24,2009,"pH","Aug",7.16
"4945","Dissolved Oxygen",2009-08-24,2009,"mg/L","Aug",7.57
"4946","Temperature, water",2009-08-24,2009,"deg C","Aug",17.49
"4947","pH",2009-08-24,2009,"pH","Aug",7.29
"4948","Dissolved Oxygen",2009-08-24,2009,"mg/L","Aug",7.92
"4949","Dissolved Oxygen",2009-08-24,2009,"mg/L","Aug",8.02
"4950","Dissolved Oxygen",2009-08-24,2009,"mg/L","Aug",1.7
"4951","Temperature, water",2009-08-24,2009,"deg C","Aug",10.39
"4952","pH",2009-08-24,2009,"pH","Aug",7.18
"4953","Dissolved Oxygen",2009-08-24,2009,"mg/L","Aug",9.42
"4954","pH",2009-08-24,2009,"pH","Aug",6.87
"4955","Temperature, water",2009-08-24,2009,"deg C","Aug",15.71
"4956","pH",2009-08-24,2009,"pH","Aug",6.85
"4957","Temperature, water",2009-08-24,2009,"deg C","Aug",16.21
"4958","pH",2009-08-24,2009,"pH","Aug",6.75
"4959","Temperature, water",2009-08-24,2009,"deg C","Aug",15.92
"4960","Dissolved Oxygen",2009-08-24,2009,"mg/L","Aug",6.89
"4961","Dissolved Oxygen",2009-08-24,2009,"mg/L","Aug",7.56
"4962","pH",2009-08-24,2009,"pH","Aug",7.15
"4963","Temperature, water",2009-08-24,2009,"deg C","Aug",17.26
"4964","pH",2009-08-24,2009,"pH","Aug",7.28
"4965","Dissolved Oxygen",2009-08-24,2009,"mg/L","Aug",7.97
"4966","Temperature, water",2009-08-24,2009,"deg C","Aug",17.37
"4967","Dissolved Oxygen",2009-08-24,2009,"mg/L","Aug",8.04
"4968","Dissolved Oxygen",2009-08-24,2009,"mg/L","Aug",1.7
"4969","pH",2009-08-24,2009,"pH","Aug",7.17
"4970","Dissolved Oxygen",2009-08-24,2009,"mg/L","Aug",9.41
"4971","Temperature, water",2009-08-24,2009,"deg C","Aug",10.34
"4972","pH",2009-08-24,2009,"pH","Aug",6.87
"4973","Temperature, water",2009-08-24,2009,"deg C","Aug",15.64
"4974","Temperature, water",2009-08-24,2009,"deg C","Aug",16.09
"4975","pH",2009-08-24,2009,"pH","Aug",6.85
"4976","pH",2009-08-24,2009,"pH","Aug",6.75
"4977","Temperature, water",2009-08-24,2009,"deg C","Aug",15.85
"4978","Dissolved Oxygen",2009-08-24,2009,"mg/L","Aug",6.86
"4979","pH",2009-08-24,2009,"pH","Aug",7.15
"4980","Temperature, water",2009-08-24,2009,"deg C","Aug",17.14
"4981","Dissolved Oxygen",2009-08-24,2009,"mg/L","Aug",7.55
"4982","pH",2009-08-24,2009,"pH","Aug",7.26
"4983","Temperature, water",2009-08-24,2009,"deg C","Aug",17.25
"4984","Dissolved Oxygen",2009-08-24,2009,"mg/L","Aug",7.95
"4985","Dissolved Oxygen",2009-08-24,2009,"mg/L","Aug",8.04
"4986","Dissolved Oxygen",2009-08-24,2009,"mg/L","Aug",1.69
"4987","Dissolved Oxygen",2009-08-24,2009,"mg/L","Aug",9.43
"4988","pH",2009-08-24,2009,"pH","Aug",7.17
"4989","Temperature, water",2009-08-24,2009,"deg C","Aug",10.29
"4990","pH",2009-08-24,2009,"pH","Aug",6.87
"4991","Temperature, water",2009-08-24,2009,"deg C","Aug",15.56
"4992","Temperature, water",2009-08-24,2009,"deg C","Aug",15.94
"4993","pH",2009-08-24,2009,"pH","Aug",6.85
"4994","Dissolved Oxygen",2009-08-24,2009,"mg/L","Aug",6.86
"4995","Temperature, water",2009-08-24,2009,"deg C","Aug",15.78
"4996","pH",2009-08-24,2009,"pH","Aug",6.76
"4997","Temperature, water",2009-08-24,2009,"deg C","Aug",17.02
"4998","pH",2009-08-24,2009,"pH","Aug",7.15
"4999","Dissolved Oxygen",2009-08-24,2009,"mg/L","Aug",7.6
"5000","Dissolved Oxygen",2009-08-24,2009,"mg/L","Aug",8
"5001","pH",2009-08-24,2009,"pH","Aug",7.26
"5002","Temperature, water",2009-08-24,2009,"deg C","Aug",17.13
"5003","Dissolved Oxygen",2009-08-24,2009,"mg/L","Aug",8.05
"5004","Dissolved Oxygen",2009-08-24,2009,"mg/L","Aug",1.68
"5005","pH",2009-08-24,2009,"pH","Aug",7.18
"5006","Temperature, water",2009-08-24,2009,"deg C","Aug",10.24
"5007","Dissolved Oxygen",2009-08-24,2009,"mg/L","Aug",9.49
"5008","Temperature, water",2009-08-24,2009,"deg C","Aug",15.5
"5009","pH",2009-08-24,2009,"pH","Aug",6.87
"5010","Temperature, water",2009-08-24,2009,"deg C","Aug",15.82
"5011","pH",2009-08-24,2009,"pH","Aug",6.84
"5012","Temperature, water",2009-08-24,2009,"deg C","Aug",15.72
"5013","Dissolved Oxygen",2009-08-24,2009,"mg/L","Aug",6.85
"5014","pH",2009-08-24,2009,"pH","Aug",6.76
"5015","pH",2009-08-24,2009,"pH","Aug",7.16
"5016","Dissolved Oxygen",2009-08-24,2009,"mg/L","Aug",7.61
"5017","Temperature, water",2009-08-24,2009,"deg C","Aug",16.9
"5018","Dissolved Oxygen",2009-08-24,2009,"mg/L","Aug",8.02
"5019","pH",2009-08-24,2009,"pH","Aug",7.27
"5020","Temperature, water",2009-08-24,2009,"deg C","Aug",17
"5021","Dissolved Oxygen",2009-08-24,2009,"mg/L","Aug",8.06
"5022","Dissolved Oxygen",2009-08-24,2009,"mg/L","Aug",1.68
"5023","Temperature, water",2009-08-24,2009,"deg C","Aug",10.2
"5024","Dissolved Oxygen",2009-08-24,2009,"mg/L","Aug",9.43
"5025","pH",2009-08-24,2009,"pH","Aug",7.18
"5026","pH",2009-08-24,2009,"pH","Aug",6.87
"5027","Temperature, water",2009-08-24,2009,"deg C","Aug",15.44
"5028","pH",2009-08-24,2009,"pH","Aug",6.84
"5029","Temperature, water",2009-08-24,2009,"deg C","Aug",15.71
"5030","Dissolved Oxygen",2009-08-24,2009,"mg/L","Aug",6.84
"5031","pH",2009-08-24,2009,"pH","Aug",6.75
"5032","Temperature, water",2009-08-24,2009,"deg C","Aug",15.67
"5033","Dissolved Oxygen",2009-08-24,2009,"mg/L","Aug",7.64
"5034","Temperature, water",2009-08-24,2009,"deg C","Aug",16.78
"5035","pH",2009-08-24,2009,"pH","Aug",7.15
"5036","Dissolved Oxygen",2009-08-24,2009,"mg/L","Aug",8.03
"5037","pH",2009-08-24,2009,"pH","Aug",7.26
"5038","Temperature, water",2009-08-24,2009,"deg C","Aug",16.88
"5039","Dissolved Oxygen",2009-08-24,2009,"mg/L","Aug",8.06
"5040","Dissolved Oxygen",2009-08-24,2009,"mg/L","Aug",1.66
"5041","pH",2009-08-24,2009,"pH","Aug",7.19
"5042","Temperature, water",2009-08-24,2009,"deg C","Aug",10.16
"5043","Dissolved Oxygen",2009-08-24,2009,"mg/L","Aug",9.44
"5044","pH",2009-08-24,2009,"pH","Aug",6.86
"5045","Temperature, water",2009-08-24,2009,"deg C","Aug",15.38
"5046","pH",2009-08-24,2009,"pH","Aug",6.84
"5047","Temperature, water",2009-08-24,2009,"deg C","Aug",15.59
"5048","Dissolved Oxygen",2009-08-24,2009,"mg/L","Aug",6.85
"5049","Temperature, water",2009-08-24,2009,"deg C","Aug",15.62
"5050","pH",2009-08-24,2009,"pH","Aug",6.76
"5051","pH",2009-08-24,2009,"pH","Aug",7.15
"5052","Dissolved Oxygen",2009-08-24,2009,"mg/L","Aug",7.7
"5053","Temperature, water",2009-08-24,2009,"deg C","Aug",16.64
"5054","Dissolved Oxygen",2009-08-24,2009,"mg/L","Aug",8.08
"5055","pH",2009-08-24,2009,"pH","Aug",7.25
"5056","Temperature, water",2009-08-24,2009,"deg C","Aug",16.76
"5057","Dissolved Oxygen",2009-08-24,2009,"mg/L","Aug",8.07
"5058","Dissolved Oxygen",2009-08-24,2009,"mg/L","Aug",1.64
"5059","pH",2009-08-24,2009,"pH","Aug",7.18
"5060","Dissolved Oxygen",2009-08-24,2009,"mg/L","Aug",9.45
"5061","Temperature, water",2009-08-24,2009,"deg C","Aug",10.11
"5062","Temperature, water",2009-08-24,2009,"deg C","Aug",15.33
"5063","pH",2009-08-24,2009,"pH","Aug",6.86
"5064","pH",2009-08-24,2009,"pH","Aug",6.84
"5065","Temperature, water",2009-08-24,2009,"deg C","Aug",15.48
"5066","Dissolved Oxygen",2009-08-24,2009,"mg/L","Aug",6.86
"5067","pH",2009-08-24,2009,"pH","Aug",6.76
"5068","Temperature, water",2009-08-24,2009,"deg C","Aug",15.53
"5069","Temperature, water",2009-08-24,2009,"deg C","Aug",16.51
"5070","pH",2009-08-24,2009,"pH","Aug",7.15
"5071","Dissolved Oxygen",2009-08-24,2009,"mg/L","Aug",7.73
"5072","Dissolved Oxygen",2009-08-24,2009,"mg/L","Aug",8.11
"5073","pH",2009-08-24,2009,"pH","Aug",7.25
"5074","Temperature, water",2009-08-24,2009,"deg C","Aug",16.63
"5075","Dissolved Oxygen",2009-08-24,2009,"mg/L","Aug",8.09
"5076","Dissolved Oxygen",2009-08-24,2009,"mg/L","Aug",1.65
"5077","pH",2009-08-24,2009,"pH","Aug",7.17
"5078","Dissolved Oxygen",2009-08-24,2009,"mg/L","Aug",9.48
"5079","Temperature, water",2009-08-24,2009,"deg C","Aug",10.06
"5080","pH",2009-08-24,2009,"pH","Aug",6.87
"5081","Temperature, water",2009-08-24,2009,"deg C","Aug",15.28
"5082","pH",2009-08-24,2009,"pH","Aug",6.84
"5083","Temperature, water",2009-08-24,2009,"deg C","Aug",15.37
"5084","Temperature, water",2009-08-24,2009,"deg C","Aug",15.48
"5085","Dissolved Oxygen",2009-08-24,2009,"mg/L","Aug",6.87
"5086","pH",2009-08-24,2009,"pH","Aug",6.76
"5087","Temperature, water",2009-08-24,2009,"deg C","Aug",16.38
"5088","pH",2009-08-24,2009,"pH","Aug",7.15
"5089","Dissolved Oxygen",2009-08-24,2009,"mg/L","Aug",7.76
"5090","pH",2009-08-24,2009,"pH","Aug",7.25
"5091","Temperature, water",2009-08-24,2009,"deg C","Aug",16.49
"5092","Dissolved Oxygen",2009-08-24,2009,"mg/L","Aug",8.14
"5093","Dissolved Oxygen",2009-08-24,2009,"mg/L","Aug",8.07
"5094","Dissolved Oxygen",2009-08-24,2009,"mg/L","Aug",1.63
"5095","pH",2009-08-24,2009,"pH","Aug",7.19
"5096","Dissolved Oxygen",2009-08-24,2009,"mg/L","Aug",9.47
"5097","Temperature, water",2009-08-24,2009,"deg C","Aug",10.01
"5098","Temperature, water",2009-08-24,2009,"deg C","Aug",15.23
"5099","pH",2009-08-24,2009,"pH","Aug",6.87
"5100","pH",2009-08-24,2009,"pH","Aug",6.83
"5101","Temperature, water",2009-08-24,2009,"deg C","Aug",15.24
"5102","Dissolved Oxygen",2009-08-24,2009,"mg/L","Aug",6.87
"5103","Temperature, water",2009-08-24,2009,"deg C","Aug",15.43
"5104","pH",2009-08-24,2009,"pH","Aug",6.76
"5105","Dissolved Oxygen",2009-08-24,2009,"mg/L","Aug",7.83
"5106","pH",2009-08-24,2009,"pH","Aug",7.15
"5107","Temperature, water",2009-08-24,2009,"deg C","Aug",16.25
"5108","Dissolved Oxygen",2009-08-24,2009,"mg/L","Aug",8.14
"5109","Temperature, water",2009-08-24,2009,"deg C","Aug",16.38
"5110","pH",2009-08-24,2009,"pH","Aug",7.26
"5111","Dissolved Oxygen",2009-08-24,2009,"mg/L","Aug",8.09
"5112","Dissolved Oxygen",2009-08-24,2009,"mg/L","Aug",1.63
"5113","Dissolved Oxygen",2009-08-24,2009,"mg/L","Aug",9.48
"5114","pH",2009-08-24,2009,"pH","Aug",7.18
"5115","Temperature, water",2009-08-24,2009,"deg C","Aug",9.96
"5116","Temperature, water",2009-08-24,2009,"deg C","Aug",15.18
"5117","pH",2009-08-24,2009,"pH","Aug",6.86
"5118","Temperature, water",2009-08-24,2009,"deg C","Aug",15.12
"5119","pH",2009-08-24,2009,"pH","Aug",6.83
"5120","Temperature, water",2009-08-24,2009,"deg C","Aug",15.36
"5121","pH",2009-08-24,2009,"pH","Aug",6.76
"5122","Dissolved Oxygen",2009-08-24,2009,"mg/L","Aug",6.9
"5123","Temperature, water",2009-08-24,2009,"deg C","Aug",16.12
"5124","Dissolved Oxygen",2009-08-24,2009,"mg/L","Aug",7.82
"5125","pH",2009-08-24,2009,"pH","Aug",7.16
"5126","pH",2009-08-24,2009,"pH","Aug",7.25
"5127","Temperature, water",2009-08-24,2009,"deg C","Aug",16.24
"5128","Dissolved Oxygen",2009-08-24,2009,"mg/L","Aug",8.2
"5129","Dissolved Oxygen",2009-08-24,2009,"mg/L","Aug",8.09
"5130","Dissolved Oxygen",2009-08-24,2009,"mg/L","Aug",1.62
"5131","Dissolved Oxygen",2009-08-24,2009,"mg/L","Aug",9.51
"5132","Temperature, water",2009-08-24,2009,"deg C","Aug",9.92
"5133","pH",2009-08-24,2009,"pH","Aug",7.18
"5134","pH",2009-08-24,2009,"pH","Aug",6.87
"5135","Temperature, water",2009-08-24,2009,"deg C","Aug",15.14
"5136","Temperature, water",2009-08-24,2009,"deg C","Aug",15.01
"5137","pH",2009-08-24,2009,"pH","Aug",6.83
"5138","Dissolved Oxygen",2009-08-24,2009,"mg/L","Aug",6.9
"5139","pH",2009-08-24,2009,"pH","Aug",6.76
"5140","Temperature, water",2009-08-24,2009,"deg C","Aug",15.33
"5141","pH",2009-08-24,2009,"pH","Aug",7.16
"5142","Temperature, water",2009-08-24,2009,"deg C","Aug",16
"5143","Dissolved Oxygen",2009-08-24,2009,"mg/L","Aug",7.87
"5144","Dissolved Oxygen",2009-08-24,2009,"mg/L","Aug",8.21
"5145","Temperature, water",2009-08-24,2009,"deg C","Aug",16.12
"5146","pH",2009-08-24,2009,"pH","Aug",7.25
"5147","Dissolved Oxygen",2009-08-24,2009,"mg/L","Aug",8.11
"5148","Dissolved Oxygen",2009-08-24,2009,"mg/L","Aug",1.62
"5149","pH",2016-08-24,2016,"pH","Aug",7.55
"5150","Temperature, water",2016-08-24,2016,"deg C","Aug",9.8
"5151","Dissolved Oxygen",2016-08-24,2016,"mg/L","Aug",10.12
"5152","pH",2016-08-24,2016,"pH","Aug",7.6
"5153","Temperature, water",2016-08-24,2016,"deg C","Aug",12.1
"5154","Dissolved Oxygen",2016-08-24,2016,"mg/L","Aug",9.54
"5155","Dissolved Oxygen",2009-08-25,2009,"mg/L","Aug",9.5
"5156","pH",2009-08-25,2009,"pH","Aug",7.18
"5157","Temperature, water",2009-08-25,2009,"deg C","Aug",9.88
"5158","pH",2009-08-25,2009,"pH","Aug",6.87
"5159","Temperature, water",2009-08-25,2009,"deg C","Aug",15.11
"5160","Temperature, water",2009-08-25,2009,"deg C","Aug",14.91
"5161","pH",2009-08-25,2009,"pH","Aug",6.82
"5162","Dissolved Oxygen",2009-08-25,2009,"mg/L","Aug",6.93
"5163","pH",2009-08-25,2009,"pH","Aug",6.76
"5164","Temperature, water",2009-08-25,2009,"deg C","Aug",15.26
"5165","Temperature, water",2009-08-25,2009,"deg C","Aug",15.88
"5166","pH",2009-08-25,2009,"pH","Aug",7.16
"5167","Dissolved Oxygen",2009-08-25,2009,"mg/L","Aug",7.9
"5168","Dissolved Oxygen",2009-08-25,2009,"mg/L","Aug",8.26
"5169","pH",2009-08-25,2009,"pH","Aug",7.26
"5170","Temperature, water",2009-08-25,2009,"deg C","Aug",16.01
"5171","Dissolved Oxygen",2009-08-25,2009,"mg/L","Aug",8.13
"5172","Dissolved Oxygen",2009-08-25,2009,"mg/L","Aug",1.61
"5173","Temperature, water",2009-08-25,2009,"deg C","Aug",9.84
"5174","Dissolved Oxygen",2009-08-25,2009,"mg/L","Aug",9.54
"5175","pH",2009-08-25,2009,"pH","Aug",7.18
"5176","pH",2009-08-25,2009,"pH","Aug",6.88
"5177","Temperature, water",2009-08-25,2009,"deg C","Aug",15.07
"5178","pH",2009-08-25,2009,"pH","Aug",6.82
"5179","Temperature, water",2009-08-25,2009,"deg C","Aug",14.81
"5180","Temperature, water",2009-08-25,2009,"deg C","Aug",15.23
"5181","Dissolved Oxygen",2009-08-25,2009,"mg/L","Aug",6.94
"5182","pH",2009-08-25,2009,"pH","Aug",6.77
"5183","Dissolved Oxygen",2009-08-25,2009,"mg/L","Aug",7.9
"5184","pH",2009-08-25,2009,"pH","Aug",7.16
"5185","Temperature, water",2009-08-25,2009,"deg C","Aug",15.77
"5186","Dissolved Oxygen",2009-08-25,2009,"mg/L","Aug",8.28
"5187","Temperature, water",2009-08-25,2009,"deg C","Aug",15.89
"5188","pH",2009-08-25,2009,"pH","Aug",7.25
"5189","Dissolved Oxygen",2009-08-25,2009,"mg/L","Aug",8.13
"5190","Dissolved Oxygen",2009-08-25,2009,"mg/L","Aug",1.62
"5191","pH",2009-08-25,2009,"pH","Aug",7.18
"5192","Dissolved Oxygen",2009-08-25,2009,"mg/L","Aug",9.57
"5193","Temperature, water",2009-08-25,2009,"deg C","Aug",9.81
"5194","Temperature, water",2009-08-25,2009,"deg C","Aug",15.04
"5195","pH",2009-08-25,2009,"pH","Aug",6.87
"5196","pH",2009-08-25,2009,"pH","Aug",6.82
"5197","Temperature, water",2009-08-25,2009,"deg C","Aug",14.71
"5198","pH",2009-08-25,2009,"pH","Aug",6.77
"5199","Temperature, water",2009-08-25,2009,"deg C","Aug",15.18
"5200","Dissolved Oxygen",2009-08-25,2009,"mg/L","Aug",6.95
"5201","Dissolved Oxygen",2009-08-25,2009,"mg/L","Aug",7.99
"5202","pH",2009-08-25,2009,"pH","Aug",7.16
"5203","Temperature, water",2009-08-25,2009,"deg C","Aug",15.66
"5204","Dissolved Oxygen",2009-08-25,2009,"mg/L","Aug",8.33
"5205","Temperature, water",2009-08-25,2009,"deg C","Aug",15.79
"5206","pH",2009-08-25,2009,"pH","Aug",7.26
"5207","Dissolved Oxygen",2009-08-25,2009,"mg/L","Aug",8.12
"5208","Dissolved Oxygen",2009-08-25,2009,"mg/L","Aug",1.61
"5209","Temperature, water",2009-08-25,2009,"deg C","Aug",9.77
"5210","pH",2009-08-25,2009,"pH","Aug",7.18
"5211","Dissolved Oxygen",2009-08-25,2009,"mg/L","Aug",9.59
"5212","pH",2009-08-25,2009,"pH","Aug",6.88
"5213","Temperature, water",2009-08-25,2009,"deg C","Aug",15.01
"5214","Temperature, water",2009-08-25,2009,"deg C","Aug",14.61
"5215","pH",2009-08-25,2009,"pH","Aug",6.82
"5216","Temperature, water",2009-08-25,2009,"deg C","Aug",15.13
"5217","pH",2009-08-25,2009,"pH","Aug",6.78
"5218","Dissolved Oxygen",2009-08-25,2009,"mg/L","Aug",6.96
"5219","pH",2009-08-25,2009,"pH","Aug",7.17
"5220","Dissolved Oxygen",2009-08-25,2009,"mg/L","Aug",7.96
"5221","Temperature, water",2009-08-25,2009,"deg C","Aug",15.55
"5222","Dissolved Oxygen",2009-08-25,2009,"mg/L","Aug",8.3
"5223","Temperature, water",2009-08-25,2009,"deg C","Aug",15.67
"5224","pH",2009-08-25,2009,"pH","Aug",7.26
"5225","Dissolved Oxygen",2009-08-25,2009,"mg/L","Aug",8.12
"5226","Dissolved Oxygen",2009-08-25,2009,"mg/L","Aug",1.6
"5227","Dissolved Oxygen",2009-08-25,2009,"mg/L","Aug",9.6
"5228","pH",2009-08-25,2009,"pH","Aug",7.18
"5229","Temperature, water",2009-08-25,2009,"deg C","Aug",9.73
"5230","pH",2009-08-25,2009,"pH","Aug",6.87
"5231","Temperature, water",2009-08-25,2009,"deg C","Aug",14.96
"5232","Temperature, water",2009-08-25,2009,"deg C","Aug",14.52
"5233","pH",2009-08-25,2009,"pH","Aug",6.81
"5234","Dissolved Oxygen",2009-08-25,2009,"mg/L","Aug",6.95
"5235","Temperature, water",2009-08-25,2009,"deg C","Aug",15.1
"5236","pH",2009-08-25,2009,"pH","Aug",6.78
"5237","Temperature, water",2009-08-25,2009,"deg C","Aug",15.44
"5238","pH",2009-08-25,2009,"pH","Aug",7.17
"5239","Dissolved Oxygen",2009-08-25,2009,"mg/L","Aug",8
"5240","Temperature, water",2009-08-25,2009,"deg C","Aug",15.57
"5241","Dissolved Oxygen",2009-08-25,2009,"mg/L","Aug",8.34
"5242","pH",2009-08-25,2009,"pH","Aug",7.27
"5243","Dissolved Oxygen",2009-08-25,2009,"mg/L","Aug",8.15
"5244","Dissolved Oxygen",2009-08-25,2009,"mg/L","Aug",1.61
"5245","Dissolved Oxygen",2009-08-25,2009,"mg/L","Aug",9.61
"5246","Temperature, water",2009-08-25,2009,"deg C","Aug",9.7
"5247","pH",2009-08-25,2009,"pH","Aug",7.19
"5248","Temperature, water",2009-08-25,2009,"deg C","Aug",14.93
"5249","pH",2009-08-25,2009,"pH","Aug",6.88
"5250","Temperature, water",2009-08-25,2009,"deg C","Aug",14.43
"5251","pH",2009-08-25,2009,"pH","Aug",6.81
"5252","Temperature, water",2009-08-25,2009,"deg C","Aug",15.06
"5253","pH",2009-08-25,2009,"pH","Aug",6.78
"5254","Dissolved Oxygen",2009-08-25,2009,"mg/L","Aug",6.96
"5255","pH",2009-08-25,2009,"pH","Aug",7.16
"5256","Dissolved Oxygen",2009-08-25,2009,"mg/L","Aug",8.03
"5257","Temperature, water",2009-08-25,2009,"deg C","Aug",15.33
"5258","Temperature, water",2009-08-25,2009,"deg C","Aug",15.45
"5259","pH",2009-08-25,2009,"pH","Aug",7.26
"5260","Dissolved Oxygen",2009-08-25,2009,"mg/L","Aug",8.38
"5261","Dissolved Oxygen",2009-08-25,2009,"mg/L","Aug",8.17
"5262","Dissolved Oxygen",2009-08-25,2009,"mg/L","Aug",1.6
"5263","Temperature, water",2009-08-25,2009,"deg C","Aug",9.67
"5264","Dissolved Oxygen",2009-08-25,2009,"mg/L","Aug",9.59
"5265","pH",2009-08-25,2009,"pH","Aug",7.18
"5266","pH",2009-08-25,2009,"pH","Aug",6.87
"5267","Temperature, water",2009-08-25,2009,"deg C","Aug",14.89
"5268","Temperature, water",2009-08-25,2009,"deg C","Aug",14.33
"5269","pH",2009-08-25,2009,"pH","Aug",6.81
"5270","Temperature, water",2009-08-25,2009,"deg C","Aug",15.01
"5271","pH",2009-08-25,2009,"pH","Aug",6.78
"5272","Dissolved Oxygen",2009-08-25,2009,"mg/L","Aug",6.98
"5273","pH",2009-08-25,2009,"pH","Aug",7.17
"5274","Dissolved Oxygen",2009-08-25,2009,"mg/L","Aug",8.07
"5275","Temperature, water",2009-08-25,2009,"deg C","Aug",15.23
"5276","pH",2009-08-25,2009,"pH","Aug",7.26
"5277","Temperature, water",2009-08-25,2009,"deg C","Aug",15.35
"5278","Dissolved Oxygen",2009-08-25,2009,"mg/L","Aug",8.39
"5279","Dissolved Oxygen",2009-08-25,2009,"mg/L","Aug",8.17
"5280","Dissolved Oxygen",2009-08-25,2009,"mg/L","Aug",1.61
"5281","pH",2009-08-25,2009,"pH","Aug",7.18
"5282","Dissolved Oxygen",2009-08-25,2009,"mg/L","Aug",9.58
"5283","Temperature, water",2009-08-25,2009,"deg C","Aug",9.63
"5284","Temperature, water",2009-08-25,2009,"deg C","Aug",14.86
"5285","pH",2009-08-25,2009,"pH","Aug",6.87
"5286","pH",2009-08-25,2009,"pH","Aug",6.8
"5287","Temperature, water",2009-08-25,2009,"deg C","Aug",14.26
"5288","Temperature, water",2009-08-25,2009,"deg C","Aug",14.98
"5289","Dissolved Oxygen",2009-08-25,2009,"mg/L","Aug",6.97
"5290","pH",2009-08-25,2009,"pH","Aug",6.78
"5291","pH",2009-08-25,2009,"pH","Aug",7.16
"5292","Temperature, water",2009-08-25,2009,"deg C","Aug",15.13
"5293","Dissolved Oxygen",2009-08-25,2009,"mg/L","Aug",8.12
"5294","Temperature, water",2009-08-25,2009,"deg C","Aug",15.25
"5295","pH",2009-08-25,2009,"pH","Aug",7.26
"5296","Dissolved Oxygen",2009-08-25,2009,"mg/L","Aug",8.42
"5297","Dissolved Oxygen",2009-08-25,2009,"mg/L","Aug",8.16
"5298","Dissolved Oxygen",2009-08-25,2009,"mg/L","Aug",1.6
"5299","Temperature, water",2009-08-25,2009,"deg C","Aug",9.6
"5300","Dissolved Oxygen",2009-08-25,2009,"mg/L","Aug",9.6
"5301","pH",2009-08-25,2009,"pH","Aug",7.18
"5302","pH",2009-08-25,2009,"pH","Aug",6.88
"5303","Temperature, water",2009-08-25,2009,"deg C","Aug",14.83
"5304","Temperature, water",2009-08-25,2009,"deg C","Aug",14.18
"5305","pH",2009-08-25,2009,"pH","Aug",6.81
"5306","pH",2009-08-25,2009,"pH","Aug",6.78
"5307","Dissolved Oxygen",2009-08-25,2009,"mg/L","Aug",6.99
"5308","Temperature, water",2009-08-25,2009,"deg C","Aug",14.95
"5309","Dissolved Oxygen",2009-08-25,2009,"mg/L","Aug",8.16
"5310","pH",2009-08-25,2009,"pH","Aug",7.17
"5311","Temperature, water",2009-08-25,2009,"deg C","Aug",15.03
"5312","Dissolved Oxygen",2009-08-25,2009,"mg/L","Aug",8.45
"5313","Temperature, water",2009-08-25,2009,"deg C","Aug",15.15
"5314","pH",2009-08-25,2009,"pH","Aug",7.27
"5315","Dissolved Oxygen",2009-08-25,2009,"mg/L","Aug",8.15
"5316","Dissolved Oxygen",2009-08-25,2009,"mg/L","Aug",1.59
"5317","Dissolved Oxygen",2009-08-25,2009,"mg/L","Aug",9.65
"5318","Temperature, water",2009-08-25,2009,"deg C","Aug",9.56
"5319","pH",2009-08-25,2009,"pH","Aug",7.17
"5320","pH",2009-08-25,2009,"pH","Aug",6.88
"5321","Temperature, water",2009-08-25,2009,"deg C","Aug",14.81
"5322","pH",2009-08-25,2009,"pH","Aug",6.8
"5323","Temperature, water",2009-08-25,2009,"deg C","Aug",14.09
"5324","Temperature, water",2009-08-25,2009,"deg C","Aug",14.91
"5325","Dissolved Oxygen",2009-08-25,2009,"mg/L","Aug",7
"5326","pH",2009-08-25,2009,"pH","Aug",6.78
"5327","Dissolved Oxygen",2009-08-25,2009,"mg/L","Aug",8.15
"5328","Temperature, water",2009-08-25,2009,"deg C","Aug",14.93
"5329","pH",2009-08-25,2009,"pH","Aug",7.17
"5330","Temperature, water",2009-08-25,2009,"deg C","Aug",15.05
"5331","Dissolved Oxygen",2009-08-25,2009,"mg/L","Aug",8.46
"5332","pH",2009-08-25,2009,"pH","Aug",7.26
"5333","Dissolved Oxygen",2009-08-25,2009,"mg/L","Aug",8.16
"5334","Dissolved Oxygen",2009-08-25,2009,"mg/L","Aug",1.6
"5335","pH",2009-08-25,2009,"pH","Aug",7.18
"5336","Temperature, water",2009-08-25,2009,"deg C","Aug",9.53
"5337","Dissolved Oxygen",2009-08-25,2009,"mg/L","Aug",9.62
"5338","pH",2009-08-25,2009,"pH","Aug",6.88
"5339","Temperature, water",2009-08-25,2009,"deg C","Aug",14.79
"5340","pH",2009-08-25,2009,"pH","Aug",6.8
"5341","Temperature, water",2009-08-25,2009,"deg C","Aug",14.04
"5342","Dissolved Oxygen",2009-08-25,2009,"mg/L","Aug",7.01
"5343","pH",2009-08-25,2009,"pH","Aug",6.77
"5344","Temperature, water",2009-08-25,2009,"deg C","Aug",14.86
"5345","pH",2009-08-25,2009,"pH","Aug",7.17
"5346","Temperature, water",2009-08-25,2009,"deg C","Aug",14.83
"5347","Dissolved Oxygen",2009-08-25,2009,"mg/L","Aug",8.21
"5348","pH",2009-08-25,2009,"pH","Aug",7.26
"5349","Dissolved Oxygen",2009-08-25,2009,"mg/L","Aug",8.49
"5350","Temperature, water",2009-08-25,2009,"deg C","Aug",14.95
"5351","Dissolved Oxygen",2009-08-25,2009,"mg/L","Aug",8.17
"5352","Dissolved Oxygen",2009-08-25,2009,"mg/L","Aug",1.6
"5353","pH",2009-08-25,2009,"pH","Aug",7.19
"5354","Temperature, water",2009-08-25,2009,"deg C","Aug",9.5
"5355","Dissolved Oxygen",2009-08-25,2009,"mg/L","Aug",9.62
"5356","Temperature, water",2009-08-25,2009,"deg C","Aug",14.76
"5357","pH",2009-08-25,2009,"pH","Aug",6.88
"5358","Temperature, water",2009-08-25,2009,"deg C","Aug",13.96
"5359","pH",2009-08-25,2009,"pH","Aug",6.8
"5360","Dissolved Oxygen",2009-08-25,2009,"mg/L","Aug",7
"5361","pH",2009-08-25,2009,"pH","Aug",6.78
"5362","Temperature, water",2009-08-25,2009,"deg C","Aug",14.85
"5363","Temperature, water",2009-08-25,2009,"deg C","Aug",14.73
"5364","pH",2009-08-25,2009,"pH","Aug",7.17
"5365","Dissolved Oxygen",2009-08-25,2009,"mg/L","Aug",8.25
"5366","Dissolved Oxygen",2009-08-25,2009,"mg/L","Aug",8.52
"5367","Temperature, water",2009-08-25,2009,"deg C","Aug",14.85
"5368","pH",2009-08-25,2009,"pH","Aug",7.26
"5369","Dissolved Oxygen",2009-08-25,2009,"mg/L","Aug",8.17
"5370","Dissolved Oxygen",2009-08-25,2009,"mg/L","Aug",1.59
"5371","Temperature, water",2009-08-25,2009,"deg C","Aug",9.47
"5372","Dissolved Oxygen",2009-08-25,2009,"mg/L","Aug",9.69
"5373","pH",2009-08-25,2009,"pH","Aug",7.19
"5374","pH",2009-08-25,2009,"pH","Aug",6.88
"5375","Temperature, water",2009-08-25,2009,"deg C","Aug",14.74
"5376","pH",2009-08-25,2009,"pH","Aug",6.8
"5377","Temperature, water",2009-08-25,2009,"deg C","Aug",13.89
"5378","Temperature, water",2009-08-25,2009,"deg C","Aug",14.8
"5379","Dissolved Oxygen",2009-08-25,2009,"mg/L","Aug",7.01
"5380","pH",2009-08-25,2009,"pH","Aug",6.78
"5381","Dissolved Oxygen",2009-08-25,2009,"mg/L","Aug",8.24
"5382","pH",2009-08-25,2009,"pH","Aug",7.18
"5383","Temperature, water",2009-08-25,2009,"deg C","Aug",14.62
"5384","Temperature, water",2009-08-25,2009,"deg C","Aug",14.75
"5385","pH",2009-08-25,2009,"pH","Aug",7.26
"5386","Dissolved Oxygen",2009-08-25,2009,"mg/L","Aug",8.54
"5387","Dissolved Oxygen",2009-08-25,2009,"mg/L","Aug",8.18
"5388","Dissolved Oxygen",2009-08-25,2009,"mg/L","Aug",1.58
"5389","Dissolved Oxygen",2009-08-25,2009,"mg/L","Aug",9.63
"5390","Temperature, water",2009-08-25,2009,"deg C","Aug",9.44
"5391","pH",2009-08-25,2009,"pH","Aug",7.19
"5392","pH",2009-08-25,2009,"pH","Aug",6.89
"5393","Temperature, water",2009-08-25,2009,"deg C","Aug",14.72
"5394","pH",2009-08-25,2009,"pH","Aug",6.8
"5395","Temperature, water",2009-08-25,2009,"deg C","Aug",13.83
"5396","Temperature, water",2009-08-25,2009,"deg C","Aug",14.76
"5397","pH",2009-08-25,2009,"pH","Aug",6.78
"5398","Dissolved Oxygen",2009-08-25,2009,"mg/L","Aug",7.02
"5399","pH",2009-08-25,2009,"pH","Aug",7.17
"5400","Temperature, water",2009-08-25,2009,"deg C","Aug",14.52
"5401","Dissolved Oxygen",2009-08-25,2009,"mg/L","Aug",8.27
"5402","Temperature, water",2009-08-25,2009,"deg C","Aug",14.67
"5403","Dissolved Oxygen",2009-08-25,2009,"mg/L","Aug",8.57
"5404","pH",2009-08-25,2009,"pH","Aug",7.27
"5405","Dissolved Oxygen",2009-08-25,2009,"mg/L","Aug",8.2
"5406","Dissolved Oxygen",2009-08-25,2009,"mg/L","Aug",1.59
"5407","Temperature, water",2009-08-25,2009,"deg C","Aug",9.41
"5408","pH",2009-08-25,2009,"pH","Aug",7.19
"5409","Dissolved Oxygen",2009-08-25,2009,"mg/L","Aug",9.64
"5410","pH",2009-08-25,2009,"pH","Aug",6.89
"5411","Temperature, water",2009-08-25,2009,"deg C","Aug",14.68
"5412","Temperature, water",2009-08-25,2009,"deg C","Aug",13.76
"5413","pH",2009-08-25,2009,"pH","Aug",6.75
"5414","Temperature, water",2009-08-25,2009,"deg C","Aug",14.71
"5415","pH",2009-08-25,2009,"pH","Aug",6.79
"5416","Dissolved Oxygen",2009-08-25,2009,"mg/L","Aug",7.05
"5417","Dissolved Oxygen",2009-08-25,2009,"mg/L","Aug",8.34
"5418","Temperature, water",2009-08-25,2009,"deg C","Aug",14.44
"5419","pH",2009-08-25,2009,"pH","Aug",7.17
"5420","Temperature, water",2009-08-25,2009,"deg C","Aug",14.57
"5421","pH",2009-08-25,2009,"pH","Aug",7.27
"5422","Dissolved Oxygen",2009-08-25,2009,"mg/L","Aug",8.58
"5423","Dissolved Oxygen",2009-08-25,2009,"mg/L","Aug",8.18
"5424","Dissolved Oxygen",2009-08-25,2009,"mg/L","Aug",1.59
"5425","Temperature, water",2009-08-25,2009,"deg C","Aug",9.38
"5426","pH",2009-08-25,2009,"pH","Aug",7.18
"5427","Dissolved Oxygen",2009-08-25,2009,"mg/L","Aug",9.64
"5428","Temperature, water",2009-08-25,2009,"deg C","Aug",14.65
"5429","pH",2009-08-25,2009,"pH","Aug",6.89
"5430","Temperature, water",2009-08-25,2009,"deg C","Aug",13.71
"5431","pH",2009-08-25,2009,"pH","Aug",6.79
"5432","pH",2009-08-25,2009,"pH","Aug",6.78
"5433","Temperature, water",2009-08-25,2009,"deg C","Aug",14.66
"5434","Dissolved Oxygen",2009-08-25,2009,"mg/L","Aug",7.05
"5435","pH",2009-08-25,2009,"pH","Aug",7.17
"5436","Temperature, water",2009-08-25,2009,"deg C","Aug",14.35
"5437","Dissolved Oxygen",2009-08-25,2009,"mg/L","Aug",8.33
"5438","Dissolved Oxygen",2009-08-25,2009,"mg/L","Aug",8.63
"5439","Temperature, water",2009-08-25,2009,"deg C","Aug",14.49
"5440","pH",2009-08-25,2009,"pH","Aug",7.27
"5441","Dissolved Oxygen",2009-08-25,2009,"mg/L","Aug",8.19
"5442","Dissolved Oxygen",2009-08-25,2009,"mg/L","Aug",1.58
"5443","Dissolved Oxygen",2009-08-25,2009,"mg/L","Aug",9.7
"5444","pH",2009-08-25,2009,"pH","Aug",7.18
"5445","Temperature, water",2009-08-25,2009,"deg C","Aug",9.35
"5446","pH",2009-08-25,2009,"pH","Aug",6.89
"5447","Temperature, water",2009-08-25,2009,"deg C","Aug",14.63
"5448","pH",2009-08-25,2009,"pH","Aug",6.79
"5449","Temperature, water",2009-08-25,2009,"deg C","Aug",13.63
"5450","Temperature, water",2009-08-25,2009,"deg C","Aug",14.63
"5451","pH",2009-08-25,2009,"pH","Aug",6.79
"5452","Dissolved Oxygen",2009-08-25,2009,"mg/L","Aug",7.07
"5453","pH",2009-08-25,2009,"pH","Aug",7.18
"5454","Dissolved Oxygen",2009-08-25,2009,"mg/L","Aug",8.38
"5455","Temperature, water",2009-08-25,2009,"deg C","Aug",14.27
"5456","Temperature, water",2009-08-25,2009,"deg C","Aug",14.4
"5457","Dissolved Oxygen",2009-08-25,2009,"mg/L","Aug",8.65
"5458","pH",2009-08-25,2009,"pH","Aug",7.27
"5459","Dissolved Oxygen",2009-08-25,2009,"mg/L","Aug",8.19
"5460","Dissolved Oxygen",2009-08-25,2009,"mg/L","Aug",1.57
"5461","pH",2009-08-25,2009,"pH","Aug",7.19
"5462","Dissolved Oxygen",2009-08-25,2009,"mg/L","Aug",9.69
"5463","Temperature, water",2009-08-25,2009,"deg C","Aug",9.31
"5464","pH",2009-08-25,2009,"pH","Aug",6.89
"5465","Temperature, water",2009-08-25,2009,"deg C","Aug",14.61
"5466","Temperature, water",2009-08-25,2009,"deg C","Aug",13.56
"5467","pH",2009-08-25,2009,"pH","Aug",6.78
"5468","pH",2009-08-25,2009,"pH","Aug",6.79
"5469","Dissolved Oxygen",2009-08-25,2009,"mg/L","Aug",7.07
"5470","Temperature, water",2009-08-25,2009,"deg C","Aug",14.6
"5471","pH",2009-08-25,2009,"pH","Aug",7.18
"5472","Temperature, water",2009-08-25,2009,"deg C","Aug",14.19
"5473","Dissolved Oxygen",2009-08-25,2009,"mg/L","Aug",8.35
"5474","Temperature, water",2009-08-25,2009,"deg C","Aug",14.32
"5475","pH",2009-08-25,2009,"pH","Aug",7.27
"5476","Dissolved Oxygen",2009-08-25,2009,"mg/L","Aug",8.67
"5477","Dissolved Oxygen",2009-08-25,2009,"mg/L","Aug",8.2
"5478","Dissolved Oxygen",2009-08-25,2009,"mg/L","Aug",1.58
"5479","pH",2009-08-25,2009,"pH","Aug",7.18
"5480","Temperature, water",2009-08-25,2009,"deg C","Aug",9.28
"5481","Dissolved Oxygen",2009-08-25,2009,"mg/L","Aug",9.72
"5482","pH",2009-08-25,2009,"pH","Aug",6.89
"5483","Temperature, water",2009-08-25,2009,"deg C","Aug",14.58
"5484","Temperature, water",2009-08-25,2009,"deg C","Aug",13.51
"5485","pH",2009-08-25,2009,"pH","Aug",6.78
"5486","pH",2009-08-25,2009,"pH","Aug",6.79
"5487","Temperature, water",2009-08-25,2009,"deg C","Aug",14.57
"5488","Dissolved Oxygen",2009-08-25,2009,"mg/L","Aug",7.08
"5489","pH",2009-08-25,2009,"pH","Aug",7.17
"5490","Dissolved Oxygen",2009-08-25,2009,"mg/L","Aug",8.44
"5491","Temperature, water",2009-08-25,2009,"deg C","Aug",14.11
"5492","pH",2009-08-25,2009,"pH","Aug",7.27
"5493","Temperature, water",2009-08-25,2009,"deg C","Aug",14.25
"5494","Dissolved Oxygen",2009-08-25,2009,"mg/L","Aug",8.68
"5495","Dissolved Oxygen",2009-08-25,2009,"mg/L","Aug",8.21
"5496","Dissolved Oxygen",2009-08-25,2009,"mg/L","Aug",1.58
"5497","pH",2009-08-25,2009,"pH","Aug",7.18
"5498","Temperature, water",2009-08-25,2009,"deg C","Aug",9.24
"5499","Dissolved Oxygen",2009-08-25,2009,"mg/L","Aug",9.7
"5500","pH",2009-08-25,2009,"pH","Aug",6.89
"5501","Temperature, water",2009-08-25,2009,"deg C","Aug",14.55
"5502","Temperature, water",2009-08-25,2009,"deg C","Aug",13.46
"5503","pH",2009-08-25,2009,"pH","Aug",6.78
"5504","pH",2009-08-25,2009,"pH","Aug",6.79
"5505","Dissolved Oxygen",2009-08-25,2009,"mg/L","Aug",7.09
"5506","Temperature, water",2009-08-25,2009,"deg C","Aug",14.53
"5507","Dissolved Oxygen",2009-08-25,2009,"mg/L","Aug",8.41
"5508","pH",2009-08-25,2009,"pH","Aug",7.18
"5509","Temperature, water",2009-08-25,2009,"deg C","Aug",14.04
"5510","Temperature, water",2009-08-25,2009,"deg C","Aug",14.17
"5511","pH",2009-08-25,2009,"pH","Aug",7.27
"5512","Dissolved Oxygen",2009-08-25,2009,"mg/L","Aug",8.73
"5513","Dissolved Oxygen",2009-08-25,2009,"mg/L","Aug",8.22
"5514","Dissolved Oxygen",2009-08-25,2009,"mg/L","Aug",1.58
"5515","pH",2009-08-25,2009,"pH","Aug",7.19
"5516","Temperature, water",2009-08-25,2009,"deg C","Aug",9.21
"5517","Dissolved Oxygen",2009-08-25,2009,"mg/L","Aug",9.69
"5518","pH",2009-08-25,2009,"pH","Aug",6.89
"5519","Temperature, water",2009-08-25,2009,"deg C","Aug",14.53
"5520","pH",2009-08-25,2009,"pH","Aug",6.77
"5521","Temperature, water",2009-08-25,2009,"deg C","Aug",13.43
"5522","pH",2009-08-25,2009,"pH","Aug",6.79
"5523","Dissolved Oxygen",2009-08-25,2009,"mg/L","Aug",7.1
"5524","Temperature, water",2009-08-25,2009,"deg C","Aug",14.5
"5525","Dissolved Oxygen",2009-08-25,2009,"mg/L","Aug",8.46
"5526","Temperature, water",2009-08-25,2009,"deg C","Aug",13.97
"5527","pH",2009-08-25,2009,"pH","Aug",7.18
"5528","Dissolved Oxygen",2009-08-25,2009,"mg/L","Aug",8.73
"5529","Temperature, water",2009-08-25,2009,"deg C","Aug",14.1
"5530","pH",2009-08-25,2009,"pH","Aug",7.28
"5531","Dissolved Oxygen",2009-08-25,2009,"mg/L","Aug",8.24
"5532","Dissolved Oxygen",2009-08-25,2009,"mg/L","Aug",1.57
"5533","Dissolved Oxygen",2009-08-25,2009,"mg/L","Aug",9.7
"5534","Temperature, water",2009-08-25,2009,"deg C","Aug",9.18
"5535","pH",2009-08-25,2009,"pH","Aug",7.19
"5536","pH",2009-08-25,2009,"pH","Aug",6.89
"5537","Temperature, water",2009-08-25,2009,"deg C","Aug",14.51
"5538","pH",2009-08-25,2009,"pH","Aug",6.77
"5539","Temperature, water",2009-08-25,2009,"deg C","Aug",13.37
"5540","pH",2009-08-25,2009,"pH","Aug",6.79
"5541","Dissolved Oxygen",2009-08-25,2009,"mg/L","Aug",7.12
"5542","Temperature, water",2009-08-25,2009,"deg C","Aug",14.47
"5543","Temperature, water",2009-08-25,2009,"deg C","Aug",13.9
"5544","pH",2009-08-25,2009,"pH","Aug",7.18
"5545","Dissolved Oxygen",2009-08-25,2009,"mg/L","Aug",8.49
"5546","pH",2009-08-25,2009,"pH","Aug",7.27
"5547","Temperature, water",2009-08-25,2009,"deg C","Aug",14.04
"5548","Dissolved Oxygen",2009-08-25,2009,"mg/L","Aug",8.73
"5549","Dissolved Oxygen",2009-08-25,2009,"mg/L","Aug",8.22
"5550","Dissolved Oxygen",2009-08-25,2009,"mg/L","Aug",1.58
"5551","Temperature, water",2009-08-25,2009,"deg C","Aug",9.14
"5552","pH",2009-08-25,2009,"pH","Aug",7.19
"5553","Dissolved Oxygen",2009-08-25,2009,"mg/L","Aug",9.71
"5554","pH",2009-08-25,2009,"pH","Aug",6.89
"5555","Temperature, water",2009-08-25,2009,"deg C","Aug",14.48
"5556","pH",2009-08-25,2009,"pH","Aug",6.77
"5557","Temperature, water",2009-08-25,2009,"deg C","Aug",13.3
"5558","pH",2009-08-25,2009,"pH","Aug",6.79
"5559","Dissolved Oxygen",2009-08-25,2009,"mg/L","Aug",7.12
"5560","Temperature, water",2009-08-25,2009,"deg C","Aug",14.45
"5561","Temperature, water",2009-08-25,2009,"deg C","Aug",13.83
"5562","pH",2009-08-25,2009,"pH","Aug",7.18
"5563","Dissolved Oxygen",2009-08-25,2009,"mg/L","Aug",8.52
"5564","Dissolved Oxygen",2009-08-25,2009,"mg/L","Aug",8.76
"5565","pH",2009-08-25,2009,"pH","Aug",7.27
"5566","Temperature, water",2009-08-25,2009,"deg C","Aug",13.97
"5567","Dissolved Oxygen",2009-08-25,2009,"mg/L","Aug",8.22
"5568","Dissolved Oxygen",2009-08-25,2009,"mg/L","Aug",1.57
"5569","Dissolved Oxygen",2009-08-25,2009,"mg/L","Aug",9.76
"5570","pH",2009-08-25,2009,"pH","Aug",7.19
"5571","Temperature, water",2009-08-25,2009,"deg C","Aug",9.11
"5572","pH",2009-08-25,2009,"pH","Aug",6.89
"5573","Temperature, water",2009-08-25,2009,"deg C","Aug",14.46
"5574","pH",2009-08-25,2009,"pH","Aug",6.77
"5575","Temperature, water",2009-08-25,2009,"deg C","Aug",13.25
"5576","Temperature, water",2009-08-25,2009,"deg C","Aug",14.4
"5577","Dissolved Oxygen",2009-08-25,2009,"mg/L","Aug",7.13
"5578","pH",2009-08-25,2009,"pH","Aug",6.79
"5579","Dissolved Oxygen",2009-08-25,2009,"mg/L","Aug",8.5
"5580","pH",2009-08-25,2009,"pH","Aug",7.18
"5581","Temperature, water",2009-08-25,2009,"deg C","Aug",13.76
"5582","Temperature, water",2009-08-25,2009,"deg C","Aug",13.9
"5583","pH",2009-08-25,2009,"pH","Aug",7.27
"5584","Dissolved Oxygen",2009-08-25,2009,"mg/L","Aug",8.76
"5585","Dissolved Oxygen",2009-08-25,2009,"mg/L","Aug",8.24
"5586","Dissolved Oxygen",2009-08-25,2009,"mg/L","Aug",1.57
"5587","pH",2009-08-25,2009,"pH","Aug",7.18
"5588","Temperature, water",2009-08-25,2009,"deg C","Aug",9.08
"5589","Dissolved Oxygen",2009-08-25,2009,"mg/L","Aug",9.73
"5590","Temperature, water",2009-08-25,2009,"deg C","Aug",14.44
"5591","pH",2009-08-25,2009,"pH","Aug",6.89
"5592","Temperature, water",2009-08-25,2009,"deg C","Aug",13.2
"5593","pH",2009-08-25,2009,"pH","Aug",6.76
"5594","Temperature, water",2009-08-25,2009,"deg C","Aug",14.37
"5595","pH",2009-08-25,2009,"pH","Aug",6.79
"5596","Dissolved Oxygen",2009-08-25,2009,"mg/L","Aug",7.17
"5597","Dissolved Oxygen",2009-08-25,2009,"mg/L","Aug",8.55
"5598","Temperature, water",2009-08-25,2009,"deg C","Aug",13.7
"5599","pH",2009-08-25,2009,"pH","Aug",7.18
"5600","pH",2009-08-25,2009,"pH","Aug",7.27
"5601","Temperature, water",2009-08-25,2009,"deg C","Aug",13.84
"5602","Dissolved Oxygen",2009-08-25,2009,"mg/L","Aug",8.78
"5603","Dissolved Oxygen",2009-08-25,2009,"mg/L","Aug",8.24
"5604","Dissolved Oxygen",2009-08-25,2009,"mg/L","Aug",1.57
"5605","pH",2009-08-25,2009,"pH","Aug",7.18
"5606","Dissolved Oxygen",2009-08-25,2009,"mg/L","Aug",9.76
"5607","Temperature, water",2009-08-25,2009,"deg C","Aug",9.06
"5608","Temperature, water",2009-08-25,2009,"deg C","Aug",14.42
"5609","pH",2009-08-25,2009,"pH","Aug",6.9
"5610","Temperature, water",2009-08-25,2009,"deg C","Aug",13.15
"5611","pH",2009-08-25,2009,"pH","Aug",6.77
"5612","pH",2009-08-25,2009,"pH","Aug",6.8
"5613","Dissolved Oxygen",2009-08-25,2009,"mg/L","Aug",7.23
"5614","Temperature, water",2009-08-25,2009,"deg C","Aug",14.37
"5615","Dissolved Oxygen",2009-08-25,2009,"mg/L","Aug",8.52
"5616","Temperature, water",2009-08-25,2009,"deg C","Aug",13.66
"5617","pH",2009-08-25,2009,"pH","Aug",7.19
"5618","pH",2009-08-25,2009,"pH","Aug",7.28
"5619","Temperature, water",2009-08-25,2009,"deg C","Aug",13.77
"5620","Dissolved Oxygen",2009-08-25,2009,"mg/L","Aug",8.82
"5621","Dissolved Oxygen",2009-08-25,2009,"mg/L","Aug",8.25
"5622","Dissolved Oxygen",2009-08-25,2009,"mg/L","Aug",1.58
"5623","pH",2009-08-25,2009,"pH","Aug",7.2
"5624","Dissolved Oxygen",2009-08-25,2009,"mg/L","Aug",9.78
"5625","Temperature, water",2009-08-25,2009,"deg C","Aug",9.03
"5626","Temperature, water",2009-08-25,2009,"deg C","Aug",14.4
"5627","pH",2009-08-25,2009,"pH","Aug",6.91
"5628","pH",2009-08-25,2009,"pH","Aug",6.78
"5629","Temperature, water",2009-08-25,2009,"deg C","Aug",13.1
"5630","pH",2009-08-25,2009,"pH","Aug",6.8
"5631","Dissolved Oxygen",2009-08-25,2009,"mg/L","Aug",7.35
"5632","Temperature, water",2009-08-25,2009,"deg C","Aug",14.32
"5633","Temperature, water",2009-08-25,2009,"deg C","Aug",13.6
"5634","Dissolved Oxygen",2009-08-25,2009,"mg/L","Aug",8.59
"5635","pH",2009-08-25,2009,"pH","Aug",7.19
"5636","pH",2009-08-25,2009,"pH","Aug",7.29
"5637","Dissolved Oxygen",2009-08-25,2009,"mg/L","Aug",8.87
"5638","Temperature, water",2009-08-25,2009,"deg C","Aug",13.74
"5639","Dissolved Oxygen",2009-08-25,2009,"mg/L","Aug",8.29
"5640","Dissolved Oxygen",2009-08-25,2009,"mg/L","Aug",1.58
"5641","pH",2009-08-25,2009,"pH","Aug",7.2
"5642","Dissolved Oxygen",2009-08-25,2009,"mg/L","Aug",9.8
"5643","Temperature, water",2009-08-25,2009,"deg C","Aug",9.01
"5644","Temperature, water",2009-08-25,2009,"deg C","Aug",14.4
"5645","pH",2009-08-25,2009,"pH","Aug",6.91
"5646","pH",2009-08-25,2009,"pH","Aug",6.78
"5647","Temperature, water",2009-08-25,2009,"deg C","Aug",13.07
"5648","Dissolved Oxygen",2009-08-25,2009,"mg/L","Aug",7.52
"5649","pH",2009-08-25,2009,"pH","Aug",6.81
"5650","Temperature, water",2009-08-25,2009,"deg C","Aug",14.32
"5651","Temperature, water",2009-08-25,2009,"deg C","Aug",13.56
"5652","Dissolved Oxygen",2009-08-25,2009,"mg/L","Aug",8.75
"5653","pH",2009-08-25,2009,"pH","Aug",7.21
"5654","pH",2009-08-25,2009,"pH","Aug",7.31
"5655","Dissolved Oxygen",2009-08-25,2009,"mg/L","Aug",8.98
"5656","Temperature, water",2009-08-25,2009,"deg C","Aug",13.71
"5657","Dissolved Oxygen",2009-08-25,2009,"mg/L","Aug",8.32
"5658","Dissolved Oxygen",2009-08-25,2009,"mg/L","Aug",1.57
"5659","pH",2009-08-25,2009,"pH","Aug",7.2
"5660","Dissolved Oxygen",2009-08-25,2009,"mg/L","Aug",9.84
"5661","Temperature, water",2009-08-25,2009,"deg C","Aug",8.99
"5662","Temperature, water",2009-08-25,2009,"deg C","Aug",14.39
"5663","pH",2009-08-25,2009,"pH","Aug",6.92
"5664","pH",2009-08-25,2009,"pH","Aug",6.79
"5665","Temperature, water",2009-08-25,2009,"deg C","Aug",13.04
"5666","pH",2009-08-25,2009,"pH","Aug",6.83
"5667","Temperature, water",2009-08-25,2009,"deg C","Aug",14.32
"5668","Dissolved Oxygen",2009-08-25,2009,"mg/L","Aug",7.7
"5669","pH",2009-08-25,2009,"pH","Aug",7.23
"5670","Dissolved Oxygen",2009-08-25,2009,"mg/L","Aug",8.82
"5671","Temperature, water",2009-08-25,2009,"deg C","Aug",13.53
"5672","pH",2009-08-25,2009,"pH","Aug",7.32
"5673","Dissolved Oxygen",2009-08-25,2009,"mg/L","Aug",9.06
"5674","Temperature, water",2009-08-25,2009,"deg C","Aug",13.66
"5675","Dissolved Oxygen",2009-08-25,2009,"mg/L","Aug",8.33
"5676","Dissolved Oxygen",2009-08-25,2009,"mg/L","Aug",1.58
"5677","Temperature, water",2009-08-25,2009,"deg C","Aug",8.97
"5678","pH",2009-08-25,2009,"pH","Aug",7.21
"5679","Dissolved Oxygen",2009-08-25,2009,"mg/L","Aug",9.81
"5680","pH",2009-08-25,2009,"pH","Aug",6.93
"5681","Temperature, water",2009-08-25,2009,"deg C","Aug",14.4
"5682","pH",2009-08-25,2009,"pH","Aug",6.8
"5683","Temperature, water",2009-08-25,2009,"deg C","Aug",13.02
"5684","Temperature, water",2009-08-25,2009,"deg C","Aug",14.32
"5685","pH",2009-08-25,2009,"pH","Aug",6.84
"5686","Dissolved Oxygen",2009-08-25,2009,"mg/L","Aug",7.87
"5687","Dissolved Oxygen",2009-08-25,2009,"mg/L","Aug",8.95
"5688","Temperature, water",2009-08-25,2009,"deg C","Aug",13.52
"5689","pH",2009-08-25,2009,"pH","Aug",7.25
"5690","pH",2009-08-25,2009,"pH","Aug",7.35
"5691","Temperature, water",2009-08-25,2009,"deg C","Aug",13.66
"5692","Dissolved Oxygen",2009-08-25,2009,"mg/L","Aug",9.17
"5693","Dissolved Oxygen",2009-08-25,2009,"mg/L","Aug",8.38
"5694","Dissolved Oxygen",2009-08-25,2009,"mg/L","Aug",1.57
"5695","Temperature, water",2009-08-25,2009,"deg C","Aug",8.95
"5696","Dissolved Oxygen",2009-08-25,2009,"mg/L","Aug",9.86
"5697","pH",2009-08-25,2009,"pH","Aug",7.22
"5698","Temperature, water",2009-08-25,2009,"deg C","Aug",14.41
"5699","pH",2009-08-25,2009,"pH","Aug",6.93
"5700","pH",2009-08-25,2009,"pH","Aug",6.81
"5701","Temperature, water",2009-08-25,2009,"deg C","Aug",13.02
"5702","Dissolved Oxygen",2009-08-25,2009,"mg/L","Aug",8.03
"5703","Temperature, water",2009-08-25,2009,"deg C","Aug",14.37
"5704","pH",2009-08-25,2009,"pH","Aug",6.85
"5705","Temperature, water",2009-08-25,2009,"deg C","Aug",13.53
"5706","pH",2009-08-25,2009,"pH","Aug",7.27
"5707","Dissolved Oxygen",2009-08-25,2009,"mg/L","Aug",9.06
"5708","Temperature, water",2009-08-25,2009,"deg C","Aug",13.66
"5709","Dissolved Oxygen",2009-08-25,2009,"mg/L","Aug",9.27
"5710","pH",2009-08-25,2009,"pH","Aug",7.38
"5711","Dissolved Oxygen",2009-08-25,2009,"mg/L","Aug",8.37
"5712","Dissolved Oxygen",2009-08-25,2009,"mg/L","Aug",1.58
"5713","Dissolved Oxygen",2009-08-25,2009,"mg/L","Aug",9.83
"5714","Temperature, water",2009-08-25,2009,"deg C","Aug",8.94
"5715","pH",2009-08-25,2009,"pH","Aug",7.22
"5716","Temperature, water",2009-08-25,2009,"deg C","Aug",14.42
"5717","pH",2009-08-25,2009,"pH","Aug",6.93
"5718","Temperature, water",2009-08-25,2009,"deg C","Aug",13.05
"5719","pH",2009-08-25,2009,"pH","Aug",6.83
"5720","Temperature, water",2009-08-25,2009,"deg C","Aug",14.42
"5721","pH",2009-08-25,2009,"pH","Aug",6.86
"5722","Dissolved Oxygen",2009-08-25,2009,"mg/L","Aug",8.21
"5723","Temperature, water",2009-08-25,2009,"deg C","Aug",13.55
"5724","pH",2009-08-25,2009,"pH","Aug",7.31
"5725","Dissolved Oxygen",2009-08-25,2009,"mg/L","Aug",9.22
"5726","Dissolved Oxygen",2009-08-25,2009,"mg/L","Aug",9.4
"5727","Temperature, water",2009-08-25,2009,"deg C","Aug",13.67
"5728","pH",2009-08-25,2009,"pH","Aug",7.41
"5729","Dissolved Oxygen",2009-08-25,2009,"mg/L","Aug",8.41
"5730","Dissolved Oxygen",2009-08-25,2009,"mg/L","Aug",1.57
"5731","Temperature, water",2009-08-25,2009,"deg C","Aug",8.94
"5732","pH",2009-08-25,2009,"pH","Aug",7.23
"5733","Dissolved Oxygen",2009-08-25,2009,"mg/L","Aug",9.85
"5734","pH",2009-08-25,2009,"pH","Aug",6.95
"5735","Temperature, water",2009-08-25,2009,"deg C","Aug",14.45
"5736","pH",2009-08-25,2009,"pH","Aug",6.85
"5737","Temperature, water",2009-08-25,2009,"deg C","Aug",13.08
"5738","Temperature, water",2009-08-25,2009,"deg C","Aug",14.48
"5739","pH",2009-08-25,2009,"pH","Aug",6.87
"5740","Dissolved Oxygen",2009-08-25,2009,"mg/L","Aug",8.42
"5741","Temperature, water",2009-08-25,2009,"deg C","Aug",13.59
"5742","pH",2009-08-25,2009,"pH","Aug",7.34
"5743","Dissolved Oxygen",2009-08-25,2009,"mg/L","Aug",9.36
"5744","Temperature, water",2009-08-25,2009,"deg C","Aug",13.71
"5745","Dissolved Oxygen",2009-08-25,2009,"mg/L","Aug",9.54
"5746","pH",2009-08-25,2009,"pH","Aug",7.44
"5747","Dissolved Oxygen",2009-08-25,2009,"mg/L","Aug",8.43
"5748","Dissolved Oxygen",2009-08-25,2009,"mg/L","Aug",1.57
"5749","Temperature, water",2009-08-25,2009,"deg C","Aug",13.54
"5750","pH",2009-08-25,2009,"pH","Aug",7.28
"5751","Temperature, water",2009-08-25,2009,"deg C","Aug",8.95
"5752","Dissolved Oxygen",2009-08-25,2009,"mg/L","Aug",9.88
"5753","pH",2009-08-25,2009,"pH","Aug",7.23
"5754","pH",2009-08-25,2009,"pH","Aug",6.95
"5755","Temperature, water",2009-08-25,2009,"deg C","Aug",14.48
"5756","Temperature, water",2009-08-25,2009,"deg C","Aug",13.15
"5757","pH",2009-08-25,2009,"pH","Aug",6.86
"5758","Temperature, water",2009-08-25,2009,"deg C","Aug",14.52
"5759","Dissolved Oxygen",2009-08-25,2009,"mg/L","Aug",8.65
"5760","pH",2009-08-25,2009,"pH","Aug",6.89
"5761","Temperature, water",2009-08-25,2009,"deg C","Aug",13.64
"5762","pH",2009-08-25,2009,"pH","Aug",7.38
"5763","Dissolved Oxygen",2009-08-25,2009,"mg/L","Aug",9.41
"5764","pH",2009-08-25,2009,"pH","Aug",7.48
"5765","Temperature, water",2009-08-25,2009,"deg C","Aug",13.76
"5766","Dissolved Oxygen",2009-08-25,2009,"mg/L","Aug",9.63
"5767","Dissolved Oxygen",2009-08-25,2009,"mg/L","Aug",8.42
"5768","Dissolved Oxygen",2009-08-25,2009,"mg/L","Aug",1.58
"5769","Dissolved Oxygen",2009-08-25,2009,"mg/L","Aug",9.5
"5770","pH",2009-08-25,2009,"pH","Aug",7.23
"5771","Temperature, water",2009-08-25,2009,"deg C","Aug",8.95
"5772","Dissolved Oxygen",2009-08-25,2009,"mg/L","Aug",9.89
"5773","Temperature, water",2009-08-25,2009,"deg C","Aug",14.54
"5774","pH",2009-08-25,2009,"pH","Aug",6.96
"5775","Temperature, water",2009-08-25,2009,"deg C","Aug",13.23
"5776","pH",2009-08-25,2009,"pH","Aug",6.88
"5777","Dissolved Oxygen",2009-08-25,2009,"mg/L","Aug",8.8
"5778","pH",2009-08-25,2009,"pH","Aug",6.9
"5779","Temperature, water",2009-08-25,2009,"deg C","Aug",14.63
"5780","pH",2009-08-25,2009,"pH","Aug",7.42
"5781","Dissolved Oxygen",2009-08-25,2009,"mg/L","Aug",9.55
"5782","Temperature, water",2009-08-25,2009,"deg C","Aug",13.71
"5783","pH",2009-08-25,2009,"pH","Aug",7.53
"5784","Temperature, water",2009-08-25,2009,"deg C","Aug",13.81
"5785","Dissolved Oxygen",2009-08-25,2009,"mg/L","Aug",9.76
"5786","Dissolved Oxygen",2009-08-25,2009,"mg/L","Aug",8.44
"5787","Dissolved Oxygen",2009-08-25,2009,"mg/L","Aug",1.56
"5788","pH",2009-08-25,2009,"pH","Aug",6.9
"5789","Temperature, water",2009-08-25,2009,"deg C","Aug",13.32
"5790","Dissolved Oxygen",2009-08-25,2009,"mg/L","Aug",1.57
"5791","Dissolved Oxygen",2009-08-25,2009,"mg/L","Aug",9.9
"5792","Temperature, water",2009-08-25,2009,"deg C","Aug",8.96
"5793","pH",2009-08-25,2009,"pH","Aug",7.25
"5794","Temperature, water",2009-08-25,2009,"deg C","Aug",14.69
"5795","pH",2009-08-25,2009,"pH","Aug",6.97
"5796","pH",2009-08-25,2009,"pH","Aug",6.91
"5797","Temperature, water",2009-08-25,2009,"deg C","Aug",14.76
"5798","Dissolved Oxygen",2009-08-25,2009,"mg/L","Aug",8.95
"5799","pH",2009-08-25,2009,"pH","Aug",7.47
"5800","Dissolved Oxygen",2009-08-25,2009,"mg/L","Aug",9.65
"5801","Temperature, water",2009-08-25,2009,"deg C","Aug",13.81
"5802","Temperature, water",2009-08-25,2009,"deg C","Aug",13.9
"5803","Dissolved Oxygen",2009-08-25,2009,"mg/L","Aug",9.85
"5804","pH",2009-08-25,2009,"pH","Aug",7.58
"5805","Dissolved Oxygen",2009-08-25,2009,"mg/L","Aug",8.46
"5806","Temperature, water",2009-08-25,2009,"deg C","Aug",13.2
"5807","pH",2009-08-25,2009,"pH","Aug",7.34
"5808","Dissolved Oxygen",2009-08-25,2009,"mg/L","Aug",9.97
"5809","pH",2009-08-25,2009,"pH","Aug",6.99
"5810","Temperature, water",2009-08-25,2009,"deg C","Aug",14.84
"5811","Temperature, water",2009-08-25,2009,"deg C","Aug",13.43
"5812","pH",2009-08-25,2009,"pH","Aug",6.92
"5813","Dissolved Oxygen",2009-08-25,2009,"mg/L","Aug",9.11
"5814","pH",2009-08-25,2009,"pH","Aug",6.89
"5815","Temperature, water",2009-08-25,2009,"deg C","Aug",14.9
"5816","Temperature, water",2009-08-25,2009,"deg C","Aug",13.93
"5817","pH",2009-08-25,2009,"pH","Aug",7.51
"5818","Dissolved Oxygen",2009-08-25,2009,"mg/L","Aug",9.75
"5819","Dissolved Oxygen",2009-08-25,2009,"mg/L","Aug",9.96
"5820","pH",2009-08-25,2009,"pH","Aug",7.65
"5821","Temperature, water",2009-08-25,2009,"deg C","Aug",14.02
"5822","Dissolved Oxygen",2009-08-25,2009,"mg/L","Aug",8.49
"5823","Dissolved Oxygen",2009-08-25,2009,"mg/L","Aug",1.57
"5824","Dissolved Oxygen",2009-08-25,2009,"mg/L","Aug",9.85
"5825","pH",2009-08-25,2009,"pH","Aug",7.15
"5826","Temperature, water",2009-08-25,2009,"deg C","Aug",8.81
"5827","Temperature, water",2009-08-25,2009,"deg C","Aug",8.99
"5828","Dissolved Oxygen",2009-08-25,2009,"mg/L","Aug",9.93
"5829","pH",2009-08-25,2009,"pH","Aug",7.25
"5830","Temperature, water",2009-08-25,2009,"deg C","Aug",14.31
"5831","pH",2009-08-25,2009,"pH","Aug",7.43
"5832","Dissolved Oxygen",2009-08-25,2009,"mg/L","Aug",9.29
"5833","Temperature, water",2009-08-25,2009,"deg C","Aug",15.06
"5834","pH",2009-08-25,2009,"pH","Aug",6.92
"5835","Temperature, water",2009-08-25,2009,"deg C","Aug",9.02
"5836","Dissolved Oxygen",2009-08-25,2009,"mg/L","Aug",9.88
"5837","pH",2009-08-25,2009,"pH","Aug",7.25
"5838","Temperature, water",2009-08-25,2009,"deg C","Aug",14.98
"5839","pH",2009-08-25,2009,"pH","Aug",6.99
"5840","pH",2009-08-25,2009,"pH","Aug",6.93
"5841","Temperature, water",2009-08-25,2009,"deg C","Aug",13.58
"5842","pH",2009-08-25,2009,"pH","Aug",7.56
"5843","Dissolved Oxygen",2009-08-25,2009,"mg/L","Aug",9.86
"5844","Temperature, water",2009-08-25,2009,"deg C","Aug",14.06
"5845","pH",2009-08-25,2009,"pH","Aug",7.7
"5846","Temperature, water",2009-08-25,2009,"deg C","Aug",14.17
"5847","Dissolved Oxygen",2009-08-25,2009,"mg/L","Aug",10.03
"5848","Dissolved Oxygen",2009-08-25,2009,"mg/L","Aug",8.48
"5849","Dissolved Oxygen",2009-08-25,2009,"mg/L","Aug",1.57
"5850","Temperature, water",2009-08-25,2009,"deg C","Aug",14.86
"5851","Dissolved Oxygen",2009-08-25,2009,"mg/L","Aug",9.28
"5852","pH",2009-08-25,2009,"pH","Aug",6.76
"5853","Dissolved Oxygen",2009-08-25,2009,"mg/L","Aug",9.62
"5854","pH",2009-08-25,2009,"pH","Aug",7.25
"5855","Dissolved Oxygen",2009-08-25,2009,"mg/L","Aug",9.87
"5856","Temperature, water",2009-08-25,2009,"deg C","Aug",9.07
"5857","Temperature, water",2009-08-25,2009,"deg C","Aug",15.13
"5858","pH",2009-08-25,2009,"pH","Aug",7.01
"5859","Temperature, water",2009-08-25,2009,"deg C","Aug",13.73
"5860","pH",2009-08-25,2009,"pH","Aug",6.95
"5861","Dissolved Oxygen",2009-08-25,2009,"mg/L","Aug",9.41
"5862","Temperature, water",2009-08-25,2009,"deg C","Aug",15.21
"5863","pH",2009-08-25,2009,"pH","Aug",6.98
"5864","pH",2009-08-25,2009,"pH","Aug",7.62
"5865","Dissolved Oxygen",2009-08-25,2009,"mg/L","Aug",9.88
"5866","Temperature, water",2009-08-25,2009,"deg C","Aug",14.22
"5867","Temperature, water",2009-08-25,2009,"deg C","Aug",14.32
"5868","Dissolved Oxygen",2009-08-25,2009,"mg/L","Aug",10.1
"5869","pH",2009-08-25,2009,"pH","Aug",7.77
"5870","Dissolved Oxygen",2009-08-25,2009,"mg/L","Aug",8.51
"5871","Dissolved Oxygen",2009-08-25,2009,"mg/L","Aug",1.56
"5872","Temperature, water",2009-08-25,2009,"deg C","Aug",9.14
"5873","Dissolved Oxygen",2009-08-25,2009,"mg/L","Aug",9.88
"5874","pH",2009-08-25,2009,"pH","Aug",7.25
"5875","Temperature, water",2009-08-25,2009,"deg C","Aug",15.3
"5876","pH",2009-08-25,2009,"pH","Aug",7.01
"5877","Temperature, water",2009-08-25,2009,"deg C","Aug",13.89
"5878","pH",2009-08-25,2009,"pH","Aug",6.97
"5879","Temperature, water",2009-08-25,2009,"deg C","Aug",15.36
"5880","Dissolved Oxygen",2009-08-25,2009,"mg/L","Aug",9.52
"5881","pH",2009-08-25,2009,"pH","Aug",6.99
"5882","Dissolved Oxygen",2009-08-25,2009,"mg/L","Aug",9.94
"5883","pH",2009-08-25,2009,"pH","Aug",7.68
"5884","Temperature, water",2009-08-25,2009,"deg C","Aug",14.39
"5885","pH",2009-08-25,2009,"pH","Aug",7.83
"5886","Dissolved Oxygen",2009-08-25,2009,"mg/L","Aug",10.19
"5887","Temperature, water",2009-08-25,2009,"deg C","Aug",14.5
"5888","Dissolved Oxygen",2009-08-25,2009,"mg/L","Aug",8.51
"5889","Dissolved Oxygen",2009-08-25,2009,"mg/L","Aug",1.54
"5890","pH",2009-08-25,2009,"pH","Aug",7.48
"5891","Dissolved Oxygen",2009-08-25,2009,"mg/L","Aug",9.6
"5892","Temperature, water",2009-08-25,2009,"deg C","Aug",13.34
"5893","Temperature, water",2009-08-25,2009,"deg C","Aug",9.21
"5894","pH",2009-08-25,2009,"pH","Aug",7.26
"5895","Dissolved Oxygen",2009-08-25,2009,"mg/L","Aug",9.87
"5896","Temperature, water",2009-08-25,2009,"deg C","Aug",15.47
"5897","pH",2009-08-25,2009,"pH","Aug",7.03
"5898","pH",2009-08-25,2009,"pH","Aug",6.99
"5899","Temperature, water",2009-08-25,2009,"deg C","Aug",14.08
"5900","pH",2009-08-25,2009,"pH","Aug",7.01
"5901","Dissolved Oxygen",2009-08-25,2009,"mg/L","Aug",9.6
"5902","Temperature, water",2009-08-25,2009,"deg C","Aug",15.51
"5903","pH",2009-08-25,2009,"pH","Aug",7.84
"5904","Temperature, water",2009-08-25,2009,"deg C","Aug",14.85
"5905","pH",2009-08-25,2009,"pH","Aug",7.73
"5906","Temperature, water",2009-08-25,2009,"deg C","Aug",14.59
"5907","Dissolved Oxygen",2009-08-25,2009,"mg/L","Aug",10.03
"5908","pH",2009-08-25,2009,"pH","Aug",7.9
"5909","Dissolved Oxygen",2009-08-25,2009,"mg/L","Aug",10.2
"5910","Temperature, water",2009-08-25,2009,"deg C","Aug",14.69
"5911","Dissolved Oxygen",2009-08-25,2009,"mg/L","Aug",8.51
"5912","Dissolved Oxygen",2009-08-25,2009,"mg/L","Aug",1.53
"5913","Dissolved Oxygen",2009-08-25,2009,"mg/L","Aug",10.25
"5914","Temperature, water",2009-08-25,2009,"deg C","Aug",15.07
"5915","pH",2009-08-25,2009,"pH","Aug",8.3
"5916","Dissolved Oxygen",2009-08-25,2009,"mg/L","Aug",10.71
"5917","Dissolved Oxygen",2009-08-25,2009,"mg/L","Aug",10.72
"5918","Temperature, water",2009-08-25,2009,"deg C","Aug",15.07
"5919","pH",2009-08-25,2009,"pH","Aug",8.3
"5920","Temperature, water",2009-08-25,2009,"deg C","Aug",9.3
"5921","Dissolved Oxygen",2009-08-25,2009,"mg/L","Aug",9.81
"5922","pH",2009-08-25,2009,"pH","Aug",7.27
"5923","Temperature, water",2009-08-25,2009,"deg C","Aug",15.65
"5924","pH",2009-08-25,2009,"pH","Aug",7.04
"5925","pH",2009-08-25,2009,"pH","Aug",7.01
"5926","Temperature, water",2009-08-25,2009,"deg C","Aug",14.28
"5927","Temperature, water",2009-08-25,2009,"deg C","Aug",15.7
"5928","Dissolved Oxygen",2009-08-25,2009,"mg/L","Aug",9.69
"5929","pH",2009-08-25,2009,"pH","Aug",7.01
"5930","Dissolved Oxygen",2009-08-25,2009,"mg/L","Aug",10.03
"5931","pH",2009-08-25,2009,"pH","Aug",7.79
"5932","Temperature, water",2009-08-25,2009,"deg C","Aug",14.81
"5933","pH",2009-08-25,2009,"pH","Aug",7.97
"5934","Dissolved Oxygen",2009-08-25,2009,"mg/L","Aug",10.23
"5935","Temperature, water",2009-08-25,2009,"deg C","Aug",14.92
"5936","Dissolved Oxygen",2009-08-25,2009,"mg/L","Aug",8.5
"5937","Dissolved Oxygen",2009-08-25,2009,"mg/L","Aug",1.53
"5938","pH",2009-08-25,2009,"pH","Aug",7.27
"5939","Temperature, water",2009-08-25,2009,"deg C","Aug",9.42
"5940","Dissolved Oxygen",2009-08-25,2009,"mg/L","Aug",9.83
"5941","Temperature, water",2009-08-25,2009,"deg C","Aug",15.84
"5942","pH",2009-08-25,2009,"pH","Aug",7.04
"5943","pH",2009-08-25,2009,"pH","Aug",7.03
"5944","Temperature, water",2009-08-25,2009,"deg C","Aug",14.49
"5945","Dissolved Oxygen",2009-08-25,2009,"mg/L","Aug",9.8
"5946","pH",2009-08-25,2009,"pH","Aug",7.02
"5947","Temperature, water",2009-08-25,2009,"deg C","Aug",15.87
"5948","Dissolved Oxygen",2009-08-25,2009,"mg/L","Aug",10.06
"5949","Temperature, water",2009-08-25,2009,"deg C","Aug",15.04
"5950","pH",2009-08-25,2009,"pH","Aug",7.85
"5951","Dissolved Oxygen",2009-08-25,2009,"mg/L","Aug",10.25
"5952","Temperature, water",2009-08-25,2009,"deg C","Aug",15.15
"5953","pH",2009-08-25,2009,"pH","Aug",8.04
"5954","Dissolved Oxygen",2009-08-25,2009,"mg/L","Aug",8.5
"5955","Dissolved Oxygen",2009-08-25,2009,"mg/L","Aug",1.53
"5956","pH",2009-08-25,2009,"pH","Aug",7.45
"5957","Dissolved Oxygen",2009-08-25,2009,"mg/L","Aug",9.55
"5958","Temperature, water",2009-08-25,2009,"deg C","Aug",13.31
"5959","Dissolved Oxygen",2009-08-25,2009,"mg/L","Aug",9.77
"5960","pH",2009-08-25,2009,"pH","Aug",7.27
"5961","Temperature, water",2009-08-25,2009,"deg C","Aug",9.57
"5962","Temperature, water",2009-08-25,2009,"deg C","Aug",16.06
"5963","pH",2009-08-25,2009,"pH","Aug",7.05
"5964","Temperature, water",2009-08-25,2009,"deg C","Aug",14.74
"5965","pH",2009-08-25,2009,"pH","Aug",7.06
"5966","Dissolved Oxygen",2009-08-25,2009,"mg/L","Aug",9.89
"5967","pH",2009-08-25,2009,"pH","Aug",7.03
"5968","Temperature, water",2009-08-25,2009,"deg C","Aug",16.05
"5969","pH",2009-08-25,2009,"pH","Aug",7.91
"5970","Temperature, water",2009-08-25,2009,"deg C","Aug",15.29
"5971","Dissolved Oxygen",2009-08-25,2009,"mg/L","Aug",10.12
"5972","Dissolved Oxygen",2009-08-25,2009,"mg/L","Aug",10.28
"5973","Temperature, water",2009-08-25,2009,"deg C","Aug",15.4
"5974","pH",2009-08-25,2009,"pH","Aug",8.12
"5975","Dissolved Oxygen",2009-08-25,2009,"mg/L","Aug",8.49
"5976","Dissolved Oxygen",2009-08-25,2009,"mg/L","Aug",1.52
"5977","Dissolved Oxygen",2009-08-25,2009,"mg/L","Aug",9.76
"5978","pH",2009-08-25,2009,"pH","Aug",7.29
"5979","Temperature, water",2009-08-25,2009,"deg C","Aug",9.76
"5980","Temperature, water",2009-08-25,2009,"deg C","Aug",16.29
"5981","pH",2009-08-25,2009,"pH","Aug",7.06
"5982","Temperature, water",2009-08-25,2009,"deg C","Aug",14.97
"5983","pH",2009-08-25,2009,"pH","Aug",7.07
"5984","Temperature, water",2009-08-25,2009,"deg C","Aug",16.29
"5985","pH",2009-08-25,2009,"pH","Aug",7.04
"5986","Dissolved Oxygen",2009-08-25,2009,"mg/L","Aug",9.97
"5987","Dissolved Oxygen",2009-08-25,2009,"mg/L","Aug",10.08
"5988","Temperature, water",2009-08-25,2009,"deg C","Aug",15.55
"5989","pH",2009-08-25,2009,"pH","Aug",7.96
"5990","pH",2009-08-25,2009,"pH","Aug",8.17
"5991","Dissolved Oxygen",2009-08-25,2009,"mg/L","Aug",10.3
"5992","Temperature, water",2009-08-25,2009,"deg C","Aug",15.65
"5993","Dissolved Oxygen",2009-08-25,2009,"mg/L","Aug",8.48
"5994","Dissolved Oxygen",2009-08-25,2009,"mg/L","Aug",1.52
"5995","pH",2009-08-25,2009,"pH","Aug",7.29
"5996","Temperature, water",2009-08-25,2009,"deg C","Aug",9.95
"5997","Dissolved Oxygen",2009-08-25,2009,"mg/L","Aug",9.75
"5998","pH",2009-08-25,2009,"pH","Aug",7.06
"5999","Temperature, water",2009-08-25,2009,"deg C","Aug",16.52
"6000","Temperature, water",2009-08-25,2009,"deg C","Aug",15.24
"6001","pH",2009-08-25,2009,"pH","Aug",7.09
"6002","Temperature, water",2009-08-25,2009,"deg C","Aug",16.49
"6003","pH",2009-08-25,2009,"pH","Aug",7.05
"6004","Dissolved Oxygen",2009-08-25,2009,"mg/L","Aug",10.03
"6005","Dissolved Oxygen",2009-08-25,2009,"mg/L","Aug",10.1
"6006","Temperature, water",2009-08-25,2009,"deg C","Aug",15.83
"6007","pH",2009-08-25,2009,"pH","Aug",8.01
"6008","Temperature, water",2009-08-25,2009,"deg C","Aug",15.96
"6009","pH",2009-08-25,2009,"pH","Aug",8.24
"6010","Dissolved Oxygen",2009-08-25,2009,"mg/L","Aug",10.3
"6011","Temperature, water",2009-08-25,2009,"deg C","Aug",13.56
"6012","Dissolved Oxygen",2009-08-25,2009,"mg/L","Aug",5.5
"6013","pH",2009-08-25,2009,"pH","Aug",7.09
"6014","Dissolved Oxygen",2009-08-25,2009,"mg/L","Aug",8.48
"6015","Dissolved Oxygen",2009-08-25,2009,"mg/L","Aug",1.49
"6016","Dissolved Oxygen",2009-08-25,2009,"mg/L","Aug",8.46
"6017","pH",2009-08-25,2009,"pH","Aug",7.17
"6018","Temperature, water",2009-08-25,2009,"deg C","Aug",16.69
"6019","Dissolved Oxygen",2009-08-25,2009,"mg/L","Aug",9.68
"6020","Temperature, water",2009-08-25,2009,"deg C","Aug",10.14
"6021","pH",2009-08-25,2009,"pH","Aug",7.3
"6022","Temperature, water",2009-08-25,2009,"deg C","Aug",16.77
"6023","pH",2009-08-25,2009,"pH","Aug",7.07
"6024","Temperature, water",2009-08-25,2009,"deg C","Aug",15.5
"6025","pH",2009-08-25,2009,"pH","Aug",7.11
"6026","pH",2009-08-25,2009,"pH","Aug",7.06
"6027","Dissolved Oxygen",2009-08-25,2009,"mg/L","Aug",10.08
"6028","Temperature, water",2009-08-25,2009,"deg C","Aug",16.69
"6029","Dissolved Oxygen",2009-08-25,2009,"mg/L","Aug",10.13
"6030","pH",2009-08-25,2009,"pH","Aug",8.06
"6031","Temperature, water",2009-08-25,2009,"deg C","Aug",16.13
"6032","Temperature, water",2009-08-25,2009,"deg C","Aug",16.24
"6033","pH",2009-08-25,2009,"pH","Aug",8.29
"6034","Dissolved Oxygen",2009-08-25,2009,"mg/L","Aug",10.31
"6035","Dissolved Oxygen",2009-08-25,2009,"mg/L","Aug",8.44
"6036","Dissolved Oxygen",2009-08-25,2009,"mg/L","Aug",1.48
"6037","pH",2009-08-25,2009,"pH","Aug",7.3
"6038","Temperature, water",2009-08-25,2009,"deg C","Aug",10.35
"6039","Dissolved Oxygen",2009-08-25,2009,"mg/L","Aug",9.68
"6040","Temperature, water",2009-08-25,2009,"deg C","Aug",17.05
"6041","pH",2009-08-25,2009,"pH","Aug",7.09
"6042","pH",2009-08-25,2009,"pH","Aug",7.13
"6043","Temperature, water",2009-08-25,2009,"deg C","Aug",15.73
"6044","Temperature, water",2009-08-25,2009,"deg C","Aug",16.88
"6045","pH",2009-08-25,2009,"pH","Aug",7.07
"6046","Dissolved Oxygen",2009-08-25,2009,"mg/L","Aug",10.12
"6047","pH",2009-08-25,2009,"pH","Aug",8.1
"6048","Temperature, water",2009-08-25,2009,"deg C","Aug",16.44
"6049","Dissolved Oxygen",2009-08-25,2009,"mg/L","Aug",10.12
"6050","Dissolved Oxygen",2009-08-25,2009,"mg/L","Aug",10.26
"6051","pH",2009-08-25,2009,"pH","Aug",8.34
"6052","Temperature, water",2009-08-25,2009,"deg C","Aug",16.56
"6053","Dissolved Oxygen",2009-08-25,2009,"mg/L","Aug",8.43
"6054","Dissolved Oxygen",2009-08-25,2009,"mg/L","Aug",1.48
"6055","pH",2009-08-25,2009,"pH","Aug",8.15
"6056","Temperature, water",2009-08-25,2009,"deg C","Aug",16.78
"6057","pH",2009-08-25,2009,"pH","Aug",7.31
"6058","Dissolved Oxygen",2009-08-25,2009,"mg/L","Aug",9.63
"6059","Temperature, water",2009-08-25,2009,"deg C","Aug",10.55
"6060","Temperature, water",2009-08-25,2009,"deg C","Aug",17.32
"6061","pH",2009-08-25,2009,"pH","Aug",7.1
"6062","pH",2009-08-25,2009,"pH","Aug",7.14
"6063","Temperature, water",2009-08-25,2009,"deg C","Aug",16.01
"6064","Temperature, water",2009-08-25,2009,"deg C","Aug",17.08
"6065","pH",2009-08-25,2009,"pH","Aug",7.08
"6066","Dissolved Oxygen",2009-08-25,2009,"mg/L","Aug",10.16
"6067","Temperature, water",2009-08-25,2009,"deg C","Aug",16.75
"6068","pH",2009-08-25,2009,"pH","Aug",8.13
"6069","Dissolved Oxygen",2009-08-25,2009,"mg/L","Aug",10.09
"6070","Dissolved Oxygen",2009-08-25,2009,"mg/L","Aug",8.42
"6071","Dissolved Oxygen",2009-08-25,2009,"mg/L","Aug",1.47
"6072","Dissolved Oxygen",2009-08-25,2009,"mg/L","Aug",10.25
"6073","Dissolved Oxygen",2009-08-25,2009,"mg/L","Aug",10.26
"6074","pH",2009-08-25,2009,"pH","Aug",8.4
"6075","Temperature, water",2009-08-25,2009,"deg C","Aug",16.86
"6076","Temperature, water",2009-08-25,2009,"deg C","Aug",10.75
"6077","pH",2009-08-25,2009,"pH","Aug",7.32
"6078","Dissolved Oxygen",2009-08-25,2009,"mg/L","Aug",9.61
"6079","Temperature, water",2009-08-25,2009,"deg C","Aug",17.58
"6080","pH",2009-08-25,2009,"pH","Aug",7.11
"6081","pH",2009-08-25,2009,"pH","Aug",7.16
"6082","Temperature, water",2009-08-25,2009,"deg C","Aug",16.25
"6083","Dissolved Oxygen",2009-08-25,2009,"mg/L","Aug",10.17
"6084","pH",2009-08-25,2009,"pH","Aug",7.08
"6085","Temperature, water",2009-08-25,2009,"deg C","Aug",17.28
"6086","Dissolved Oxygen",2009-08-25,2009,"mg/L","Aug",10.03
"6087","Temperature, water",2009-08-25,2009,"deg C","Aug",17.05
"6088","pH",2009-08-25,2009,"pH","Aug",8.17
"6089","pH",2009-08-25,2009,"pH","Aug",8.45
"6090","Temperature, water",2009-08-25,2009,"deg C","Aug",17.15
"6091","Dissolved Oxygen",2009-08-25,2009,"mg/L","Aug",10.25
"6092","Dissolved Oxygen",2009-08-25,2009,"mg/L","Aug",8.42
"6093","Dissolved Oxygen",2009-08-25,2009,"mg/L","Aug",1.46
"6094","pH",2009-08-25,2009,"pH","Aug",7.32
"6095","Dissolved Oxygen",2009-08-25,2009,"mg/L","Aug",9.55
"6096","Temperature, water",2009-08-25,2009,"deg C","Aug",10.91
"6097","Temperature, water",2009-08-25,2009,"deg C","Aug",17.81
"6098","pH",2009-08-25,2009,"pH","Aug",7.11
"6099","pH",2009-08-25,2009,"pH","Aug",7.18
"6100","Temperature, water",2009-08-25,2009,"deg C","Aug",16.52
"6101","Temperature, water",2009-08-25,2009,"deg C","Aug",17.45
"6102","Dissolved Oxygen",2009-08-25,2009,"mg/L","Aug",10.17
"6103","pH",2009-08-25,2009,"pH","Aug",7.09
"6104","Temperature, water",2009-08-25,2009,"deg C","Aug",17.34
"6105","pH",2009-08-25,2009,"pH","Aug",8.2
"6106","Dissolved Oxygen",2009-08-25,2009,"mg/L","Aug",10.02
"6107","Temperature, water",2009-08-25,2009,"deg C","Aug",17.46
"6108","pH",2009-08-25,2009,"pH","Aug",8.47
"6109","Dissolved Oxygen",2009-08-25,2009,"mg/L","Aug",10.21
"6110","Dissolved Oxygen",2009-08-25,2009,"mg/L","Aug",8.39
"6111","Dissolved Oxygen",2009-08-25,2009,"mg/L","Aug",1.45
"6112","Temperature, water",2009-08-25,2009,"deg C","Aug",11.06
"6113","pH",2009-08-25,2009,"pH","Aug",7.31
"6114","Dissolved Oxygen",2009-08-25,2009,"mg/L","Aug",9.55
"6115","Temperature, water",2009-08-25,2009,"deg C","Aug",18.04
"6116","pH",2009-08-25,2009,"pH","Aug",7.12
"6117","Temperature, water",2009-08-25,2009,"deg C","Aug",16.76
"6118","pH",2009-08-25,2009,"pH","Aug",7.19
"6119","pH",2009-08-25,2009,"pH","Aug",7.09
"6120","Temperature, water",2009-08-25,2009,"deg C","Aug",17.59
"6121","Dissolved Oxygen",2009-08-25,2009,"mg/L","Aug",10.19
"6122","pH",2009-08-25,2009,"pH","Aug",8.21
"6123","Dissolved Oxygen",2009-08-25,2009,"mg/L","Aug",9.99
"6124","Temperature, water",2009-08-25,2009,"deg C","Aug",17.62
"6125","pH",2009-08-25,2009,"pH","Aug",8.51
"6126","Temperature, water",2009-08-25,2009,"deg C","Aug",17.73
"6127","Dissolved Oxygen",2009-08-25,2009,"mg/L","Aug",10.2
"6128","Dissolved Oxygen",2009-08-25,2009,"mg/L","Aug",8.38
"6129","Dissolved Oxygen",2009-08-25,2009,"mg/L","Aug",1.43
"6130","Temperature, water",2009-08-25,2009,"deg C","Aug",17.92
"6131","pH",2009-08-25,2009,"pH","Aug",8.19
"6132","pH",2009-08-25,2009,"pH","Aug",8.23
"6133","Temperature, water",2009-08-25,2009,"deg C","Aug",18.47
"6134","Dissolved Oxygen",2009-08-25,2009,"mg/L","Aug",10.21
"6135","pH",2009-08-25,2009,"pH","Aug",7.13
"6136","Temperature, water",2009-08-25,2009,"deg C","Aug",18.26
"6137","pH",2009-08-25,2009,"pH","Aug",7.21
"6138","Temperature, water",2009-08-25,2009,"deg C","Aug",16.97
"6139","pH",2009-08-25,2009,"pH","Aug",7.09
"6140","Dissolved Oxygen",2009-08-25,2009,"mg/L","Aug",10.2
"6141","Temperature, water",2009-08-25,2009,"deg C","Aug",17.76
"6142","Temperature, water",2009-08-25,2009,"deg C","Aug",17.88
"6143","Dissolved Oxygen",2009-08-25,2009,"mg/L","Aug",9.98
"6144","pH",2009-08-25,2009,"pH","Aug",8.23
"6145","pH",2009-08-25,2009,"pH","Aug",8.54
"6146","Dissolved Oxygen",2009-08-25,2009,"mg/L","Aug",10.17
"6147","Temperature, water",2009-08-25,2009,"deg C","Aug",17.98
"6148","Dissolved Oxygen",2009-08-25,2009,"mg/L","Aug",8.37
"6149","Dissolved Oxygen",2009-08-25,2009,"mg/L","Aug",1.44
"6150","pH",2009-08-25,2009,"pH","Aug",7.21
"6151","Dissolved Oxygen",2009-08-25,2009,"mg/L","Aug",9.55
"6152","Temperature, water",2009-08-25,2009,"deg C","Aug",11.18
"6153","pH",2009-08-25,2009,"pH","Aug",7.31
"6154","Temperature, water",2009-08-25,2009,"deg C","Aug",11.04
"6155","Dissolved Oxygen",2009-08-25,2009,"mg/L","Aug",9.51
"6156","Dissolved Oxygen",2009-08-25,2009,"mg/L","Aug",9.56
"6157","pH",2009-08-25,2009,"pH","Aug",7.21
"6158","Temperature, water",2009-08-25,2009,"deg C","Aug",11.1
"6159","Temperature, water",2009-08-25,2009,"deg C","Aug",17.2
"6160","pH",2009-08-25,2009,"pH","Aug",7.21
"6161","Dissolved Oxygen",2009-08-25,2009,"mg/L","Aug",1.43
"6162","Temperature, water",2009-08-25,2009,"deg C","Aug",11.3
"6163","pH",2009-08-25,2009,"pH","Aug",7.31
"6164","Dissolved Oxygen",2009-08-25,2009,"mg/L","Aug",9.5
"6165","pH",2009-08-25,2009,"pH","Aug",7.12
"6166","Temperature, water",2009-08-25,2009,"deg C","Aug",18.46
"6167","Dissolved Oxygen",2009-08-25,2009,"mg/L","Aug",10.22
"6168","Temperature, water",2009-08-25,2009,"deg C","Aug",17.91
"6169","pH",2009-08-25,2009,"pH","Aug",7.09
"6170","Temperature, water",2009-08-25,2009,"deg C","Aug",18.14
"6171","Dissolved Oxygen",2009-08-25,2009,"mg/L","Aug",9.92
"6172","pH",2009-08-25,2009,"pH","Aug",8.25
"6173","pH",2009-08-25,2009,"pH","Aug",8.56
"6174","Dissolved Oxygen",2009-08-25,2009,"mg/L","Aug",10.11
"6175","Temperature, water",2009-08-25,2009,"deg C","Aug",18.24
"6176","Dissolved Oxygen",2009-08-25,2009,"mg/L","Aug",8.34
"6177","pH",2009-08-25,2009,"pH","Aug",7.67
"6178","Temperature, water",2009-08-25,2009,"deg C","Aug",17.12
"6179","Dissolved Oxygen",2009-08-25,2009,"mg/L","Aug",9.34
"6180","Temperature, water",2009-08-25,2009,"deg C","Aug",11.42
"6181","Dissolved Oxygen",2009-08-25,2009,"mg/L","Aug",9.47
"6182","pH",2009-08-25,2009,"pH","Aug",7.31
"6183","pH",2009-08-25,2009,"pH","Aug",7.12
"6184","Temperature, water",2009-08-25,2009,"deg C","Aug",18.6
"6185","Temperature, water",2009-08-25,2009,"deg C","Aug",17.42
"6186","pH",2009-08-25,2009,"pH","Aug",7.22
"6187","Dissolved Oxygen",2009-08-25,2009,"mg/L","Aug",10.34
"6188","pH",2009-08-25,2009,"pH","Aug",7.1
"6189","Temperature, water",2009-08-25,2009,"deg C","Aug",18.03
"6190","Temperature, water",2009-08-25,2009,"deg C","Aug",18.38
"6191","Dissolved Oxygen",2009-08-25,2009,"mg/L","Aug",9.92
"6192","pH",2009-08-25,2009,"pH","Aug",8.27
"6193","Dissolved Oxygen",2009-08-25,2009,"mg/L","Aug",10.1
"6194","pH",2009-08-25,2009,"pH","Aug",8.58
"6195","Temperature, water",2009-08-25,2009,"deg C","Aug",18.48
"6196","Dissolved Oxygen",2009-08-25,2009,"mg/L","Aug",8.34
"6197","Dissolved Oxygen",2009-08-25,2009,"mg/L","Aug",1.42
"6198","Dissolved Oxygen",2009-08-25,2009,"mg/L","Aug",9.65
"6199","Temperature, water",2009-08-25,2009,"deg C","Aug",18.15
"6200","Dissolved Oxygen",2009-08-25,2009,"mg/L","Aug",10.31
"6201","pH",2009-08-25,2009,"pH","Aug",7.11
"6202","Dissolved Oxygen",2009-08-25,2009,"mg/L","Aug",9.49
"6203","pH",2009-08-25,2009,"pH","Aug",7.31
"6204","Temperature, water",2009-08-25,2009,"deg C","Aug",11.55
"6205","pH",2009-08-25,2009,"pH","Aug",7.12
"6206","Temperature, water",2009-08-25,2009,"deg C","Aug",18.72
"6207","Temperature, water",2009-08-25,2009,"deg C","Aug",17.6
"6208","pH",2009-08-25,2009,"pH","Aug",7.22
"6209","pH",2009-08-25,2009,"pH","Aug",8.28
"6210","Dissolved Oxygen",2009-08-25,2009,"mg/L","Aug",9.91
"6211","Temperature, water",2009-08-25,2009,"deg C","Aug",18.6
"6212","Temperature, water",2009-08-25,2009,"deg C","Aug",18.7
"6213","Dissolved Oxygen",2009-08-25,2009,"mg/L","Aug",10.06
"6214","pH",2009-08-25,2009,"pH","Aug",8.6
"6215","Dissolved Oxygen",2009-08-25,2009,"mg/L","Aug",8.31
"6216","Dissolved Oxygen",2009-08-25,2009,"mg/L","Aug",1.41
"6217","Temperature, water",2009-08-25,2009,"deg C","Aug",17.94
"6218","pH",2009-08-25,2009,"pH","Aug",6.93
"6219","Dissolved Oxygen",2009-08-25,2009,"mg/L","Aug",10.06
"6220","Temperature, water",2009-08-25,2009,"deg C","Aug",17.77
"6221","pH",2009-08-25,2009,"pH","Aug",7.7
"6222","Dissolved Oxygen",2009-08-25,2009,"mg/L","Aug",8.83
"6223","Dissolved Oxygen",2009-08-25,2009,"mg/L","Aug",9.42
"6224","pH",2009-08-25,2009,"pH","Aug",7.31
"6225","Temperature, water",2009-08-25,2009,"deg C","Aug",11.68
"6226","Temperature, water",2009-08-25,2009,"deg C","Aug",18.8
"6227","pH",2009-08-25,2009,"pH","Aug",7.12
"6228","Temperature, water",2009-08-25,2009,"deg C","Aug",17.75
"6229","pH",2009-08-25,2009,"pH","Aug",7.23
"6230","Temperature, water",2009-08-25,2009,"deg C","Aug",18.23
"6231","Dissolved Oxygen",2009-08-25,2009,"mg/L","Aug",10.23
"6232","pH",2009-08-25,2009,"pH","Aug",7.1
"6233","Temperature, water",2009-08-25,2009,"deg C","Aug",19.06
"6234","pH",2009-08-25,2009,"pH","Aug",8.47
"6235","pH",2009-08-25,2009,"pH","Aug",8.29
"6236","Dissolved Oxygen",2009-08-25,2009,"mg/L","Aug",9.84
"6237","Temperature, water",2009-08-25,2009,"deg C","Aug",18.84
"6238","pH",2009-08-25,2009,"pH","Aug",8.61
"6239","Temperature, water",2009-08-25,2009,"deg C","Aug",18.94
"6240","Dissolved Oxygen",2009-08-25,2009,"mg/L","Aug",10.05
"6241","Dissolved Oxygen",2009-08-25,2009,"mg/L","Aug",8.32
"6242","Dissolved Oxygen",2009-08-25,2009,"mg/L","Aug",1.39
"6243","Dissolved Oxygen",2009-08-25,2009,"mg/L","Aug",10.42
"6244","pH",2009-08-25,2009,"pH","Aug",7.31
"6245","Temperature, water",2009-08-25,2009,"deg C","Aug",11.8
"6246","Dissolved Oxygen",2009-08-25,2009,"mg/L","Aug",9.38
"6247","Temperature, water",2009-08-25,2009,"deg C","Aug",18.89
"6248","pH",2009-08-25,2009,"pH","Aug",7.11
"6249","pH",2009-08-25,2009,"pH","Aug",7.23
"6250","Temperature, water",2009-08-25,2009,"deg C","Aug",17.92
"6251","Dissolved Oxygen",2009-08-25,2009,"mg/L","Aug",10.23
"6252","pH",2009-08-25,2009,"pH","Aug",7.1
"6253","Temperature, water",2009-08-25,2009,"deg C","Aug",18.35
"6254","Temperature, water",2009-08-25,2009,"deg C","Aug",19.03
"6255","pH",2009-08-25,2009,"pH","Aug",8.29
"6256","Dissolved Oxygen",2009-08-25,2009,"mg/L","Aug",9.79
"6257","Dissolved Oxygen",2009-08-25,2009,"mg/L","Aug",9.99
"6258","Temperature, water",2009-08-25,2009,"deg C","Aug",19.13
"6259","pH",2009-08-25,2009,"pH","Aug",8.63
"6260","Dissolved Oxygen",2009-08-25,2009,"mg/L","Aug",8.28
"6261","Dissolved Oxygen",2009-08-25,2009,"mg/L","Aug",1.4
"6262","pH",2009-08-25,2009,"pH","Aug",8.48
"6263","Temperature, water",2009-08-25,2009,"deg C","Aug",18.59
"6264","Dissolved Oxygen",2009-08-25,2009,"mg/L","Aug",9.45
"6265","Dissolved Oxygen",2009-08-25,2009,"mg/L","Aug",9.36
"6266","pH",2009-08-25,2009,"pH","Aug",7.31
"6267","Temperature, water",2009-08-25,2009,"deg C","Aug",11.89
"6268","Temperature, water",2009-08-25,2009,"deg C","Aug",18.91
"6269","pH",2009-08-25,2009,"pH","Aug",7.11
"6270","Temperature, water",2009-08-25,2009,"deg C","Aug",18.06
"6271","pH",2009-08-25,2009,"pH","Aug",7.23
"6272","Dissolved Oxygen",2009-08-25,2009,"mg/L","Aug",10.21
"6273","pH",2009-08-25,2009,"pH","Aug",7.11
"6274","Temperature, water",2009-08-25,2009,"deg C","Aug",18.42
"6275","pH",2009-08-25,2009,"pH","Aug",8.3
"6276","Dissolved Oxygen",2009-08-25,2009,"mg/L","Aug",9.79
"6277","Temperature, water",2009-08-25,2009,"deg C","Aug",19.21
"6278","Dissolved Oxygen",2009-08-25,2009,"mg/L","Aug",9.97
"6279","pH",2009-08-25,2009,"pH","Aug",8.64
"6280","Temperature, water",2009-08-25,2009,"deg C","Aug",19.32
"6281","Dissolved Oxygen",2009-08-25,2009,"mg/L","Aug",8.26
"6282","Dissolved Oxygen",2009-08-25,2009,"mg/L","Aug",1.38
"6283","Dissolved Oxygen",2009-08-25,2009,"mg/L","Aug",8.95
"6284","Temperature, water",2009-08-25,2009,"deg C","Aug",17.04
"6285","pH",2009-08-25,2009,"pH","Aug",7.64
"6286","Temperature, water",2009-08-25,2009,"deg C","Aug",11.96
"6287","Dissolved Oxygen",2009-08-25,2009,"mg/L","Aug",9.33
"6288","pH",2009-08-25,2009,"pH","Aug",7.31
"6289","Temperature, water",2009-08-25,2009,"deg C","Aug",18.92
"6290","pH",2009-08-25,2009,"pH","Aug",7.11
"6291","Temperature, water",2009-08-25,2009,"deg C","Aug",18.16
"6292","pH",2009-08-25,2009,"pH","Aug",7.23
"6293","pH",2009-08-25,2009,"pH","Aug",7.11
"6294","Dissolved Oxygen",2009-08-25,2009,"mg/L","Aug",10.2
"6295","Temperature, water",2009-08-25,2009,"deg C","Aug",18.45
"6296","Dissolved Oxygen",2009-08-25,2009,"mg/L","Aug",9.71
"6297","Temperature, water",2009-08-25,2009,"deg C","Aug",19.37
"6298","pH",2009-08-25,2009,"pH","Aug",8.3
"6299","pH",2009-08-25,2009,"pH","Aug",8.64
"6300","Dissolved Oxygen",2009-08-25,2009,"mg/L","Aug",9.89
"6301","Temperature, water",2009-08-25,2009,"deg C","Aug",19.46
"6302","Dissolved Oxygen",2009-08-25,2009,"mg/L","Aug",8.26
"6303","Dissolved Oxygen",2009-08-25,2009,"mg/L","Aug",1.39
"6304","Dissolved Oxygen",2009-08-25,2009,"mg/L","Aug",9.35
"6305","Temperature, water",2009-08-25,2009,"deg C","Aug",12.02
"6306","pH",2009-08-25,2009,"pH","Aug",7.31
"6307","pH",2009-08-25,2009,"pH","Aug",7.09
"6308","Temperature, water",2009-08-25,2009,"deg C","Aug",18.88
"6309","Temperature, water",2009-08-25,2009,"deg C","Aug",18.24
"6310","pH",2009-08-25,2009,"pH","Aug",7.22
"6311","pH",2009-08-25,2009,"pH","Aug",7.11
"6312","Temperature, water",2009-08-25,2009,"deg C","Aug",18.49
"6313","Dissolved Oxygen",2009-08-25,2009,"mg/L","Aug",10.17
"6314","Temperature, water",2009-08-25,2009,"deg C","Aug",19.51
"6315","pH",2009-08-25,2009,"pH","Aug",8.31
"6316","Dissolved Oxygen",2009-08-25,2009,"mg/L","Aug",9.67
"6317","Temperature, water",2009-08-25,2009,"deg C","Aug",19.6
"6318","Dissolved Oxygen",2009-08-25,2009,"mg/L","Aug",9.84
"6319","pH",2009-08-25,2009,"pH","Aug",8.65
"6320","Dissolved Oxygen",2009-08-25,2009,"mg/L","Aug",4.47
"6321","pH",2009-08-25,2009,"pH","Aug",7.13
"6322","Temperature, water",2009-08-25,2009,"deg C","Aug",13.8
"6323","Dissolved Oxygen",2009-08-25,2009,"mg/L","Aug",8.24
"6324","Dissolved Oxygen",2009-08-25,2009,"mg/L","Aug",1.37
"6325","Temperature, water",2009-08-25,2009,"deg C","Aug",12.08
"6326","pH",2009-08-25,2009,"pH","Aug",7.31
"6327","Dissolved Oxygen",2009-08-25,2009,"mg/L","Aug",9.28
"6328","Temperature, water",2009-08-25,2009,"deg C","Aug",18.8
"6329","pH",2009-08-25,2009,"pH","Aug",7.09
"6330","Temperature, water",2009-08-25,2009,"deg C","Aug",18.31
"6331","pH",2009-08-25,2009,"pH","Aug",7.22
"6332","pH",2009-08-25,2009,"pH","Aug",7.1
"6333","Temperature, water",2009-08-25,2009,"deg C","Aug",18.49
"6334","Dissolved Oxygen",2009-08-25,2009,"mg/L","Aug",10.13
"6335","Dissolved Oxygen",2009-08-25,2009,"mg/L","Aug",9.66
"6336","Temperature, water",2009-08-25,2009,"deg C","Aug",19.61
"6337","pH",2009-08-25,2009,"pH","Aug",8.3
"6338","pH",2009-08-25,2009,"pH","Aug",8.64
"6339","Dissolved Oxygen",2009-08-25,2009,"mg/L","Aug",9.84
"6340","Temperature, water",2009-08-25,2009,"deg C","Aug",19.72
"6341","Dissolved Oxygen",2009-08-25,2009,"mg/L","Aug",8.22
"6342","Dissolved Oxygen",2009-08-25,2009,"mg/L","Aug",1.37
"6343","Dissolved Oxygen",2009-08-25,2009,"mg/L","Aug",9.26
"6344","pH",2009-08-25,2009,"pH","Aug",7.3
"6345","Temperature, water",2009-08-25,2009,"deg C","Aug",12.13
"6346","pH",2009-08-25,2009,"pH","Aug",7.21
"6347","Temperature, water",2009-08-25,2009,"deg C","Aug",18.36
"6348","Temperature, water",2009-08-25,2009,"deg C","Aug",18.47
"6349","pH",2009-08-25,2009,"pH","Aug",7.1
"6350","Dissolved Oxygen",2009-08-25,2009,"mg/L","Aug",10.13
"6351","pH",2009-08-25,2009,"pH","Aug",8.3
"6352","Temperature, water",2009-08-25,2009,"deg C","Aug",19.68
"6353","Dissolved Oxygen",2009-08-25,2009,"mg/L","Aug",9.6
"6354","Dissolved Oxygen",2009-08-25,2009,"mg/L","Aug",9.74
"6355","pH",2009-08-25,2009,"pH","Aug",8.63
"6356","Temperature, water",2009-08-25,2009,"deg C","Aug",19.79
"6357","Dissolved Oxygen",2009-08-25,2009,"mg/L","Aug",1.38
"6358","Temperature, water",2009-08-25,2009,"deg C","Aug",18.62
"6359","pH",2009-08-25,2009,"pH","Aug",7.08
"6360","Temperature, water",2009-08-25,2009,"deg C","Aug",18.66
"6361","pH",2009-08-25,2009,"pH","Aug",7.13
"6362","Dissolved Oxygen",2009-08-25,2009,"mg/L","Aug",8.1
"6363","Dissolved Oxygen",2009-08-25,2009,"mg/L","Aug",8.2
"6364","Dissolved Oxygen",2009-08-25,2009,"mg/L","Aug",9.29
"6365","pH",2009-08-25,2009,"pH","Aug",7.3
"6366","Temperature, water",2009-08-25,2009,"deg C","Aug",12.14
"6367","Temperature, water",2009-08-25,2009,"deg C","Aug",18.49
"6368","pH",2009-08-25,2009,"pH","Aug",7.08
"6369","Temperature, water",2009-08-25,2009,"deg C","Aug",18.3
"6370","pH",2009-08-25,2009,"pH","Aug",7.2
"6371","pH",2009-08-25,2009,"pH","Aug",7.1
"6372","Temperature, water",2009-08-25,2009,"deg C","Aug",18.28
"6373","Dissolved Oxygen",2009-08-25,2009,"mg/L","Aug",10.06
"6374","Temperature, water",2009-08-25,2009,"deg C","Aug",19.62
"6375","Dissolved Oxygen",2009-08-25,2009,"mg/L","Aug",9.48
"6376","pH",2009-08-25,2009,"pH","Aug",8.28
"6377","pH",2009-08-25,2009,"pH","Aug",8.62
"6378","Temperature, water",2009-08-25,2009,"deg C","Aug",19.7
"6379","Dissolved Oxygen",2009-08-25,2009,"mg/L","Aug",9.68
"6380","Dissolved Oxygen",2009-08-25,2009,"mg/L","Aug",8.18
"6381","Dissolved Oxygen",2009-08-25,2009,"mg/L","Aug",1.37
"6382","pH",2009-08-25,2009,"pH","Aug",7.29
"6383","Temperature, water",2009-08-25,2009,"deg C","Aug",12.09
"6384","Dissolved Oxygen",2009-08-25,2009,"mg/L","Aug",9.21
"6385","Temperature, water",2009-08-25,2009,"deg C","Aug",18.31
"6386","pH",2009-08-25,2009,"pH","Aug",7.07
"6387","Temperature, water",2009-08-25,2009,"deg C","Aug",18.27
"6388","pH",2009-08-25,2009,"pH","Aug",7.19
"6389","Temperature, water",2009-08-25,2009,"deg C","Aug",18.04
"6390","Dissolved Oxygen",2009-08-25,2009,"mg/L","Aug",9.96
"6391","pH",2009-08-25,2009,"pH","Aug",7.08
"6392","pH",2009-08-25,2009,"pH","Aug",8.26
"6393","Dissolved Oxygen",2009-08-25,2009,"mg/L","Aug",9.42
"6394","Temperature, water",2009-08-25,2009,"deg C","Aug",19.53
"6395","pH",2009-08-25,2009,"pH","Aug",8.6
"6396","Temperature, water",2009-08-25,2009,"deg C","Aug",19.65
"6397","Dissolved Oxygen",2009-08-25,2009,"mg/L","Aug",9.62
"6398","Dissolved Oxygen",2009-08-25,2009,"mg/L","Aug",8.2
"6399","Dissolved Oxygen",2009-08-25,2009,"mg/L","Aug",1.36
"6400","Temperature, water",2009-08-25,2009,"deg C","Aug",12
"6401","Dissolved Oxygen",2009-08-25,2009,"mg/L","Aug",9.23
"6402","pH",2009-08-25,2009,"pH","Aug",7.28
"6403","Temperature, water",2009-08-25,2009,"deg C","Aug",18.09
"6404","pH",2009-08-25,2009,"pH","Aug",7.06
"6405","Temperature, water",2009-08-25,2009,"deg C","Aug",18.27
"6406","pH",2009-08-25,2009,"pH","Aug",7.19
"6407","pH",2009-08-25,2009,"pH","Aug",7.07
"6408","Temperature, water",2009-08-25,2009,"deg C","Aug",17.94
"6409","Dissolved Oxygen",2009-08-25,2009,"mg/L","Aug",9.92
"6410","pH",2009-08-25,2009,"pH","Aug",8.23
"6411","Dissolved Oxygen",2009-08-25,2009,"mg/L","Aug",9.4
"6412","Temperature, water",2009-08-25,2009,"deg C","Aug",19.42
"6413","Dissolved Oxygen",2009-08-25,2009,"mg/L","Aug",9.57
"6414","Temperature, water",2009-08-25,2009,"deg C","Aug",19.53
"6415","pH",2009-08-25,2009,"pH","Aug",8.57
"6416","Dissolved Oxygen",2009-08-25,2009,"mg/L","Aug",8.18
"6417","Dissolved Oxygen",2009-08-25,2009,"mg/L","Aug",1.36
"6418","Dissolved Oxygen",2009-08-25,2009,"mg/L","Aug",9.25
"6419","Temperature, water",2009-08-25,2009,"deg C","Aug",11.89
"6420","pH",2009-08-25,2009,"pH","Aug",7.27
"6421","pH",2009-08-25,2009,"pH","Aug",7.06
"6422","Temperature, water",2009-08-25,2009,"deg C","Aug",17.93
"6423","pH",2009-08-25,2009,"pH","Aug",7.17
"6424","Temperature, water",2009-08-25,2009,"deg C","Aug",18.2
"6425","Dissolved Oxygen",2009-08-25,2009,"mg/L","Aug",9.92
"6426","pH",2009-08-25,2009,"pH","Aug",7.06
"6427","Temperature, water",2009-08-25,2009,"deg C","Aug",17.84
"6428","Dissolved Oxygen",2009-08-25,2009,"mg/L","Aug",9.3
"6429","pH",2009-08-25,2009,"pH","Aug",8.21
"6430","Temperature, water",2009-08-25,2009,"deg C","Aug",19.33
"6431","pH",2009-08-25,2009,"pH","Aug",8.54
"6432","Temperature, water",2009-08-25,2009,"deg C","Aug",19.41
"6433","Dissolved Oxygen",2009-08-25,2009,"mg/L","Aug",9.45
"6434","Dissolved Oxygen",2009-08-25,2009,"mg/L","Aug",8.22
"6435","Dissolved Oxygen",2009-08-25,2009,"mg/L","Aug",1.36
"6436","Temperature, water",2009-08-25,2009,"deg C","Aug",11.79
"6437","Dissolved Oxygen",2009-08-25,2009,"mg/L","Aug",9.24
"6438","pH",2009-08-25,2009,"pH","Aug",7.28
"6439","Temperature, water",2009-08-25,2009,"deg C","Aug",17.75
"6440","pH",2009-08-25,2009,"pH","Aug",7.05
"6441","pH",2009-08-25,2009,"pH","Aug",7.19
"6442","Temperature, water",2009-08-25,2009,"deg C","Aug",18.27
"6443","pH",2009-08-25,2009,"pH","Aug",7.07
"6444","Dissolved Oxygen",2009-08-25,2009,"mg/L","Aug",9.99
"6445","Temperature, water",2009-08-25,2009,"deg C","Aug",17.91
"6446","Temperature, water",2009-08-25,2009,"deg C","Aug",19.34
"6447","Dissolved Oxygen",2009-08-25,2009,"mg/L","Aug",9.36
"6448","pH",2009-08-25,2009,"pH","Aug",8.21
"6449","Dissolved Oxygen",2009-08-25,2009,"mg/L","Aug",9.53
"6450","pH",2009-08-25,2009,"pH","Aug",8.53
"6451","Temperature, water",2009-08-25,2009,"deg C","Aug",19.43
"6452","Dissolved Oxygen",2009-08-25,2009,"mg/L","Aug",8.18
"6453","Dissolved Oxygen",2009-08-25,2009,"mg/L","Aug",1.36
"6454","pH",2009-08-25,2009,"pH","Aug",7.26
"6455","Dissolved Oxygen",2009-08-25,2009,"mg/L","Aug",9.24
"6456","Temperature, water",2009-08-25,2009,"deg C","Aug",11.7
"6457","Temperature, water",2009-08-25,2009,"deg C","Aug",17.6
"6458","pH",2009-08-25,2009,"pH","Aug",7.04
"6459","Temperature, water",2009-08-25,2009,"deg C","Aug",18.26
"6460","pH",2009-08-25,2009,"pH","Aug",7.16
"6461","Temperature, water",2009-08-25,2009,"deg C","Aug",17.81
"6462","pH",2009-08-25,2009,"pH","Aug",7.06
"6463","Dissolved Oxygen",2009-08-25,2009,"mg/L","Aug",9.78
"6464","Temperature, water",2009-08-25,2009,"deg C","Aug",19.32
"6465","Dissolved Oxygen",2009-08-25,2009,"mg/L","Aug",9.27
"6466","pH",2009-08-25,2009,"pH","Aug",8.17
"6467","Temperature, water",2009-08-25,2009,"deg C","Aug",19.44
"6468","pH",2009-08-25,2009,"pH","Aug",8.52
"6469","Dissolved Oxygen",2009-08-25,2009,"mg/L","Aug",9.52
"6470","Dissolved Oxygen",2009-08-25,2009,"mg/L","Aug",8.2
"6471","Dissolved Oxygen",2009-08-25,2009,"mg/L","Aug",1.35
"6472","Dissolved Oxygen",2009-08-25,2009,"mg/L","Aug",9.25
"6473","pH",2009-08-25,2009,"pH","Aug",7.26
"6474","Temperature, water",2009-08-25,2009,"deg C","Aug",11.65
"6475","pH",2009-08-25,2009,"pH","Aug",7.03
"6476","Temperature, water",2009-08-25,2009,"deg C","Aug",17.47
"6477","pH",2009-08-25,2009,"pH","Aug",7.14
"6478","Temperature, water",2009-08-25,2009,"deg C","Aug",18.2
"6479","Temperature, water",2009-08-25,2009,"deg C","Aug",17.67
"6480","Dissolved Oxygen",2009-08-25,2009,"mg/L","Aug",9.61
"6481","pH",2009-08-25,2009,"pH","Aug",7.04
"6482","Dissolved Oxygen",2009-08-25,2009,"mg/L","Aug",9.13
"6483","Temperature, water",2009-08-25,2009,"deg C","Aug",19.24
"6484","pH",2009-08-25,2009,"pH","Aug",8.13
"6485","Dissolved Oxygen",2009-08-25,2009,"mg/L","Aug",9.4
"6486","pH",2009-08-25,2009,"pH","Aug",8.49
"6487","Temperature, water",2009-08-25,2009,"deg C","Aug",19.37
"6488","Dissolved Oxygen",2009-08-25,2009,"mg/L","Aug",8.18
"6489","Dissolved Oxygen",2009-08-25,2009,"mg/L","Aug",1.34
"6490","Temperature, water",2009-08-25,2009,"deg C","Aug",11.6
"6491","Dissolved Oxygen",2009-08-25,2009,"mg/L","Aug",9.28
"6492","pH",2009-08-25,2009,"pH","Aug",7.26
"6493","pH",2009-08-25,2009,"pH","Aug",7.02
"6494","Temperature, water",2009-08-25,2009,"deg C","Aug",17.37
"6495","pH",2009-08-25,2009,"pH","Aug",7.11
"6496","Temperature, water",2009-08-25,2009,"deg C","Aug",18.14
"6497","Temperature, water",2009-08-25,2009,"deg C","Aug",17.57
"6498","pH",2009-08-25,2009,"pH","Aug",7.02
"6499","Dissolved Oxygen",2009-08-25,2009,"mg/L","Aug",9.43
"6500","pH",2009-08-25,2009,"pH","Aug",8.1
"6501","Dissolved Oxygen",2009-08-25,2009,"mg/L","Aug",9.02
"6502","Temperature, water",2009-08-25,2009,"deg C","Aug",19.15
"6503","Temperature, water",2009-08-25,2009,"deg C","Aug",19.3
"6504","Dissolved Oxygen",2009-08-25,2009,"mg/L","Aug",9.28
"6505","pH",2009-08-25,2009,"pH","Aug",8.45
"6506","Dissolved Oxygen",2009-08-25,2009,"mg/L","Aug",8.15
"6507","Dissolved Oxygen",2009-08-25,2009,"mg/L","Aug",1.36
"6508","Temperature, water",2009-08-25,2009,"deg C","Aug",11.53
"6509","Dissolved Oxygen",2009-08-25,2009,"mg/L","Aug",9.23
"6510","pH",2009-08-25,2009,"pH","Aug",7.24
"6511","Temperature, water",2009-08-25,2009,"deg C","Aug",17.25
"6512","pH",2009-08-25,2009,"pH","Aug",7.01
"6513","pH",2009-08-25,2009,"pH","Aug",7.08
"6514","Temperature, water",2009-08-25,2009,"deg C","Aug",18.07
"6515","Dissolved Oxygen",2009-08-25,2009,"mg/L","Aug",9.25
"6516","Temperature, water",2009-08-25,2009,"deg C","Aug",17.45
"6517","pH",2009-08-25,2009,"pH","Aug",7.01
"6518","pH",2009-08-25,2009,"pH","Aug",8.05
"6519","Dissolved Oxygen",2009-08-25,2009,"mg/L","Aug",8.88
"6520","Temperature, water",2009-08-25,2009,"deg C","Aug",19.07
"6521","Dissolved Oxygen",2009-08-25,2009,"mg/L","Aug",9.16
"6522","Temperature, water",2009-08-25,2009,"deg C","Aug",19.22
"6523","pH",2009-08-25,2009,"pH","Aug",8.4
"6524","Dissolved Oxygen",2009-08-25,2009,"mg/L","Aug",8.13
"6525","Dissolved Oxygen",2009-08-25,2009,"mg/L","Aug",1.35
"6526","Dissolved Oxygen",2009-08-25,2009,"mg/L","Aug",9.24
"6527","pH",2009-08-25,2009,"pH","Aug",7.23
"6528","Temperature, water",2009-08-25,2009,"deg C","Aug",11.46
"6529","Temperature, water",2009-08-25,2009,"deg C","Aug",17.12
"6530","pH",2009-08-25,2009,"pH","Aug",6.98
"6531","Temperature, water",2009-08-25,2009,"deg C","Aug",18.02
"6532","pH",2009-08-25,2009,"pH","Aug",7.06
"6533","Dissolved Oxygen",2009-08-25,2009,"mg/L","Aug",9.01
"6534","Temperature, water",2009-08-25,2009,"deg C","Aug",17.33
"6535","pH",2009-08-25,2009,"pH","Aug",6.99
"6536","Temperature, water",2009-08-25,2009,"deg C","Aug",18.95
"6537","pH",2009-08-25,2009,"pH","Aug",7.97
"6538","Dissolved Oxygen",2009-08-25,2009,"mg/L","Aug",8.67
"6539","Temperature, water",2009-08-25,2009,"deg C","Aug",19.08
"6540","pH",2009-08-25,2009,"pH","Aug",8.32
"6541","Dissolved Oxygen",2009-08-25,2009,"mg/L","Aug",8.95
"6542","Dissolved Oxygen",2009-08-25,2009,"mg/L","Aug",8.11
"6543","Dissolved Oxygen",2009-08-25,2009,"mg/L","Aug",1.35
"6544","Dissolved Oxygen",2009-08-25,2009,"mg/L","Aug",9.2
"6545","Temperature, water",2009-08-25,2009,"deg C","Aug",11.39
"6546","pH",2009-08-25,2009,"pH","Aug",7.21
"6547","pH",2009-08-25,2009,"pH","Aug",6.98
"6548","Temperature, water",2009-08-25,2009,"deg C","Aug",16.98
"6549","pH",2009-08-25,2009,"pH","Aug",7.02
"6550","Temperature, water",2009-08-25,2009,"deg C","Aug",17.93
"6551","pH",2009-08-25,2009,"pH","Aug",6.95
"6552","Temperature, water",2009-08-25,2009,"deg C","Aug",17.15
"6553","Dissolved Oxygen",2009-08-25,2009,"mg/L","Aug",8.68
"6554","Dissolved Oxygen",2009-08-25,2009,"mg/L","Aug",8.49
"6555","Temperature, water",2009-08-25,2009,"deg C","Aug",18.8
"6556","pH",2009-08-25,2009,"pH","Aug",7.87
"6557","Dissolved Oxygen",2009-08-25,2009,"mg/L","Aug",8.79
"6558","Temperature, water",2009-08-25,2009,"deg C","Aug",18.93
"6559","pH",2009-08-25,2009,"pH","Aug",8.21
"6560","Dissolved Oxygen",2009-08-25,2009,"mg/L","Aug",8.07
"6561","Dissolved Oxygen",2009-08-25,2009,"mg/L","Aug",1.34
"6562","Dissolved Oxygen",2009-08-25,2009,"mg/L","Aug",9.18
"6563","Temperature, water",2009-08-25,2009,"deg C","Aug",11.31
"6564","pH",2009-08-25,2009,"pH","Aug",7.2
"6565","pH",2009-08-25,2009,"pH","Aug",6.97
"6566","Temperature, water",2009-08-25,2009,"deg C","Aug",16.83
"6567","pH",2009-08-25,2009,"pH","Aug",6.99
"6568","Temperature, water",2009-08-25,2009,"deg C","Aug",17.86
"6569","pH",2009-08-25,2009,"pH","Aug",6.94
"6570","Dissolved Oxygen",2009-08-25,2009,"mg/L","Aug",8.55
"6571","Temperature, water",2009-08-25,2009,"deg C","Aug",17.04
"6572","Temperature, water",2009-08-25,2009,"deg C","Aug",18.64
"6573","pH",2009-08-25,2009,"pH","Aug",7.75
"6574","Dissolved Oxygen",2009-08-25,2009,"mg/L","Aug",8.33
"6575","pH",2009-08-25,2009,"pH","Aug",8.07
"6576","Dissolved Oxygen",2009-08-25,2009,"mg/L","Aug",8.61
"6577","Temperature, water",2009-08-25,2009,"deg C","Aug",18.75
"6578","Dissolved Oxygen",2009-08-25,2009,"mg/L","Aug",8.08
"6579","Dissolved Oxygen",2009-08-25,2009,"mg/L","Aug",1.35
"6580","Dissolved Oxygen",2009-08-25,2009,"mg/L","Aug",9.21
"6581","Temperature, water",2009-08-25,2009,"deg C","Aug",11.24
"6582","pH",2009-08-25,2009,"pH","Aug",7.19
"6583","Temperature, water",2009-08-25,2009,"deg C","Aug",16.69
"6584","pH",2009-08-25,2009,"pH","Aug",6.96
"6585","pH",2009-08-25,2009,"pH","Aug",6.96
"6586","Temperature, water",2009-08-25,2009,"deg C","Aug",17.73
"6587","pH",2009-08-25,2009,"pH","Aug",6.92
"6588","Temperature, water",2009-08-25,2009,"deg C","Aug",16.91
"6589","Dissolved Oxygen",2009-08-25,2009,"mg/L","Aug",8.33
"6590","Dissolved Oxygen",2009-08-25,2009,"mg/L","Aug",8.2
"6591","Temperature, water",2009-08-25,2009,"deg C","Aug",18.46
"6592","pH",2009-08-25,2009,"pH","Aug",7.63
"6593","pH",2009-08-25,2009,"pH","Aug",7.92
"6594","Temperature, water",2009-08-25,2009,"deg C","Aug",18.58
"6595","Dissolved Oxygen",2009-08-25,2009,"mg/L","Aug",8.49
"6596","Dissolved Oxygen",2009-08-25,2009,"mg/L","Aug",8.08
"6597","Dissolved Oxygen",2009-08-25,2009,"mg/L","Aug",1.34
"6598","pH",2009-08-25,2009,"pH","Aug",7.19
"6599","Dissolved Oxygen",2009-08-25,2009,"mg/L","Aug",9.24
"6600","Temperature, water",2009-08-25,2009,"deg C","Aug",11.16
"6601","pH",2009-08-25,2009,"pH","Aug",6.95
"6602","Temperature, water",2009-08-25,2009,"deg C","Aug",16.56
"6603","pH",2009-08-25,2009,"pH","Aug",6.93
"6604","Temperature, water",2009-08-25,2009,"deg C","Aug",17.61
"6605","Dissolved Oxygen",2009-08-25,2009,"mg/L","Aug",8.05
"6606","pH",2009-08-25,2009,"pH","Aug",6.9
"6607","Temperature, water",2009-08-25,2009,"deg C","Aug",16.77
"6608","pH",2009-08-25,2009,"pH","Aug",7.53
"6609","Temperature, water",2009-08-25,2009,"deg C","Aug",18.29
"6610","Dissolved Oxygen",2009-08-25,2009,"mg/L","Aug",8.11
"6611","pH",2009-08-25,2009,"pH","Aug",7.8
"6612","Dissolved Oxygen",2009-08-25,2009,"mg/L","Aug",8.4
"6613","Temperature, water",2009-08-25,2009,"deg C","Aug",18.41
"6614","Dissolved Oxygen",2009-08-25,2009,"mg/L","Aug",8.06
"6615","Dissolved Oxygen",2009-08-25,2009,"mg/L","Aug",1.35
"6616","pH",2009-08-25,2009,"pH","Aug",7.18
"6617","Temperature, water",2009-08-25,2009,"deg C","Aug",11.1
"6618","Dissolved Oxygen",2009-08-25,2009,"mg/L","Aug",9.22
"6619","pH",2009-08-25,2009,"pH","Aug",6.94
"6620","Temperature, water",2009-08-25,2009,"deg C","Aug",16.43
"6621","pH",2009-08-25,2009,"pH","Aug",6.9
"6622","Temperature, water",2009-08-25,2009,"deg C","Aug",17.46
"6623","Temperature, water",2009-08-25,2009,"deg C","Aug",16.64
"6624","Dissolved Oxygen",2009-08-25,2009,"mg/L","Aug",7.74
"6625","pH",2009-08-25,2009,"pH","Aug",6.88
"6626","Dissolved Oxygen",2009-08-25,2009,"mg/L","Aug",8.05
"6627","Temperature, water",2009-08-25,2009,"deg C","Aug",18.1
"6628","pH",2009-08-25,2009,"pH","Aug",7.44
"6629","Temperature, water",2009-08-25,2009,"deg C","Aug",18.22
"6630","Dissolved Oxygen",2009-08-25,2009,"mg/L","Aug",8.28
"6631","pH",2009-08-25,2009,"pH","Aug",7.7
"6632","Dissolved Oxygen",2009-08-25,2009,"mg/L","Aug",8.02
"6633","Dissolved Oxygen",2009-08-25,2009,"mg/L","Aug",1.35
"6634","Temperature, water",2009-08-25,2009,"deg C","Aug",11.03
"6635","Dissolved Oxygen",2009-08-25,2009,"mg/L","Aug",9.25
"6636","pH",2009-08-25,2009,"pH","Aug",7.17
"6637","pH",2009-08-25,2009,"pH","Aug",6.93
"6638","Temperature, water",2009-08-25,2009,"deg C","Aug",16.32
"6639","pH",2009-08-25,2009,"pH","Aug",6.87
"6640","Temperature, water",2009-08-25,2009,"deg C","Aug",17.29
"6641","Temperature, water",2009-08-25,2009,"deg C","Aug",16.5
"6642","pH",2009-08-25,2009,"pH","Aug",6.87
"6643","Dissolved Oxygen",2009-08-25,2009,"mg/L","Aug",7.53
"6644","Dissolved Oxygen",2009-08-25,2009,"mg/L","Aug",7.88
"6645","pH",2009-08-25,2009,"pH","Aug",7.35
"6646","Temperature, water",2009-08-25,2009,"deg C","Aug",17.95
"6647","Dissolved Oxygen",2009-08-25,2009,"mg/L","Aug",8.18
"6648","Temperature, water",2009-08-25,2009,"deg C","Aug",18.07
"6649","pH",2009-08-25,2009,"pH","Aug",7.6
"6650","Dissolved Oxygen",2009-08-25,2009,"mg/L","Aug",8.02
"6651","Dissolved Oxygen",2009-08-25,2009,"mg/L","Aug",1.35
"6652","Dissolved Oxygen",2009-08-25,2009,"mg/L","Aug",9.21
"6653","pH",2009-08-25,2009,"pH","Aug",7.16
"6654","Temperature, water",2009-08-25,2009,"deg C","Aug",10.95
"6655","Temperature, water",2009-08-25,2009,"deg C","Aug",16.21
"6656","pH",2009-08-25,2009,"pH","Aug",6.92
"6657","pH",2009-08-25,2009,"pH","Aug",6.85
"6658","Temperature, water",2009-08-25,2009,"deg C","Aug",17.12
"6659","pH",2009-08-25,2009,"pH","Aug",6.85
"6660","Dissolved Oxygen",2009-08-25,2009,"mg/L","Aug",7.34
"6661","Temperature, water",2009-08-25,2009,"deg C","Aug",16.37
"6662","Dissolved Oxygen",2009-08-25,2009,"mg/L","Aug",7.77
"6663","Temperature, water",2009-08-25,2009,"deg C","Aug",17.79
"6664","pH",2009-08-25,2009,"pH","Aug",7.29
"6665","pH",2009-08-25,2009,"pH","Aug",7.51
"6666","Temperature, water",2009-08-25,2009,"deg C","Aug",17.92
"6667","Dissolved Oxygen",2009-08-25,2009,"mg/L","Aug",8.07
"6668","Dissolved Oxygen",2009-08-25,2009,"mg/L","Aug",8.02
"6669","Dissolved Oxygen",2009-08-25,2009,"mg/L","Aug",1.36
"6670","Temperature, water",2009-08-25,2009,"deg C","Aug",10.88
"6671","Dissolved Oxygen",2009-08-25,2009,"mg/L","Aug",9.24
"6672","pH",2009-08-25,2009,"pH","Aug",7.16
"6673","pH",2009-08-25,2009,"pH","Aug",6.91
"6674","Temperature, water",2009-08-25,2009,"deg C","Aug",16.1
"6675","pH",2009-08-25,2009,"pH","Aug",6.83
"6676","Temperature, water",2009-08-25,2009,"deg C","Aug",16.95
"6677","pH",2009-08-25,2009,"pH","Aug",6.84
"6678","Temperature, water",2009-08-25,2009,"deg C","Aug",16.27
"6679","Dissolved Oxygen",2009-08-25,2009,"mg/L","Aug",7.2
"6680","Dissolved Oxygen",2009-08-25,2009,"mg/L","Aug",7.67
"6681","Temperature, water",2009-08-25,2009,"deg C","Aug",17.66
"6682","pH",2009-08-25,2009,"pH","Aug",7.24
"6683","pH",2009-08-25,2009,"pH","Aug",7.45
"6684","Dissolved Oxygen",2009-08-25,2009,"mg/L","Aug",7.99
"6685","Temperature, water",2009-08-25,2009,"deg C","Aug",17.78
"6686","Dissolved Oxygen",2009-08-25,2009,"mg/L","Aug",8.01
"6687","Dissolved Oxygen",2009-08-25,2009,"mg/L","Aug",1.35
"6688","Temperature, water",2009-08-25,2009,"deg C","Aug",10.81
"6689","pH",2009-08-25,2009,"pH","Aug",7.16
"6690","Dissolved Oxygen",2009-08-25,2009,"mg/L","Aug",9.25
"6691","pH",2009-08-25,2009,"pH","Aug",6.91
"6692","Temperature, water",2009-08-25,2009,"deg C","Aug",15.99
"6693","pH",2009-08-25,2009,"pH","Aug",6.82
"6694","Temperature, water",2009-08-25,2009,"deg C","Aug",16.79
"6695","Dissolved Oxygen",2009-08-25,2009,"mg/L","Aug",7.12
"6696","pH",2009-08-25,2009,"pH","Aug",6.84
"6697","Temperature, water",2009-08-25,2009,"deg C","Aug",16.17
"6698","Temperature, water",2009-08-25,2009,"deg C","Aug",17.54
"6699","pH",2009-08-25,2009,"pH","Aug",7.2
"6700","Dissolved Oxygen",2009-08-25,2009,"mg/L","Aug",7.61
"6701","pH",2009-08-25,2009,"pH","Aug",7.4
"6702","Dissolved Oxygen",2009-08-25,2009,"mg/L","Aug",7.91
"6703","Temperature, water",2009-08-25,2009,"deg C","Aug",17.66
"6704","Dissolved Oxygen",2009-08-25,2009,"mg/L","Aug",8.01
"6705","Dissolved Oxygen",2009-08-25,2009,"mg/L","Aug",1.36
"6706","Temperature, water",2009-08-25,2009,"deg C","Aug",10.75
"6707","Dissolved Oxygen",2009-08-25,2009,"mg/L","Aug",9.25
"6708","pH",2009-08-25,2009,"pH","Aug",7.15
"6709","pH",2009-08-25,2009,"pH","Aug",6.9
"6710","Temperature, water",2009-08-25,2009,"deg C","Aug",15.89
"6711","Temperature, water",2009-08-25,2009,"deg C","Aug",16.63
"6712","pH",2009-08-25,2009,"pH","Aug",6.81
"6713","Dissolved Oxygen",2009-08-25,2009,"mg/L","Aug",7.07
"6714","pH",2009-08-25,2009,"pH","Aug",6.83
"6715","Temperature, water",2009-08-25,2009,"deg C","Aug",16.08
"6716","Temperature, water",2009-08-25,2009,"deg C","Aug",17.42
"6717","Dissolved Oxygen",2009-08-25,2009,"mg/L","Aug",7.56
"6718","pH",2009-08-25,2009,"pH","Aug",7.17
"6719","Temperature, water",2009-08-25,2009,"deg C","Aug",17.54
"6720","Dissolved Oxygen",2009-08-25,2009,"mg/L","Aug",7.89
"6721","pH",2009-08-25,2009,"pH","Aug",7.36
"6722","Dissolved Oxygen",2009-08-25,2009,"mg/L","Aug",7.99
"6723","Dissolved Oxygen",2009-08-25,2009,"mg/L","Aug",1.37
"6724","pH",2009-08-25,2009,"pH","Aug",7.15
"6725","Dissolved Oxygen",2009-08-25,2009,"mg/L","Aug",9.28
"6726","Temperature, water",2009-08-25,2009,"deg C","Aug",10.68
"6727","pH",2009-08-25,2009,"pH","Aug",6.9
"6728","Temperature, water",2009-08-25,2009,"deg C","Aug",15.8
"6729","pH",2009-08-25,2009,"pH","Aug",6.8
"6730","Temperature, water",2009-08-25,2009,"deg C","Aug",16.45
"6731","pH",2009-08-25,2009,"pH","Aug",6.84
"6732","Dissolved Oxygen",2009-08-25,2009,"mg/L","Aug",7.03
"6733","Temperature, water",2009-08-25,2009,"deg C","Aug",16
"6734","pH",2009-08-25,2009,"pH","Aug",7.15
"6735","Dissolved Oxygen",2009-08-25,2009,"mg/L","Aug",7.6
"6736","Temperature, water",2009-08-25,2009,"deg C","Aug",17.3
"6737","Temperature, water",2009-08-25,2009,"deg C","Aug",17.42
"6738","Dissolved Oxygen",2009-08-25,2009,"mg/L","Aug",7.88
"6739","pH",2009-08-25,2009,"pH","Aug",7.33
"6740","Dissolved Oxygen",2009-08-25,2009,"mg/L","Aug",8.02
"6741","Dissolved Oxygen",2009-08-25,2009,"mg/L","Aug",1.36
"6742","pH",2009-08-25,2009,"pH","Aug",7.16
"6743","Temperature, water",2009-08-25,2009,"deg C","Aug",10.62
"6744","Dissolved Oxygen",2009-08-25,2009,"mg/L","Aug",9.28
"6745","Temperature, water",2009-08-25,2009,"deg C","Aug",15.72
"6746","pH",2009-08-25,2009,"pH","Aug",6.9
"6747","Temperature, water",2009-08-25,2009,"deg C","Aug",16.32
"6748","pH",2009-08-25,2009,"pH","Aug",6.8
"6749","Temperature, water",2009-08-25,2009,"deg C","Aug",15.95
"6750","pH",2009-08-25,2009,"pH","Aug",6.84
"6751","Dissolved Oxygen",2009-08-25,2009,"mg/L","Aug",6.99
"6752","Temperature, water",2009-08-25,2009,"deg C","Aug",17.19
"6753","Dissolved Oxygen",2009-08-25,2009,"mg/L","Aug",7.57
"6754","pH",2009-08-25,2009,"pH","Aug",7.14
"6755","Dissolved Oxygen",2009-08-25,2009,"mg/L","Aug",7.87
"6756","pH",2009-08-25,2009,"pH","Aug",7.32
"6757","Temperature, water",2009-08-25,2009,"deg C","Aug",17.3
"6758","Dissolved Oxygen",2009-08-25,2009,"mg/L","Aug",8.04
"6759","Dissolved Oxygen",2009-08-25,2009,"mg/L","Aug",1.37
"6760","Temperature, water",2009-08-25,2009,"deg C","Aug",10.57
"6761","pH",2009-08-25,2009,"pH","Aug",7.15
"6762","Dissolved Oxygen",2009-08-25,2009,"mg/L","Aug",9.28
"6763","pH",2009-08-25,2009,"pH","Aug",6.9
"6764","Temperature, water",2009-08-25,2009,"deg C","Aug",15.65
"6765","pH",2009-08-25,2009,"pH","Aug",6.79
"6766","Temperature, water",2009-08-25,2009,"deg C","Aug",16.17
"6767","Dissolved Oxygen",2009-08-25,2009,"mg/L","Aug",6.97
"6768","Temperature, water",2009-08-25,2009,"deg C","Aug",15.9
"6769","pH",2009-08-25,2009,"pH","Aug",6.83
"6770","pH",2009-08-25,2009,"pH","Aug",7.12
"6771","Dissolved Oxygen",2009-08-25,2009,"mg/L","Aug",7.57
"6772","Temperature, water",2009-08-25,2009,"deg C","Aug",17.07
"6773","Temperature, water",2009-08-25,2009,"deg C","Aug",17.2
"6774","pH",2009-08-25,2009,"pH","Aug",7.31
"6775","Dissolved Oxygen",2009-08-25,2009,"mg/L","Aug",7.88
"6776","Dissolved Oxygen",2009-08-25,2009,"mg/L","Aug",8.03
"6777","Dissolved Oxygen",2009-08-25,2009,"mg/L","Aug",1.37
"6778","pH",2009-08-25,2009,"pH","Aug",7.15
"6779","Temperature, water",2009-08-25,2009,"deg C","Aug",10.52
"6780","Dissolved Oxygen",2009-08-25,2009,"mg/L","Aug",9.27
"6781","pH",2009-08-25,2009,"pH","Aug",6.89
"6782","Temperature, water",2009-08-25,2009,"deg C","Aug",15.58
"6783","Temperature, water",2009-08-25,2009,"deg C","Aug",16.06
"6784","pH",2009-08-25,2009,"pH","Aug",6.78
"6785","Temperature, water",2009-08-25,2009,"deg C","Aug",15.83
"6786","Dissolved Oxygen",2009-08-25,2009,"mg/L","Aug",6.96
"6787","pH",2009-08-25,2009,"pH","Aug",6.83
"6788","Dissolved Oxygen",2009-08-25,2009,"mg/L","Aug",7.62
"6789","pH",2009-08-25,2009,"pH","Aug",7.12
"6790","Temperature, water",2009-08-25,2009,"deg C","Aug",16.97
"6791","Temperature, water",2009-08-25,2009,"deg C","Aug",17.08
"6792","pH",2009-08-25,2009,"pH","Aug",7.3
"6793","Dissolved Oxygen",2009-08-25,2009,"mg/L","Aug",7.9
"6794","Dissolved Oxygen",2009-08-25,2009,"mg/L","Aug",8.04
"6795","Dissolved Oxygen",2009-08-25,2009,"mg/L","Aug",1.37
"6796","Dissolved Oxygen",2009-08-25,2009,"mg/L","Aug",9.37
"6797","pH",2009-08-25,2009,"pH","Aug",7.15
"6798","Temperature, water",2009-08-25,2009,"deg C","Aug",10.46
"6799","Temperature, water",2009-08-25,2009,"deg C","Aug",15.51
"6800","pH",2009-08-25,2009,"pH","Aug",6.9
"6801","Temperature, water",2009-08-25,2009,"deg C","Aug",15.94
"6802","pH",2009-08-25,2009,"pH","Aug",6.78
"6803","Temperature, water",2009-08-25,2009,"deg C","Aug",15.78
"6804","Dissolved Oxygen",2009-08-25,2009,"mg/L","Aug",6.93
"6805","pH",2009-08-25,2009,"pH","Aug",6.83
"6806","pH",2009-08-25,2009,"pH","Aug",7.12
"6807","Dissolved Oxygen",2009-08-25,2009,"mg/L","Aug",7.65
"6808","Temperature, water",2009-08-25,2009,"deg C","Aug",16.87
"6809","Temperature, water",2009-08-25,2009,"deg C","Aug",17
"6810","Dissolved Oxygen",2009-08-25,2009,"mg/L","Aug",7.9
"6811","pH",2009-08-25,2009,"pH","Aug",7.29
"6812","Dissolved Oxygen",2009-08-25,2009,"mg/L","Aug",8.05
"6813","Dissolved Oxygen",2009-08-25,2009,"mg/L","Aug",1.37
"6814","pH",2009-08-25,2009,"pH","Aug",7.15
"6815","Dissolved Oxygen",2009-08-25,2009,"mg/L","Aug",9.32
"6816","Temperature, water",2009-08-25,2009,"deg C","Aug",10.41
"6817","Temperature, water",2009-08-25,2009,"deg C","Aug",15.46
"6818","pH",2009-08-25,2009,"pH","Aug",6.9
"6819","pH",2009-08-25,2009,"pH","Aug",6.78
"6820","Temperature, water",2009-08-25,2009,"deg C","Aug",15.81
"6821","Temperature, water",2009-08-25,2009,"deg C","Aug",15.73
"6822","pH",2009-08-25,2009,"pH","Aug",6.83
"6823","Dissolved Oxygen",2009-08-25,2009,"mg/L","Aug",6.93
"6824","pH",2009-08-25,2009,"pH","Aug",7.12
"6825","Temperature, water",2009-08-25,2009,"deg C","Aug",16.77
"6826","Dissolved Oxygen",2009-08-25,2009,"mg/L","Aug",7.64
"6827","Dissolved Oxygen",2009-08-25,2009,"mg/L","Aug",7.95
"6828","pH",2009-08-25,2009,"pH","Aug",7.29
"6829","Temperature, water",2009-08-25,2009,"deg C","Aug",16.88
"6830","Dissolved Oxygen",2009-08-25,2009,"mg/L","Aug",8.07
"6831","Dissolved Oxygen",2009-08-25,2009,"mg/L","Aug",1.38
"6832","Temperature, water",2009-08-25,2009,"deg C","Aug",10.36
"6833","pH",2009-08-25,2009,"pH","Aug",7.15
"6834","Dissolved Oxygen",2009-08-25,2009,"mg/L","Aug",9.32
"6835","Temperature, water",2009-08-25,2009,"deg C","Aug",15.4
"6836","pH",2009-08-25,2009,"pH","Aug",6.9
"6837","pH",2009-08-25,2009,"pH","Aug",6.77
"6838","Temperature, water",2009-08-25,2009,"deg C","Aug",15.69
"6839","Dissolved Oxygen",2009-08-25,2009,"mg/L","Aug",6.92
"6840","pH",2009-08-25,2009,"pH","Aug",6.83
"6841","Temperature, water",2009-08-25,2009,"deg C","Aug",15.68
"6842","Dissolved Oxygen",2009-08-25,2009,"mg/L","Aug",7.67
"6843","Temperature, water",2009-08-25,2009,"deg C","Aug",16.68
"6844","pH",2009-08-25,2009,"pH","Aug",7.12
"6845","Temperature, water",2009-08-25,2009,"deg C","Aug",16.78
"6846","pH",2009-08-25,2009,"pH","Aug",7.27
"6847","Dissolved Oxygen",2009-08-25,2009,"mg/L","Aug",7.98
"6848","Dissolved Oxygen",2009-08-25,2009,"mg/L","Aug",8.08
"6849","Dissolved Oxygen",2009-08-25,2009,"mg/L","Aug",1.38
"6850","Temperature, water",2009-08-25,2009,"deg C","Aug",10.31
"6851","pH",2009-08-25,2009,"pH","Aug",7.16
"6852","Dissolved Oxygen",2009-08-25,2009,"mg/L","Aug",9.36
"6853","Temperature, water",2009-08-25,2009,"deg C","Aug",15.36
"6854","pH",2009-08-25,2009,"pH","Aug",6.89
"6855","Temperature, water",2009-08-25,2009,"deg C","Aug",15.59
"6856","pH",2009-08-25,2009,"pH","Aug",6.76
"6857","Temperature, water",2009-08-25,2009,"deg C","Aug",15.63
"6858","Dissolved Oxygen",2009-08-25,2009,"mg/L","Aug",6.91
"6859","pH",2009-08-25,2009,"pH","Aug",6.83
"6860","pH",2009-08-25,2009,"pH","Aug",7.11
"6861","Dissolved Oxygen",2009-08-25,2009,"mg/L","Aug",7.71
"6862","Temperature, water",2009-08-25,2009,"deg C","Aug",16.56
"6863","Dissolved Oxygen",2009-08-25,2009,"mg/L","Aug",7.98
"6864","Temperature, water",2009-08-25,2009,"deg C","Aug",16.68
"6865","pH",2009-08-25,2009,"pH","Aug",7.28
"6866","Dissolved Oxygen",2009-08-25,2009,"mg/L","Aug",8.08
"6867","Dissolved Oxygen",2009-08-25,2009,"mg/L","Aug",1.39
"6868","Dissolved Oxygen",2009-08-25,2009,"mg/L","Aug",9.37
"6869","Temperature, water",2009-08-25,2009,"deg C","Aug",10.26
"6870","pH",2009-08-25,2009,"pH","Aug",7.16
"6871","Temperature, water",2009-08-25,2009,"deg C","Aug",15.31
"6872","pH",2009-08-25,2009,"pH","Aug",6.89
"6873","Temperature, water",2009-08-25,2009,"deg C","Aug",15.49
"6874","pH",2009-08-25,2009,"pH","Aug",6.76
"6875","Temperature, water",2009-08-25,2009,"deg C","Aug",15.58
"6876","Dissolved Oxygen",2009-08-25,2009,"mg/L","Aug",6.91
"6877","pH",2009-08-25,2009,"pH","Aug",6.83
"6878","Temperature, water",2009-08-25,2009,"deg C","Aug",16.45
"6879","Dissolved Oxygen",2009-08-25,2009,"mg/L","Aug",7.77
"6880","pH",2009-08-25,2009,"pH","Aug",7.11
"6881","Dissolved Oxygen",2009-08-25,2009,"mg/L","Aug",8.03
"6882","Temperature, water",2009-08-25,2009,"deg C","Aug",16.58
"6883","pH",2009-08-25,2009,"pH","Aug",7.27
"6884","Dissolved Oxygen",2009-08-25,2009,"mg/L","Aug",8.09
"6885","Dissolved Oxygen",2009-08-25,2009,"mg/L","Aug",1.38
"6886","pH",2009-08-25,2009,"pH","Aug",7.15
"6887","Temperature, water",2009-08-25,2009,"deg C","Aug",10.21
"6888","Dissolved Oxygen",2009-08-25,2009,"mg/L","Aug",9.39
"6889","pH",2009-08-25,2009,"pH","Aug",6.89
"6890","Temperature, water",2009-08-25,2009,"deg C","Aug",15.26
"6891","Temperature, water",2009-08-25,2009,"deg C","Aug",15.36
"6892","pH",2009-08-25,2009,"pH","Aug",6.76
"6893","Temperature, water",2009-08-25,2009,"deg C","Aug",15.53
"6894","pH",2009-08-25,2009,"pH","Aug",6.84
"6895","Dissolved Oxygen",2009-08-25,2009,"mg/L","Aug",6.91
"6896","Dissolved Oxygen",2009-08-25,2009,"mg/L","Aug",7.78
"6897","Temperature, water",2009-08-25,2009,"deg C","Aug",16.34
"6898","pH",2009-08-25,2009,"pH","Aug",7.11
"6899","Dissolved Oxygen",2009-08-25,2009,"mg/L","Aug",8.03
"6900","pH",2009-08-25,2009,"pH","Aug",7.27
"6901","Temperature, water",2009-08-25,2009,"deg C","Aug",16.48
"6902","Dissolved Oxygen",2009-08-25,2009,"mg/L","Aug",8.08
"6903","Dissolved Oxygen",2009-08-25,2009,"mg/L","Aug",1.38
"6904","Temperature, water",2009-08-25,2009,"deg C","Aug",10.16
"6905","Dissolved Oxygen",2009-08-25,2009,"mg/L","Aug",9.4
"6906","pH",2009-08-25,2009,"pH","Aug",7.16
"6907","Temperature, water",2009-08-25,2009,"deg C","Aug",15.21
"6908","pH",2009-08-25,2009,"pH","Aug",6.89
"6909","Temperature, water",2009-08-25,2009,"deg C","Aug",15.26
"6910","pH",2009-08-25,2009,"pH","Aug",6.76
"6911","pH",2009-08-25,2009,"pH","Aug",6.84
"6912","Dissolved Oxygen",2009-08-25,2009,"mg/L","Aug",6.91
"6913","Temperature, water",2009-08-25,2009,"deg C","Aug",15.46
"6914","pH",2009-08-25,2009,"pH","Aug",7.11
"6915","Dissolved Oxygen",2009-08-25,2009,"mg/L","Aug",7.82
"6916","Temperature, water",2009-08-25,2009,"deg C","Aug",16.23
"6917","Dissolved Oxygen",2009-08-25,2009,"mg/L","Aug",8.06
"6918","Temperature, water",2009-08-25,2009,"deg C","Aug",16.36
"6919","pH",2009-08-25,2009,"pH","Aug",7.27
"6920","Dissolved Oxygen",2009-08-25,2009,"mg/L","Aug",8.1
"6921","Dissolved Oxygen",2009-08-25,2009,"mg/L","Aug",1.38
"6922","pH",2009-08-25,2009,"pH","Aug",7.15
"6923","Temperature, water",2009-08-25,2009,"deg C","Aug",10.11
"6924","Dissolved Oxygen",2009-08-25,2009,"mg/L","Aug",9.4
"6925","pH",2009-08-25,2009,"pH","Aug",6.9
"6926","Temperature, water",2009-08-25,2009,"deg C","Aug",15.16
"6927","pH",2009-08-25,2009,"pH","Aug",6.75
"6928","Temperature, water",2009-08-25,2009,"deg C","Aug",15.16
"6929","Dissolved Oxygen",2009-08-25,2009,"mg/L","Aug",6.89
"6930","pH",2009-08-25,2009,"pH","Aug",6.84
"6931","Temperature, water",2009-08-25,2009,"deg C","Aug",15.43
"6932","Temperature, water",2009-08-25,2009,"deg C","Aug",16.12
"6933","pH",2009-08-25,2009,"pH","Aug",7.11
"6934","Dissolved Oxygen",2009-08-25,2009,"mg/L","Aug",7.87
"6935","pH",2009-08-25,2009,"pH","Aug",7.28
"6936","Dissolved Oxygen",2009-08-25,2009,"mg/L","Aug",8.08
"6937","Temperature, water",2009-08-25,2009,"deg C","Aug",16.22
"6938","Dissolved Oxygen",2009-08-25,2009,"mg/L","Aug",8.13
"6939","Dissolved Oxygen",2009-08-25,2009,"mg/L","Aug",1.38
"6940","Dissolved Oxygen",2009-08-25,2009,"mg/L","Aug",9.41
"6941","pH",2009-08-25,2009,"pH","Aug",7.16
"6942","Temperature, water",2009-08-25,2009,"deg C","Aug",10.05
"6943","Temperature, water",2009-08-25,2009,"deg C","Aug",15.12
"6944","pH",2009-08-25,2009,"pH","Aug",6.89
"6945","Temperature, water",2009-08-25,2009,"deg C","Aug",15.04
"6946","pH",2009-08-25,2009,"pH","Aug",6.75
"6947","Dissolved Oxygen",2009-08-25,2009,"mg/L","Aug",6.9
"6948","pH",2009-08-25,2009,"pH","Aug",6.84
"6949","Temperature, water",2009-08-25,2009,"deg C","Aug",15.4
"6950","Dissolved Oxygen",2009-08-25,2009,"mg/L","Aug",7.9
"6951","Temperature, water",2009-08-25,2009,"deg C","Aug",15.98
"6952","pH",2009-08-25,2009,"pH","Aug",7.11
"6953","pH",2009-08-25,2009,"pH","Aug",7.26
"6954","Temperature, water",2009-08-25,2009,"deg C","Aug",16.11
"6955","Dissolved Oxygen",2009-08-25,2009,"mg/L","Aug",8.09
"6956","Dissolved Oxygen",2009-08-25,2009,"mg/L","Aug",8.1
"6957","Dissolved Oxygen",2009-08-25,2009,"mg/L","Aug",1.4
"6958","Dissolved Oxygen",2009-08-26,2009,"mg/L","Aug",9.42
"6959","pH",2009-08-26,2009,"pH","Aug",7.16
"6960","Temperature, water",2009-08-26,2009,"deg C","Aug",10
"6961","Temperature, water",2009-08-26,2009,"deg C","Aug",15.07
"6962","pH",2009-08-26,2009,"pH","Aug",6.89
"6963","pH",2009-08-26,2009,"pH","Aug",6.75
"6964","Temperature, water",2009-08-26,2009,"deg C","Aug",14.96
"6965","Temperature, water",2009-08-26,2009,"deg C","Aug",15.35
"6966","pH",2009-08-26,2009,"pH","Aug",6.84
"6967","Dissolved Oxygen",2009-08-26,2009,"mg/L","Aug",6.89
"6968","pH",2009-08-26,2009,"pH","Aug",7.12
"6969","Temperature, water",2009-08-26,2009,"deg C","Aug",15.86
"6970","Dissolved Oxygen",2009-08-26,2009,"mg/L","Aug",7.93
"6971","Temperature, water",2009-08-26,2009,"deg C","Aug",15.99
"6972","Dissolved Oxygen",2009-08-26,2009,"mg/L","Aug",8.13
"6973","pH",2009-08-26,2009,"pH","Aug",7.26
"6974","Dissolved Oxygen",2009-08-26,2009,"mg/L","Aug",8.13
"6975","Dissolved Oxygen",2009-08-26,2009,"mg/L","Aug",1.39
"6976","Temperature, water",2009-08-26,2009,"deg C","Aug",9.96
"6977","pH",2009-08-26,2009,"pH","Aug",7.15
"6978","Dissolved Oxygen",2009-08-26,2009,"mg/L","Aug",9.44
"6979","pH",2009-08-26,2009,"pH","Aug",6.9
"6980","Temperature, water",2009-08-26,2009,"deg C","Aug",15.03
"6981","pH",2009-08-26,2009,"pH","Aug",6.75
"6982","Temperature, water",2009-08-26,2009,"deg C","Aug",14.84
"6983","Dissolved Oxygen",2009-08-26,2009,"mg/L","Aug",6.89
"6984","Temperature, water",2009-08-26,2009,"deg C","Aug",15.3
"6985","pH",2009-08-26,2009,"pH","Aug",6.83
"6986","pH",2009-08-26,2009,"pH","Aug",7.12
"6987","Dissolved Oxygen",2009-08-26,2009,"mg/L","Aug",7.96
"6988","Temperature, water",2009-08-26,2009,"deg C","Aug",15.74
"6989","Dissolved Oxygen",2009-08-26,2009,"mg/L","Aug",8.15
"6990","Temperature, water",2009-08-26,2009,"deg C","Aug",15.85
"6991","pH",2009-08-26,2009,"pH","Aug",7.27
"6992","Dissolved Oxygen",2009-08-26,2009,"mg/L","Aug",8.11
"6993","Dissolved Oxygen",2009-08-26,2009,"mg/L","Aug",1.39
"6994","Dissolved Oxygen",2009-08-26,2009,"mg/L","Aug",9.48
"6995","pH",2009-08-26,2009,"pH","Aug",7.16
"6996","Temperature, water",2009-08-26,2009,"deg C","Aug",9.91
"6997","pH",2009-08-26,2009,"pH","Aug",6.89
"6998","Temperature, water",2009-08-26,2009,"deg C","Aug",14.99
"6999","pH",2009-08-26,2009,"pH","Aug",6.74
"7000","Temperature, water",2009-08-26,2009,"deg C","Aug",14.77
"7001","Temperature, water",2009-08-26,2009,"deg C","Aug",15.25
"7002","Dissolved Oxygen",2009-08-26,2009,"mg/L","Aug",6.9
"7003","pH",2009-08-26,2009,"pH","Aug",6.84
"7004","Dissolved Oxygen",2009-08-26,2009,"mg/L","Aug",7.95
"7005","Temperature, water",2009-08-26,2009,"deg C","Aug",15.63
"7006","pH",2009-08-26,2009,"pH","Aug",7.12
"7007","pH",2009-08-26,2009,"pH","Aug",7.27
"7008","Temperature, water",2009-08-26,2009,"deg C","Aug",15.75
"7009","Dissolved Oxygen",2009-08-26,2009,"mg/L","Aug",8.17
"7010","Dissolved Oxygen",2009-08-26,2009,"mg/L","Aug",8.12
"7011","Dissolved Oxygen",2009-08-26,2009,"mg/L","Aug",1.39
"7012","pH",2009-08-26,2009,"pH","Aug",7.16
"7013","Dissolved Oxygen",2009-08-26,2009,"mg/L","Aug",9.49
"7014","Temperature, water",2009-08-26,2009,"deg C","Aug",9.87
"7015","pH",2009-08-26,2009,"pH","Aug",6.9
"7016","Temperature, water",2009-08-26,2009,"deg C","Aug",14.94
"7017","Temperature, water",2009-08-26,2009,"deg C","Aug",14.66
"7018","pH",2009-08-26,2009,"pH","Aug",6.74
"7019","Dissolved Oxygen",2009-08-26,2009,"mg/L","Aug",6.89
"7020","Temperature, water",2009-08-26,2009,"deg C","Aug",15.21
"7021","pH",2009-08-26,2009,"pH","Aug",6.83
"7022","pH",2009-08-26,2009,"pH","Aug",7.12
"7023","Temperature, water",2009-08-26,2009,"deg C","Aug",15.54
"7024","Dissolved Oxygen",2009-08-26,2009,"mg/L","Aug",7.98
"7025","Temperature, water",2009-08-26,2009,"deg C","Aug",15.65
"7026","Dissolved Oxygen",2009-08-26,2009,"mg/L","Aug",8.19
"7027","pH",2009-08-26,2009,"pH","Aug",7.27
"7028","Dissolved Oxygen",2009-08-26,2009,"mg/L","Aug",8.13
"7029","Dissolved Oxygen",2009-08-26,2009,"mg/L","Aug",1.4
"7030","Dissolved Oxygen",2009-08-26,2009,"mg/L","Aug",9.49
"7031","Temperature, water",2009-08-26,2009,"deg C","Aug",9.82
"7032","pH",2009-08-26,2009,"pH","Aug",7.15
"7033","pH",2009-08-26,2009,"pH","Aug",6.9
"7034","Temperature, water",2009-08-26,2009,"deg C","Aug",14.91
"7035","Temperature, water",2009-08-26,2009,"deg C","Aug",14.56
"7036","pH",2009-08-26,2009,"pH","Aug",6.74
"7037","Temperature, water",2009-08-26,2009,"deg C","Aug",15.16
"7038","pH",2009-08-26,2009,"pH","Aug",6.83
"7039","Dissolved Oxygen",2009-08-26,2009,"mg/L","Aug",6.89
"7040","Dissolved Oxygen",2009-08-26,2009,"mg/L","Aug",8.04
"7041","Temperature, water",2009-08-26,2009,"deg C","Aug",15.45
"7042","pH",2009-08-26,2009,"pH","Aug",7.12
"7043","pH",2009-08-26,2009,"pH","Aug",7.26
"7044","Dissolved Oxygen",2009-08-26,2009,"mg/L","Aug",8.2
"7045","Temperature, water",2009-08-26,2009,"deg C","Aug",15.59
"7046","Dissolved Oxygen",2009-08-26,2009,"mg/L","Aug",8.13
"7047","Dissolved Oxygen",2009-08-26,2009,"mg/L","Aug",1.4
"7048","pH",2009-08-26,2009,"pH","Aug",7.16
"7049","Dissolved Oxygen",2009-08-26,2009,"mg/L","Aug",9.49
"7050","Temperature, water",2009-08-26,2009,"deg C","Aug",9.78
"7051","Temperature, water",2009-08-26,2009,"deg C","Aug",14.88
"7052","pH",2009-08-26,2009,"pH","Aug",6.9
"7053","Temperature, water",2009-08-26,2009,"deg C","Aug",14.49
"7054","pH",2009-08-26,2009,"pH","Aug",6.74
"7055","Dissolved Oxygen",2009-08-26,2009,"mg/L","Aug",6.92
"7056","pH",2009-08-26,2009,"pH","Aug",6.83
"7057","Temperature, water",2009-08-26,2009,"deg C","Aug",15.11
"7058","Temperature, water",2009-08-26,2009,"deg C","Aug",15.37
"7059","Dissolved Oxygen",2009-08-26,2009,"mg/L","Aug",8.07
"7060","pH",2009-08-26,2009,"pH","Aug",7.12
"7061","Temperature, water",2009-08-26,2009,"deg C","Aug",15.5
"7062","Dissolved Oxygen",2009-08-26,2009,"mg/L","Aug",8.22
"7063","pH",2009-08-26,2009,"pH","Aug",7.27
"7064","Dissolved Oxygen",2009-08-26,2009,"mg/L","Aug",8.15
"7065","Dissolved Oxygen",2009-08-26,2009,"mg/L","Aug",1.4
"7066","pH",2009-08-26,2009,"pH","Aug",7.15
"7067","Dissolved Oxygen",2009-08-26,2009,"mg/L","Aug",9.51
"7068","Temperature, water",2009-08-26,2009,"deg C","Aug",9.73
"7069","Temperature, water",2009-08-26,2009,"deg C","Aug",14.84
"7070","pH",2009-08-26,2009,"pH","Aug",6.9
"7071","Temperature, water",2009-08-26,2009,"deg C","Aug",14.38
"7072","pH",2009-08-26,2009,"pH","Aug",6.74
"7073","pH",2009-08-26,2009,"pH","Aug",6.84
"7074","Temperature, water",2009-08-26,2009,"deg C","Aug",15.08
"7075","Dissolved Oxygen",2009-08-26,2009,"mg/L","Aug",6.92
"7076","Dissolved Oxygen",2009-08-26,2009,"mg/L","Aug",8.09
"7077","Temperature, water",2009-08-26,2009,"deg C","Aug",15.29
"7078","pH",2009-08-26,2009,"pH","Aug",7.12
"7079","pH",2009-08-26,2009,"pH","Aug",7.27
"7080","Dissolved Oxygen",2009-08-26,2009,"mg/L","Aug",8.26
"7081","Temperature, water",2009-08-26,2009,"deg C","Aug",15.42
"7082","Dissolved Oxygen",2009-08-26,2009,"mg/L","Aug",8.15
"7083","Dissolved Oxygen",2009-08-26,2009,"mg/L","Aug",1.41
"7084","Dissolved Oxygen",2009-08-26,2009,"mg/L","Aug",9.47
"7085","Temperature, water",2009-08-26,2009,"deg C","Aug",9.7
"7086","pH",2009-08-26,2009,"pH","Aug",7.15
"7087","pH",2009-08-26,2009,"pH","Aug",6.89
"7088","Temperature, water",2009-08-26,2009,"deg C","Aug",14.81
"7089","Temperature, water",2009-08-26,2009,"deg C","Aug",14.29
"7090","pH",2009-08-26,2009,"pH","Aug",6.73
"7091","Temperature, water",2009-08-26,2009,"deg C","Aug",15.01
"7092","Dissolved Oxygen",2009-08-26,2009,"mg/L","Aug",6.94
"7093","pH",2009-08-26,2009,"pH","Aug",6.84
"7094","pH",2009-08-26,2009,"pH","Aug",7.12
"7095","Dissolved Oxygen",2009-08-26,2009,"mg/L","Aug",8.08
"7096","Temperature, water",2009-08-26,2009,"deg C","Aug",15.2
"7097","Temperature, water",2009-08-26,2009,"deg C","Aug",15.32
"7098","Dissolved Oxygen",2009-08-26,2009,"mg/L","Aug",8.26
"7099","pH",2009-08-26,2009,"pH","Aug",7.26
"7100","Dissolved Oxygen",2009-08-26,2009,"mg/L","Aug",8.16
"7101","Dissolved Oxygen",2009-08-26,2009,"mg/L","Aug",1.41
"7102","pH",2009-08-26,2009,"pH","Aug",7.15
"7103","Temperature, water",2009-08-26,2009,"deg C","Aug",9.66
"7104","Dissolved Oxygen",2009-08-26,2009,"mg/L","Aug",9.51
"7105","Temperature, water",2009-08-26,2009,"deg C","Aug",14.78
"7106","pH",2009-08-26,2009,"pH","Aug",6.9
"7107","Temperature, water",2009-08-26,2009,"deg C","Aug",14.21
"7108","pH",2009-08-26,2009,"pH","Aug",6.73
"7109","Dissolved Oxygen",2009-08-26,2009,"mg/L","Aug",6.95
"7110","pH",2009-08-26,2009,"pH","Aug",6.85
"7111","Temperature, water",2009-08-26,2009,"deg C","Aug",14.98
"7112","pH",2009-08-26,2009,"pH","Aug",7.12
"7113","Temperature, water",2009-08-26,2009,"deg C","Aug",15.12
"7114","Dissolved Oxygen",2009-08-26,2009,"mg/L","Aug",8.12
"7115","Dissolved Oxygen",2009-08-26,2009,"mg/L","Aug",8.27
"7116","pH",2009-08-26,2009,"pH","Aug",7.27
"7117","Temperature, water",2009-08-26,2009,"deg C","Aug",15.25
"7118","Dissolved Oxygen",2009-08-26,2009,"mg/L","Aug",8.15
"7119","Dissolved Oxygen",2009-08-26,2009,"mg/L","Aug",1.41
"7120","Temperature, water",2009-08-26,2009,"deg C","Aug",9.61
"7121","Dissolved Oxygen",2009-08-26,2009,"mg/L","Aug",9.54
"7122","pH",2009-08-26,2009,"pH","Aug",7.16
"7123","pH",2009-08-26,2009,"pH","Aug",6.9
"7124","Temperature, water",2009-08-26,2009,"deg C","Aug",14.75
"7125","Temperature, water",2009-08-26,2009,"deg C","Aug",14.14
"7126","pH",2009-08-26,2009,"pH","Aug",6.73
"7127","Dissolved Oxygen",2009-08-26,2009,"mg/L","Aug",6.95
"7128","Temperature, water",2009-08-26,2009,"deg C","Aug",14.93
"7129","pH",2009-08-26,2009,"pH","Aug",6.84
"7130","Temperature, water",2009-08-26,2009,"deg C","Aug",15.05
"7131","Dissolved Oxygen",2009-08-26,2009,"mg/L","Aug",8.17
"7132","pH",2009-08-26,2009,"pH","Aug",7.12
"7133","Dissolved Oxygen",2009-08-26,2009,"mg/L","Aug",8.28
"7134","Temperature, water",2009-08-26,2009,"deg C","Aug",15.19
"7135","pH",2009-08-26,2009,"pH","Aug",7.26
"7136","Dissolved Oxygen",2009-08-26,2009,"mg/L","Aug",8.17
"7137","Dissolved Oxygen",2009-08-26,2009,"mg/L","Aug",1.41
"7138","pH",2009-08-26,2009,"pH","Aug",7.16
"7139","Dissolved Oxygen",2009-08-26,2009,"mg/L","Aug",9.55
"7140","Temperature, water",2009-08-26,2009,"deg C","Aug",9.57
"7141","Temperature, water",2009-08-26,2009,"deg C","Aug",14.73
"7142","pH",2009-08-26,2009,"pH","Aug",6.9
"7143","pH",2009-08-26,2009,"pH","Aug",6.72
"7144","Temperature, water",2009-08-26,2009,"deg C","Aug",14.04
"7145","Dissolved Oxygen",2009-08-26,2009,"mg/L","Aug",6.94
"7146","Temperature, water",2009-08-26,2009,"deg C","Aug",14.9
"7147","pH",2009-08-26,2009,"pH","Aug",6.85
"7148","Temperature, water",2009-08-26,2009,"deg C","Aug",14.97
"7149","pH",2009-08-26,2009,"pH","Aug",7.13
"7150","Dissolved Oxygen",2009-08-26,2009,"mg/L","Aug",8.17
"7151","pH",2009-08-26,2009,"pH","Aug",7.27
"7152","Temperature, water",2009-08-26,2009,"deg C","Aug",15.1
"7153","Dissolved Oxygen",2009-08-26,2009,"mg/L","Aug",8.31
"7154","Dissolved Oxygen",2009-08-26,2009,"mg/L","Aug",8.18
"7155","Dissolved Oxygen",2009-08-26,2009,"mg/L","Aug",1.41
"7156","pH",2009-08-26,2009,"pH","Aug",7.16
"7157","Dissolved Oxygen",2009-08-26,2009,"mg/L","Aug",9.55
"7158","Temperature, water",2009-08-26,2009,"deg C","Aug",9.54
"7159","Temperature, water",2009-08-26,2009,"deg C","Aug",14.71
"7160","pH",2009-08-26,2009,"pH","Aug",6.9
"7161","Temperature, water",2009-08-26,2009,"deg C","Aug",13.98
"7162","pH",2009-08-26,2009,"pH","Aug",6.72
"7163","Temperature, water",2009-08-26,2009,"deg C","Aug",14.86
"7164","pH",2009-08-26,2009,"pH","Aug",6.84
"7165","Dissolved Oxygen",2009-08-26,2009,"mg/L","Aug",6.95
"7166","Temperature, water",2009-08-26,2009,"deg C","Aug",14.88
"7167","Dissolved Oxygen",2009-08-26,2009,"mg/L","Aug",8.21
"7168","pH",2009-08-26,2009,"pH","Aug",7.13
"7169","Temperature, water",2009-08-26,2009,"deg C","Aug",15.02
"7170","pH",2009-08-26,2009,"pH","Aug",7.28
"7171","Dissolved Oxygen",2009-08-26,2009,"mg/L","Aug",8.35
"7172","Dissolved Oxygen",2009-08-26,2009,"mg/L","Aug",8.18
"7173","Dissolved Oxygen",2009-08-26,2009,"mg/L","Aug",1.4
"7174","Dissolved Oxygen",2009-08-26,2009,"mg/L","Aug",9.56
"7175","Temperature, water",2009-08-26,2009,"deg C","Aug",9.5
"7176","pH",2009-08-26,2009,"pH","Aug",7.15
"7177","Temperature, water",2009-08-26,2009,"deg C","Aug",14.68
"7178","pH",2009-08-26,2009,"pH","Aug",6.9
"7179","pH",2009-08-26,2009,"pH","Aug",6.72
"7180","Temperature, water",2009-08-26,2009,"deg C","Aug",13.89
"7181","Dissolved Oxygen",2009-08-26,2009,"mg/L","Aug",6.96
"7182","pH",2009-08-26,2009,"pH","Aug",6.84
"7183","Temperature, water",2009-08-26,2009,"deg C","Aug",14.83
"7184","pH",2009-08-26,2009,"pH","Aug",7.13
"7185","Temperature, water",2009-08-26,2009,"deg C","Aug",14.79
"7186","Dissolved Oxygen",2009-08-26,2009,"mg/L","Aug",8.22
"7187","Temperature, water",2009-08-26,2009,"deg C","Aug",14.92
"7188","pH",2009-08-26,2009,"pH","Aug",7.27
"7189","Dissolved Oxygen",2009-08-26,2009,"mg/L","Aug",8.35
"7190","Dissolved Oxygen",2009-08-26,2009,"mg/L","Aug",8.17
"7191","Dissolved Oxygen",2009-08-26,2009,"mg/L","Aug",1.41
"7192","pH",2009-08-26,2009,"pH","Aug",7.16
"7193","Temperature, water",2009-08-26,2009,"deg C","Aug",9.47
"7194","Dissolved Oxygen",2009-08-26,2009,"mg/L","Aug",9.54
"7195","Temperature, water",2009-08-26,2009,"deg C","Aug",14.67
"7196","pH",2009-08-26,2009,"pH","Aug",6.9
"7197","pH",2009-08-26,2009,"pH","Aug",6.72
"7198","Temperature, water",2009-08-26,2009,"deg C","Aug",13.84
"7199","pH",2009-08-26,2009,"pH","Aug",6.84
"7200","Temperature, water",2009-08-26,2009,"deg C","Aug",14.8
"7201","Dissolved Oxygen",2009-08-26,2009,"mg/L","Aug",6.97
"7202","pH",2009-08-26,2009,"pH","Aug",7.13
"7203","Dissolved Oxygen",2009-08-26,2009,"mg/L","Aug",8.28
"7204","Temperature, water",2009-08-26,2009,"deg C","Aug",14.68
"7205","Temperature, water",2009-08-26,2009,"deg C","Aug",14.82
"7206","pH",2009-08-26,2009,"pH","Aug",7.27
"7207","Dissolved Oxygen",2009-08-26,2009,"mg/L","Aug",8.37
"7208","Dissolved Oxygen",2009-08-26,2009,"mg/L","Aug",8.18
"7209","Dissolved Oxygen",2009-08-26,2009,"mg/L","Aug",1.41
"7210","Dissolved Oxygen",2009-08-26,2009,"mg/L","Aug",9.59
"7211","pH",2009-08-26,2009,"pH","Aug",7.16
"7212","Temperature, water",2009-08-26,2009,"deg C","Aug",9.44
"7213","pH",2009-08-26,2009,"pH","Aug",6.9
"7214","Temperature, water",2009-08-26,2009,"deg C","Aug",14.64
"7215","pH",2009-08-26,2009,"pH","Aug",6.72
"7216","Temperature, water",2009-08-26,2009,"deg C","Aug",13.76
"7217","pH",2009-08-26,2009,"pH","Aug",6.84
"7218","Dissolved Oxygen",2009-08-26,2009,"mg/L","Aug",6.97
"7219","Temperature, water",2009-08-26,2009,"deg C","Aug",14.76
"7220","Temperature, water",2009-08-26,2009,"deg C","Aug",14.6
"7221","Dissolved Oxygen",2009-08-26,2009,"mg/L","Aug",8.25
"7222","pH",2009-08-26,2009,"pH","Aug",7.13
"7223","Temperature, water",2009-08-26,2009,"deg C","Aug",14.74
"7224","pH",2009-08-26,2009,"pH","Aug",7.28
"7225","Dissolved Oxygen",2009-08-26,2009,"mg/L","Aug",8.41
"7226","Dissolved Oxygen",2009-08-26,2009,"mg/L","Aug",8.18
"7227","Dissolved Oxygen",2009-08-26,2009,"mg/L","Aug",1.41
"7228","Dissolved Oxygen",2009-08-26,2009,"mg/L","Aug",9.57
"7229","pH",2009-08-26,2009,"pH","Aug",7.16
"7230","Temperature, water",2009-08-26,2009,"deg C","Aug",9.41
"7231","pH",2009-08-26,2009,"pH","Aug",6.9
"7232","Temperature, water",2009-08-26,2009,"deg C","Aug",14.61
"7233","Temperature, water",2009-08-26,2009,"deg C","Aug",13.71
"7234","pH",2009-08-26,2009,"pH","Aug",6.72
"7235","pH",2009-08-26,2009,"pH","Aug",6.85
"7236","Temperature, water",2009-08-26,2009,"deg C","Aug",14.73
"7237","Dissolved Oxygen",2009-08-26,2009,"mg/L","Aug",6.98
"7238","Dissolved Oxygen",2009-08-26,2009,"mg/L","Aug",8.32
"7239","Temperature, water",2009-08-26,2009,"deg C","Aug",14.5
"7240","pH",2009-08-26,2009,"pH","Aug",7.14
"7241","Temperature, water",2009-08-26,2009,"deg C","Aug",14.64
"7242","pH",2009-08-26,2009,"pH","Aug",7.28
"7243","Dissolved Oxygen",2009-08-26,2009,"mg/L","Aug",8.4
"7244","Dissolved Oxygen",2009-08-26,2009,"mg/L","Aug",8.2
"7245","Dissolved Oxygen",2009-08-26,2009,"mg/L","Aug",1.4
"7246","Dissolved Oxygen",2009-08-26,2009,"mg/L","Aug",9.57
"7247","Temperature, water",2009-08-26,2009,"deg C","Aug",9.37
"7248","pH",2009-08-26,2009,"pH","Aug",7.16
"7249","Temperature, water",2009-08-26,2009,"deg C","Aug",14.59
"7250","pH",2009-08-26,2009,"pH","Aug",6.9
"7251","pH",2009-08-26,2009,"pH","Aug",6.72
"7252","Temperature, water",2009-08-26,2009,"deg C","Aug",13.63
"7253","Dissolved Oxygen",2009-08-26,2009,"mg/L","Aug",6.99
"7254","Temperature, water",2009-08-26,2009,"deg C","Aug",14.7
"7255","pH",2009-08-26,2009,"pH","Aug",6.85
"7256","Dissolved Oxygen",2009-08-26,2009,"mg/L","Aug",8.33
"7257","Temperature, water",2009-08-26,2009,"deg C","Aug",14.42
"7258","pH",2009-08-26,2009,"pH","Aug",7.14
"7259","Dissolved Oxygen",2009-08-26,2009,"mg/L","Aug",8.42
"7260","Temperature, water",2009-08-26,2009,"deg C","Aug",14.55
"7261","pH",2009-08-26,2009,"pH","Aug",7.28
"7262","Dissolved Oxygen",2009-08-26,2009,"mg/L","Aug",8.2
"7263","Dissolved Oxygen",2009-08-26,2009,"mg/L","Aug",1.41
"7264","pH",2009-08-26,2009,"pH","Aug",7.16
"7265","Dissolved Oxygen",2009-08-26,2009,"mg/L","Aug",9.62
"7266","Temperature, water",2009-08-26,2009,"deg C","Aug",9.34
"7267","pH",2009-08-26,2009,"pH","Aug",6.9
"7268","Temperature, water",2009-08-26,2009,"deg C","Aug",14.57
"7269","Temperature, water",2009-08-26,2009,"deg C","Aug",13.58
"7270","pH",2009-08-26,2009,"pH","Aug",6.72
"7271","Dissolved Oxygen",2009-08-26,2009,"mg/L","Aug",7.01
"7272","pH",2009-08-26,2009,"pH","Aug",6.85
"7273","Temperature, water",2009-08-26,2009,"deg C","Aug",14.66
"7274","Temperature, water",2009-08-26,2009,"deg C","Aug",14.34
"7275","pH",2009-08-26,2009,"pH","Aug",7.14
"7276","Dissolved Oxygen",2009-08-26,2009,"mg/L","Aug",8.37
"7277","Dissolved Oxygen",2009-08-26,2009,"mg/L","Aug",8.42
"7278","Temperature, water",2009-08-26,2009,"deg C","Aug",14.47
"7279","pH",2009-08-26,2009,"pH","Aug",7.28
"7280","Dissolved Oxygen",2009-08-26,2009,"mg/L","Aug",8.2
"7281","Dissolved Oxygen",2009-08-26,2009,"mg/L","Aug",1.41
"7282","Dissolved Oxygen",2009-08-26,2009,"mg/L","Aug",9.62
"7283","pH",2009-08-26,2009,"pH","Aug",7.16
"7284","Temperature, water",2009-08-26,2009,"deg C","Aug",9.31
"7285","Temperature, water",2009-08-26,2009,"deg C","Aug",14.54
"7286","pH",2009-08-26,2009,"pH","Aug",6.9
"7287","pH",2009-08-26,2009,"pH","Aug",6.72
"7288","Temperature, water",2009-08-26,2009,"deg C","Aug",13.51
"7289","Dissolved Oxygen",2009-08-26,2009,"mg/L","Aug",7.02
"7290","pH",2009-08-26,2009,"pH","Aug",6.85
"7291","Temperature, water",2009-08-26,2009,"deg C","Aug",14.61
"7292","Dissolved Oxygen",2009-08-26,2009,"mg/L","Aug",8.34
"7293","pH",2009-08-26,2009,"pH","Aug",7.14
"7294","Temperature, water",2009-08-26,2009,"deg C","Aug",14.26
"7295","pH",2009-08-26,2009,"pH","Aug",7.28
"7296","Dissolved Oxygen",2009-08-26,2009,"mg/L","Aug",8.45
"7297","Temperature, water",2009-08-26,2009,"deg C","Aug",14.4
"7298","Dissolved Oxygen",2009-08-26,2009,"mg/L","Aug",8.2
"7299","Dissolved Oxygen",2009-08-26,2009,"mg/L","Aug",1.41
"7300","Dissolved Oxygen",2009-08-26,2009,"mg/L","Aug",9.64
"7301","Temperature, water",2009-08-26,2009,"deg C","Aug",9.28
"7302","pH",2009-08-26,2009,"pH","Aug",7.15
"7303","Temperature, water",2009-08-26,2009,"deg C","Aug",14.52
"7304","pH",2009-08-26,2009,"pH","Aug",6.91
"7305","Temperature, water",2009-08-26,2009,"deg C","Aug",13.46
"7306","pH",2009-08-26,2009,"pH","Aug",6.71
"7307","pH",2009-08-26,2009,"pH","Aug",6.85
"7308","Dissolved Oxygen",2009-08-26,2009,"mg/L","Aug",7.03
"7309","Temperature, water",2009-08-26,2009,"deg C","Aug",14.58
"7310","pH",2009-08-26,2009,"pH","Aug",7.13
"7311","Dissolved Oxygen",2009-08-26,2009,"mg/L","Aug",8.36
"7312","Temperature, water",2009-08-26,2009,"deg C","Aug",14.19
"7313","pH",2009-08-26,2009,"pH","Aug",7.28
"7314","Temperature, water",2009-08-26,2009,"deg C","Aug",14.32
"7315","Dissolved Oxygen",2009-08-26,2009,"mg/L","Aug",8.5
"7316","Dissolved Oxygen",2009-08-26,2009,"mg/L","Aug",8.2
"7317","Dissolved Oxygen",2009-08-26,2009,"mg/L","Aug",1.42
"7318","Temperature, water",2009-08-26,2009,"deg C","Aug",9.25
"7319","pH",2009-08-26,2009,"pH","Aug",7.16
"7320","Dissolved Oxygen",2009-08-26,2009,"mg/L","Aug",9.63
"7321","Temperature, water",2009-08-26,2009,"deg C","Aug",14.5
"7322","pH",2009-08-26,2009,"pH","Aug",6.9
"7323","pH",2009-08-26,2009,"pH","Aug",6.71
"7324","Temperature, water",2009-08-26,2009,"deg C","Aug",13.41
"7325","Dissolved Oxygen",2009-08-26,2009,"mg/L","Aug",7.04
"7326","pH",2009-08-26,2009,"pH","Aug",6.85
"7327","Temperature, water",2009-08-26,2009,"deg C","Aug",14.53
"7328","Temperature, water",2009-08-26,2009,"deg C","Aug",14.11
"7329","Dissolved Oxygen",2009-08-26,2009,"mg/L","Aug",8.45
"7330","pH",2009-08-26,2009,"pH","Aug",7.13
"7331","Dissolved Oxygen",2009-08-26,2009,"mg/L","Aug",8.5
"7332","Temperature, water",2009-08-26,2009,"deg C","Aug",14.24
"7333","pH",2009-08-26,2009,"pH","Aug",7.28
"7334","Dissolved Oxygen",2009-08-26,2009,"mg/L","Aug",8.2
"7335","Dissolved Oxygen",2009-08-26,2009,"mg/L","Aug",1.42
"7336","Dissolved Oxygen",2009-08-26,2009,"mg/L","Aug",9.61
"7337","Temperature, water",2009-08-26,2009,"deg C","Aug",9.22
"7338","pH",2009-08-26,2009,"pH","Aug",7.16
"7339","pH",2009-08-26,2009,"pH","Aug",6.9
"7340","Temperature, water",2009-08-26,2009,"deg C","Aug",14.47
"7341","pH",2009-08-26,2009,"pH","Aug",6.71
"7342","Temperature, water",2009-08-26,2009,"deg C","Aug",13.37
"7343","Temperature, water",2009-08-26,2009,"deg C","Aug",14.52
"7344","pH",2009-08-26,2009,"pH","Aug",6.85
"7345","Dissolved Oxygen",2009-08-26,2009,"mg/L","Aug",7.03
"7346","Dissolved Oxygen",2009-08-26,2009,"mg/L","Aug",8.46
"7347","pH",2009-08-26,2009,"pH","Aug",7.14
"7348","Temperature, water",2009-08-26,2009,"deg C","Aug",14.03
"7349","pH",2009-08-26,2009,"pH","Aug",7.29
"7350","Dissolved Oxygen",2009-08-26,2009,"mg/L","Aug",8.5
"7351","Temperature, water",2009-08-26,2009,"deg C","Aug",14.17
"7352","Dissolved Oxygen",2009-08-26,2009,"mg/L","Aug",8.22
"7353","Dissolved Oxygen",2009-08-26,2009,"mg/L","Aug",1.42
"7354","Temperature, water",2009-08-26,2009,"deg C","Aug",9.2
"7355","Dissolved Oxygen",2009-08-26,2009,"mg/L","Aug",9.61
"7356","pH",2009-08-26,2009,"pH","Aug",7.16
"7357","Temperature, water",2009-08-26,2009,"deg C","Aug",14.45
"7358","pH",2009-08-26,2009,"pH","Aug",6.91
"7359","Temperature, water",2009-08-26,2009,"deg C","Aug",13.3
"7360","pH",2009-08-26,2009,"pH","Aug",6.71
"7361","pH",2009-08-26,2009,"pH","Aug",6.83
"7362","Dissolved Oxygen",2009-08-26,2009,"mg/L","Aug",7.05
"7363","Temperature, water",2009-08-26,2009,"deg C","Aug",14.48
"7364","Dissolved Oxygen",2009-08-26,2009,"mg/L","Aug",8.46
"7365","pH",2009-08-26,2009,"pH","Aug",7.14
"7366","Temperature, water",2009-08-26,2009,"deg C","Aug",13.96
"7367","Temperature, water",2009-08-26,2009,"deg C","Aug",14.09
"7368","pH",2009-08-26,2009,"pH","Aug",7.29
"7369","Dissolved Oxygen",2009-08-26,2009,"mg/L","Aug",8.5
"7370","Dissolved Oxygen",2009-08-26,2009,"mg/L","Aug",8.23
"7371","Dissolved Oxygen",2009-08-26,2009,"mg/L","Aug",1.43
"7372","Dissolved Oxygen",2009-08-26,2009,"mg/L","Aug",9.63
"7373","pH",2009-08-26,2009,"pH","Aug",7.16
"7374","Temperature, water",2009-08-26,2009,"deg C","Aug",9.17
"7375","pH",2009-08-26,2009,"pH","Aug",6.9
"7376","Temperature, water",2009-08-26,2009,"deg C","Aug",14.43
"7377","Temperature, water",2009-08-26,2009,"deg C","Aug",13.25
"7378","pH",2009-08-26,2009,"pH","Aug",6.71
"7379","Temperature, water",2009-08-26,2009,"deg C","Aug",14.45
"7380","Dissolved Oxygen",2009-08-26,2009,"mg/L","Aug",7.05
"7381","pH",2009-08-26,2009,"pH","Aug",6.83
"7382","Temperature, water",2009-08-26,2009,"deg C","Aug",13.88
"7383","pH",2009-08-26,2009,"pH","Aug",7.14
"7384","Dissolved Oxygen",2009-08-26,2009,"mg/L","Aug",8.48
"7385","pH",2009-08-26,2009,"pH","Aug",7.28
"7386","Dissolved Oxygen",2009-08-26,2009,"mg/L","Aug",8.52
"7387","Temperature, water",2009-08-26,2009,"deg C","Aug",14.02
"7388","Dissolved Oxygen",2009-08-26,2009,"mg/L","Aug",8.22
"7389","Dissolved Oxygen",2009-08-26,2009,"mg/L","Aug",1.42
"7390","Dissolved Oxygen",2009-08-26,2009,"mg/L","Aug",9.66
"7391","pH",2009-08-26,2009,"pH","Aug",7.16
"7392","Temperature, water",2009-08-26,2009,"deg C","Aug",9.15
"7393","pH",2009-08-26,2009,"pH","Aug",6.91
"7394","Temperature, water",2009-08-26,2009,"deg C","Aug",14.4
"7395","pH",2009-08-26,2009,"pH","Aug",6.7
"7396","Temperature, water",2009-08-26,2009,"deg C","Aug",13.2
"7397","Temperature, water",2009-08-26,2009,"deg C","Aug",14.42
"7398","pH",2009-08-26,2009,"pH","Aug",6.83
"7399","Dissolved Oxygen",2009-08-26,2009,"mg/L","Aug",7.08
"7400","Dissolved Oxygen",2009-08-26,2009,"mg/L","Aug",8.49
"7401","Temperature, water",2009-08-26,2009,"deg C","Aug",13.82
"7402","pH",2009-08-26,2009,"pH","Aug",7.14
"7403","pH",2009-08-26,2009,"pH","Aug",7.29
"7404","Temperature, water",2009-08-26,2009,"deg C","Aug",13.95
"7405","Dissolved Oxygen",2009-08-26,2009,"mg/L","Aug",8.56
"7406","Dissolved Oxygen",2009-08-26,2009,"mg/L","Aug",8.24
"7407","Dissolved Oxygen",2009-08-26,2009,"mg/L","Aug",1.42
"7408","pH",2009-08-26,2009,"pH","Aug",7.16
"7409","Dissolved Oxygen",2009-08-26,2009,"mg/L","Aug",9.7
"7410","Temperature, water",2009-08-26,2009,"deg C","Aug",9.12
"7411","Temperature, water",2009-08-26,2009,"deg C","Aug",14.39
"7412","pH",2009-08-26,2009,"pH","Aug",6.91
"7413","Temperature, water",2009-08-26,2009,"deg C","Aug",13.15
"7414","pH",2009-08-26,2009,"pH","Aug",6.71
"7415","Temperature, water",2009-08-26,2009,"deg C","Aug",14.38
"7416","Dissolved Oxygen",2009-08-26,2009,"mg/L","Aug",7.16
"7417","pH",2009-08-26,2009,"pH","Aug",6.85
"7418","Temperature, water",2009-08-26,2009,"deg C","Aug",13.76
"7419","Dissolved Oxygen",2009-08-26,2009,"mg/L","Aug",8.55
"7420","pH",2009-08-26,2009,"pH","Aug",7.14
"7421","Temperature, water",2009-08-26,2009,"deg C","Aug",13.89
"7422","pH",2009-08-26,2009,"pH","Aug",7.29
"7423","Dissolved Oxygen",2009-08-26,2009,"mg/L","Aug",8.58
"7424","Dissolved Oxygen",2009-08-26,2009,"mg/L","Aug",8.23
"7425","Dissolved Oxygen",2009-08-26,2009,"mg/L","Aug",1.43
"7426","pH",2009-08-26,2009,"pH","Aug",7.17
"7427","Temperature, water",2009-08-26,2009,"deg C","Aug",9.1
"7428","Dissolved Oxygen",2009-08-26,2009,"mg/L","Aug",9.72
"7429","pH",2009-08-26,2009,"pH","Aug",6.92
"7430","Temperature, water",2009-08-26,2009,"deg C","Aug",14.38
"7431","pH",2009-08-26,2009,"pH","Aug",6.72
"7432","Temperature, water",2009-08-26,2009,"deg C","Aug",13.1
"7433","Dissolved Oxygen",2009-08-26,2009,"mg/L","Aug",7.27
"7434","Temperature, water",2009-08-26,2009,"deg C","Aug",14.38
"7435","pH",2009-08-26,2009,"pH","Aug",6.86
"7436","Temperature, water",2009-08-26,2009,"deg C","Aug",13.7
"7437","pH",2009-08-26,2009,"pH","Aug",7.15
"7438","Dissolved Oxygen",2009-08-26,2009,"mg/L","Aug",8.64
"7439","Temperature, water",2009-08-26,2009,"deg C","Aug",13.84
"7440","Dissolved Oxygen",2009-08-26,2009,"mg/L","Aug",8.6
"7441","pH",2009-08-26,2009,"pH","Aug",7.3
"7442","Dissolved Oxygen",2009-08-26,2009,"mg/L","Aug",8.25
"7443","Dissolved Oxygen",2009-08-26,2009,"mg/L","Aug",1.42
"7444","pH",2009-08-26,2009,"pH","Aug",7.17
"7445","Temperature, water",2009-08-26,2009,"deg C","Aug",9.08
"7446","Dissolved Oxygen",2009-08-26,2009,"mg/L","Aug",9.75
"7447","Temperature, water",2009-08-26,2009,"deg C","Aug",14.37
"7448","pH",2009-08-26,2009,"pH","Aug",6.92
"7449","pH",2009-08-26,2009,"pH","Aug",6.72
"7450","Temperature, water",2009-08-26,2009,"deg C","Aug",13.07
"7451","pH",2009-08-26,2009,"pH","Aug",6.87
"7452","Temperature, water",2009-08-26,2009,"deg C","Aug",14.37
"7453","Dissolved Oxygen",2009-08-26,2009,"mg/L","Aug",7.44
"7454","pH",2009-08-26,2009,"pH","Aug",7.17
"7455","Dissolved Oxygen",2009-08-26,2009,"mg/L","Aug",8.73
"7456","Temperature, water",2009-08-26,2009,"deg C","Aug",13.66
"7457","Temperature, water",2009-08-26,2009,"deg C","Aug",13.79
"7458","Dissolved Oxygen",2009-08-26,2009,"mg/L","Aug",8.71
"7459","pH",2009-08-26,2009,"pH","Aug",7.31
"7460","Dissolved Oxygen",2009-08-26,2009,"mg/L","Aug",8.29
"7461","Dissolved Oxygen",2009-08-26,2009,"mg/L","Aug",1.42
"7462","Dissolved Oxygen",2009-08-26,2009,"mg/L","Aug",9.76
"7463","pH",2009-08-26,2009,"pH","Aug",7.18
"7464","Temperature, water",2009-08-26,2009,"deg C","Aug",9.06
"7465","Temperature, water",2009-08-26,2009,"deg C","Aug",14.38
"7466","pH",2009-08-26,2009,"pH","Aug",6.93
"7467","pH",2009-08-26,2009,"pH","Aug",6.73
"7468","Temperature, water",2009-08-26,2009,"deg C","Aug",13.05
"7469","Temperature, water",2009-08-26,2009,"deg C","Aug",14.35
"7470","Dissolved Oxygen",2009-08-26,2009,"mg/L","Aug",7.61
"7471","pH",2009-08-26,2009,"pH","Aug",6.87
"7472","pH",2009-08-26,2009,"pH","Aug",7.19
"7473","Temperature, water",2009-08-26,2009,"deg C","Aug",13.62
"7474","Dissolved Oxygen",2009-08-26,2009,"mg/L","Aug",8.79
"7475","Temperature, water",2009-08-26,2009,"deg C","Aug",13.76
"7476","pH",2009-08-26,2009,"pH","Aug",7.33
"7477","Dissolved Oxygen",2009-08-26,2009,"mg/L","Aug",8.79
"7478","Dissolved Oxygen",2009-08-26,2009,"mg/L","Aug",8.34
"7479","Dissolved Oxygen",2009-08-26,2009,"mg/L","Aug",1.43
"7480","pH",2009-08-26,2009,"pH","Aug",7.19
"7481","Temperature, water",2009-08-26,2009,"deg C","Aug",9.05
"7482","Dissolved Oxygen",2009-08-26,2009,"mg/L","Aug",9.75
"7483","pH",2009-08-26,2009,"pH","Aug",6.94
"7484","Temperature, water",2009-08-26,2009,"deg C","Aug",14.38
"7485","pH",2009-08-26,2009,"pH","Aug",6.74
"7486","Temperature, water",2009-08-26,2009,"deg C","Aug",13.02
"7487","Dissolved Oxygen",2009-08-26,2009,"mg/L","Aug",7.78
"7488","pH",2009-08-26,2009,"pH","Aug",6.89
"7489","Temperature, water",2009-08-26,2009,"deg C","Aug",14.37
"7490","pH",2009-08-26,2009,"pH","Aug",7.21
"7491","Dissolved Oxygen",2009-08-26,2009,"mg/L","Aug",8.9
"7492","Temperature, water",2009-08-26,2009,"deg C","Aug",13.59
"7493","pH",2009-08-26,2009,"pH","Aug",7.35
"7494","Temperature, water",2009-08-26,2009,"deg C","Aug",13.74
"7495","Dissolved Oxygen",2009-08-26,2009,"mg/L","Aug",8.88
"7496","Dissolved Oxygen",2009-08-26,2009,"mg/L","Aug",8.36
"7497","Dissolved Oxygen",2009-08-26,2009,"mg/L","Aug",1.44
"7498","Temperature, water",2009-08-26,2009,"deg C","Aug",9.04
"7499","Dissolved Oxygen",2009-08-26,2009,"mg/L","Aug",9.75
"7500","pH",2009-08-26,2009,"pH","Aug",7.19
"7501","pH",2009-08-26,2009,"pH","Aug",6.94
"7502","Temperature, water",2009-08-26,2009,"deg C","Aug",14.4
"7503","pH",2009-08-26,2009,"pH","Aug",6.75
"7504","Temperature, water",2009-08-26,2009,"deg C","Aug",13.04
"7505","pH",2009-08-26,2009,"pH","Aug",6.9
"7506","Temperature, water",2009-08-26,2009,"deg C","Aug",14.42
"7507","Dissolved Oxygen",2009-08-26,2009,"mg/L","Aug",7.94
"7508","Dissolved Oxygen",2009-08-26,2009,"mg/L","Aug",9.05
"7509","Temperature, water",2009-08-26,2009,"deg C","Aug",13.59
"7510","pH",2009-08-26,2009,"pH","Aug",7.23
"7511","pH",2009-08-26,2009,"pH","Aug",7.37
"7512","Dissolved Oxygen",2009-08-26,2009,"mg/L","Aug",8.98
"7513","Temperature, water",2009-08-26,2009,"deg C","Aug",13.71
"7514","Dissolved Oxygen",2009-08-26,2009,"mg/L","Aug",8.37
"7515","Dissolved Oxygen",2009-08-26,2009,"mg/L","Aug",1.43
"7516","Temperature, water",2009-08-26,2009,"deg C","Aug",9.03
"7517","pH",2009-08-26,2009,"pH","Aug",7.2
"7518","Dissolved Oxygen",2009-08-26,2009,"mg/L","Aug",9.81
"7519","Temperature, water",2009-08-26,2009,"deg C","Aug",14.42
"7520","pH",2009-08-26,2009,"pH","Aug",6.95
"7521","Temperature, water",2009-08-26,2009,"deg C","Aug",13.06
"7522","pH",2009-08-26,2009,"pH","Aug",6.76
"7523","Temperature, water",2009-08-26,2009,"deg C","Aug",14.45
"7524","Dissolved Oxygen",2009-08-26,2009,"mg/L","Aug",8.14
"7525","pH",2009-08-26,2009,"pH","Aug",6.91
"7526","Dissolved Oxygen",2009-08-26,2009,"mg/L","Aug",9.2
"7527","Temperature, water",2009-08-26,2009,"deg C","Aug",13.6
"7528","pH",2009-08-26,2009,"pH","Aug",7.26
"7529","Dissolved Oxygen",2009-08-26,2009,"mg/L","Aug",9.1
"7530","pH",2009-08-26,2009,"pH","Aug",7.41
"7531","Temperature, water",2009-08-26,2009,"deg C","Aug",13.71
"7532","Dissolved Oxygen",2009-08-26,2009,"mg/L","Aug",8.38
"7533","Dissolved Oxygen",2009-08-26,2009,"mg/L","Aug",1.44
"7534","Dissolved Oxygen",2009-08-26,2009,"mg/L","Aug",9.79
"7535","Temperature, water",2009-08-26,2009,"deg C","Aug",9.03
"7536","pH",2009-08-26,2009,"pH","Aug",7.2
"7537","pH",2009-08-26,2009,"pH","Aug",6.96
"7538","Temperature, water",2009-08-26,2009,"deg C","Aug",14.44
"7539","pH",2009-08-26,2009,"pH","Aug",6.79
"7540","Temperature, water",2009-08-26,2009,"deg C","Aug",13.08
"7541","Temperature, water",2009-08-26,2009,"deg C","Aug",14.52
"7542","pH",2009-08-26,2009,"pH","Aug",6.92
"7543","Dissolved Oxygen",2009-08-26,2009,"mg/L","Aug",8.36
"7544","Temperature, water",2009-08-26,2009,"deg C","Aug",13.63
"7545","Dissolved Oxygen",2009-08-26,2009,"mg/L","Aug",9.32
"7546","pH",2009-08-26,2009,"pH","Aug",7.3
"7547","Temperature, water",2009-08-26,2009,"deg C","Aug",13.72
"7548","pH",2009-08-26,2009,"pH","Aug",7.44
"7549","Dissolved Oxygen",2009-08-26,2009,"mg/L","Aug",9.2
"7550","Dissolved Oxygen",2009-08-26,2009,"mg/L","Aug",8.38
"7551","Dissolved Oxygen",2009-08-26,2009,"mg/L","Aug",1.42
"7552","Temperature, water",2009-08-26,2009,"deg C","Aug",9.03
"7553","pH",2009-08-26,2009,"pH","Aug",7.2
"7554","Dissolved Oxygen",2009-08-26,2009,"mg/L","Aug",9.8
"7555","Temperature, water",2009-08-26,2009,"deg C","Aug",14.47
"7556","pH",2009-08-26,2009,"pH","Aug",6.96
"7557","pH",2009-08-26,2009,"pH","Aug",6.8
"7558","Temperature, water",2009-08-26,2009,"deg C","Aug",13.15
"7559","Dissolved Oxygen",2009-08-26,2009,"mg/L","Aug",8.55
"7560","Temperature, water",2009-08-26,2009,"deg C","Aug",14.6
"7561","pH",2009-08-26,2009,"pH","Aug",6.93
"7562","Dissolved Oxygen",2009-08-26,2009,"mg/L","Aug",9.41
"7563","Temperature, water",2009-08-26,2009,"deg C","Aug",13.68
"7564","pH",2009-08-26,2009,"pH","Aug",7.33
"7565","Dissolved Oxygen",2009-08-26,2009,"mg/L","Aug",9.33
"7566","Temperature, water",2009-08-26,2009,"deg C","Aug",13.77
"7567","pH",2009-08-26,2009,"pH","Aug",7.49
"7568","Dissolved Oxygen",2009-08-26,2009,"mg/L","Aug",8.4
"7569","Dissolved Oxygen",2009-08-26,2009,"mg/L","Aug",1.43
"7570","Dissolved Oxygen",2009-08-26,2009,"mg/L","Aug",9.77
"7571","pH",2009-08-26,2009,"pH","Aug",7.21
"7572","Temperature, water",2009-08-26,2009,"deg C","Aug",9.04
"7573","pH",2009-08-26,2009,"pH","Aug",6.97
"7574","Temperature, water",2009-08-26,2009,"deg C","Aug",14.52
"7575","pH",2009-08-26,2009,"pH","Aug",6.82
"7576","Temperature, water",2009-08-26,2009,"deg C","Aug",13.22
"7577","Temperature, water",2009-08-26,2009,"deg C","Aug",14.71
"7578","Dissolved Oxygen",2009-08-26,2009,"mg/L","Aug",8.73
"7579","pH",2009-08-26,2009,"pH","Aug",6.95
"7580","Dissolved Oxygen",2009-08-26,2009,"mg/L","Aug",9.42
"7581","Temperature, water",2009-08-26,2009,"deg C","Aug",13.82
"7582","pH",2009-08-26,2009,"pH","Aug",7.52
"7583","Dissolved Oxygen",2009-08-26,2009,"mg/L","Aug",8.43
"7584","Dissolved Oxygen",2009-08-26,2009,"mg/L","Aug",1.42
"7585","Temperature, water",2009-08-26,2009,"deg C","Aug",9.05
"7586","Dissolved Oxygen",2009-08-26,2009,"mg/L","Aug",9.81
"7587","pH",2009-08-26,2009,"pH","Aug",7.21
"7588","pH",2009-08-26,2009,"pH","Aug",6.98
"7589","Temperature, water",2009-08-26,2009,"deg C","Aug",14.63
"7590","pH",2009-08-26,2009,"pH","Aug",6.83
"7591","Temperature, water",2009-08-26,2009,"deg C","Aug",13.3
"7592","Dissolved Oxygen",2009-08-26,2009,"mg/L","Aug",8.89
"7593","Temperature, water",2009-08-26,2009,"deg C","Aug",14.81
"7594","pH",2009-08-26,2009,"pH","Aug",6.96
"7595","Dissolved Oxygen",2009-08-26,2009,"mg/L","Aug",8.44
"7596","Dissolved Oxygen",2009-08-26,2009,"mg/L","Aug",1.44
"7597","Temperature, water",2009-08-26,2009,"deg C","Aug",9.08
"7598","Dissolved Oxygen",2009-08-26,2009,"mg/L","Aug",9.82
"7599","pH",2009-08-26,2009,"pH","Aug",7.22
"7600","Temperature, water",2009-08-26,2009,"deg C","Aug",14.78
"7601","pH",2009-08-26,2009,"pH","Aug",6.99
"7602","Temperature, water",2009-08-26,2009,"deg C","Aug",13.41
"7603","pH",2009-08-26,2009,"pH","Aug",6.86
"7604","Dissolved Oxygen",2009-08-26,2009,"mg/L","Aug",9.09
"7605","Temperature, water",2009-08-26,2009,"deg C","Aug",14.96
"7606","pH",2009-08-26,2009,"pH","Aug",6.92
"7607","Dissolved Oxygen",2009-08-26,2009,"mg/L","Aug",8.49
"7608","Dissolved Oxygen",2009-08-26,2009,"mg/L","Aug",1.43
"7609","Temperature, water",2009-08-26,2009,"deg C","Aug",9.12
"7610","Dissolved Oxygen",2009-08-26,2009,"mg/L","Aug",9.84
"7611","pH",2009-08-26,2009,"pH","Aug",7.23
"7612","Temperature, water",2009-08-26,2009,"deg C","Aug",14.92
"7613","pH",2009-08-26,2009,"pH","Aug",7
"7614","Dissolved Oxygen",2009-08-26,2009,"mg/L","Aug",8.48
"7615","Dissolved Oxygen",2009-08-26,2009,"mg/L","Aug",9.83
"7616","Temperature, water",2009-08-26,2009,"deg C","Aug",9.16
"7617","pH",2009-08-26,2009,"pH","Aug",7.23
"7618","pH",2009-08-26,2009,"pH","Aug",7.01
"7619","Temperature, water",2009-08-26,2009,"deg C","Aug",15.07
"7620","Dissolved Oxygen",2009-08-26,2009,"mg/L","Aug",8.48
"7621","Temperature, water",2009-08-26,2009,"deg C","Aug",9.22
"7622","Dissolved Oxygen",2009-08-26,2009,"mg/L","Aug",9.83
"7623","pH",2009-08-26,2009,"pH","Aug",7.24
"7624","pH",2009-08-26,2009,"pH","Aug",7.24
"7625","Temperature, water",2009-08-26,2009,"deg C","Aug",9.3
"7626","Dissolved Oxygen",2009-08-26,2009,"mg/L","Aug",9.8
"7627","Temperature, water",2009-08-26,2009,"deg C","Aug",9.39
"7628","pH",2009-08-26,2009,"pH","Aug",7.25
"7629","Dissolved Oxygen",2009-08-26,2009,"mg/L","Aug",9.83
"7630","Temperature, water",2002-09-03,2002,"deg C","Sep",14.81
"7631","Dissolved Oxygen",2002-09-03,2002,"mg/L","Sep",9.6
"7632","Dissolved Oxygen",2002-09-03,2002,"mg/L","Sep",9.58
"7633","pH",2002-09-03,2002,"pH","Sep",7.84
"7634","pH",2002-09-03,2002,"pH","Sep",7.29
"7635","Temperature, water",2002-09-03,2002,"deg C","Sep",16
"7636","Dissolved Oxygen",2002-09-03,2002,"mg/L","Sep",9.55
"7637","Dissolved Oxygen",2002-09-03,2002,"mg/L","Sep",10.35
"7638","pH",2002-09-03,2002,"pH","Sep",8.31
"7639","Temperature, water",2002-09-03,2002,"deg C","Sep",15.86
"7640","Temperature, water",2002-09-03,2002,"deg C","Sep",15.56
"7641","Dissolved Oxygen",2002-09-03,2002,"mg/L","Sep",7.35
"7642","pH",2002-09-03,2002,"pH","Sep",7.42
"7643","Dissolved Oxygen",2002-09-03,2002,"mg/L","Sep",11.08
"7644","pH",2002-09-03,2002,"pH","Sep",8.63
"7645","Temperature, water",2002-09-03,2002,"deg C","Sep",16.82
"7646","Dissolved Oxygen",2002-09-03,2002,"mg/L","Sep",10.62
"7647","Temperature, water",2002-09-03,2002,"deg C","Sep",18.24
"7648","pH",2002-09-03,2002,"pH","Sep",8.93
"7649","Dissolved Oxygen",2002-09-03,2002,"mg/L","Sep",11.1
"7650","Temperature, water",2002-09-03,2002,"deg C","Sep",18.96
"7651","pH",2002-09-03,2002,"pH","Sep",9.04
"7652","Dissolved Oxygen",2002-09-03,2002,"mg/L","Sep",10.43
"7653","pH",2014-09-09,2014,"pH","Sep",7.27
"7654","Temperature, water",2014-09-09,2014,"deg C","Sep",13.89
"7655","Dissolved Oxygen",2014-09-09,2014,"mg/L","Sep",9.95
"7656","pH",2014-09-09,2014,"pH","Sep",7.55
"7657","Temperature, water",2014-09-09,2014,"deg C","Sep",13.88
"7658","Dissolved Oxygen",2014-09-09,2014,"mg/L","Sep",9.74
"7659","pH",2014-09-09,2014,"pH","Sep",7.76
"7660","Temperature, water",2014-09-09,2014,"deg C","Sep",13.32
"7661","Dissolved Oxygen",2014-09-09,2014,"mg/L","Sep",9.62
"7662","pH",2014-09-09,2014,"pH","Sep",8.22
"7663","Temperature, water",2014-09-09,2014,"deg C","Sep",8.34
"7664","Dissolved Oxygen",2014-09-09,2014,"mg/L","Sep",12.69
"7665","pH",2014-09-09,2014,"pH","Sep",8.51
"7666","Temperature, water",2014-09-09,2014,"deg C","Sep",15.04
"7667","Dissolved Oxygen",2014-09-09,2014,"mg/L","Sep",10.89
"7668","pH",2002-09-17,2002,"pH","Sep",7.73
"7669","Dissolved Oxygen",2002-09-17,2002,"mg/L","Sep",9.54
"7670","Dissolved Oxygen",2002-09-17,2002,"mg/L","Sep",9.75
"7671","Temperature, water",2002-09-17,2002,"deg C","Sep",12.97
"7672","Temperature, water",2002-09-17,2002,"deg C","Sep",14.4
"7673","pH",2002-09-17,2002,"pH","Sep",7.11
"7674","Dissolved Oxygen",2002-09-17,2002,"mg/L","Sep",8.47
"7675","Temperature, water",2002-09-17,2002,"deg C","Sep",13.32
"7676","pH",2002-09-17,2002,"pH","Sep",7.84
"7677","Dissolved Oxygen",2002-09-17,2002,"mg/L","Sep",9.93
"7678","Dissolved Oxygen",2002-09-17,2002,"mg/L","Sep",9.7
"7679","Dissolved Oxygen",2002-09-17,2002,"mg/L","Sep",9.78
"7680","Temperature, water",2002-09-17,2002,"deg C","Sep",13.83
"7681","pH",2002-09-17,2002,"pH","Sep",7.85
"7682","pH",2002-09-17,2002,"pH","Sep",8.05
"7683","Dissolved Oxygen",2002-09-17,2002,"mg/L","Sep",10.02
"7684","Temperature, water",2002-09-17,2002,"deg C","Sep",14.43
"7685","pH",2018-09-17,2018,"pH","Sep",7.89
"7686","Temperature, water",2018-09-17,2018,"deg C","Sep",7.31
"7687","Dissolved Oxygen",2018-09-17,2018,"mg/L","Sep",10.72
"7688","pH",2018-09-17,2018,"pH","Sep",7.74
"7689","Temperature, water",2018-09-17,2018,"deg C","Sep",8.31
"7690","Dissolved Oxygen",2018-09-17,2018,"mg/L","Sep",10.33
"7691","Temperature, water",2002-09-19,2002,"deg C","Sep",9.7
"7692","Temperature, water",2002-09-19,2002,"deg C","Sep",10.4
"7693","Temperature, water",2002-09-19,2002,"deg C","Sep",12.6
"7694","Temperature, water",2002-09-19,2002,"deg C","Sep",12.3
"7695","Temperature, water",2002-09-19,2002,"deg C","Sep",14.7
"7696","Temperature, water",2002-09-19,2002,"deg C","Sep",14.5
"7697","Temperature, water",2002-09-19,2002,"deg C","Sep",15.7
"7698","Temperature, water",2002-09-19,2002,"deg C","Sep",17
"7699","Temperature, water",2002-09-19,2002,"deg C","Sep",15.6
"7700","Temperature, water",2002-09-19,2002,"deg C","Sep",14.7
"7701","Temperature, water",2002-09-19,2002,"deg C","Sep",17.3
"7702","Temperature, water",2002-09-19,2002,"deg C","Sep",16.6
"7703","pH",2016-09-20,2016,"pH","Sep",7.51
"7704","Temperature, water",2016-09-20,2016,"deg C","Sep",10.4
"7705","pH",2016-09-20,2016,"pH","Sep",7.43
"7706","Temperature, water",2016-09-20,2016,"deg C","Sep",11.1
"7707","pH",2014-09-23,2014,"pH","Sep",7.28
"7708","Temperature, water",2014-09-23,2014,"deg C","Sep",14.23
"7709","Dissolved Oxygen",2014-09-23,2014,"mg/L","Sep",9.13
"7710","pH",2014-09-23,2014,"pH","Sep",7.22
"7711","Temperature, water",2014-09-23,2014,"deg C","Sep",15.58
"7712","Dissolved Oxygen",2014-09-23,2014,"mg/L","Sep",9.34
"7713","pH",2014-09-23,2014,"pH","Sep",7.36
"7714","Temperature, water",2014-09-23,2014,"deg C","Sep",13.84
"7715","Dissolved Oxygen",2014-09-23,2014,"mg/L","Sep",9.73
"7716","pH",2014-09-23,2014,"pH","Sep",8.26
"7717","Temperature, water",2014-09-23,2014,"deg C","Sep",15.21
"7718","Dissolved Oxygen",2014-09-23,2014,"mg/L","Sep",10.56
"7719","pH",2014-09-23,2014,"pH","Sep",8.27
"7720","Temperature, water",2014-09-23,2014,"deg C","Sep",15.71
"7721","Dissolved Oxygen",2014-09-23,2014,"mg/L","Sep",10.42
"7722","pH",2014-10-07,2014,"pH","Oct",7.45
"7723","Temperature, water",2014-10-07,2014,"deg C","Oct",11.93
"7724","Dissolved Oxygen",2014-10-07,2014,"mg/L","Oct",9.02
"7725","pH",2014-10-07,2014,"pH","Oct",7.35
"7726","Temperature, water",2014-10-07,2014,"deg C","Oct",13.86
"7727","Dissolved Oxygen",2014-10-07,2014,"mg/L","Oct",8.84
"7728","pH",2014-10-07,2014,"pH","Oct",7.72
"7729","Temperature, water",2014-10-07,2014,"deg C","Oct",11.41
"7730","Dissolved Oxygen",2014-10-07,2014,"mg/L","Oct",9.79
"7731","pH",2014-10-07,2014,"pH","Oct",7.84
"7732","Temperature, water",2014-10-07,2014,"deg C","Oct",12.04
"7733","Dissolved Oxygen",2014-10-07,2014,"mg/L","Oct",10.23
"7734","pH",2014-10-07,2014,"pH","Oct",7.84
"7735","Temperature, water",2014-10-07,2014,"deg C","Oct",12.42
"7736","Dissolved Oxygen",2014-10-07,2014,"mg/L","Oct",10.09
"7737","Temperature, water",2002-10-15,2002,"deg C","Oct",9.9
"7738","Temperature, water",2002-10-15,2002,"deg C","Oct",10.3
"7739","Temperature, water",2002-10-15,2002,"deg C","Oct",5
"7740","Temperature, water",2002-10-15,2002,"deg C","Oct",6.4
"7741","pH",2002-10-15,2002,"pH","Oct",7.83
"7742","Temperature, water",2002-10-15,2002,"deg C","Oct",6.47
"7743","Dissolved Oxygen",2002-10-15,2002,"mg/L","Oct",12.25
"7744","pH",2002-10-15,2002,"pH","Oct",7.32
"7745","Dissolved Oxygen",2002-10-15,2002,"mg/L","Oct",10.59
"7746","Dissolved Oxygen",2002-10-15,2002,"mg/L","Oct",11.13
"7747","Temperature, water",2002-10-15,2002,"deg C","Oct",9.8
"7748","pH",2002-10-15,2002,"pH","Oct",8.28
"7749","Dissolved Oxygen",2002-10-15,2002,"mg/L","Oct",12.65
"7750","Temperature, water",2002-10-15,2002,"deg C","Oct",7.76
"7751","Temperature, water",2002-10-15,2002,"deg C","Oct",7.8
"7752","Temperature, water",2002-10-15,2002,"deg C","Oct",10
"7753","pH",2002-10-15,2002,"pH","Oct",8.35
"7754","Temperature, water",2002-10-15,2002,"deg C","Oct",7.89
"7755","Dissolved Oxygen",2002-10-15,2002,"mg/L","Oct",12.45
"7756","Dissolved Oxygen",2002-10-15,2002,"mg/L","Oct",13.15
"7757","pH",2002-10-15,2002,"pH","Oct",8.34
"7758","Dissolved Oxygen",2002-10-15,2002,"mg/L","Oct",12.85
"7759","Temperature, water",2002-10-15,2002,"deg C","Oct",8.11
"7760","Temperature, water",2002-10-15,2002,"deg C","Oct",11
"7761","Temperature, water",2002-10-15,2002,"deg C","Oct",13.8
"7762","Temperature, water",2002-10-15,2002,"deg C","Oct",9.7
"7763","Temperature, water",2002-10-15,2002,"deg C","Oct",9.9
"7764","Temperature, water",2002-10-15,2002,"deg C","Oct",10.8
"7765","Temperature, water",2002-10-15,2002,"deg C","Oct",13.4
"7766","pH",2014-10-28,2014,"pH","Oct",7.28
"7767","Temperature, water",2014-10-28,2014,"deg C","Oct",8.87
"7768","Dissolved Oxygen",2014-10-28,2014,"mg/L","Oct",10.17
"7769","pH",2014-10-28,2014,"pH","Oct",7.35
"7770","Temperature, water",2014-10-28,2014,"deg C","Oct",10.34
"7771","Dissolved Oxygen",2014-10-28,2014,"mg/L","Oct",10.34
"7772","pH",2014-10-28,2014,"pH","Oct",7.65
"7773","Temperature, water",2014-10-28,2014,"deg C","Oct",8.88
"7774","Dissolved Oxygen",2014-10-28,2014,"mg/L","Oct",10.87
"7775","pH",2014-10-28,2014,"pH","Oct",7.88
"7776","Temperature, water",2014-10-28,2014,"deg C","Oct",9.29
"7777","Dissolved Oxygen",2014-10-28,2014,"mg/L","Oct",11.24
"7778","pH",2014-10-28,2014,"pH","Oct",7.92
"7779","Temperature, water",2014-10-28,2014,"deg C","Oct",9.46
"7780","Dissolved Oxygen",2014-10-28,2014,"mg/L","Oct",11.28
"7781","pH",2002-11-19,2002,"pH","Nov",7.66
"7782","Dissolved Oxygen",2002-11-19,2002,"mg/L","Nov",12
"7783","Temperature, water",2002-11-19,2002,"deg C","Nov",7.34
"7784","Dissolved Oxygen",2002-11-19,2002,"mg/L","Nov",11.26
"7785","pH",2002-11-19,2002,"pH","Nov",7.26
"7786","Dissolved Oxygen",2002-11-19,2002,"mg/L","Nov",11.06
"7787","Temperature, water",2002-11-19,2002,"deg C","Nov",8.27
"7788","Temperature, water",2002-11-19,2002,"deg C","Nov",7.76
"7789","Dissolved Oxygen",2002-11-19,2002,"mg/L","Nov",12.45
"7790","pH",2002-11-19,2002,"pH","Nov",7.99
"7791","pH",2002-11-19,2002,"pH","Nov",8.21
"7792","Temperature, water",2002-11-19,2002,"deg C","Nov",8.2
"7793","Dissolved Oxygen",2002-11-19,2002,"mg/L","Nov",11.8
"7794","Dissolved Oxygen",2002-11-19,2002,"mg/L","Nov",12.67
"7795","Temperature, water",2002-11-19,2002,"deg C","Nov",8.53
"7796","Dissolved Oxygen",2002-11-19,2002,"mg/L","Nov",12.66
"7797","pH",2002-11-19,2002,"pH","Nov",8.28
"7798","pH",2014-12-09,2014,"pH","Dec",7.44
"7799","Temperature, water",2014-12-09,2014,"deg C","Dec",4.97
"7800","Dissolved Oxygen",2014-12-09,2014,"mg/L","Dec",11.06
"7801","pH",2014-12-09,2014,"pH","Dec",7.91
"7802","Temperature, water",2014-12-09,2014,"deg C","Dec",4.93
"7803","Dissolved Oxygen",2014-12-09,2014,"mg/L","Dec",11.38
"7804","pH",2014-12-09,2014,"pH","Dec",7.7
"7805","Temperature, water",2014-12-09,2014,"deg C","Dec",6.03
"7806","Dissolved Oxygen",2014-12-09,2014,"mg/L","Dec",11.06
"7807","pH",2014-12-09,2014,"pH","Dec",7.77
"7808","Temperature, water",2014-12-09,2014,"deg C","Dec",5.62
"7809","Dissolved Oxygen",2014-12-09,2014,"mg/L","Dec",11.45
"7810","pH",2014-12-09,2014,"pH","Dec",7.74
"7811","Temperature, water",2014-12-09,2014,"deg C","Dec",5.63
"7812","Dissolved Oxygen",2014-12-09,2014,"mg/L","Dec",11.48
"7813","Dissolved Oxygen",1992-01-06,1992,"mg/L","Jan",11.9
"7814","Dissolved Oxygen",1991-01-07,1991,"mg/L","Jan",13.5
"7815","Dissolved Oxygen",1997-01-13,1997,"mg/L","Jan",13.2
"7816","Chlorophyll",2003-01-14,2003,"ug/L","Jan",1.2
"7817","Chlorophyll",2003-01-14,2003,"ug/L","Jan",1.8
"7818","Dissolved Oxygen",1992-02-03,1992,"mg/L","Feb",12.1
"7819","Dissolved Oxygen",1997-02-03,1997,"mg/L","Feb",12.6
"7820","Dissolved Oxygen",1992-03-02,1992,"mg/L","Mar",11.3
"7821","Dissolved Oxygen",1997-03-03,1997,"mg/L","Mar",12.4
"7822","Dissolved Oxygen",1991-03-04,1991,"mg/L","Mar",11.1
"7823","Chlorophyll",2003-03-11,2003,"ug/L","Mar",2.1
"7824","Dissolved Oxygen",1991-04-01,1991,"mg/L","Apr",10.3
"7825","Dissolved Oxygen",1992-04-06,1992,"mg/L","Apr",12.3
"7826","Dissolved Oxygen",1997-04-07,1997,"mg/L","Apr",11.7
"7827","Chlorophyll",2003-04-07,2003,"ug/L","Apr",0.84
"7828","Chlorophyll",2003-04-07,2003,"ug/L","Apr",0.81
"7829","Chlorophyll",2003-04-21,2003,"ug/L","Apr",6.5
"7830","Chlorophyll",2003-04-21,2003,"ug/L","Apr",5.6
"7831","Chlorophyll",2003-04-21,2003,"ug/L","Apr",7.5
"7832","Chlorophyll",2003-04-21,2003,"ug/L","Apr",9.1
"7833","Chlorophyll",2003-04-21,2003,"ug/L","Apr",4.8
"7834","Dissolved Oxygen",1997-05-05,1997,"mg/L","May",11.3
"7835","Chlorophyll",2003-05-26,2003,"ug/L","May",4.3
"7836","Chlorophyll",2003-05-26,2003,"ug/L","May",10.5
"7837","Chlorophyll",2003-05-26,2003,"ug/L","May",7.8
"7838","Chlorophyll",2003-05-26,2003,"ug/L","May",13.2
"7839","Chlorophyll",2003-05-26,2003,"ug/L","May",13.2
"7840","Dissolved Oxygen",1992-06-01,1992,"mg/L","Jun",9.2
"7841","Dissolved Oxygen",1997-06-02,1997,"mg/L","Jun",10
"7842","Chlorophyll",2003-06-23,2003,"ug/L","Jun",4.4
"7843","Chlorophyll",2003-06-23,2003,"ug/L","Jun",2.9
"7844","Chlorophyll",2003-06-23,2003,"ug/L","Jun",5.3
"7845","Chlorophyll",2003-06-23,2003,"ug/L","Jun",13.6
"7846","Chlorophyll",2003-06-23,2003,"ug/L","Jun",5
"7847","Chlorophyll",2002-06-25,2002,"ug/L","Jun",3.7
"7848","Chlorophyll",2002-06-25,2002,"ug/L","Jun",0.83
"7849","Chlorophyll",2002-06-25,2002,"ug/L","Jun",2.5
"7850","Chlorophyll",2002-06-25,2002,"ug/L","Jun",1.7
"7851","Dissolved Oxygen",1997-07-07,1997,"mg/L","Jul",9.5
"7852","Dissolved Oxygen",1991-07-08,1991,"mg/L","Jul",8.7
"7853","Chlorophyll",2002-07-09,2002,"ug/L","Jul",1.6
"7854","Chlorophyll",2002-07-09,2002,"ug/L","Jul",1
"7855","Chlorophyll",2002-07-09,2002,"ug/L","Jul",2.7
"7856","Chlorophyll",2002-07-09,2002,"ug/L","Jul",3.4
"7857","Chlorophyll",2002-07-30,2002,"ug/L","Jul",2
"7858","Chlorophyll",2002-07-30,2002,"ug/L","Jul",1.2
"7859","Chlorophyll",2002-07-30,2002,"ug/L","Jul",2
"7860","Chlorophyll",2002-07-30,2002,"ug/L","Jul",5.3
"7861","Chlorophyll",2002-07-30,2002,"ug/L","Jul",4.8
"7862","Dissolved Oxygen",1992-08-03,1992,"mg/L","Aug",9.3
"7863","Dissolved Oxygen",1997-08-04,1997,"mg/L","Aug",9.9
"7864","Dissolved Oxygen",1991-08-05,1991,"mg/L","Aug",8.5
"7865","Chlorophyll",2002-08-13,2002,"ug/L","Aug",1.7
"7866","Chlorophyll",2002-08-13,2002,"ug/L","Aug",1.1
"7867","Chlorophyll",2002-08-13,2002,"ug/L","Aug",4.1
"7868","Chlorophyll",2002-08-13,2002,"ug/L","Aug",3.6
"7869","Dissolved Oxygen",1991-09-02,1991,"mg/L","Sep",9.8
"7870","Chlorophyll",2002-09-03,2002,"ug/L","Sep",1.5
"7871","Chlorophyll",2002-09-03,2002,"ug/L","Sep",11.5
"7872","Chlorophyll",2002-09-03,2002,"ug/L","Sep",2.5
"7873","Chlorophyll",2002-09-03,2002,"ug/L","Sep",3.9
"7874","Chlorophyll",2002-09-03,2002,"ug/L","Sep",3.2
"7875","Dissolved Oxygen",1997-09-08,1997,"mg/L","Sep",10.4
"7876","Chlorophyll",2002-09-17,2002,"ug/L","Sep",1.6
"7877","Chlorophyll",2002-09-17,2002,"ug/L","Sep",2.4
"7878","Chlorophyll",2002-09-17,2002,"ug/L","Sep",4.3
"7879","Chlorophyll",2002-09-17,2002,"ug/L","Sep",3.7
"7880","Dissolved Oxygen",1991-10-07,1991,"mg/L","Oct",9.7
"7881","Dissolved Oxygen",1996-10-07,1996,"mg/L","Oct",11
"7882","Chlorophyll",2002-10-15,2002,"ug/L","Oct",2.5
"7883","Chlorophyll",2002-10-15,2002,"ug/L","Oct",2
"7884","Dissolved Oxygen",1991-11-04,1991,"mg/L","Nov",11.8
"7885","Dissolved Oxygen",1996-11-04,1996,"mg/L","Nov",11.8
"7886","Chlorophyll",2002-11-19,2002,"ug/L","Nov",2.3
"7887","Chlorophyll",2002-11-19,2002,"ug/L","Nov",6.1
"7888","Dissolved Oxygen",1991-12-02,1991,"mg/L","Dec",11.6
"7889","Dissolved Oxygen",1996-12-02,1996,"mg/L","Dec",12.3
"7890","Dissolved Oxygen",1990-12-03,1990,"mg/L","Dec",11.7
"7891","Dissolved Oxygen",2015-01-13,2015,"mg/L","Jan",12.5
"7892","Dissolved Oxygen",2015-01-13,2015,"mg/L","Jan",12.5
"7893","Dissolved Oxygen",2015-03-10,2015,"mg/L","Mar",12.1
"7894","Dissolved Oxygen",2015-04-14,2015,"mg/L","Apr",11.93
"7895","Dissolved Oxygen",2015-04-14,2015,"mg/L","Apr",11.9
"7896","Dissolved Oxygen",2015-05-05,2015,"mg/L","May",11.2
"7897","Dissolved Oxygen",2015-05-19,2015,"mg/L","May",9.7
"7898","Dissolved Oxygen",2015-05-19,2015,"mg/L","May",10.62
"7899","Dissolved Oxygen",2014-07-08,2014,"mg/L","Jul",8.7
"7900","Dissolved Oxygen",2014-07-08,2014,"mg/L","Jul",8.1
"7901","Chlorophyll",2002-07-09,2002,"ug/L","Jul",1170
"7902","Chlorophyll",2002-07-09,2002,"ug/L","Jul",211
"7903","Chlorophyll",2002-07-09,2002,"ug/L","Jul",658
"7904","Dissolved Oxygen",2014-07-22,2014,"mg/L","Jul",8.6
"7905","Dissolved Oxygen",2014-08-05,2014,"mg/L","Aug",8.8
"7906","Chlorophyll",2002-08-13,2002,"ug/L","Aug",1190
"7907","Chlorophyll",2002-08-13,2002,"ug/L","Aug",1130
"7908","Chlorophyll",2002-08-13,2002,"ug/L","Aug",748
"7909","Dissolved Oxygen",2014-08-19,2014,"mg/L","Aug",9.3
"7910","Dissolved Oxygen",2014-09-09,2014,"mg/L","Sep",9.8
"7911","Dissolved Oxygen",2014-09-09,2014,"mg/L","Sep",10.8
"7912","Dissolved Oxygen",2014-09-23,2014,"mg/L","Sep",9.8
"7913","Dissolved Oxygen",2014-10-07,2014,"mg/L","Oct",9.9
"7914","Dissolved Oxygen",2014-10-28,2014,"mg/L","Oct",10.8
