Result,QUALITY,QUALITY_KEY,Date,Year,Month
13.5,1,Good quality REVIEWED data,2002-05-31,2002,May
12.4,1,Good quality REVIEWED data,2002-06-01,2002,Jun
13.5,1,Good quality REVIEWED data,2002-06-02,2002,Jun
14.9,1,Good quality REVIEWED data,2002-06-03,2002,Jun
15.6,1,Good quality REVIEWED data,2002-06-04,2002,Jun
15.5,1,Good quality REVIEWED data,2002-06-05,2002,Jun
14,1,Good quality REVIEWED data,2002-06-06,2002,Jun
11.7,1,Good quality REVIEWED data,2002-06-07,2002,Jun
10.7,1,Good quality REVIEWED data,2002-06-08,2002,Jun
10.3,1,Good quality REVIEWED data,2002-06-09,2002,Jun
12.1,1,Good quality REVIEWED data,2002-06-10,2002,Jun
14.5,1,Good quality REVIEWED data,2002-06-11,2002,Jun
16.2,1,Good quality REVIEWED data,2002-06-12,2002,Jun
17.3,1,Good quality REVIEWED data,2002-06-13,2002,Jun
18.1,1,Good quality REVIEWED data,2002-06-14,2002,Jun
19,1,Good quality REVIEWED data,2002-06-15,2002,Jun
18.2,1,Good quality REVIEWED data,2002-06-16,2002,Jun
15.6,1,Good quality REVIEWED data,2002-06-17,2002,Jun
15,1,Good quality REVIEWED data,2002-06-18,2002,Jun
15.5,1,Good quality REVIEWED data,2002-06-19,2002,Jun
17.2,1,Good quality REVIEWED data,2002-06-20,2002,Jun
18,1,Good quality REVIEWED data,2002-06-21,2002,Jun
18.8,1,Good quality REVIEWED data,2002-06-22,2002,Jun
19.2,1,Good quality REVIEWED data,2002-06-23,2002,Jun
19.9,1,Good quality REVIEWED data,2002-06-28,2002,Jun
19.4,1,Good quality REVIEWED data,2002-06-29,2002,Jun
18.6,1,Good quality REVIEWED data,2002-06-30,2002,Jun
18.9,1,Good quality REVIEWED data,2002-07-01,2002,Jul
18.9,1,Good quality REVIEWED data,2002-07-02,2002,Jul
18.3,1,Good quality REVIEWED data,2002-07-03,2002,Jul
17,1,Good quality REVIEWED data,2002-07-04,2002,Jul
17.5,1,Good quality REVIEWED data,2002-07-05,2002,Jul
19,1,Good quality REVIEWED data,2002-07-06,2002,Jul
20.4,1,Good quality REVIEWED data,2002-07-07,2002,Jul
20.1,1,Good quality REVIEWED data,2002-07-08,2002,Jul
19.9,1,Good quality REVIEWED data,2002-07-09,2002,Jul
21.9,1,Good quality REVIEWED data,2002-07-10,2002,Jul
23.8,1,Good quality REVIEWED data,2002-07-11,2002,Jul
24.7,1,Good quality REVIEWED data,2002-07-12,2002,Jul
24.7,1,Good quality REVIEWED data,2002-07-13,2002,Jul
22.5,1,Good quality REVIEWED data,2002-07-14,2002,Jul
22.1,1,Good quality REVIEWED data,2002-07-15,2002,Jul
23.1,1,Good quality REVIEWED data,2002-07-16,2002,Jul
24,1,Good quality REVIEWED data,2002-07-25,2002,Jul
22.4,1,Good quality REVIEWED data,2002-07-26,2002,Jul
20.9,1,Good quality REVIEWED data,2002-07-27,2002,Jul
21.3,1,Good quality REVIEWED data,2002-07-28,2002,Jul
22.2,1,Good quality REVIEWED data,2002-07-29,2002,Jul
22.2,1,Good quality REVIEWED data,2002-07-30,2002,Jul
20.5,1,Good quality REVIEWED data,2002-07-31,2002,Jul
20,1,Good quality REVIEWED data,2002-08-01,2002,Aug
20,1,Good quality REVIEWED data,2002-08-02,2002,Aug
19.3,1,Good quality REVIEWED data,2002-08-03,2002,Aug
17.3,1,Good quality REVIEWED data,2002-08-04,2002,Aug
17.3,1,Good quality REVIEWED data,2002-08-05,2002,Aug
17.1,1,Good quality REVIEWED data,2002-08-06,2002,Aug
17.3,1,Good quality REVIEWED data,2002-08-07,2002,Aug
18.4,1,Good quality REVIEWED data,2002-08-08,2002,Aug
19.5,1,Good quality REVIEWED data,2002-08-09,2002,Aug
20.9,1,Good quality REVIEWED data,2002-08-10,2002,Aug
20.5,1,Good quality REVIEWED data,2002-08-11,2002,Aug
20.3,1,Good quality REVIEWED data,2002-08-12,2002,Aug
21,1,Good quality REVIEWED data,2002-08-13,2002,Aug
21.3,1,Good quality REVIEWED data,2002-08-14,2002,Aug
21.2,1,Good quality REVIEWED data,2002-08-15,2002,Aug
20.3,1,Good quality REVIEWED data,2002-08-16,2002,Aug
19,1,Good quality REVIEWED data,2002-08-17,2002,Aug
19.2,1,Good quality REVIEWED data,2002-08-18,2002,Aug
19,1,Good quality REVIEWED data,2002-08-19,2002,Aug
18.2,1,Good quality REVIEWED data,2002-08-20,2002,Aug
17.3,1,Good quality REVIEWED data,2002-08-21,2002,Aug
18.6,1,Good quality REVIEWED data,2002-08-22,2002,Aug
19,1,Good quality REVIEWED data,2002-08-23,2002,Aug
19.5,1,Good quality REVIEWED data,2002-08-24,2002,Aug
19.5,1,Good quality REVIEWED data,2002-08-25,2002,Aug
19.5,1,Good quality REVIEWED data,2002-08-26,2002,Aug
20.4,1,Good quality REVIEWED data,2002-08-27,2002,Aug
20.8,1,Good quality REVIEWED data,2002-08-28,2002,Aug
20.9,1,Good quality REVIEWED data,2002-08-29,2002,Aug
19.9,1,Good quality REVIEWED data,2002-08-30,2002,Aug
19.3,1,Good quality REVIEWED data,2002-08-31,2002,Aug
19,1,Good quality REVIEWED data,2002-09-01,2002,Sep
19,1,Good quality REVIEWED data,2002-09-02,2002,Sep
15.1,1,Good quality REVIEWED data,2002-09-19,2002,Sep
15.3,1,Good quality REVIEWED data,2002-09-20,2002,Sep
13.4,1,Good quality REVIEWED data,2002-09-21,2002,Sep
13,1,Good quality REVIEWED data,2002-09-22,2002,Sep
13.4,1,Good quality REVIEWED data,2002-09-23,2002,Sep
13.7,1,Good quality REVIEWED data,2002-09-24,2002,Sep
13.4,1,Good quality REVIEWED data,2002-09-25,2002,Sep
12.9,1,Good quality REVIEWED data,2002-09-26,2002,Sep
13.9,1,Good quality REVIEWED data,2002-09-27,2002,Sep
13.3,1,Good quality REVIEWED data,2002-09-28,2002,Sep
12.2,1,Good quality REVIEWED data,2002-09-29,2002,Sep
10.9,1,Good quality REVIEWED data,2002-09-30,2002,Sep
10.9,1,Good quality REVIEWED data,2002-10-01,2002,Oct
10.3,1,Good quality REVIEWED data,2002-10-02,2002,Oct
11.4,1,Good quality REVIEWED data,2002-10-03,2002,Oct
12.8,1,Good quality REVIEWED data,2002-10-04,2002,Oct
13.1,1,Good quality REVIEWED data,2002-10-05,2002,Oct
13.1,1,Good quality REVIEWED data,2002-10-06,2002,Oct
13.2,1,Good quality REVIEWED data,2002-10-07,2002,Oct
12.1,1,Good quality REVIEWED data,2002-10-08,2002,Oct
11.8,1,Good quality REVIEWED data,2002-10-09,2002,Oct
10.7,1,Good quality REVIEWED data,2002-10-10,2002,Oct
9.4,1,Good quality REVIEWED data,2002-10-11,2002,Oct
8,1,Good quality REVIEWED data,2002-10-12,2002,Oct
8.7,1,Good quality REVIEWED data,2002-10-17,2002,Oct
8.7,1,Good quality REVIEWED data,2002-10-18,2002,Oct
9.4,1,Good quality REVIEWED data,2002-10-19,2002,Oct
10.2,1,Good quality REVIEWED data,2002-10-20,2002,Oct
10.2,1,Good quality REVIEWED data,2002-10-21,2002,Oct
9.4,1,Good quality REVIEWED data,2002-10-22,2002,Oct
7.3,1,Good quality REVIEWED data,2002-10-23,2002,Oct
6.1,1,Good quality REVIEWED data,2002-10-24,2002,Oct
5.4,1,Good quality REVIEWED data,2002-10-25,2002,Oct
5,1,Good quality REVIEWED data,2002-10-26,2002,Oct
4.6,1,Good quality REVIEWED data,2002-10-27,2002,Oct
7.2,1,Good quality REVIEWED data,2002-10-28,2002,Oct
6.3,1,Good quality REVIEWED data,2002-10-29,2002,Oct
2.7,1,Good quality REVIEWED data,2002-10-30,2002,Oct
0.9,1,Good quality REVIEWED data,2002-10-31,2002,Oct
0.5,1,Good quality REVIEWED data,2002-11-01,2002,Nov
0.8,1,Good quality REVIEWED data,2002-11-02,2002,Nov
1.1,82,Linear interpolation across gap in records.,2002-11-03,2002,Nov
1.3,1,Good quality REVIEWED data,2002-11-04,2002,Nov
2.4,1,Good quality REVIEWED data,2002-11-05,2002,Nov
2.8,1,Good quality REVIEWED data,2002-11-06,2002,Nov
5,1,Good quality REVIEWED data,2002-11-07,2002,Nov
7.4,1,Good quality REVIEWED data,2002-11-08,2002,Nov
7.1,1,Good quality REVIEWED data,2002-11-09,2002,Nov
7.1,1,Good quality REVIEWED data,2002-11-10,2002,Nov
7.2,1,Good quality REVIEWED data,2002-11-11,2002,Nov
7.3,1,Good quality REVIEWED data,2002-11-12,2002,Nov
7.8,1,Good quality REVIEWED data,2002-11-13,2002,Nov
7.5,1,Good quality REVIEWED data,2002-11-14,2002,Nov
5.9,1,Good quality REVIEWED data,2002-11-15,2002,Nov
5.7,1,Good quality REVIEWED data,2002-11-16,2002,Nov
6.5,1,Good quality REVIEWED data,2002-11-17,2002,Nov
6.3,1,Good quality REVIEWED data,2002-11-18,2002,Nov
8,1,Good quality REVIEWED data,2002-11-19,2002,Nov
8.2,1,Good quality REVIEWED data,2002-11-20,2002,Nov
0.3,140,Data not yet checked,2007-01-18,2007,Jan
1.2,140,Data not yet checked,2007-01-19,2007,Jan
2.3,140,Data not yet checked,2007-01-20,2007,Jan
2.2,140,Data not yet checked,2007-01-21,2007,Jan
3.3,140,Data not yet checked,2007-01-22,2007,Jan
3.9,140,Data not yet checked,2007-01-23,2007,Jan
3.2,140,Data not yet checked,2007-01-24,2007,Jan
2.8,140,Data not yet checked,2007-01-25,2007,Jan
2.7,140,Data not yet checked,2007-01-26,2007,Jan
2.5,140,Data not yet checked,2007-01-27,2007,Jan
2.4,140,Data not yet checked,2007-01-28,2007,Jan
2,140,Data not yet checked,2007-01-29,2007,Jan
1.9,140,Data not yet checked,2007-01-30,2007,Jan
1.7,140,Data not yet checked,2007-01-31,2007,Jan
1.2,140,Data not yet checked,2007-02-01,2007,Feb
0.7,140,Data not yet checked,2007-02-02,2007,Feb
1.4,140,Data not yet checked,2007-02-03,2007,Feb
3.1,140,Data not yet checked,2007-02-04,2007,Feb
3.7,140,Data not yet checked,2007-02-05,2007,Feb
3.6,140,Data not yet checked,2007-02-06,2007,Feb
3.3,140,Data not yet checked,2007-02-07,2007,Feb
4.2,140,Data not yet checked,2007-02-08,2007,Feb
4.5,140,Data not yet checked,2007-02-09,2007,Feb
3.8,140,Data not yet checked,2007-02-10,2007,Feb
4.3,140,Data not yet checked,2007-02-11,2007,Feb
4.8,140,Data not yet checked,2007-02-12,2007,Feb
3.8,140,Data not yet checked,2007-02-13,2007,Feb
5,140,Data not yet checked,2007-02-14,2007,Feb
6.3,140,Data not yet checked,2007-02-15,2007,Feb
6.7,140,Data not yet checked,2007-02-16,2007,Feb
6.8,140,Data not yet checked,2007-02-17,2007,Feb
6.2,140,Data not yet checked,2007-02-18,2007,Feb
4.8,140,Data not yet checked,2007-02-19,2007,Feb
5.2,140,Data not yet checked,2007-02-20,2007,Feb
3.9,140,Data not yet checked,2007-02-21,2007,Feb
3.9,140,Data not yet checked,2007-02-22,2007,Feb
4,140,Data not yet checked,2007-02-23,2007,Feb
3.7,140,Data not yet checked,2007-02-24,2007,Feb
4.7,140,Data not yet checked,2007-02-25,2007,Feb
4.5,140,Data not yet checked,2007-02-26,2007,Feb
4.1,140,Data not yet checked,2007-02-27,2007,Feb
4.1,140,Data not yet checked,2007-02-28,2007,Feb
3.4,140,Data not yet checked,2007-03-01,2007,Mar
3.1,140,Data not yet checked,2007-03-02,2007,Mar
4.6,140,Data not yet checked,2007-03-03,2007,Mar
5.4,140,Data not yet checked,2007-03-04,2007,Mar
6.2,140,Data not yet checked,2007-03-05,2007,Mar
6.6,140,Data not yet checked,2007-03-06,2007,Mar
6.7,140,Data not yet checked,2007-03-07,2007,Mar
6.1,140,Data not yet checked,2007-03-08,2007,Mar
6.4,140,Data not yet checked,2007-03-09,2007,Mar
7.4,140,Data not yet checked,2007-03-10,2007,Mar
8.8,140,Data not yet checked,2007-03-11,2007,Mar
8.9,140,Data not yet checked,2007-03-12,2007,Mar
7.6,140,Data not yet checked,2007-03-13,2007,Mar
6.4,140,Data not yet checked,2007-03-14,2007,Mar
5.8,140,Data not yet checked,2007-03-15,2007,Mar
7.6,140,Data not yet checked,2007-03-16,2007,Mar
8.7,140,Data not yet checked,2007-03-17,2007,Mar
9.8,140,Data not yet checked,2007-03-18,2007,Mar
9,140,Data not yet checked,2007-03-19,2007,Mar
8.6,140,Data not yet checked,2007-03-20,2007,Mar
6.7,140,Data not yet checked,2007-03-21,2007,Mar
7.3,140,Data not yet checked,2007-03-22,2007,Mar
8.8,140,Data not yet checked,2007-03-23,2007,Mar
9.1,140,Data not yet checked,2007-03-24,2007,Mar
8.8,140,Data not yet checked,2007-03-25,2007,Mar
6.5,140,Data not yet checked,2007-03-26,2007,Mar
6.1,140,Data not yet checked,2007-03-27,2007,Mar
6.6,140,Data not yet checked,2007-03-28,2007,Mar
7.2,140,Data not yet checked,2007-03-29,2007,Mar
8.3,140,Data not yet checked,2007-03-30,2007,Mar
8.6,140,Data not yet checked,2007-03-31,2007,Mar
8,140,Data not yet checked,2007-04-01,2007,Apr
6.3,140,Data not yet checked,2007-04-02,2007,Apr
6.8,140,Data not yet checked,2007-04-03,2007,Apr
8.2,140,Data not yet checked,2007-04-04,2007,Apr
8.9,140,Data not yet checked,2007-04-05,2007,Apr
10.2,140,Data not yet checked,2007-04-06,2007,Apr
10.9,140,Data not yet checked,2007-04-07,2007,Apr
11.1,140,Data not yet checked,2007-04-08,2007,Apr
10.4,140,Data not yet checked,2007-04-09,2007,Apr
8.1,140,Data not yet checked,2007-04-10,2007,Apr
8.5,140,Data not yet checked,2007-04-11,2007,Apr
9.5,140,Data not yet checked,2007-04-12,2007,Apr
10.1,140,Data not yet checked,2007-04-13,2007,Apr
9.7,140,Data not yet checked,2007-04-14,2007,Apr
9.4,140,Data not yet checked,2007-04-15,2007,Apr
9.2,140,Data not yet checked,2007-04-16,2007,Apr
10.5,140,Data not yet checked,2007-04-17,2007,Apr
9.2,140,Data not yet checked,2007-04-18,2007,Apr
9.3,140,Data not yet checked,2007-04-19,2007,Apr
10,140,Data not yet checked,2007-04-20,2007,Apr
9.7,140,Data not yet checked,2007-04-21,2007,Apr
9.9,140,Data not yet checked,2007-04-22,2007,Apr
11.6,140,Data not yet checked,2007-04-23,2007,Apr
12.3,140,Data not yet checked,2007-04-24,2007,Apr
11.6,140,Data not yet checked,2007-04-25,2007,Apr
11.5,140,Data not yet checked,2007-04-26,2007,Apr
13,140,Data not yet checked,2007-04-27,2007,Apr
14,140,Data not yet checked,2007-04-28,2007,Apr
13.2,140,Data not yet checked,2007-04-29,2007,Apr
12.7,140,Data not yet checked,2007-04-30,2007,Apr
13,140,Data not yet checked,2007-05-01,2007,May
12.4,140,Data not yet checked,2007-05-02,2007,May
10.8,140,Data not yet checked,2007-05-03,2007,May
10.3,140,Data not yet checked,2007-05-04,2007,May
10.9,140,Data not yet checked,2007-05-05,2007,May
11.8,140,Data not yet checked,2007-05-06,2007,May
14.1,140,Data not yet checked,2007-05-07,2007,May
15.1,140,Data not yet checked,2007-05-08,2007,May
15.5,140,Data not yet checked,2007-05-09,2007,May
15.5,140,Data not yet checked,2007-05-10,2007,May
15.4,140,Data not yet checked,2007-05-11,2007,May
15.7,140,Data not yet checked,2007-05-12,2007,May
13.8,140,Data not yet checked,2007-05-13,2007,May
14.1,140,Data not yet checked,2007-05-14,2007,May
15.5,140,Data not yet checked,2007-05-15,2007,May
16.4,140,Data not yet checked,2007-05-16,2007,May
16.3,140,Data not yet checked,2007-05-17,2007,May
16.1,140,Data not yet checked,2007-05-18,2007,May
15.6,140,Data not yet checked,2007-05-19,2007,May
13.5,140,Data not yet checked,2007-05-20,2007,May
12.1,140,Data not yet checked,2007-05-21,2007,May
13.9,140,Data not yet checked,2007-05-22,2007,May
15.1,140,Data not yet checked,2007-05-23,2007,May
16.2,140,Data not yet checked,2007-05-24,2007,May
15.9,140,Data not yet checked,2007-05-25,2007,May
16.4,140,Data not yet checked,2007-05-26,2007,May
16.4,140,Data not yet checked,2007-05-27,2007,May
14,140,Data not yet checked,2007-05-28,2007,May
15.7,140,Data not yet checked,2007-05-29,2007,May
17.3,140,Data not yet checked,2007-05-30,2007,May
18.5,140,Data not yet checked,2007-05-31,2007,May
19.3,140,Data not yet checked,2007-06-01,2007,Jun
20.4,140,Data not yet checked,2007-06-02,2007,Jun
21.6,140,Data not yet checked,2007-06-03,2007,Jun
20.4,140,Data not yet checked,2007-06-04,2007,Jun
17,140,Data not yet checked,2007-06-05,2007,Jun
14.5,140,Data not yet checked,2007-06-06,2007,Jun
15.7,140,Data not yet checked,2007-06-07,2007,Jun
17.3,140,Data not yet checked,2007-06-08,2007,Jun
17.1,140,Data not yet checked,2007-06-09,2007,Jun
16.5,140,Data not yet checked,2007-06-10,2007,Jun
16.3,140,Data not yet checked,2007-06-11,2007,Jun
16.9,140,Data not yet checked,2007-06-12,2007,Jun
16.9,140,Data not yet checked,2007-06-13,2007,Jun
17.5,140,Data not yet checked,2007-06-14,2007,Jun
18.4,140,Data not yet checked,2007-06-15,2007,Jun
17.2,140,Data not yet checked,2007-06-16,2007,Jun
16,140,Data not yet checked,2007-06-17,2007,Jun
17,140,Data not yet checked,2007-06-18,2007,Jun
18.2,140,Data not yet checked,2007-06-19,2007,Jun
20,140,Data not yet checked,2007-06-20,2007,Jun
20.7,140,Data not yet checked,2007-06-21,2007,Jun
19.9,140,Data not yet checked,2007-06-22,2007,Jun
18.7,140,Data not yet checked,2007-06-23,2007,Jun
18.3,140,Data not yet checked,2007-06-24,2007,Jun
17.5,140,Data not yet checked,2007-06-25,2007,Jun
18.2,140,Data not yet checked,2007-06-26,2007,Jun
19.2,140,Data not yet checked,2007-06-27,2007,Jun
20.2,140,Data not yet checked,2007-06-28,2007,Jun
19.3,140,Data not yet checked,2007-06-29,2007,Jun
19.6,140,Data not yet checked,2007-06-30,2007,Jun
20.3,140,Data not yet checked,2007-07-01,2007,Jul
20.2,140,Data not yet checked,2007-07-02,2007,Jul
21.2,140,Data not yet checked,2007-07-03,2007,Jul
22.5,140,Data not yet checked,2007-07-04,2007,Jul
23.5,140,Data not yet checked,2007-07-05,2007,Jul
23.8,140,Data not yet checked,2007-07-06,2007,Jul
23,140,Data not yet checked,2007-07-07,2007,Jul
22.3,140,Data not yet checked,2007-07-08,2007,Jul
23,140,Data not yet checked,2007-07-09,2007,Jul
23.2,140,Data not yet checked,2007-07-10,2007,Jul
23.9,140,Data not yet checked,2007-07-11,2007,Jul
23,140,Data not yet checked,2007-07-12,2007,Jul
22.9,140,Data not yet checked,2007-07-13,2007,Jul
23.3,140,Data not yet checked,2007-07-14,2007,Jul
23.6,140,Data not yet checked,2007-07-15,2007,Jul
23.6,140,Data not yet checked,2007-07-16,2007,Jul
22.6,140,Data not yet checked,2007-07-17,2007,Jul
22.4,140,Data not yet checked,2007-07-19,2007,Jul
20.8,140,Data not yet checked,2007-07-20,2007,Jul
22.1,140,Data not yet checked,2007-07-21,2007,Jul
23.4,140,Data not yet checked,2007-07-22,2007,Jul
24.2,140,Data not yet checked,2007-07-23,2007,Jul
23.3,140,Data not yet checked,2007-07-24,2007,Jul
22.4,140,Data not yet checked,2007-07-25,2007,Jul
23.1,140,Data not yet checked,2007-07-26,2007,Jul
23.3,140,Data not yet checked,2007-07-27,2007,Jul
23.3,140,Data not yet checked,2007-07-28,2007,Jul
22.9,140,Data not yet checked,2007-07-29,2007,Jul
22,140,Data not yet checked,2007-07-30,2007,Jul
21.4,140,Data not yet checked,2007-07-31,2007,Jul
21.8,140,Data not yet checked,2007-08-01,2007,Aug
22.4,140,Data not yet checked,2007-08-02,2007,Aug
22.1,140,Data not yet checked,2007-08-03,2007,Aug
21.4,140,Data not yet checked,2007-08-04,2007,Aug
21.3,140,Data not yet checked,2007-08-05,2007,Aug
20.9,140,Data not yet checked,2007-08-06,2007,Aug
20.7,140,Data not yet checked,2007-08-07,2007,Aug
20.6,140,Data not yet checked,2007-08-08,2007,Aug
20.5,140,Data not yet checked,2007-08-09,2007,Aug
19.7,140,Data not yet checked,2007-08-10,2007,Aug
19.5,140,Data not yet checked,2007-08-11,2007,Aug
20.3,140,Data not yet checked,2007-08-12,2007,Aug
20.4,140,Data not yet checked,2007-08-13,2007,Aug
21.2,140,Data not yet checked,2007-08-14,2007,Aug
21.7,140,Data not yet checked,2007-08-15,2007,Aug
21.6,140,Data not yet checked,2007-08-16,2007,Aug
20.5,140,Data not yet checked,2007-08-17,2007,Aug
19.9,140,Data not yet checked,2007-08-18,2007,Aug
17.7,140,Data not yet checked,2007-08-19,2007,Aug
16.6,140,Data not yet checked,2007-08-20,2007,Aug
18.9,140,Data not yet checked,2007-08-21,2007,Aug
19.7,140,Data not yet checked,2007-08-22,2007,Aug
19.9,140,Data not yet checked,2007-08-23,2007,Aug
20.2,140,Data not yet checked,2007-08-24,2007,Aug
19.9,140,Data not yet checked,2007-08-25,2007,Aug
19.1,140,Data not yet checked,2007-08-26,2007,Aug
18.2,140,Data not yet checked,2007-08-27,2007,Aug
18.2,140,Data not yet checked,2007-08-28,2007,Aug
18.9,140,Data not yet checked,2007-08-29,2007,Aug
20,140,Data not yet checked,2007-08-30,2007,Aug
21.2,140,Data not yet checked,2007-08-31,2007,Aug
19.9,140,Data not yet checked,2007-09-01,2007,Sep
19.9,140,Data not yet checked,2007-09-02,2007,Sep
20.1,140,Data not yet checked,2007-09-03,2007,Sep
19.6,140,Data not yet checked,2007-09-04,2007,Sep
19.3,140,Data not yet checked,2007-09-05,2007,Sep
19.2,140,Data not yet checked,2007-09-06,2007,Sep
18,140,Data not yet checked,2007-09-07,2007,Sep
16.6,140,Data not yet checked,2007-09-08,2007,Sep
16,140,Data not yet checked,2007-09-09,2007,Sep
16.5,140,Data not yet checked,2007-09-10,2007,Sep
16.8,140,Data not yet checked,2007-09-11,2007,Sep
17.5,140,Data not yet checked,2007-09-12,2007,Sep
17.1,140,Data not yet checked,2007-09-13,2007,Sep
16.9,140,Data not yet checked,2007-09-14,2007,Sep
17.1,140,Data not yet checked,2007-09-15,2007,Sep
16.7,140,Data not yet checked,2007-09-16,2007,Sep
16.1,140,Data not yet checked,2007-09-17,2007,Sep
14.8,140,Data not yet checked,2007-09-18,2007,Sep
14.1,140,Data not yet checked,2007-09-19,2007,Sep
12.9,140,Data not yet checked,2007-09-20,2007,Sep
13.4,140,Data not yet checked,2007-09-21,2007,Sep
14,140,Data not yet checked,2007-09-22,2007,Sep
13.2,140,Data not yet checked,2007-09-23,2007,Sep
12.9,140,Data not yet checked,2007-09-24,2007,Sep
12.6,140,Data not yet checked,2007-09-25,2007,Sep
13.6,140,Data not yet checked,2007-09-26,2007,Sep
13.7,140,Data not yet checked,2007-09-27,2007,Sep
12.4,140,Data not yet checked,2007-09-28,2007,Sep
11.1,140,Data not yet checked,2007-09-29,2007,Sep
11.3,140,Data not yet checked,2007-09-30,2007,Sep
12.1,140,Data not yet checked,2007-10-01,2007,Oct
11.9,140,Data not yet checked,2007-10-02,2007,Oct
11.9,140,Data not yet checked,2007-10-03,2007,Oct
11.3,140,Data not yet checked,2007-10-04,2007,Oct
10.3,140,Data not yet checked,2007-10-05,2007,Oct
10.6,140,Data not yet checked,2007-10-06,2007,Oct
12,140,Data not yet checked,2007-10-07,2007,Oct
12.9,140,Data not yet checked,2007-10-08,2007,Oct
12.4,140,Data not yet checked,2007-10-10,2007,Oct
11.8,140,Data not yet checked,2007-10-11,2007,Oct
12,140,Data not yet checked,2007-10-12,2007,Oct
11.2,140,Data not yet checked,2007-10-13,2007,Oct
11,140,Data not yet checked,2007-10-14,2007,Oct
10.9,140,Data not yet checked,2007-10-15,2007,Oct
11.7,140,Data not yet checked,2007-10-16,2007,Oct
10.1,140,Data not yet checked,2007-10-17,2007,Oct
9.5,140,Data not yet checked,2007-10-18,2007,Oct
10.9,140,Data not yet checked,2007-10-19,2007,Oct
9.6,140,Data not yet checked,2007-10-20,2007,Oct
9.5,140,Data not yet checked,2007-10-21,2007,Oct
10.5,140,Data not yet checked,2007-10-22,2007,Oct
11,140,Data not yet checked,2007-10-23,2007,Oct
11.2,140,Data not yet checked,2007-10-24,2007,Oct
10.3,140,Data not yet checked,2007-10-25,2007,Oct
7.5,140,Data not yet checked,2007-10-26,2007,Oct
6.4,140,Data not yet checked,2007-10-27,2007,Oct
6.6,140,Data not yet checked,2007-10-28,2007,Oct
7.4,140,Data not yet checked,2007-10-29,2007,Oct
8,140,Data not yet checked,2007-10-30,2007,Oct
6.5,140,Data not yet checked,2007-10-31,2007,Oct
7,140,Data not yet checked,2007-11-01,2007,Nov
5.9,140,Data not yet checked,2007-11-02,2007,Nov
6.5,140,Data not yet checked,2007-11-03,2007,Nov
8.2,140,Data not yet checked,2007-11-04,2007,Nov
7.6,140,Data not yet checked,2007-11-05,2007,Nov
6.7,140,Data not yet checked,2007-11-06,2007,Nov
7,140,Data not yet checked,2007-11-07,2007,Nov
7.7,140,Data not yet checked,2007-11-08,2007,Nov
7.6,140,Data not yet checked,2007-11-09,2007,Nov
8,140,Data not yet checked,2007-11-10,2007,Nov
6.5,140,Data not yet checked,2007-11-11,2007,Nov
7.1,140,Data not yet checked,2007-11-12,2007,Nov
7,140,Data not yet checked,2007-11-13,2007,Nov
5.1,140,Data not yet checked,2007-11-14,2007,Nov
6.3,140,Data not yet checked,2007-11-15,2007,Nov
8.4,140,Data not yet checked,2007-11-16,2007,Nov
9.2,140,Data not yet checked,2007-11-17,2007,Nov
7.9,140,Data not yet checked,2007-11-18,2007,Nov
6.1,140,Data not yet checked,2007-11-19,2007,Nov
5.6,140,Data not yet checked,2007-11-20,2007,Nov
4.1,140,Data not yet checked,2007-11-21,2007,Nov
3.8,140,Data not yet checked,2007-11-22,2007,Nov
3.4,140,Data not yet checked,2007-11-23,2007,Nov
3,140,Data not yet checked,2007-11-24,2007,Nov
2.6,140,Data not yet checked,2007-11-25,2007,Nov
2.6,140,Data not yet checked,2007-11-26,2007,Nov
2.8,140,Data not yet checked,2007-11-27,2007,Nov
3.4,140,Data not yet checked,2007-11-28,2007,Nov
3.6,140,Data not yet checked,2007-11-29,2007,Nov
3.4,140,Data not yet checked,2007-11-30,2007,Nov
2.5,140,Data not yet checked,2007-12-01,2007,Dec
3.3,140,Data not yet checked,2007-12-02,2007,Dec
6.6,140,Data not yet checked,2007-12-03,2007,Dec
7.3,140,Data not yet checked,2007-12-04,2007,Dec
6.6,140,Data not yet checked,2007-12-05,2007,Dec
6,140,Data not yet checked,2007-12-06,2007,Dec
4.6,140,Data not yet checked,2007-12-07,2007,Dec
4.1,140,Data not yet checked,2007-12-08,2007,Dec
2.2,140,Data not yet checked,2007-12-09,2007,Dec
2.7,140,Data not yet checked,2007-12-10,2007,Dec
2.5,140,Data not yet checked,2007-12-11,2007,Dec
2.4,140,Data not yet checked,2007-12-12,2007,Dec
2.8,140,Data not yet checked,2007-12-13,2007,Dec
3,140,Data not yet checked,2007-12-14,2007,Dec
3.6,140,Data not yet checked,2007-12-15,2007,Dec
3.5,140,Data not yet checked,2007-12-16,2007,Dec
4.2,140,Data not yet checked,2007-12-17,2007,Dec
4.6,140,Data not yet checked,2007-12-18,2007,Dec
5.2,140,Data not yet checked,2007-12-19,2007,Dec
5,140,Data not yet checked,2007-12-20,2007,Dec
3.2,140,Data not yet checked,2007-12-21,2007,Dec
2.9,140,Data not yet checked,2007-12-22,2007,Dec
4,140,Data not yet checked,2007-12-23,2007,Dec
4.5,140,Data not yet checked,2007-12-24,2007,Dec
3.4,140,Data not yet checked,2007-12-25,2007,Dec
3.3,140,Data not yet checked,2007-12-26,2007,Dec
3,140,Data not yet checked,2007-12-27,2007,Dec
3.5,140,Data not yet checked,2007-12-28,2007,Dec
3.7,140,Data not yet checked,2007-12-29,2007,Dec
2.8,140,Data not yet checked,2007-12-30,2007,Dec
2.3,140,Data not yet checked,2007-12-31,2007,Dec
1.5,140,Data not yet checked,2008-01-01,2008,Jan
1.9,140,Data not yet checked,2008-01-02,2008,Jan
3.6,140,Data not yet checked,2008-01-03,2008,Jan
5.1,140,Data not yet checked,2008-01-04,2008,Jan
4.7,140,Data not yet checked,2008-01-05,2008,Jan
3.7,140,Data not yet checked,2008-01-06,2008,Jan
2.9,140,Data not yet checked,2008-01-07,2008,Jan
2.9,140,Data not yet checked,2008-01-08,2008,Jan
3.5,140,Data not yet checked,2008-01-09,2008,Jan
4,140,Data not yet checked,2008-01-10,2008,Jan
4.9,140,Data not yet checked,2008-01-11,2008,Jan
4.3,140,Data not yet checked,2008-01-12,2008,Jan
4.6,140,Data not yet checked,2008-01-13,2008,Jan
3.8,140,Data not yet checked,2008-01-14,2008,Jan
2.9,140,Data not yet checked,2008-01-15,2008,Jan
1.6,140,Data not yet checked,2008-01-16,2008,Jan
2.6,140,Data not yet checked,2008-01-17,2008,Jan
3.2,140,Data not yet checked,2008-01-18,2008,Jan
3.3,140,Data not yet checked,2008-01-19,2008,Jan
3.1,140,Data not yet checked,2008-01-20,2008,Jan
0.6,140,Data not yet checked,2008-01-21,2008,Jan
0,140,Data not yet checked,2008-01-22,2008,Jan
0,140,Data not yet checked,2008-01-23,2008,Jan
0,140,Data not yet checked,2008-01-24,2008,Jan
0,140,Data not yet checked,2008-01-25,2008,Jan
0,140,Data not yet checked,2008-01-26,2008,Jan
0,140,Data not yet checked,2008-01-27,2008,Jan
0,140,Data not yet checked,2008-01-28,2008,Jan
1.2,140,Data not yet checked,2008-01-29,2008,Jan
1.7,140,Data not yet checked,2008-01-30,2008,Jan
2.3,140,Data not yet checked,2008-01-31,2008,Jan
2.4,140,Data not yet checked,2008-02-01,2008,Feb
2.6,140,Data not yet checked,2008-02-02,2008,Feb
2.6,140,Data not yet checked,2008-02-03,2008,Feb
2.6,140,Data not yet checked,2008-02-04,2008,Feb
2.9,140,Data not yet checked,2008-02-05,2008,Feb
3.1,140,Data not yet checked,2008-02-06,2008,Feb
3.7,140,Data not yet checked,2008-02-07,2008,Feb
3.5,140,Data not yet checked,2008-02-08,2008,Feb
5,140,Data not yet checked,2008-02-09,2008,Feb
4.8,140,Data not yet checked,2008-02-10,2008,Feb
4.6,140,Data not yet checked,2008-02-11,2008,Feb
4.9,140,Data not yet checked,2008-02-12,2008,Feb
4.5,140,Data not yet checked,2008-02-13,2008,Feb
3.7,140,Data not yet checked,2008-02-14,2008,Feb
4.1,140,Data not yet checked,2008-02-15,2008,Feb
5.2,140,Data not yet checked,2008-02-16,2008,Feb
4.2,140,Data not yet checked,2008-02-17,2008,Feb
3.7,140,Data not yet checked,2008-02-18,2008,Feb
3.8,140,Data not yet checked,2008-02-19,2008,Feb
4.1,140,Data not yet checked,2008-02-20,2008,Feb
4.5,140,Data not yet checked,2008-02-21,2008,Feb
4.9,140,Data not yet checked,2008-02-22,2008,Feb
5.4,140,Data not yet checked,2008-02-23,2008,Feb
5.8,140,Data not yet checked,2008-02-24,2008,Feb
6.1,140,Data not yet checked,2008-02-25,2008,Feb
5.4,140,Data not yet checked,2008-02-26,2008,Feb
5.3,140,Data not yet checked,2008-02-27,2008,Feb
6.4,140,Data not yet checked,2008-02-28,2008,Feb
6.3,140,Data not yet checked,2008-02-29,2008,Feb
5.9,140,Data not yet checked,2008-03-01,2008,Mar
4.9,140,Data not yet checked,2008-03-02,2008,Mar
4.5,140,Data not yet checked,2008-03-03,2008,Mar
5.1,140,Data not yet checked,2008-03-04,2008,Mar
5.1,140,Data not yet checked,2008-03-05,2008,Mar
5.1,140,Data not yet checked,2008-03-06,2008,Mar
5.8,140,Data not yet checked,2008-03-07,2008,Mar
6.7,140,Data not yet checked,2008-03-08,2008,Mar
5.8,140,Data not yet checked,2008-03-09,2008,Mar
6.5,140,Data not yet checked,2008-03-10,2008,Mar
7.2,140,Data not yet checked,2008-03-11,2008,Mar
5.4,140,Data not yet checked,2008-03-12,2008,Mar
5.8,140,Data not yet checked,2008-03-13,2008,Mar
5.6,140,Data not yet checked,2008-03-14,2008,Mar
5.8,140,Data not yet checked,2008-03-15,2008,Mar
6,140,Data not yet checked,2008-03-16,2008,Mar
6.2,140,Data not yet checked,2008-03-17,2008,Mar
6.7,140,Data not yet checked,2008-03-18,2008,Mar
5.4,140,Data not yet checked,2008-03-19,2008,Mar
5.7,140,Data not yet checked,2008-03-20,2008,Mar
5.5,140,Data not yet checked,2008-03-21,2008,Mar
5.4,140,Data not yet checked,2008-03-22,2008,Mar
5.9,140,Data not yet checked,2008-03-23,2008,Mar
6.4,140,Data not yet checked,2008-03-24,2008,Mar
5.9,140,Data not yet checked,2008-03-25,2008,Mar
5.9,140,Data not yet checked,2008-03-26,2008,Mar
5.2,140,Data not yet checked,2008-03-27,2008,Mar
4,140,Data not yet checked,2008-03-28,2008,Mar
4.2,140,Data not yet checked,2008-03-29,2008,Mar
4.3,140,Data not yet checked,2008-03-30,2008,Mar
5.2,140,Data not yet checked,2008-03-31,2008,Mar
5.7,140,Data not yet checked,2008-04-01,2008,Apr
6.2,140,Data not yet checked,2008-04-02,2008,Apr
6.7,140,Data not yet checked,2008-04-03,2008,Apr
6.2,140,Data not yet checked,2008-04-04,2008,Apr
6.2,140,Data not yet checked,2008-04-05,2008,Apr
7.4,140,Data not yet checked,2008-04-06,2008,Apr
6.8,140,Data not yet checked,2008-04-07,2008,Apr
6.6,140,Data not yet checked,2008-04-08,2008,Apr
7.2,140,Data not yet checked,2008-04-09,2008,Apr
7.7,140,Data not yet checked,2008-04-10,2008,Apr
8.1,140,Data not yet checked,2008-04-11,2008,Apr
9.5,140,Data not yet checked,2008-04-12,2008,Apr
10,140,Data not yet checked,2008-04-13,2008,Apr
7.3,140,Data not yet checked,2008-04-14,2008,Apr
6,140,Data not yet checked,2008-04-15,2008,Apr
7,140,Data not yet checked,2008-04-16,2008,Apr
8.1,140,Data not yet checked,2008-04-17,2008,Apr
7.4,140,Data not yet checked,2008-04-18,2008,Apr
6.1,140,Data not yet checked,2008-04-19,2008,Apr
6,140,Data not yet checked,2008-04-20,2008,Apr
6.4,140,Data not yet checked,2008-04-21,2008,Apr
7.7,140,Data not yet checked,2008-04-22,2008,Apr
8.7,140,Data not yet checked,2008-04-23,2008,Apr
7.6,140,Data not yet checked,2008-04-24,2008,Apr
7.8,140,Data not yet checked,2008-04-25,2008,Apr
8.4,140,Data not yet checked,2008-04-26,2008,Apr
9.7,140,Data not yet checked,2008-04-27,2008,Apr
11,140,Data not yet checked,2008-04-28,2008,Apr
9.2,140,Data not yet checked,2008-04-29,2008,Apr
7.3,140,Data not yet checked,2008-04-30,2008,Apr
7.9,140,Data not yet checked,2008-05-01,2008,May
8.8,140,Data not yet checked,2008-05-02,2008,May
9.9,140,Data not yet checked,2008-05-03,2008,May
10.8,140,Data not yet checked,2008-05-04,2008,May
10.2,140,Data not yet checked,2008-05-05,2008,May
9.7,140,Data not yet checked,2008-05-06,2008,May
9.6,140,Data not yet checked,2008-05-07,2008,May
8.8,140,Data not yet checked,2008-05-08,2008,May
8.9,140,Data not yet checked,2008-05-09,2008,May
8.8,140,Data not yet checked,2008-05-10,2008,May
9.6,140,Data not yet checked,2008-05-11,2008,May
8.8,140,Data not yet checked,2008-05-12,2008,May
8.7,140,Data not yet checked,2008-05-13,2008,May
10.7,140,Data not yet checked,2008-05-14,2008,May
11.6,140,Data not yet checked,2008-05-15,2008,May
11.4,140,Data not yet checked,2008-05-16,2008,May
11.4,140,Data not yet checked,2008-05-17,2008,May
11.5,140,Data not yet checked,2008-05-18,2008,May
10.9,140,Data not yet checked,2008-05-19,2008,May
9.6,140,Data not yet checked,2008-05-20,2008,May
8.6,140,Data not yet checked,2008-05-21,2008,May
8.8,140,Data not yet checked,2008-05-22,2008,May
10.3,140,Data not yet checked,2008-05-23,2008,May
11.4,140,Data not yet checked,2008-05-24,2008,May
12.3,140,Data not yet checked,2008-05-25,2008,May
11.5,140,Data not yet checked,2008-05-26,2008,May
11.7,140,Data not yet checked,2008-05-27,2008,May
10.3,140,Data not yet checked,2008-05-28,2008,May
10.9,140,Data not yet checked,2008-05-29,2008,May
11.8,140,Data not yet checked,2008-05-30,2008,May
12.1,140,Data not yet checked,2008-05-31,2008,May
12.4,140,Data not yet checked,2008-06-01,2008,Jun
11.7,140,Data not yet checked,2008-06-02,2008,Jun
10.6,140,Data not yet checked,2008-06-03,2008,Jun
11.1,140,Data not yet checked,2008-06-04,2008,Jun
11.1,140,Data not yet checked,2008-06-05,2008,Jun
10.1,140,Data not yet checked,2008-06-06,2008,Jun
9.9,140,Data not yet checked,2008-06-07,2008,Jun
11.5,140,Data not yet checked,2008-06-08,2008,Jun
12.3,140,Data not yet checked,2008-06-09,2008,Jun
9.1,140,Data not yet checked,2008-06-10,2008,Jun
9.3,140,Data not yet checked,2008-06-11,2008,Jun
11.5,140,Data not yet checked,2008-06-12,2008,Jun
12.6,140,Data not yet checked,2008-06-13,2008,Jun
12.8,140,Data not yet checked,2008-06-14,2008,Jun
13,140,Data not yet checked,2008-06-15,2008,Jun
13.7,140,Data not yet checked,2008-06-16,2008,Jun
14.1,140,Data not yet checked,2008-06-17,2008,Jun
13.6,140,Data not yet checked,2008-06-18,2008,Jun
13.9,140,Data not yet checked,2008-06-19,2008,Jun
15.3,140,Data not yet checked,2008-06-20,2008,Jun
15.3,140,Data not yet checked,2008-06-21,2008,Jun
15.7,140,Data not yet checked,2008-06-22,2008,Jun
15,140,Data not yet checked,2008-06-23,2008,Jun
15.5,140,Data not yet checked,2008-06-24,2008,Jun
15.8,140,Data not yet checked,2008-06-25,2008,Jun
16.4,140,Data not yet checked,2008-06-26,2008,Jun
17.3,140,Data not yet checked,2008-06-27,2008,Jun
18.4,140,Data not yet checked,2008-06-28,2008,Jun
19.6,140,Data not yet checked,2008-06-29,2008,Jun
20.2,140,Data not yet checked,2008-06-30,2008,Jun
18.8,140,Data not yet checked,2008-07-01,2008,Jul
19.7,140,Data not yet checked,2008-07-02,2008,Jul
20.9,140,Data not yet checked,2008-07-03,2008,Jul
19.2,140,Data not yet checked,2008-07-04,2008,Jul
19.4,140,Data not yet checked,2008-07-05,2008,Jul
20.1,140,Data not yet checked,2008-07-06,2008,Jul
19.5,140,Data not yet checked,2008-07-07,2008,Jul
19.8,140,Data not yet checked,2008-07-08,2008,Jul
20.5,140,Data not yet checked,2008-07-09,2008,Jul
20.2,140,Data not yet checked,2008-07-10,2008,Jul
18.4,140,Data not yet checked,2008-07-11,2008,Jul
18.9,140,Data not yet checked,2008-07-12,2008,Jul
20,140,Data not yet checked,2008-07-13,2008,Jul
20.6,140,Data not yet checked,2008-07-14,2008,Jul
20.2,140,Data not yet checked,2008-07-15,2008,Jul
19.7,140,Data not yet checked,2008-07-16,2008,Jul
20,140,Data not yet checked,2008-07-17,2008,Jul
19.6,140,Data not yet checked,2008-07-18,2008,Jul
19.6,140,Data not yet checked,2008-07-19,2008,Jul
20.1,140,Data not yet checked,2008-07-20,2008,Jul
19.6,140,Data not yet checked,2008-07-21,2008,Jul
17.8,140,Data not yet checked,2008-07-22,2008,Jul
17.9,140,Data not yet checked,2008-07-23,2008,Jul
18.8,140,Data not yet checked,2008-07-24,2008,Jul
19.9,140,Data not yet checked,2008-07-25,2008,Jul
20.3,140,Data not yet checked,2008-07-26,2008,Jul
20.3,140,Data not yet checked,2008-07-27,2008,Jul
19.6,140,Data not yet checked,2008-07-28,2008,Jul
19.1,140,Data not yet checked,2008-07-29,2008,Jul
18.7,140,Data not yet checked,2008-07-30,2008,Jul
18.6,140,Data not yet checked,2008-07-31,2008,Jul
19.6,140,Data not yet checked,2008-08-01,2008,Aug
19.4,140,Data not yet checked,2008-08-02,2008,Aug
18.7,140,Data not yet checked,2008-08-03,2008,Aug
19.4,140,Data not yet checked,2008-08-04,2008,Aug
20.1,140,Data not yet checked,2008-08-05,2008,Aug
20.3,140,Data not yet checked,2008-08-06,2008,Aug
19.9,140,Data not yet checked,2008-08-07,2008,Aug
21.1,140,Data not yet checked,2008-08-08,2008,Aug
20.3,140,Data not yet checked,2008-08-09,2008,Aug
18.9,140,Data not yet checked,2008-08-10,2008,Aug
19.1,140,Data not yet checked,2008-08-11,2008,Aug
19.9,140,Data not yet checked,2008-08-12,2008,Aug
21.1,140,Data not yet checked,2008-08-13,2008,Aug
21.4,140,Data not yet checked,2008-08-14,2008,Aug
21.9,140,Data not yet checked,2008-08-15,2008,Aug
22,140,Data not yet checked,2008-08-16,2008,Aug
22.4,140,Data not yet checked,2008-08-17,2008,Aug
22.5,140,Data not yet checked,2008-08-18,2008,Aug
20.4,140,Data not yet checked,2008-08-19,2008,Aug
19.2,140,Data not yet checked,2008-08-20,2008,Aug
17.9,140,Data not yet checked,2008-08-21,2008,Aug
17.4,140,Data not yet checked,2008-08-22,2008,Aug
18.4,140,Data not yet checked,2008-08-23,2008,Aug
19.1,140,Data not yet checked,2008-08-24,2008,Aug
17.3,140,Data not yet checked,2008-08-25,2008,Aug
16.5,140,Data not yet checked,2008-08-26,2008,Aug
16.9,140,Data not yet checked,2008-08-27,2008,Aug
17.7,140,Data not yet checked,2008-08-28,2008,Aug
19.1,140,Data not yet checked,2008-08-29,2008,Aug
18.6,140,Data not yet checked,2008-08-30,2008,Aug
16.1,140,Data not yet checked,2008-08-31,2008,Aug
15.7,140,Data not yet checked,2008-09-01,2008,Sep
15.2,140,Data not yet checked,2008-09-02,2008,Sep
15.5,140,Data not yet checked,2008-09-03,2008,Sep
16.1,140,Data not yet checked,2008-09-04,2008,Sep
16.1,140,Data not yet checked,2008-09-05,2008,Sep
17.1,140,Data not yet checked,2008-09-06,2008,Sep
17.2,140,Data not yet checked,2008-09-07,2008,Sep
16.5,140,Data not yet checked,2008-09-08,2008,Sep
16.2,140,Data not yet checked,2008-09-09,2008,Sep
15.7,140,Data not yet checked,2008-09-10,2008,Sep
15.6,140,Data not yet checked,2008-09-11,2008,Sep
15.9,140,Data not yet checked,2008-09-12,2008,Sep
16.1,140,Data not yet checked,2008-09-13,2008,Sep
15.4,140,Data not yet checked,2008-09-14,2008,Sep
15.5,140,Data not yet checked,2008-09-15,2008,Sep
15.8,140,Data not yet checked,2008-09-16,2008,Sep
16,140,Data not yet checked,2008-09-17,2008,Sep
16.4,140,Data not yet checked,2008-09-18,2008,Sep
16.8,140,Data not yet checked,2008-09-19,2008,Sep
15.8,140,Data not yet checked,2008-09-20,2008,Sep
14.5,140,Data not yet checked,2008-09-21,2008,Sep
13.6,140,Data not yet checked,2008-09-22,2008,Sep
12.5,140,Data not yet checked,2008-09-23,2008,Sep
12.8,140,Data not yet checked,2008-09-24,2008,Sep
13.5,140,Data not yet checked,2008-09-25,2008,Sep
13.5,140,Data not yet checked,2008-09-26,2008,Sep
13.6,140,Data not yet checked,2008-09-27,2008,Sep
13.1,140,Data not yet checked,2008-09-28,2008,Sep
13.1,140,Data not yet checked,2008-09-29,2008,Sep
13.2,140,Data not yet checked,2008-09-30,2008,Sep
14.4,140,Data not yet checked,2008-10-01,2008,Oct
14.5,140,Data not yet checked,2008-10-02,2008,Oct
15,140,Data not yet checked,2008-10-03,2008,Oct
14.7,140,Data not yet checked,2008-10-04,2008,Oct
12.8,140,Data not yet checked,2008-10-05,2008,Oct
12.9,140,Data not yet checked,2008-10-06,2008,Oct
13.3,140,Data not yet checked,2008-10-07,2008,Oct
11.1,140,Data not yet checked,2008-10-08,2008,Oct
9.7,140,Data not yet checked,2008-10-09,2008,Oct
9.4,140,Data not yet checked,2008-10-10,2008,Oct
8.2,140,Data not yet checked,2008-10-11,2008,Oct
7.3,140,Data not yet checked,2008-10-12,2008,Oct
9,140,Data not yet checked,2008-10-13,2008,Oct
10.7,140,Data not yet checked,2008-10-14,2008,Oct
8.7,140,Data not yet checked,2008-10-15,2008,Oct
9.7,140,Data not yet checked,2008-10-16,2008,Oct
10.2,140,Data not yet checked,2008-10-17,2008,Oct
11.6,140,Data not yet checked,2008-10-18,2008,Oct
9.7,140,Data not yet checked,2008-10-19,2008,Oct
9.3,140,Data not yet checked,2008-10-20,2008,Oct
8.6,140,Data not yet checked,2008-10-21,2008,Oct
7.4,140,Data not yet checked,2008-10-22,2008,Oct
7.2,140,Data not yet checked,2008-10-23,2008,Oct
7.5,140,Data not yet checked,2008-10-24,2008,Oct
9,140,Data not yet checked,2008-10-25,2008,Oct
7.7,140,Data not yet checked,2008-10-26,2008,Oct
6.9,140,Data not yet checked,2008-10-27,2008,Oct
6.7,140,Data not yet checked,2008-10-28,2008,Oct
7,140,Data not yet checked,2008-10-29,2008,Oct
7.4,140,Data not yet checked,2008-10-30,2008,Oct
9.1,140,Data not yet checked,2008-10-31,2008,Oct
9.6,140,Data not yet checked,2008-11-01,2008,Nov
10.4,140,Data not yet checked,2008-11-02,2008,Nov
9,140,Data not yet checked,2008-11-03,2008,Nov
8.1,140,Data not yet checked,2008-11-04,2008,Nov
6.5,140,Data not yet checked,2008-11-05,2008,Nov
7.2,140,Data not yet checked,2008-11-06,2008,Nov
8.9,140,Data not yet checked,2008-11-07,2008,Nov
9.4,140,Data not yet checked,2008-11-08,2008,Nov
9.1,140,Data not yet checked,2008-11-09,2008,Nov
9,140,Data not yet checked,2008-11-10,2008,Nov
8.3,140,Data not yet checked,2008-11-11,2008,Nov
10.9,140,Data not yet checked,2008-11-12,2008,Nov
9.9,140,Data not yet checked,2008-11-13,2008,Nov
6.6,140,Data not yet checked,2008-11-14,2008,Nov
6.4,140,Data not yet checked,2008-11-15,2008,Nov
6.8,140,Data not yet checked,2008-11-16,2008,Nov
7.3,140,Data not yet checked,2008-11-17,2008,Nov
7.1,140,Data not yet checked,2008-11-18,2008,Nov
7.3,140,Data not yet checked,2008-11-19,2008,Nov
6.8,140,Data not yet checked,2008-11-20,2008,Nov
6.2,140,Data not yet checked,2008-11-21,2008,Nov
6.6,140,Data not yet checked,2008-11-22,2008,Nov
4.8,140,Data not yet checked,2008-11-23,2008,Nov
3.7,140,Data not yet checked,2008-11-24,2008,Nov
4.1,140,Data not yet checked,2008-11-25,2008,Nov
5.2,140,Data not yet checked,2008-11-26,2008,Nov
4.9,140,Data not yet checked,2008-11-27,2008,Nov
5.4,140,Data not yet checked,2008-11-28,2008,Nov
6.8,140,Data not yet checked,2008-11-29,2008,Nov
7,140,Data not yet checked,2008-11-30,2008,Nov
7,140,Data not yet checked,2008-12-01,2008,Dec
7.7,140,Data not yet checked,2008-12-02,2008,Dec
7.1,140,Data not yet checked,2008-12-03,2008,Dec
4.4,140,Data not yet checked,2008-12-04,2008,Dec
3.3,140,Data not yet checked,2008-12-05,2008,Dec
4.3,140,Data not yet checked,2008-12-06,2008,Dec
5.6,140,Data not yet checked,2008-12-07,2008,Dec
5.5,140,Data not yet checked,2008-12-08,2008,Dec
4.5,140,Data not yet checked,2008-12-09,2008,Dec
4.6,140,Data not yet checked,2008-12-11,2008,Dec
4.9,140,Data not yet checked,2008-12-12,2008,Dec
2.5,140,Data not yet checked,2008-12-13,2008,Dec
0.9,140,Data not yet checked,2008-12-14,2008,Dec
0,140,Data not yet checked,2008-12-15,2008,Dec
0,140,Data not yet checked,2008-12-16,2008,Dec
0,140,Data not yet checked,2008-12-17,2008,Dec
0,140,Data not yet checked,2008-12-18,2008,Dec
0,140,Data not yet checked,2008-12-19,2008,Dec
0,140,Data not yet checked,2008-12-20,2008,Dec
0,140,Data not yet checked,2008-12-21,2008,Dec
0,140,Data not yet checked,2008-12-22,2008,Dec
0,140,Data not yet checked,2008-12-23,2008,Dec
0,140,Data not yet checked,2008-12-24,2008,Dec
0,140,Data not yet checked,2008-12-25,2008,Dec
0,140,Data not yet checked,2008-12-26,2008,Dec
0,140,Data not yet checked,2008-12-27,2008,Dec
2,140,Data not yet checked,2008-12-28,2008,Dec
3.4,140,Data not yet checked,2008-12-29,2008,Dec
3.2,140,Data not yet checked,2008-12-30,2008,Dec
4.1,140,Data not yet checked,2008-12-31,2008,Dec
4.3,140,Data not yet checked,2009-01-01,2009,Jan
3.2,140,Data not yet checked,2009-01-02,2009,Jan
2.3,140,Data not yet checked,2009-01-03,2009,Jan
1.4,140,Data not yet checked,2009-01-04,2009,Jan
2.8,140,Data not yet checked,2009-01-05,2009,Jan
4.6,140,Data not yet checked,2009-01-06,2009,Jan
5.9,140,Data not yet checked,2009-01-07,2009,Jan
5.6,140,Data not yet checked,2009-01-08,2009,Jan
4.5,140,Data not yet checked,2009-01-09,2009,Jan
4.6,140,Data not yet checked,2009-01-10,2009,Jan
5.1,140,Data not yet checked,2009-01-11,2009,Jan
5.7,140,Data not yet checked,2009-01-12,2009,Jan
5.8,140,Data not yet checked,2009-01-13,2009,Jan
5,140,Data not yet checked,2009-01-14,2009,Jan
4.4,140,Data not yet checked,2009-01-15,2009,Jan
3.9,140,Data not yet checked,2009-01-16,2009,Jan
3.5,140,Data not yet checked,2009-01-17,2009,Jan
3.4,140,Data not yet checked,2009-01-18,2009,Jan
3.3,140,Data not yet checked,2009-01-19,2009,Jan
3.1,140,Data not yet checked,2009-01-20,2009,Jan
2.9,140,Data not yet checked,2009-01-21,2009,Jan
2.7,140,Data not yet checked,2009-01-22,2009,Jan
2.7,140,Data not yet checked,2009-01-23,2009,Jan
2.6,140,Data not yet checked,2009-01-24,2009,Jan
2.4,140,Data not yet checked,2009-01-25,2009,Jan
1.9,140,Data not yet checked,2009-01-26,2009,Jan
1.4,140,Data not yet checked,2009-01-27,2009,Jan
2,140,Data not yet checked,2009-01-28,2009,Jan
2.8,140,Data not yet checked,2009-01-29,2009,Jan
3.1,140,Data not yet checked,2009-01-30,2009,Jan
3.5,140,Data not yet checked,2009-01-31,2009,Jan
3.5,140,Data not yet checked,2009-02-01,2009,Feb
3.8,140,Data not yet checked,2009-02-02,2009,Feb
4,140,Data not yet checked,2009-02-03,2009,Feb
4,140,Data not yet checked,2009-02-04,2009,Feb
4,140,Data not yet checked,2009-02-05,2009,Feb
4.4,140,Data not yet checked,2009-02-06,2009,Feb
5,140,Data not yet checked,2009-02-07,2009,Feb
4.3,140,Data not yet checked,2009-02-08,2009,Feb
3.9,140,Data not yet checked,2009-02-09,2009,Feb
3.7,140,Data not yet checked,2009-02-10,2009,Feb
3.8,140,Data not yet checked,2009-02-11,2009,Feb
3.9,140,Data not yet checked,2009-02-12,2009,Feb
3.8,140,Data not yet checked,2009-02-13,2009,Feb
3.9,140,Data not yet checked,2009-02-14,2009,Feb
4,140,Data not yet checked,2009-02-15,2009,Feb
4.2,140,Data not yet checked,2009-02-16,2009,Feb
4.7,140,Data not yet checked,2009-02-17,2009,Feb
2.1,140,Data not yet checked,2009-02-18,2009,Feb
4.1,140,Data not yet checked,2009-02-19,2009,Feb
4.2,140,Data not yet checked,2009-02-20,2009,Feb
3.8,140,Data not yet checked,2009-02-21,2009,Feb
3.8,140,Data not yet checked,2009-02-22,2009,Feb
4.8,140,Data not yet checked,2009-02-23,2009,Feb
5.3,140,Data not yet checked,2009-02-24,2009,Feb
5.5,140,Data not yet checked,2009-02-25,2009,Feb
4,140,Data not yet checked,2009-02-26,2009,Feb
2.7,140,Data not yet checked,2009-02-27,2009,Feb
3,140,Data not yet checked,2009-02-28,2009,Feb
4.3,140,Data not yet checked,2009-03-01,2009,Mar
5.4,140,Data not yet checked,2009-03-02,2009,Mar
5.9,140,Data not yet checked,2009-03-03,2009,Mar
5.4,140,Data not yet checked,2009-03-04,2009,Mar
4.4,140,Data not yet checked,2009-03-05,2009,Mar
2.5,140,Data not yet checked,2009-03-06,2009,Mar
2.7,140,Data not yet checked,2009-03-07,2009,Mar
3.3,140,Data not yet checked,2009-03-08,2009,Mar
3.3,140,Data not yet checked,2009-03-09,2009,Mar
2.8,140,Data not yet checked,2009-03-10,2009,Mar
2.2,140,Data not yet checked,2009-03-11,2009,Mar
2.5,140,Data not yet checked,2009-03-12,2009,Mar
3.3,140,Data not yet checked,2009-03-13,2009,Mar
4.1,140,Data not yet checked,2009-03-14,2009,Mar
5.3,140,Data not yet checked,2009-03-15,2009,Mar
4.4,140,Data not yet checked,2009-03-16,2009,Mar
4.9,140,Data not yet checked,2009-03-17,2009,Mar
5.6,140,Data not yet checked,2009-03-18,2009,Mar
6,140,Data not yet checked,2009-03-19,2009,Mar
7,140,Data not yet checked,2009-03-20,2009,Mar
6.9,140,Data not yet checked,2009-03-21,2009,Mar
5.8,140,Data not yet checked,2009-03-22,2009,Mar
5.2,140,Data not yet checked,2009-03-23,2009,Mar
5.6,140,Data not yet checked,2009-03-24,2009,Mar
5.4,140,Data not yet checked,2009-03-25,2009,Mar
5.3,140,Data not yet checked,2009-03-26,2009,Mar
5.7,140,Data not yet checked,2009-03-27,2009,Mar
6,140,Data not yet checked,2009-03-28,2009,Mar
4.1,140,Data not yet checked,2009-03-29,2009,Mar
5,140,Data not yet checked,2009-03-30,2009,Mar
5,140,Data not yet checked,2009-03-31,2009,Mar
4.2,140,Data not yet checked,2009-04-01,2009,Apr
5.6,140,Data not yet checked,2009-04-02,2009,Apr
5.1,140,Data not yet checked,2009-04-03,2009,Apr
6.1,140,Data not yet checked,2009-04-04,2009,Apr
6.7,140,Data not yet checked,2009-04-05,2009,Apr
7.4,140,Data not yet checked,2009-04-06,2009,Apr
7.8,140,Data not yet checked,2009-04-07,2009,Apr
7.5,140,Data not yet checked,2009-04-08,2009,Apr
7.4,140,Data not yet checked,2009-04-09,2009,Apr
7.5,140,Data not yet checked,2009-04-10,2009,Apr
7.7,140,Data not yet checked,2009-04-11,2009,Apr
7.6,140,Data not yet checked,2009-04-12,2009,Apr
7.2,140,Data not yet checked,2009-04-13,2009,Apr
5.7,140,Data not yet checked,2009-04-14,2009,Apr
7,140,Data not yet checked,2009-04-15,2009,Apr
7.7,140,Data not yet checked,2009-04-16,2009,Apr
7.5,140,Data not yet checked,2009-04-17,2009,Apr
8.7,140,Data not yet checked,2009-04-18,2009,Apr
9.2,140,Data not yet checked,2009-04-19,2009,Apr
10.1,140,Data not yet checked,2009-04-20,2009,Apr
9.9,140,Data not yet checked,2009-04-21,2009,Apr
9.2,140,Data not yet checked,2009-04-22,2009,Apr
7.8,140,Data not yet checked,2009-04-23,2009,Apr
7.2,140,Data not yet checked,2009-04-24,2009,Apr
7.5,140,Data not yet checked,2009-04-25,2009,Apr
8.3,140,Data not yet checked,2009-04-26,2009,Apr
8.2,140,Data not yet checked,2009-04-27,2009,Apr
7.6,140,Data not yet checked,2009-04-28,2009,Apr
7.7,140,Data not yet checked,2009-04-29,2009,Apr
8.5,140,Data not yet checked,2009-04-30,2009,Apr
9.2,140,Data not yet checked,2009-05-01,2009,May
9,140,Data not yet checked,2009-05-02,2009,May
9,140,Data not yet checked,2009-05-03,2009,May
9,140,Data not yet checked,2009-05-04,2009,May
9.8,140,Data not yet checked,2009-05-05,2009,May
8.8,140,Data not yet checked,2009-05-06,2009,May
8.5,140,Data not yet checked,2009-05-07,2009,May
8.9,140,Data not yet checked,2009-05-08,2009,May
9.6,140,Data not yet checked,2009-05-09,2009,May
10.3,140,Data not yet checked,2009-05-10,2009,May
10.8,140,Data not yet checked,2009-05-11,2009,May
8.7,140,Data not yet checked,2009-05-12,2009,May
8.5,140,Data not yet checked,2009-05-13,2009,May
10.4,140,Data not yet checked,2009-05-14,2009,May
9.9,140,Data not yet checked,2009-05-15,2009,May
10.6,140,Data not yet checked,2009-05-16,2009,May
11.6,140,Data not yet checked,2009-05-17,2009,May
12.2,140,Data not yet checked,2009-05-18,2009,May
11.3,140,Data not yet checked,2009-05-19,2009,May
10.1,140,Data not yet checked,2009-05-20,2009,May
10.5,140,Data not yet checked,2009-05-21,2009,May
11.5,140,Data not yet checked,2009-05-22,2009,May
12.4,140,Data not yet checked,2009-05-23,2009,May
13,140,Data not yet checked,2009-05-24,2009,May
12.9,140,Data not yet checked,2009-05-25,2009,May
12.7,140,Data not yet checked,2009-05-26,2009,May
13.1,140,Data not yet checked,2009-05-27,2009,May
13.7,140,Data not yet checked,2009-05-28,2009,May
14.1,140,Data not yet checked,2009-05-29,2009,May
15.4,140,Data not yet checked,2009-05-30,2009,May
14.2,140,Data not yet checked,2009-05-31,2009,May
14.6,140,Data not yet checked,2009-06-01,2009,Jun
15,140,Data not yet checked,2009-06-02,2009,Jun
15.5,140,Data not yet checked,2009-06-03,2009,Jun
15.6,140,Data not yet checked,2009-06-04,2009,Jun
15.8,140,Data not yet checked,2009-06-05,2009,Jun
14.2,140,Data not yet checked,2009-06-06,2009,Jun
13.9,140,Data not yet checked,2009-06-07,2009,Jun
14.9,140,Data not yet checked,2009-06-08,2009,Jun
15.3,140,Data not yet checked,2009-06-09,2009,Jun
16.1,140,Data not yet checked,2009-06-10,2009,Jun
16.4,140,Data not yet checked,2009-06-11,2009,Jun
16.1,140,Data not yet checked,2009-06-12,2009,Jun
16.1,140,Data not yet checked,2009-06-13,2009,Jun
15.6,140,Data not yet checked,2009-06-14,2009,Jun
16.5,140,Data not yet checked,2009-06-15,2009,Jun
17.4,140,Data not yet checked,2009-06-16,2009,Jun
17.2,140,Data not yet checked,2009-06-17,2009,Jun
17.7,140,Data not yet checked,2009-06-18,2009,Jun
16.6,140,Data not yet checked,2009-06-19,2009,Jun
16.1,140,Data not yet checked,2009-06-20,2009,Jun
13.8,140,Data not yet checked,2009-06-21,2009,Jun
13.8,140,Data not yet checked,2009-06-22,2009,Jun
15.6,140,Data not yet checked,2009-06-23,2009,Jun
17.9,140,Data not yet checked,2009-06-24,2009,Jun
18.1,140,Data not yet checked,2009-06-25,2009,Jun
17.6,140,Data not yet checked,2009-06-26,2009,Jun
17.9,140,Data not yet checked,2009-06-27,2009,Jun
18.8,140,Data not yet checked,2009-06-28,2009,Jun
18.8,140,Data not yet checked,2009-06-29,2009,Jun
18.7,140,Data not yet checked,2009-06-30,2009,Jun
18.8,140,Data not yet checked,2009-07-01,2009,Jul
19.5,140,Data not yet checked,2009-07-02,2009,Jul
20.4,140,Data not yet checked,2009-07-03,2009,Jul
20.9,140,Data not yet checked,2009-07-04,2009,Jul
21.5,140,Data not yet checked,2009-07-05,2009,Jul
20,140,Data not yet checked,2009-07-06,2009,Jul
19,140,Data not yet checked,2009-07-07,2009,Jul
18.5,140,Data not yet checked,2009-07-08,2009,Jul
18.6,140,Data not yet checked,2009-07-09,2009,Jul
19.5,140,Data not yet checked,2009-07-10,2009,Jul
20.1,140,Data not yet checked,2009-07-11,2009,Jul
21.3,140,Data not yet checked,2009-07-12,2009,Jul
18.4,140,Data not yet checked,2009-07-13,2009,Jul
18.7,140,Data not yet checked,2009-07-14,2009,Jul
19.8,140,Data not yet checked,2009-07-15,2009,Jul
20.6,140,Data not yet checked,2009-07-16,2009,Jul
21.1,140,Data not yet checked,2009-07-17,2009,Jul
21.6,140,Data not yet checked,2009-07-18,2009,Jul
21.7,140,Data not yet checked,2009-07-19,2009,Jul
21.2,140,Data not yet checked,2009-07-20,2009,Jul
22,140,Data not yet checked,2009-07-21,2009,Jul
22.4,140,Data not yet checked,2009-07-22,2009,Jul
21.9,140,Data not yet checked,2009-07-23,2009,Jul
21.8,140,Data not yet checked,2009-07-24,2009,Jul
21.7,140,Data not yet checked,2009-07-25,2009,Jul
21.7,140,Data not yet checked,2009-07-26,2009,Jul
22.5,140,Data not yet checked,2009-07-27,2009,Jul
23.3,140,Data not yet checked,2009-07-28,2009,Jul
23.4,140,Data not yet checked,2009-07-29,2009,Jul
23.1,140,Data not yet checked,2009-07-30,2009,Jul
23.4,140,Data not yet checked,2009-07-31,2009,Jul
23.8,140,Data not yet checked,2009-08-01,2009,Aug
23.8,140,Data not yet checked,2009-08-02,2009,Aug
23.5,140,Data not yet checked,2009-08-03,2009,Aug
22.9,140,Data not yet checked,2009-08-04,2009,Aug
23,140,Data not yet checked,2009-08-05,2009,Aug
21,140,Data not yet checked,2009-08-06,2009,Aug
17.9,140,Data not yet checked,2009-08-07,2009,Aug
19.1,140,Data not yet checked,2009-08-08,2009,Aug
20.3,140,Data not yet checked,2009-08-09,2009,Aug
20.9,140,Data not yet checked,2009-08-10,2009,Aug
21,140,Data not yet checked,2009-08-11,2009,Aug
20.8,140,Data not yet checked,2009-08-12,2009,Aug
20.2,140,Data not yet checked,2009-08-13,2009,Aug
18.1,140,Data not yet checked,2009-08-14,2009,Aug
17.9,140,Data not yet checked,2009-08-15,2009,Aug
18.6,140,Data not yet checked,2009-08-16,2009,Aug
19.1,140,Data not yet checked,2009-08-17,2009,Aug
20,140,Data not yet checked,2009-08-18,2009,Aug
20.9,140,Data not yet checked,2009-08-19,2009,Aug
21.8,140,Data not yet checked,2009-08-20,2009,Aug
21.5,140,Data not yet checked,2009-08-21,2009,Aug
20.6,140,Data not yet checked,2009-08-22,2009,Aug
19.3,140,Data not yet checked,2009-08-23,2009,Aug
18.8,140,Data not yet checked,2009-08-24,2009,Aug
18.7,140,Data not yet checked,2009-08-25,2009,Aug
19.4,140,Data not yet checked,2009-08-26,2009,Aug
19.7,140,Data not yet checked,2009-08-27,2009,Aug
19.6,140,Data not yet checked,2009-08-28,2009,Aug
19.3,140,Data not yet checked,2009-08-29,2009,Aug
20.3,140,Data not yet checked,2009-08-30,2009,Aug
20.4,140,Data not yet checked,2009-08-31,2009,Aug
20.7,140,Data not yet checked,2009-09-01,2009,Sep
20.8,140,Data not yet checked,2009-09-02,2009,Sep
19.5,140,Data not yet checked,2009-09-03,2009,Sep
18.3,140,Data not yet checked,2009-09-04,2009,Sep
18,140,Data not yet checked,2009-09-05,2009,Sep
18,140,Data not yet checked,2009-09-06,2009,Sep
16.7,140,Data not yet checked,2009-09-07,2009,Sep
16.3,140,Data not yet checked,2009-09-08,2009,Sep
16.2,140,Data not yet checked,2009-09-09,2009,Sep
17.3,140,Data not yet checked,2009-09-10,2009,Sep
17.5,140,Data not yet checked,2009-09-11,2009,Sep
17.7,140,Data not yet checked,2009-09-12,2009,Sep
17.9,140,Data not yet checked,2009-09-13,2009,Sep
18.1,140,Data not yet checked,2009-09-14,2009,Sep
18.1,140,Data not yet checked,2009-09-15,2009,Sep
18.2,140,Data not yet checked,2009-09-16,2009,Sep
18,140,Data not yet checked,2009-09-17,2009,Sep
16.9,140,Data not yet checked,2009-09-18,2009,Sep
16.4,140,Data not yet checked,2009-09-19,2009,Sep
15.5,140,Data not yet checked,2009-09-20,2009,Sep
14.8,140,Data not yet checked,2009-09-21,2009,Sep
15.1,140,Data not yet checked,2009-09-22,2009,Sep
15.8,140,Data not yet checked,2009-09-23,2009,Sep
16.3,140,Data not yet checked,2009-09-24,2009,Sep
16,140,Data not yet checked,2009-09-25,2009,Sep
15.7,140,Data not yet checked,2009-09-26,2009,Sep
14.5,140,Data not yet checked,2009-09-27,2009,Sep
13.4,140,Data not yet checked,2009-09-28,2009,Sep
12.4,140,Data not yet checked,2009-09-29,2009,Sep
11.4,140,Data not yet checked,2009-09-30,2009,Sep
11.6,140,Data not yet checked,2009-10-01,2009,Oct
11.8,140,Data not yet checked,2009-10-02,2009,Oct
10.7,140,Data not yet checked,2009-10-03,2009,Oct
10.7,140,Data not yet checked,2009-10-04,2009,Oct
10.4,140,Data not yet checked,2009-10-05,2009,Oct
10,140,Data not yet checked,2009-10-06,2009,Oct
10.7,140,Data not yet checked,2009-10-07,2009,Oct
10.4,140,Data not yet checked,2009-10-08,2009,Oct
9,140,Data not yet checked,2009-10-09,2009,Oct
7.6,140,Data not yet checked,2009-10-10,2009,Oct
6.2,140,Data not yet checked,2009-10-11,2009,Oct
5.9,140,Data not yet checked,2009-10-12,2009,Oct
6.1,140,Data not yet checked,2009-10-13,2009,Oct
8.1,140,Data not yet checked,2009-10-14,2009,Oct
9.6,140,Data not yet checked,2009-10-15,2009,Oct
10.8,140,Data not yet checked,2009-10-16,2009,Oct
11.2,140,Data not yet checked,2009-10-17,2009,Oct
11.7,140,Data not yet checked,2009-10-18,2009,Oct
10.9,140,Data not yet checked,2009-10-19,2009,Oct
10.3,140,Data not yet checked,2009-10-20,2009,Oct
10.3,140,Data not yet checked,2009-10-21,2009,Oct
10.6,140,Data not yet checked,2009-10-22,2009,Oct
10.2,140,Data not yet checked,2009-10-23,2009,Oct
9.5,140,Data not yet checked,2009-10-24,2009,Oct
8.5,140,Data not yet checked,2009-10-25,2009,Oct
9.5,140,Data not yet checked,2009-10-26,2009,Oct
8.4,140,Data not yet checked,2009-10-27,2009,Oct
7.2,140,Data not yet checked,2009-10-28,2009,Oct
7,140,Data not yet checked,2009-10-29,2009,Oct
9.5,140,Data not yet checked,2009-10-30,2009,Oct
10.4,140,Data not yet checked,2009-10-31,2009,Oct
9.3,140,Data not yet checked,2009-11-01,2009,Nov
7.2,140,Data not yet checked,2009-11-02,2009,Nov
6.6,140,Data not yet checked,2009-11-03,2009,Nov
6.3,140,Data not yet checked,2009-11-04,2009,Nov
6.5,140,Data not yet checked,2009-11-05,2009,Nov
8,140,Data not yet checked,2009-11-06,2009,Nov
7.5,140,Data not yet checked,2009-11-07,2009,Nov
7.1,140,Data not yet checked,2009-11-08,2009,Nov
6.6,140,Data not yet checked,2009-11-09,2009,Nov
7.8,140,Data not yet checked,2009-11-10,2009,Nov
7.2,140,Data not yet checked,2009-11-11,2009,Nov
6.5,140,Data not yet checked,2009-11-12,2009,Nov
5.1,140,Data not yet checked,2009-11-13,2009,Nov
4.5,140,Data not yet checked,2009-11-14,2009,Nov
4.8,140,Data not yet checked,2009-11-15,2009,Nov
5.9,140,Data not yet checked,2009-11-16,2009,Nov
7.3,140,Data not yet checked,2009-11-17,2009,Nov
6.1,140,Data not yet checked,2009-11-18,2009,Nov
6,140,Data not yet checked,2009-11-19,2009,Nov
6.8,140,Data not yet checked,2009-11-20,2009,Nov
5.6,140,Data not yet checked,2009-11-21,2009,Nov
5.2,140,Data not yet checked,2009-11-22,2009,Nov
4.8,140,Data not yet checked,2009-11-23,2009,Nov
5.3,140,Data not yet checked,2009-11-24,2009,Nov
4.9,140,Data not yet checked,2009-11-25,2009,Nov
5.1,140,Data not yet checked,2009-11-26,2009,Nov
6,140,Data not yet checked,2009-11-27,2009,Nov
4.8,140,Data not yet checked,2009-11-28,2009,Nov
4.8,140,Data not yet checked,2009-11-29,2009,Nov
4.3,140,Data not yet checked,2009-11-30,2009,Nov
4.9,140,Data not yet checked,2009-12-01,2009,Dec
2.8,140,Data not yet checked,2009-12-02,2009,Dec
3,140,Data not yet checked,2009-12-03,2009,Dec
2.2,140,Data not yet checked,2009-12-04,2009,Dec
2,140,Data not yet checked,2009-12-05,2009,Dec
0.4,140,Data not yet checked,2009-12-06,2009,Dec
0,140,Data not yet checked,2009-12-07,2009,Dec
0,140,Data not yet checked,2009-12-08,2009,Dec
0,140,Data not yet checked,2009-12-09,2009,Dec
0,140,Data not yet checked,2009-12-10,2009,Dec
0,140,Data not yet checked,2009-12-11,2009,Dec
0,140,Data not yet checked,2009-12-12,2009,Dec
0,140,Data not yet checked,2009-12-13,2009,Dec
0,140,Data not yet checked,2009-12-14,2009,Dec
0,140,Data not yet checked,2009-12-15,2009,Dec
0,140,Data not yet checked,2009-12-16,2009,Dec
2.1,140,Data not yet checked,2009-12-17,2009,Dec
3.2,140,Data not yet checked,2009-12-18,2009,Dec
3.8,140,Data not yet checked,2009-12-19,2009,Dec
4.3,140,Data not yet checked,2009-12-20,2009,Dec
5,140,Data not yet checked,2009-12-21,2009,Dec
3.6,140,Data not yet checked,2009-12-22,2009,Dec
2.6,140,Data not yet checked,2009-12-23,2009,Dec
1.6,140,Data not yet checked,2009-12-24,2009,Dec
1.8,140,Data not yet checked,2009-12-25,2009,Dec
1.6,140,Data not yet checked,2009-12-26,2009,Dec
1.3,140,Data not yet checked,2009-12-27,2009,Dec
1.2,140,Data not yet checked,2009-12-28,2009,Dec
1.1,140,Data not yet checked,2009-12-29,2009,Dec
1.2,140,Data not yet checked,2009-12-30,2009,Dec
1.8,140,Data not yet checked,2009-12-31,2009,Dec
2.8,140,Data not yet checked,2010-01-01,2010,Jan
3.9,140,Data not yet checked,2010-01-02,2010,Jan
3.3,140,Data not yet checked,2010-01-03,2010,Jan
3.4,140,Data not yet checked,2010-01-04,2010,Jan
3.6,140,Data not yet checked,2010-01-05,2010,Jan
3.6,140,Data not yet checked,2010-01-06,2010,Jan
2.7,140,Data not yet checked,2010-01-07,2010,Jan
2.2,140,Data not yet checked,2010-01-08,2010,Jan
2.9,140,Data not yet checked,2010-01-09,2010,Jan
3.3,140,Data not yet checked,2010-01-10,2010,Jan
3.7,140,Data not yet checked,2010-01-11,2010,Jan
5.9,140,Data not yet checked,2010-01-12,2010,Jan
5.9,140,Data not yet checked,2010-01-13,2010,Jan
5.5,140,Data not yet checked,2010-01-14,2010,Jan
5.6,140,Data not yet checked,2010-01-15,2010,Jan
6,140,Data not yet checked,2010-01-16,2010,Jan
5.7,140,Data not yet checked,2010-01-17,2010,Jan
6.1,140,Data not yet checked,2010-01-18,2010,Jan
5.8,140,Data not yet checked,2010-01-19,2010,Jan
5.7,140,Data not yet checked,2010-01-20,2010,Jan
5.3,140,Data not yet checked,2010-01-21,2010,Jan
4,140,Data not yet checked,2010-01-22,2010,Jan
4.5,140,Data not yet checked,2010-01-23,2010,Jan
4.1,140,Data not yet checked,2010-01-24,2010,Jan
5.2,140,Data not yet checked,2010-01-25,2010,Jan
5.1,140,Data not yet checked,2010-01-26,2010,Jan
5,140,Data not yet checked,2010-01-27,2010,Jan
4.6,140,Data not yet checked,2010-01-28,2010,Jan
4.5,140,Data not yet checked,2010-01-29,2010,Jan
5,140,Data not yet checked,2010-01-30,2010,Jan
5.1,140,Data not yet checked,2010-01-31,2010,Jan
4.6,140,Data not yet checked,2010-02-01,2010,Feb
5.5,140,Data not yet checked,2010-02-02,2010,Feb
4.7,140,Data not yet checked,2010-02-03,2010,Feb
5.1,140,Data not yet checked,2010-02-04,2010,Feb
5.9,140,Data not yet checked,2010-02-05,2010,Feb
4.9,140,Data not yet checked,2010-02-06,2010,Feb
5.1,140,Data not yet checked,2010-02-07,2010,Feb
5.3,140,Data not yet checked,2010-02-08,2010,Feb
5.6,140,Data not yet checked,2010-02-09,2010,Feb
5.5,140,Data not yet checked,2010-02-10,2010,Feb
6.2,140,Data not yet checked,2010-02-11,2010,Feb
6.6,140,Data not yet checked,2010-02-12,2010,Feb
5.9,140,Data not yet checked,2010-02-13,2010,Feb
6.2,140,Data not yet checked,2010-02-14,2010,Feb
7.2,140,Data not yet checked,2010-02-15,2010,Feb
6.9,140,Data not yet checked,2010-02-16,2010,Feb
6.6,140,Data not yet checked,2010-02-17,2010,Feb
5.4,140,Data not yet checked,2010-02-18,2010,Feb
4.7,140,Data not yet checked,2010-02-19,2010,Feb
4.1,140,Data not yet checked,2010-02-20,2010,Feb
3.4,140,Data not yet checked,2010-02-21,2010,Feb
3.2,140,Data not yet checked,2010-02-22,2010,Feb
3.7,140,Data not yet checked,2010-02-23,2010,Feb
5.2,140,Data not yet checked,2010-02-24,2010,Feb
6.1,140,Data not yet checked,2010-02-25,2010,Feb
6.3,140,Data not yet checked,2010-02-26,2010,Feb
7.2,140,Data not yet checked,2010-02-27,2010,Feb
6.7,140,Data not yet checked,2010-02-28,2010,Feb
6.7,140,Data not yet checked,2010-03-01,2010,Mar
7.4,140,Data not yet checked,2010-03-02,2010,Mar
7.7,140,Data not yet checked,2010-03-03,2010,Mar
7,140,Data not yet checked,2010-03-04,2010,Mar
6.7,140,Data not yet checked,2010-03-05,2010,Mar
6.8,140,Data not yet checked,2010-03-06,2010,Mar
7.1,140,Data not yet checked,2010-03-07,2010,Mar
6.9,140,Data not yet checked,2010-03-08,2010,Mar
5,140,Data not yet checked,2010-03-09,2010,Mar
4.7,140,Data not yet checked,2010-03-10,2010,Mar
4.9,140,Data not yet checked,2010-03-11,2010,Mar
6.7,140,Data not yet checked,2010-03-12,2010,Mar
6.7,140,Data not yet checked,2010-03-13,2010,Mar
6.4,140,Data not yet checked,2010-03-14,2010,Mar
7.1,140,Data not yet checked,2010-03-15,2010,Mar
8.2,140,Data not yet checked,2010-03-16,2010,Mar
8.8,140,Data not yet checked,2010-03-17,2010,Mar
7.4,140,Data not yet checked,2010-03-18,2010,Mar
7.1,140,Data not yet checked,2010-03-19,2010,Mar
7.3,140,Data not yet checked,2010-03-20,2010,Mar
7.2,140,Data not yet checked,2010-03-21,2010,Mar
7.8,140,Data not yet checked,2010-03-22,2010,Mar
7.9,140,Data not yet checked,2010-03-23,2010,Mar
8.1,140,Data not yet checked,2010-03-24,2010,Mar
8.6,140,Data not yet checked,2010-03-25,2010,Mar
8.2,140,Data not yet checked,2010-03-26,2010,Mar
8.2,140,Data not yet checked,2010-03-27,2010,Mar
8.9,140,Data not yet checked,2010-03-28,2010,Mar
9.1,140,Data not yet checked,2010-03-29,2010,Mar
6.7,140,Data not yet checked,2010-03-30,2010,Mar
6.2,140,Data not yet checked,2010-03-31,2010,Mar
6.5,140,Data not yet checked,2010-04-01,2010,Apr
5.2,140,Data not yet checked,2010-04-02,2010,Apr
5.6,140,Data not yet checked,2010-04-03,2010,Apr
6.5,140,Data not yet checked,2010-04-04,2010,Apr
7,140,Data not yet checked,2010-04-05,2010,Apr
6.9,140,Data not yet checked,2010-04-06,2010,Apr
8,140,Data not yet checked,2010-04-07,2010,Apr
7.8,140,Data not yet checked,2010-04-08,2010,Apr
6.3,140,Data not yet checked,2010-04-09,2010,Apr
7,140,Data not yet checked,2010-04-10,2010,Apr
8.4,140,Data not yet checked,2010-04-11,2010,Apr
8.4,140,Data not yet checked,2010-04-12,2010,Apr
8.6,140,Data not yet checked,2010-04-13,2010,Apr
9.2,140,Data not yet checked,2010-04-14,2010,Apr
10.3,140,Data not yet checked,2010-04-15,2010,Apr
10.8,140,Data not yet checked,2010-04-16,2010,Apr
11.7,140,Data not yet checked,2010-04-17,2010,Apr
11.7,140,Data not yet checked,2010-04-18,2010,Apr
12.3,140,Data not yet checked,2010-04-19,2010,Apr
12.4,140,Data not yet checked,2010-04-20,2010,Apr
10.2,140,Data not yet checked,2010-04-21,2010,Apr
10.1,140,Data not yet checked,2010-04-22,2010,Apr
10.4,140,Data not yet checked,2010-04-23,2010,Apr
10.4,140,Data not yet checked,2010-04-24,2010,Apr
10.3,140,Data not yet checked,2010-04-25,2010,Apr
10.8,140,Data not yet checked,2010-04-26,2010,Apr
11.1,140,Data not yet checked,2010-04-27,2010,Apr
9.5,140,Data not yet checked,2010-04-28,2010,Apr
7.6,140,Data not yet checked,2010-04-29,2010,Apr
8.1,140,Data not yet checked,2010-04-30,2010,Apr
8.7,140,Data not yet checked,2010-05-01,2010,May
9.1,140,Data not yet checked,2010-05-02,2010,May
9.3,140,Data not yet checked,2010-05-03,2010,May
7.8,140,Data not yet checked,2010-05-04,2010,May
7.1,140,Data not yet checked,2010-05-05,2010,May
7.8,140,Data not yet checked,2010-05-06,2010,May
8.5,140,Data not yet checked,2010-05-07,2010,May
9.6,140,Data not yet checked,2010-05-08,2010,May
10.2,140,Data not yet checked,2010-05-09,2010,May
9.4,140,Data not yet checked,2010-05-10,2010,May
11.3,140,Data not yet checked,2010-05-11,2010,May
12.4,140,Data not yet checked,2010-05-12,2010,May
12.6,140,Data not yet checked,2010-05-13,2010,May
13.4,140,Data not yet checked,2010-05-14,2010,May
14.5,140,Data not yet checked,2010-05-15,2010,May
14.4,140,Data not yet checked,2010-05-16,2010,May
14.3,140,Data not yet checked,2010-05-17,2010,May
13.1,140,Data not yet checked,2010-05-18,2010,May
12.8,140,Data not yet checked,2010-05-19,2010,May
11.4,140,Data not yet checked,2010-05-20,2010,May
9.5,140,Data not yet checked,2010-05-21,2010,May
10.2,140,Data not yet checked,2010-05-22,2010,May
10.4,140,Data not yet checked,2010-05-23,2010,May
11.3,140,Data not yet checked,2010-05-24,2010,May
11.1,140,Data not yet checked,2010-05-25,2010,May
11.8,140,Data not yet checked,2010-05-26,2010,May
10.6,140,Data not yet checked,2010-05-27,2010,May
10.2,140,Data not yet checked,2010-05-28,2010,May
10.6,140,Data not yet checked,2010-05-29,2010,May
12.3,140,Data not yet checked,2010-05-30,2010,May
13.6,140,Data not yet checked,2010-05-31,2010,May
14.1,140,Data not yet checked,2010-06-01,2010,Jun
13,140,Data not yet checked,2010-06-02,2010,Jun
12,140,Data not yet checked,2010-06-03,2010,Jun
12.4,140,Data not yet checked,2010-06-04,2010,Jun
12.6,140,Data not yet checked,2010-06-05,2010,Jun
12.5,140,Data not yet checked,2010-06-06,2010,Jun
13,140,Data not yet checked,2010-06-07,2010,Jun
13.2,140,Data not yet checked,2010-06-08,2010,Jun
13.6,140,Data not yet checked,2010-06-09,2010,Jun
12.6,140,Data not yet checked,2010-06-10,2010,Jun
12.9,140,Data not yet checked,2010-06-11,2010,Jun
14.2,140,Data not yet checked,2010-06-12,2010,Jun
15.5,140,Data not yet checked,2010-06-13,2010,Jun
15.6,140,Data not yet checked,2010-06-14,2010,Jun
14.4,140,Data not yet checked,2010-06-15,2010,Jun
12.9,140,Data not yet checked,2010-06-16,2010,Jun
12,140,Data not yet checked,2010-06-17,2010,Jun
14.1,140,Data not yet checked,2010-06-18,2010,Jun
15.8,140,Data not yet checked,2010-06-19,2010,Jun
15.1,140,Data not yet checked,2010-06-20,2010,Jun
14.6,140,Data not yet checked,2010-06-21,2010,Jun
16.2,140,Data not yet checked,2010-06-22,2010,Jun
17.5,140,Data not yet checked,2010-06-23,2010,Jun
18.8,140,Data not yet checked,2010-06-24,2010,Jun
18.6,140,Data not yet checked,2010-06-25,2010,Jun
18.3,140,Data not yet checked,2010-06-26,2010,Jun
18.9,140,Data not yet checked,2010-06-27,2010,Jun
19.8,140,Data not yet checked,2010-06-28,2010,Jun
19.5,140,Data not yet checked,2010-06-29,2010,Jun
17.9,140,Data not yet checked,2010-06-30,2010,Jun
17.4,140,Data not yet checked,2010-07-01,2010,Jul
17.3,140,Data not yet checked,2010-07-02,2010,Jul
17.3,140,Data not yet checked,2010-07-03,2010,Jul
17,140,Data not yet checked,2010-07-04,2010,Jul
17.3,140,Data not yet checked,2010-07-05,2010,Jul
18.2,140,Data not yet checked,2010-07-06,2010,Jul
19.6,140,Data not yet checked,2010-07-07,2010,Jul
20.6,140,Data not yet checked,2010-07-08,2010,Jul
21.5,140,Data not yet checked,2010-07-09,2010,Jul
21.9,140,Data not yet checked,2010-07-10,2010,Jul
21.9,140,Data not yet checked,2010-07-11,2010,Jul
20.5,140,Data not yet checked,2010-07-12,2010,Jul
18.4,140,Data not yet checked,2010-07-13,2010,Jul
19,140,Data not yet checked,2010-07-14,2010,Jul
20.4,140,Data not yet checked,2010-07-15,2010,Jul
20.7,140,Data not yet checked,2010-07-16,2010,Jul
20.5,140,Data not yet checked,2010-07-17,2010,Jul
20.2,140,Data not yet checked,2010-07-18,2010,Jul
20.3,140,Data not yet checked,2010-07-19,2010,Jul
20.6,140,Data not yet checked,2010-07-20,2010,Jul
21.3,140,Data not yet checked,2010-07-21,2010,Jul
20.8,140,Data not yet checked,2010-07-22,2010,Jul
20.8,140,Data not yet checked,2010-07-23,2010,Jul
21.5,140,Data not yet checked,2010-07-24,2010,Jul
22.3,140,Data not yet checked,2010-07-25,2010,Jul
22.9,140,Data not yet checked,2010-07-26,2010,Jul
21.1,140,Data not yet checked,2010-07-27,2010,Jul
20.2,140,Data not yet checked,2010-07-28,2010,Jul
21.8,140,Data not yet checked,2010-07-29,2010,Jul
22.9,140,Data not yet checked,2010-07-30,2010,Jul
21.9,140,Data not yet checked,2010-07-31,2010,Jul
21.2,140,Data not yet checked,2010-08-01,2010,Aug
21.3,140,Data not yet checked,2010-08-02,2010,Aug
21.7,140,Data not yet checked,2010-08-03,2010,Aug
21.9,140,Data not yet checked,2010-08-04,2010,Aug
22.5,140,Data not yet checked,2010-08-05,2010,Aug
22.8,140,Data not yet checked,2010-08-06,2010,Aug
21.9,140,Data not yet checked,2010-08-07,2010,Aug
21.8,140,Data not yet checked,2010-08-08,2010,Aug
20.6,140,Data not yet checked,2010-08-09,2010,Aug
20.6,140,Data not yet checked,2010-08-10,2010,Aug
21.1,140,Data not yet checked,2010-08-11,2010,Aug
21,140,Data not yet checked,2010-08-12,2010,Aug
21.2,140,Data not yet checked,2010-08-13,2010,Aug
21.3,140,Data not yet checked,2010-08-14,2010,Aug
21.5,140,Data not yet checked,2010-08-15,2010,Aug
21.6,140,Data not yet checked,2010-08-16,2010,Aug
22,140,Data not yet checked,2010-08-17,2010,Aug
21.3,140,Data not yet checked,2010-08-18,2010,Aug
20,140,Data not yet checked,2010-08-19,2010,Aug
19.5,140,Data not yet checked,2010-08-20,2010,Aug
18.7,140,Data not yet checked,2010-08-21,2010,Aug
18.4,140,Data not yet checked,2010-08-22,2010,Aug
18.3,140,Data not yet checked,2010-08-23,2010,Aug
18.5,140,Data not yet checked,2010-08-24,2010,Aug
19.2,140,Data not yet checked,2010-08-25,2010,Aug
19,140,Data not yet checked,2010-08-26,2010,Aug
17.4,140,Data not yet checked,2010-08-27,2010,Aug
15.7,140,Data not yet checked,2010-08-28,2010,Aug
16.3,140,Data not yet checked,2010-08-29,2010,Aug
15.9,140,Data not yet checked,2010-08-30,2010,Aug
15.2,140,Data not yet checked,2010-08-31,2010,Aug
16.7,140,Data not yet checked,2010-09-01,2010,Sep
16.8,140,Data not yet checked,2010-09-02,2010,Sep
17.6,140,Data not yet checked,2010-09-03,2010,Sep
18.2,140,Data not yet checked,2010-09-04,2010,Sep
15.6,140,Data not yet checked,2010-09-05,2010,Sep
15.6,140,Data not yet checked,2010-09-06,2010,Sep
15.5,140,Data not yet checked,2010-09-07,2010,Sep
16,140,Data not yet checked,2010-09-08,2010,Sep
14.9,140,Data not yet checked,2010-09-09,2010,Sep
14.7,140,Data not yet checked,2010-09-10,2010,Sep
14.8,140,Data not yet checked,2010-09-11,2010,Sep
15.2,140,Data not yet checked,2010-09-12,2010,Sep
16,140,Data not yet checked,2010-09-13,2010,Sep
16.8,140,Data not yet checked,2010-09-14,2010,Sep
16.6,140,Data not yet checked,2010-09-15,2010,Sep
17.7,140,Data not yet checked,2010-09-16,2010,Sep
17.8,140,Data not yet checked,2010-09-17,2010,Sep
17.7,140,Data not yet checked,2010-09-18,2010,Sep
16.6,140,Data not yet checked,2010-09-19,2010,Sep
15.9,140,Data not yet checked,2010-09-20,2010,Sep
15.5,140,Data not yet checked,2010-09-21,2010,Sep
14.5,140,Data not yet checked,2010-09-22,2010,Sep
13.5,140,Data not yet checked,2010-09-23,2010,Sep
14.5,140,Data not yet checked,2010-09-24,2010,Sep
15,140,Data not yet checked,2010-09-25,2010,Sep
15.1,140,Data not yet checked,2010-09-26,2010,Sep
16.4,140,Data not yet checked,2010-09-27,2010,Sep
17,140,Data not yet checked,2010-09-28,2010,Sep
16.6,140,Data not yet checked,2010-09-29,2010,Sep
16,140,Data not yet checked,2010-09-30,2010,Sep
16.1,140,Data not yet checked,2010-10-01,2010,Oct
15.7,140,Data not yet checked,2010-10-02,2010,Oct
15.3,140,Data not yet checked,2010-10-03,2010,Oct
14.5,140,Data not yet checked,2010-10-04,2010,Oct
13.4,140,Data not yet checked,2010-10-05,2010,Oct
13.2,140,Data not yet checked,2010-10-06,2010,Oct
13.5,140,Data not yet checked,2010-10-07,2010,Oct
13.8,140,Data not yet checked,2010-10-08,2010,Oct
14.3,140,Data not yet checked,2010-10-09,2010,Oct
15.3,140,Data not yet checked,2010-10-10,2010,Oct
13,140,Data not yet checked,2010-10-11,2010,Oct
11.2,140,Data not yet checked,2010-10-12,2010,Oct
10.9,140,Data not yet checked,2010-10-13,2010,Oct
11.3,140,Data not yet checked,2010-10-14,2010,Oct
11.5,140,Data not yet checked,2010-10-15,2010,Oct
9.7,140,Data not yet checked,2010-10-16,2010,Oct
9,140,Data not yet checked,2010-10-17,2010,Oct
8.8,140,Data not yet checked,2010-10-18,2010,Oct
9,140,Data not yet checked,2010-10-20,2010,Oct
9.2,140,Data not yet checked,2010-10-21,2010,Oct
10.4,140,Data not yet checked,2010-10-22,2010,Oct
10.5,140,Data not yet checked,2010-10-23,2010,Oct
10.3,140,Data not yet checked,2010-10-24,2010,Oct
8.9,140,Data not yet checked,2010-10-25,2010,Oct
8.4,140,Data not yet checked,2010-10-26,2010,Oct
9,140,Data not yet checked,2010-10-27,2010,Oct
9.1,140,Data not yet checked,2010-10-28,2010,Oct
9.5,140,Data not yet checked,2010-10-29,2010,Oct
8.1,140,Data not yet checked,2010-10-30,2010,Oct
9.3,140,Data not yet checked,2010-10-31,2010,Oct
10.1,140,Data not yet checked,2010-11-01,2010,Nov
11.4,140,Data not yet checked,2010-11-02,2010,Nov
9.5,140,Data not yet checked,2010-11-03,2010,Nov
8.8,140,Data not yet checked,2010-11-04,2010,Nov
8.8,140,Data not yet checked,2010-11-05,2010,Nov
9.8,140,Data not yet checked,2010-11-06,2010,Nov
9.8,140,Data not yet checked,2010-11-07,2010,Nov
8.1,140,Data not yet checked,2010-11-08,2010,Nov
7.1,140,Data not yet checked,2010-11-09,2010,Nov
7.2,140,Data not yet checked,2010-11-10,2010,Nov
6.2,140,Data not yet checked,2010-11-11,2010,Nov
7,140,Data not yet checked,2010-11-12,2010,Nov
6.2,140,Data not yet checked,2010-11-13,2010,Nov
8.3,140,Data not yet checked,2010-11-14,2010,Nov
8.7,140,Data not yet checked,2010-11-15,2010,Nov
8.5,140,Data not yet checked,2010-11-16,2010,Nov
7.7,140,Data not yet checked,2010-11-17,2010,Nov
6.5,140,Data not yet checked,2010-11-18,2010,Nov
5.4,140,Data not yet checked,2010-11-19,2010,Nov
4.6,140,Data not yet checked,2010-11-20,2010,Nov
4.2,140,Data not yet checked,2010-11-21,2010,Nov
2.6,140,Data not yet checked,2010-11-22,2010,Nov
0.5,140,Data not yet checked,2010-11-23,2010,Nov
0,140,Data not yet checked,2010-11-24,2010,Nov
-0.1,140,Data not yet checked,2010-11-25,2010,Nov
0.3,140,Data not yet checked,2010-11-26,2010,Nov
2.3,140,Data not yet checked,2010-11-27,2010,Nov
3,140,Data not yet checked,2010-11-28,2010,Nov
2.4,140,Data not yet checked,2010-11-29,2010,Nov
2.5,140,Data not yet checked,2010-11-30,2010,Nov
4.2,140,Data not yet checked,2010-12-01,2010,Dec
3.9,140,Data not yet checked,2010-12-02,2010,Dec
3.9,140,Data not yet checked,2010-12-03,2010,Dec
3.4,140,Data not yet checked,2010-12-04,2010,Dec
3.1,140,Data not yet checked,2010-12-05,2010,Dec
3,140,Data not yet checked,2010-12-06,2010,Dec
2.8,140,Data not yet checked,2010-12-07,2010,Dec
3.8,140,Data not yet checked,2010-12-08,2010,Dec
5.2,140,Data not yet checked,2010-12-09,2010,Dec
5.1,140,Data not yet checked,2010-12-10,2010,Dec
4.3,140,Data not yet checked,2010-12-11,2010,Dec
6.4,140,Data not yet checked,2010-12-12,2010,Dec
7.5,140,Data not yet checked,2010-12-13,2010,Dec
6.3,140,Data not yet checked,2010-12-14,2010,Dec
4.9,140,Data not yet checked,2010-12-15,2010,Dec
3.9,140,Data not yet checked,2010-12-16,2010,Dec
3.2,140,Data not yet checked,2010-12-17,2010,Dec
2.8,140,Data not yet checked,2010-12-18,2010,Dec
2.6,140,Data not yet checked,2010-12-19,2010,Dec
2.6,140,Data not yet checked,2010-12-20,2010,Dec
3.3,140,Data not yet checked,2010-12-21,2010,Dec
3.2,140,Data not yet checked,2010-12-22,2010,Dec
4.1,140,Data not yet checked,2010-12-23,2010,Dec
3.6,140,Data not yet checked,2010-12-24,2010,Dec
3.3,140,Data not yet checked,2010-12-25,2010,Dec
4.4,140,Data not yet checked,2010-12-26,2010,Dec
4.3,140,Data not yet checked,2010-12-27,2010,Dec
5.6,140,Data not yet checked,2010-12-28,2010,Dec
3.4,140,Data not yet checked,2010-12-29,2010,Dec
2.2,140,Data not yet checked,2010-12-30,2010,Dec
0.1,140,Data not yet checked,2010-12-31,2010,Dec
-0.1,140,Data not yet checked,2011-01-01,2011,Jan
-0.1,140,Data not yet checked,2011-01-02,2011,Jan
-0.1,140,Data not yet checked,2011-01-03,2011,Jan
-0.1,140,Data not yet checked,2011-01-04,2011,Jan
0.3,140,Data not yet checked,2011-01-05,2011,Jan
2.7,140,Data not yet checked,2011-01-06,2011,Jan
3.3,140,Data not yet checked,2011-01-07,2011,Jan
3.2,140,Data not yet checked,2011-01-08,2011,Jan
2.7,140,Data not yet checked,2011-01-09,2011,Jan
2.3,140,Data not yet checked,2011-01-10,2011,Jan
1.1,140,Data not yet checked,2011-01-11,2011,Jan
1.9,140,Data not yet checked,2011-01-12,2011,Jan
5.4,140,Data not yet checked,2011-01-13,2011,Jan
6.2,140,Data not yet checked,2011-01-14,2011,Jan
6.4,140,Data not yet checked,2011-01-15,2011,Jan
7.3,140,Data not yet checked,2011-01-16,2011,Jan
6.8,140,Data not yet checked,2011-01-17,2011,Jan
5.8,140,Data not yet checked,2011-01-18,2011,Jan
4.8,140,Data not yet checked,2011-01-19,2011,Jan
3.5,140,Data not yet checked,2011-01-20,2011,Jan
5.2,140,Data not yet checked,2011-01-21,2011,Jan
5.3,140,Data not yet checked,2011-01-22,2011,Jan
5,140,Data not yet checked,2011-01-23,2011,Jan
5.6,140,Data not yet checked,2011-01-24,2011,Jan
6.4,140,Data not yet checked,2011-01-25,2011,Jan
5.4,140,Data not yet checked,2011-01-26,2011,Jan
5.2,140,Data not yet checked,2011-01-27,2011,Jan
5.2,140,Data not yet checked,2011-01-28,2011,Jan
5.8,140,Data not yet checked,2011-01-29,2011,Jan
5.5,140,Data not yet checked,2011-01-30,2011,Jan
3.7,140,Data not yet checked,2011-01-31,2011,Jan
1.8,140,Data not yet checked,2011-02-01,2011,Feb
1.2,140,Data not yet checked,2011-02-02,2011,Feb
1.7,140,Data not yet checked,2011-02-03,2011,Feb
3.5,140,Data not yet checked,2011-02-04,2011,Feb
5.2,140,Data not yet checked,2011-02-05,2011,Feb
5.1,140,Data not yet checked,2011-02-06,2011,Feb
5.2,140,Data not yet checked,2011-02-07,2011,Feb
4.7,140,Data not yet checked,2011-02-08,2011,Feb
4.3,140,Data not yet checked,2011-02-09,2011,Feb
3.5,140,Data not yet checked,2011-02-10,2011,Feb
4,140,Data not yet checked,2011-02-11,2011,Feb
5.5,140,Data not yet checked,2011-02-12,2011,Feb
6.1,140,Data not yet checked,2011-02-13,2011,Feb
5.9,140,Data not yet checked,2011-02-14,2011,Feb
5.9,140,Data not yet checked,2011-02-15,2011,Feb
4.8,140,Data not yet checked,2011-02-16,2011,Feb
4.1,140,Data not yet checked,2011-02-17,2011,Feb
4.4,140,Data not yet checked,2011-02-18,2011,Feb
4.2,140,Data not yet checked,2011-02-19,2011,Feb
4.2,140,Data not yet checked,2011-02-20,2011,Feb
4,140,Data not yet checked,2011-02-21,2011,Feb
3.9,140,Data not yet checked,2011-02-22,2011,Feb
2.8,140,Data not yet checked,2011-02-23,2011,Feb
2.7,140,Data not yet checked,2011-02-24,2011,Feb
1.5,140,Data not yet checked,2011-02-25,2011,Feb
0.7,140,Data not yet checked,2011-02-26,2011,Feb
1.4,140,Data not yet checked,2011-02-27,2011,Feb
3,140,Data not yet checked,2011-02-28,2011,Feb
3.5,140,Data not yet checked,2011-03-01,2011,Mar
4.6,140,Data not yet checked,2011-03-02,2011,Mar
5,140,Data not yet checked,2011-03-03,2011,Mar
4.8,140,Data not yet checked,2011-03-04,2011,Mar
5.6,140,Data not yet checked,2011-03-05,2011,Mar
5.4,140,Data not yet checked,2011-03-06,2011,Mar
4.9,140,Data not yet checked,2011-03-07,2011,Mar
4.6,140,Data not yet checked,2011-03-08,2011,Mar
5.6,140,Data not yet checked,2011-03-09,2011,Mar
5.8,140,Data not yet checked,2011-03-10,2011,Mar
4.9,140,Data not yet checked,2011-03-11,2011,Mar
5.2,140,Data not yet checked,2011-03-12,2011,Mar
5.7,140,Data not yet checked,2011-03-13,2011,Mar
6.1,140,Data not yet checked,2011-03-14,2011,Mar
6.1,140,Data not yet checked,2011-03-15,2011,Mar
5.6,140,Data not yet checked,2011-03-16,2011,Mar
5.6,140,Data not yet checked,2011-03-17,2011,Mar
6.1,140,Data not yet checked,2011-03-18,2011,Mar
6.4,140,Data not yet checked,2011-03-19,2011,Mar
5.5,140,Data not yet checked,2011-03-20,2011,Mar
6.1,140,Data not yet checked,2011-03-21,2011,Mar
5.9,140,Data not yet checked,2011-03-22,2011,Mar
5.9,140,Data not yet checked,2011-03-23,2011,Mar
7.4,140,Data not yet checked,2011-03-24,2011,Mar
7.4,140,Data not yet checked,2011-03-25,2011,Mar
6.3,140,Data not yet checked,2011-03-26,2011,Mar
7,140,Data not yet checked,2011-03-27,2011,Mar
6.9,140,Data not yet checked,2011-03-28,2011,Mar
7,140,Data not yet checked,2011-03-29,2011,Mar
7.7,140,Data not yet checked,2011-03-30,2011,Mar
8.7,140,Data not yet checked,2011-03-31,2011,Mar
8.7,140,Data not yet checked,2011-04-01,2011,Apr
7.5,140,Data not yet checked,2011-04-02,2011,Apr
6.3,140,Data not yet checked,2011-04-03,2011,Apr
6.4,140,Data not yet checked,2011-04-04,2011,Apr
6.7,140,Data not yet checked,2011-04-05,2011,Apr
5.5,140,Data not yet checked,2011-04-06,2011,Apr
5.5,140,Data not yet checked,2011-04-07,2011,Apr
5.9,140,Data not yet checked,2011-04-08,2011,Apr
6.7,140,Data not yet checked,2011-04-09,2011,Apr
7.3,140,Data not yet checked,2011-04-10,2011,Apr
7.9,140,Data not yet checked,2011-04-11,2011,Apr
7.1,140,Data not yet checked,2011-04-12,2011,Apr
6.3,140,Data not yet checked,2011-04-13,2011,Apr
6.4,140,Data not yet checked,2011-04-14,2011,Apr
7.2,140,Data not yet checked,2011-04-15,2011,Apr
8.7,140,Data not yet checked,2011-04-16,2011,Apr
8.2,140,Data not yet checked,2011-04-17,2011,Apr
6.6,140,Data not yet checked,2011-04-18,2011,Apr
6.8,140,Data not yet checked,2011-04-19,2011,Apr
6.7,140,Data not yet checked,2011-04-20,2011,Apr
7.2,140,Data not yet checked,2011-04-21,2011,Apr
7.5,140,Data not yet checked,2011-04-22,2011,Apr
8.5,140,Data not yet checked,2011-04-23,2011,Apr
8.9,140,Data not yet checked,2011-04-24,2011,Apr
8.1,140,Data not yet checked,2011-04-25,2011,Apr
8.1,140,Data not yet checked,2011-04-26,2011,Apr
8.6,140,Data not yet checked,2011-04-27,2011,Apr
8.8,140,Data not yet checked,2011-04-28,2011,Apr
7.6,140,Data not yet checked,2011-04-29,2011,Apr
8.8,140,Data not yet checked,2011-04-30,2011,Apr
9.6,140,Data not yet checked,2011-05-01,2011,May
9.1,140,Data not yet checked,2011-05-02,2011,May
8.2,140,Data not yet checked,2011-05-03,2011,May
9.6,140,Data not yet checked,2011-05-04,2011,May
10.3,140,Data not yet checked,2011-05-05,2011,May
9.9,140,Data not yet checked,2011-05-06,2011,May
10.4,140,Data not yet checked,2011-05-07,2011,May
9.8,140,Data not yet checked,2011-05-08,2011,May
8.8,140,Data not yet checked,2011-05-09,2011,May
10.6,140,Data not yet checked,2011-05-10,2011,May
11.8,140,Data not yet checked,2011-05-11,2011,May
10.9,140,Data not yet checked,2011-05-12,2011,May
11.2,140,Data not yet checked,2011-05-13,2011,May
12.4,140,Data not yet checked,2011-05-14,2011,May
10.5,140,Data not yet checked,2011-05-15,2011,May
8.7,140,Data not yet checked,2011-05-16,2011,May
8.6,140,Data not yet checked,2011-05-17,2011,May
9.9,140,Data not yet checked,2011-05-18,2011,May
11.4,140,Data not yet checked,2011-05-19,2011,May
12.3,140,Data not yet checked,2011-05-20,2011,May
12.4,140,Data not yet checked,2011-05-21,2011,May
11.9,140,Data not yet checked,2011-05-22,2011,May
10.1,140,Data not yet checked,2011-05-23,2011,May
10.6,140,Data not yet checked,2011-05-24,2011,May
10.4,140,Data not yet checked,2011-05-25,2011,May
10.2,140,Data not yet checked,2011-05-26,2011,May
10.1,140,Data not yet checked,2011-05-27,2011,May
10.4,140,Data not yet checked,2011-05-28,2011,May
10.1,140,Data not yet checked,2011-05-29,2011,May
11.5,140,Data not yet checked,2011-05-30,2011,May
11.7,140,Data not yet checked,2011-05-31,2011,May
11.6,140,Data not yet checked,2011-06-01,2011,Jun
9.5,140,Data not yet checked,2011-06-02,2011,Jun
10.9,140,Data not yet checked,2011-06-03,2011,Jun
12.4,140,Data not yet checked,2011-06-04,2011,Jun
13.5,140,Data not yet checked,2011-06-05,2011,Jun
12.3,140,Data not yet checked,2011-06-06,2011,Jun
13,140,Data not yet checked,2011-06-07,2011,Jun
10.9,140,Data not yet checked,2011-06-08,2011,Jun
12,140,Data not yet checked,2011-06-09,2011,Jun
12.9,140,Data not yet checked,2011-06-10,2011,Jun
13.3,140,Data not yet checked,2011-06-11,2011,Jun
14.2,140,Data not yet checked,2011-06-12,2011,Jun
14.2,140,Data not yet checked,2011-06-13,2011,Jun
14.6,140,Data not yet checked,2011-06-14,2011,Jun
13.7,140,Data not yet checked,2011-06-15,2011,Jun
13,140,Data not yet checked,2011-06-16,2011,Jun
14.2,140,Data not yet checked,2011-06-17,2011,Jun
12.9,140,Data not yet checked,2011-06-18,2011,Jun
14.2,140,Data not yet checked,2011-06-19,2011,Jun
15.5,140,Data not yet checked,2011-06-20,2011,Jun
16.6,140,Data not yet checked,2011-06-21,2011,Jun
17.5,140,Data not yet checked,2011-06-22,2011,Jun
16.8,140,Data not yet checked,2011-06-23,2011,Jun
15.8,140,Data not yet checked,2011-06-24,2011,Jun
15.9,140,Data not yet checked,2011-06-25,2011,Jun
16.1,140,Data not yet checked,2011-06-26,2011,Jun
17.1,140,Data not yet checked,2011-06-27,2011,Jun
18,140,Data not yet checked,2011-06-28,2011,Jun
17.8,140,Data not yet checked,2011-06-29,2011,Jun
16.7,140,Data not yet checked,2011-06-30,2011,Jun
17,140,Data not yet checked,2011-07-01,2011,Jul
18.3,140,Data not yet checked,2011-07-02,2011,Jul
19.3,140,Data not yet checked,2011-07-03,2011,Jul
18.8,140,Data not yet checked,2011-07-04,2011,Jul
19.3,140,Data not yet checked,2011-07-05,2011,Jul
20,140,Data not yet checked,2011-07-06,2011,Jul
20,140,Data not yet checked,2011-07-07,2011,Jul
18.2,140,Data not yet checked,2011-07-08,2011,Jul
17.9,140,Data not yet checked,2011-07-09,2011,Jul
18.2,140,Data not yet checked,2011-07-10,2011,Jul
19,140,Data not yet checked,2011-07-11,2011,Jul
19.4,140,Data not yet checked,2011-07-12,2011,Jul
18.8,140,Data not yet checked,2011-07-13,2011,Jul
18.4,140,Data not yet checked,2011-07-14,2011,Jul
19,140,Data not yet checked,2011-07-15,2011,Jul
18.8,140,Data not yet checked,2011-07-16,2011,Jul
18.9,140,Data not yet checked,2011-07-17,2011,Jul
19.8,140,Data not yet checked,2011-07-18,2011,Jul
18.6,140,Data not yet checked,2011-07-19,2011,Jul
18.5,140,Data not yet checked,2011-07-20,2011,Jul
18.4,140,Data not yet checked,2011-07-21,2011,Jul
18.2,140,Data not yet checked,2011-07-22,2011,Jul
18.6,140,Data not yet checked,2011-07-23,2011,Jul
19.8,140,Data not yet checked,2011-07-24,2011,Jul
20.4,140,Data not yet checked,2011-07-25,2011,Jul
19.9,140,Data not yet checked,2011-07-26,2011,Jul
19.7,140,Data not yet checked,2011-07-27,2011,Jul
19.7,140,Data not yet checked,2011-07-28,2011,Jul
20.1,140,Data not yet checked,2011-07-29,2011,Jul
20.7,140,Data not yet checked,2011-07-30,2011,Jul
21.2,140,Data not yet checked,2011-07-31,2011,Jul
21.2,140,Data not yet checked,2011-08-01,2011,Aug
21.2,140,Data not yet checked,2011-08-02,2011,Aug
21.3,140,Data not yet checked,2011-08-03,2011,Aug
21,140,Data not yet checked,2011-08-04,2011,Aug
21.5,140,Data not yet checked,2011-08-05,2011,Aug
21,140,Data not yet checked,2011-08-06,2011,Aug
20.4,140,Data not yet checked,2011-08-07,2011,Aug
20.2,140,Data not yet checked,2011-08-08,2011,Aug
19.9,140,Data not yet checked,2011-08-09,2011,Aug
19.6,140,Data not yet checked,2011-08-10,2011,Aug
19.5,140,Data not yet checked,2011-08-11,2011,Aug
19.8,140,Data not yet checked,2011-08-12,2011,Aug
20.3,140,Data not yet checked,2011-08-13,2011,Aug
19.5,140,Data not yet checked,2011-08-14,2011,Aug
18.6,140,Data not yet checked,2011-08-15,2011,Aug
18.6,140,Data not yet checked,2011-08-16,2011,Aug
19,140,Data not yet checked,2011-08-17,2011,Aug
19.2,140,Data not yet checked,2011-08-18,2011,Aug
19.3,140,Data not yet checked,2011-08-19,2011,Aug
19.7,140,Data not yet checked,2011-08-20,2011,Aug
19.9,140,Data not yet checked,2011-08-21,2011,Aug
20,140,Data not yet checked,2011-08-22,2011,Aug
20.3,140,Data not yet checked,2011-08-23,2011,Aug
20.9,140,Data not yet checked,2011-08-24,2011,Aug
21.9,140,Data not yet checked,2011-08-25,2011,Aug
21.7,140,Data not yet checked,2011-08-26,2011,Aug
21.7,140,Data not yet checked,2011-08-27,2011,Aug
21.4,140,Data not yet checked,2011-08-28,2011,Aug
21.2,140,Data not yet checked,2011-08-29,2011,Aug
19.4,140,Data not yet checked,2011-08-30,2011,Aug
17.7,140,Data not yet checked,2011-08-31,2011,Aug
17.5,140,Data not yet checked,2011-09-01,2011,Sep
17.6,140,Data not yet checked,2011-09-02,2011,Sep
17,140,Data not yet checked,2011-09-03,2011,Sep
17.1,140,Data not yet checked,2011-09-04,2011,Sep
17.7,140,Data not yet checked,2011-09-05,2011,Sep
18.1,140,Data not yet checked,2011-09-06,2011,Sep
18.5,140,Data not yet checked,2011-09-07,2011,Sep
18.7,140,Data not yet checked,2011-09-08,2011,Sep
18.8,140,Data not yet checked,2011-09-09,2011,Sep
18.8,140,Data not yet checked,2011-09-10,2011,Sep
18.9,140,Data not yet checked,2011-09-11,2011,Sep
18.9,140,Data not yet checked,2011-09-12,2011,Sep
19,140,Data not yet checked,2011-09-13,2011,Sep
18.3,140,Data not yet checked,2011-09-14,2011,Sep
17.4,140,Data not yet checked,2011-09-15,2011,Sep
16.2,140,Data not yet checked,2011-09-16,2011,Sep
15.1,140,Data not yet checked,2011-09-17,2011,Sep
16.6,140,Data not yet checked,2011-09-18,2011,Sep
17.1,140,Data not yet checked,2011-09-19,2011,Sep
15.9,140,Data not yet checked,2011-09-20,2011,Sep
15.6,140,Data not yet checked,2011-09-21,2011,Sep
15.9,140,Data not yet checked,2011-09-22,2011,Sep
16.5,140,Data not yet checked,2011-09-23,2011,Sep
16.8,140,Data not yet checked,2011-09-24,2011,Sep
16.2,140,Data not yet checked,2011-09-25,2011,Sep
15.1,140,Data not yet checked,2011-09-26,2011,Sep
14.5,140,Data not yet checked,2011-09-27,2011,Sep
14.5,140,Data not yet checked,2011-09-28,2011,Sep
13.6,140,Data not yet checked,2011-09-29,2011,Sep
14,140,Data not yet checked,2011-09-30,2011,Sep
15.2,140,Data not yet checked,2011-10-01,2011,Oct
14.9,140,Data not yet checked,2011-10-02,2011,Oct
14.7,140,Data not yet checked,2011-10-03,2011,Oct
13.9,140,Data not yet checked,2011-10-04,2011,Oct
13.2,140,Data not yet checked,2011-10-05,2011,Oct
11.5,140,Data not yet checked,2011-10-06,2011,Oct
11.9,140,Data not yet checked,2011-10-07,2011,Oct
12.4,140,Data not yet checked,2011-10-08,2011,Oct
12,140,Data not yet checked,2011-10-09,2011,Oct
12,140,Data not yet checked,2011-10-10,2011,Oct
12.7,140,Data not yet checked,2011-10-11,2011,Oct
12.3,140,Data not yet checked,2011-10-12,2011,Oct
11.8,140,Data not yet checked,2011-10-13,2011,Oct
12.2,140,Data not yet checked,2011-10-14,2011,Oct
12.3,140,Data not yet checked,2011-10-15,2011,Oct
11.8,140,Data not yet checked,2011-10-16,2011,Oct
11,140,Data not yet checked,2011-10-17,2011,Oct
10.4,140,Data not yet checked,2011-10-18,2011,Oct
10.4,140,Data not yet checked,2011-10-19,2011,Oct
11.3,140,Data not yet checked,2011-10-20,2011,Oct
11.6,140,Data not yet checked,2011-10-21,2011,Oct
12.1,140,Data not yet checked,2011-10-22,2011,Oct
12.4,140,Data not yet checked,2011-10-23,2011,Oct
11.4,140,Data not yet checked,2011-10-24,2011,Oct
9,140,Data not yet checked,2011-10-25,2011,Oct
7.8,140,Data not yet checked,2011-10-26,2011,Oct
8.3,140,Data not yet checked,2011-10-27,2011,Oct
7.8,140,Data not yet checked,2011-10-28,2011,Oct
9.2,140,Data not yet checked,2011-10-29,2011,Oct
8.9,140,Data not yet checked,2011-10-30,2011,Oct
9.8,140,Data not yet checked,2011-10-31,2011,Oct
7.9,140,Data not yet checked,2011-11-01,2011,Nov
6.5,140,Data not yet checked,2011-11-02,2011,Nov
7.1,140,Data not yet checked,2011-11-03,2011,Nov
7.2,140,Data not yet checked,2011-11-04,2011,Nov
5.9,140,Data not yet checked,2011-11-05,2011,Nov
5.2,140,Data not yet checked,2011-11-06,2011,Nov
5.1,140,Data not yet checked,2011-11-07,2011,Nov
5.9,140,Data not yet checked,2011-11-08,2011,Nov
5.9,140,Data not yet checked,2011-11-09,2011,Nov
5.2,140,Data not yet checked,2011-11-10,2011,Nov
5,140,Data not yet checked,2011-11-11,2011,Nov
5.5,140,Data not yet checked,2011-11-12,2011,Nov
6.1,140,Data not yet checked,2011-11-13,2011,Nov
6,140,Data not yet checked,2011-11-14,2011,Nov
5.2,140,Data not yet checked,2011-11-15,2011,Nov
3.9,140,Data not yet checked,2011-11-16,2011,Nov
6,140,Data not yet checked,2011-11-17,2011,Nov
5.2,140,Data not yet checked,2011-11-18,2011,Nov
4.6,140,Data not yet checked,2011-11-19,2011,Nov
4.1,140,Data not yet checked,2011-11-20,2011,Nov
4.4,140,Data not yet checked,2011-11-21,2011,Nov
6.6,140,Data not yet checked,2011-11-22,2011,Nov
7.6,140,Data not yet checked,2011-11-23,2011,Nov
6.9,140,Data not yet checked,2011-11-24,2011,Nov
5.8,140,Data not yet checked,2011-11-25,2011,Nov
5.4,140,Data not yet checked,2011-11-26,2011,Nov
5.6,140,Data not yet checked,2011-11-27,2011,Nov
6,140,Data not yet checked,2011-11-28,2011,Nov
5.2,140,Data not yet checked,2011-11-29,2011,Nov
5.5,140,Data not yet checked,2011-11-30,2011,Nov
4,140,Data not yet checked,2011-12-01,2011,Dec
3.6,140,Data not yet checked,2011-12-02,2011,Dec
2.9,140,Data not yet checked,2011-12-03,2011,Dec
3.2,140,Data not yet checked,2011-12-04,2011,Dec
2.7,140,Data not yet checked,2011-12-05,2011,Dec
2.3,140,Data not yet checked,2011-12-06,2011,Dec
1.8,140,Data not yet checked,2011-12-07,2011,Dec
1.2,140,Data not yet checked,2011-12-08,2011,Dec
1,140,Data not yet checked,2011-12-09,2011,Dec
1,140,Data not yet checked,2011-12-10,2011,Dec
0.9,140,Data not yet checked,2011-12-11,2011,Dec
1.4,140,Data not yet checked,2011-12-13,2011,Dec
1.8,140,Data not yet checked,2011-12-14,2011,Dec
2.1,140,Data not yet checked,2011-12-15,2011,Dec
2.6,140,Data not yet checked,2011-12-16,2011,Dec
2.6,140,Data not yet checked,2011-12-17,2011,Dec
2.4,140,Data not yet checked,2011-12-18,2011,Dec
2.8,140,Data not yet checked,2011-12-19,2011,Dec
2.7,140,Data not yet checked,2011-12-20,2011,Dec
2.2,140,Data not yet checked,2011-12-21,2011,Dec
0.7,140,Data not yet checked,2011-12-22,2011,Dec
0.2,140,Data not yet checked,2011-12-23,2011,Dec
0.9,140,Data not yet checked,2011-12-24,2011,Dec
1.2,140,Data not yet checked,2011-12-25,2011,Dec
2.1,140,Data not yet checked,2011-12-26,2011,Dec
3.7,140,Data not yet checked,2011-12-27,2011,Dec
6.1,140,Data not yet checked,2011-12-28,2011,Dec
5.9,140,Data not yet checked,2011-12-29,2011,Dec
5.7,140,Data not yet checked,2011-12-30,2011,Dec
3.8,140,Data not yet checked,2011-12-31,2011,Dec
3.9,140,Data not yet checked,2012-01-01,2012,Jan
2.9,140,Data not yet checked,2012-01-02,2012,Jan
3.9,140,Data not yet checked,2012-01-03,2012,Jan
4.3,140,Data not yet checked,2012-01-04,2012,Jan
5.3,140,Data not yet checked,2012-01-05,2012,Jan
3.7,140,Data not yet checked,2012-01-06,2012,Jan
3.8,140,Data not yet checked,2012-01-07,2012,Jan
4,140,Data not yet checked,2012-01-08,2012,Jan
3.3,140,Data not yet checked,2012-01-09,2012,Jan
4,140,Data not yet checked,2012-01-10,2012,Jan
1.8,140,Data not yet checked,2012-01-11,2012,Jan
0.6,140,Data not yet checked,2012-01-12,2012,Jan
0.9,140,Data not yet checked,2012-01-13,2012,Jan
1.9,140,Data not yet checked,2012-01-14,2012,Jan
2,140,Data not yet checked,2012-01-15,2012,Jan
1.5,140,Data not yet checked,2012-01-16,2012,Jan
1.7,140,Data not yet checked,2012-01-17,2012,Jan
0.7,140,Data not yet checked,2012-01-18,2012,Jan
0,140,Data not yet checked,2012-01-19,2012,Jan
1.1,140,Data not yet checked,2012-01-20,2012,Jan
3.1,140,Data not yet checked,2012-01-21,2012,Jan
3.3,140,Data not yet checked,2012-01-22,2012,Jan
4,140,Data not yet checked,2012-01-23,2012,Jan
3.2,140,Data not yet checked,2012-01-24,2012,Jan
5.1,140,Data not yet checked,2012-01-25,2012,Jan
5,140,Data not yet checked,2012-01-26,2012,Jan
3.1,140,Data not yet checked,2012-01-27,2012,Jan
2.7,140,Data not yet checked,2012-01-28,2012,Jan
4.7,140,Data not yet checked,2012-01-29,2012,Jan
5.4,140,Data not yet checked,2012-01-30,2012,Jan
4.6,140,Data not yet checked,2012-01-31,2012,Jan
4.5,140,Data not yet checked,2012-02-01,2012,Feb
4,140,Data not yet checked,2012-02-02,2012,Feb
3.2,140,Data not yet checked,2012-02-03,2012,Feb
3,140,Data not yet checked,2012-02-04,2012,Feb
3.1,140,Data not yet checked,2012-02-05,2012,Feb
2.9,140,Data not yet checked,2012-02-06,2012,Feb
2.6,140,Data not yet checked,2012-02-07,2012,Feb
3.3,140,Data not yet checked,2012-02-08,2012,Feb
4.4,140,Data not yet checked,2012-02-09,2012,Feb
4.9,140,Data not yet checked,2012-02-10,2012,Feb
5.2,140,Data not yet checked,2012-02-11,2012,Feb
5,140,Data not yet checked,2012-02-12,2012,Feb
4.1,140,Data not yet checked,2012-02-13,2012,Feb
4.3,140,Data not yet checked,2012-02-14,2012,Feb
4.6,140,Data not yet checked,2012-02-15,2012,Feb
3.7,140,Data not yet checked,2012-02-16,2012,Feb
5.2,140,Data not yet checked,2012-02-17,2012,Feb
5.4,140,Data not yet checked,2012-02-18,2012,Feb
4.6,140,Data not yet checked,2012-02-19,2012,Feb
3.8,140,Data not yet checked,2012-02-20,2012,Feb
5.3,140,Data not yet checked,2012-02-21,2012,Feb
5.9,140,Data not yet checked,2012-02-22,2012,Feb
4.5,140,Data not yet checked,2012-02-23,2012,Feb
4.9,140,Data not yet checked,2012-02-24,2012,Feb
4.7,140,Data not yet checked,2012-02-25,2012,Feb
3.7,140,Data not yet checked,2012-02-26,2012,Feb
3.3,140,Data not yet checked,2012-02-27,2012,Feb
2.9,140,Data not yet checked,2012-02-28,2012,Feb
3.9,140,Data not yet checked,2012-02-29,2012,Feb
3.8,140,Data not yet checked,2012-03-01,2012,Mar
4,140,Data not yet checked,2012-03-02,2012,Mar
5.3,140,Data not yet checked,2012-03-03,2012,Mar
6.5,140,Data not yet checked,2012-03-04,2012,Mar
5.7,140,Data not yet checked,2012-03-05,2012,Mar
4.1,140,Data not yet checked,2012-03-06,2012,Mar
3.8,140,Data not yet checked,2012-03-07,2012,Mar
4.9,140,Data not yet checked,2012-03-08,2012,Mar
6.2,140,Data not yet checked,2012-03-09,2012,Mar
6.7,140,Data not yet checked,2012-03-10,2012,Mar
6.3,140,Data not yet checked,2012-03-11,2012,Mar
4.8,140,Data not yet checked,2012-03-12,2012,Mar
5.7,140,Data not yet checked,2012-03-13,2012,Mar
5.4,140,Data not yet checked,2012-03-14,2012,Mar
6.8,140,Data not yet checked,2012-03-15,2012,Mar
6.3,140,Data not yet checked,2012-03-16,2012,Mar
6.1,140,Data not yet checked,2012-03-17,2012,Mar
4.9,140,Data not yet checked,2012-03-18,2012,Mar
5,140,Data not yet checked,2012-03-19,2012,Mar
5,140,Data not yet checked,2012-03-20,2012,Mar
4.3,140,Data not yet checked,2012-03-21,2012,Mar
5.3,140,Data not yet checked,2012-03-22,2012,Mar
5.8,140,Data not yet checked,2012-03-23,2012,Mar
5.9,140,Data not yet checked,2012-03-24,2012,Mar
6.8,140,Data not yet checked,2012-03-25,2012,Mar
6.8,140,Data not yet checked,2012-03-26,2012,Mar
5.9,140,Data not yet checked,2012-03-27,2012,Mar
7.1,140,Data not yet checked,2012-03-28,2012,Mar
7,140,Data not yet checked,2012-03-29,2012,Mar
7.2,140,Data not yet checked,2012-03-30,2012,Mar
6.6,140,Data not yet checked,2012-03-31,2012,Mar
6.3,140,Data not yet checked,2012-04-01,2012,Apr
6.3,140,Data not yet checked,2012-04-02,2012,Apr
7.2,140,Data not yet checked,2012-04-03,2012,Apr
6.3,140,Data not yet checked,2012-04-04,2012,Apr
6.2,140,Data not yet checked,2012-04-05,2012,Apr
6.1,140,Data not yet checked,2012-04-06,2012,Apr
6.5,140,Data not yet checked,2012-04-07,2012,Apr
7.8,140,Data not yet checked,2012-04-08,2012,Apr
8.7,140,Data not yet checked,2012-04-09,2012,Apr
9,140,Data not yet checked,2012-04-10,2012,Apr
9.3,140,Data not yet checked,2012-04-11,2012,Apr
8.4,140,Data not yet checked,2012-04-12,2012,Apr
8.1,140,Data not yet checked,2012-04-13,2012,Apr
8.5,140,Data not yet checked,2012-04-14,2012,Apr
9.1,140,Data not yet checked,2012-04-15,2012,Apr
8.1,140,Data not yet checked,2012-04-16,2012,Apr
8.4,140,Data not yet checked,2012-04-17,2012,Apr
8.9,140,Data not yet checked,2012-04-18,2012,Apr
8.5,140,Data not yet checked,2012-04-19,2012,Apr
9.9,140,Data not yet checked,2012-04-20,2012,Apr
10.5,140,Data not yet checked,2012-04-21,2012,Apr
11.1,140,Data not yet checked,2012-04-22,2012,Apr
11.8,140,Data not yet checked,2012-04-23,2012,Apr
11.7,140,Data not yet checked,2012-04-24,2012,Apr
10.5,140,Data not yet checked,2012-04-25,2012,Apr
9.3,140,Data not yet checked,2012-04-26,2012,Apr
8.4,140,Data not yet checked,2012-04-27,2012,Apr
8.9,140,Data not yet checked,2012-04-28,2012,Apr
9.8,140,Data not yet checked,2012-04-29,2012,Apr
10.3,140,Data not yet checked,2012-04-30,2012,Apr
8.8,140,Data not yet checked,2012-05-01,2012,May
9,140,Data not yet checked,2012-05-02,2012,May
8.9,140,Data not yet checked,2012-05-03,2012,May
8.6,140,Data not yet checked,2012-05-04,2012,May
8.8,140,Data not yet checked,2012-05-05,2012,May
9.5,140,Data not yet checked,2012-05-06,2012,May
10.5,140,Data not yet checked,2012-05-07,2012,May
11.8,140,Data not yet checked,2012-05-08,2012,May
12,140,Data not yet checked,2012-05-09,2012,May
10.5,140,Data not yet checked,2012-05-10,2012,May
10.3,140,Data not yet checked,2012-05-11,2012,May
11.2,140,Data not yet checked,2012-05-12,2012,May
12.6,140,Data not yet checked,2012-05-13,2012,May
13.9,140,Data not yet checked,2012-05-14,2012,May
14.8,140,Data not yet checked,2012-05-15,2012,May
14.3,140,Data not yet checked,2012-05-16,2012,May
12.8,140,Data not yet checked,2012-05-17,2012,May
12.3,140,Data not yet checked,2012-05-18,2012,May
12.7,140,Data not yet checked,2012-05-19,2012,May
13,140,Data not yet checked,2012-05-20,2012,May
12.8,140,Data not yet checked,2012-05-21,2012,May
12.1,140,Data not yet checked,2012-05-22,2012,May
11.9,140,Data not yet checked,2012-05-23,2012,May
12.5,140,Data not yet checked,2012-05-24,2012,May
12.4,140,Data not yet checked,2012-05-25,2012,May
11.9,140,Data not yet checked,2012-05-26,2012,May
13.2,140,Data not yet checked,2012-05-27,2012,May
14.4,140,Data not yet checked,2012-05-28,2012,May
14.2,140,Data not yet checked,2012-05-29,2012,May
14.1,140,Data not yet checked,2012-05-30,2012,May
14.3,140,Data not yet checked,2012-05-31,2012,May
16.2,140,Data not yet checked,2012-06-01,2012,Jun
16.6,140,Data not yet checked,2012-06-02,2012,Jun
15.3,140,Data not yet checked,2012-06-03,2012,Jun
15,140,Data not yet checked,2012-06-04,2012,Jun
12.2,140,Data not yet checked,2012-06-05,2012,Jun
12,140,Data not yet checked,2012-06-06,2012,Jun
11.8,140,Data not yet checked,2012-06-07,2012,Jun
12.9,140,Data not yet checked,2012-06-08,2012,Jun
11.4,140,Data not yet checked,2012-06-09,2012,Jun
13,140,Data not yet checked,2012-06-10,2012,Jun
14.4,140,Data not yet checked,2012-06-11,2012,Jun
16,140,Data not yet checked,2012-06-14,2012,Jun
16.2,140,Data not yet checked,2012-06-15,2012,Jun
16.6,140,Data not yet checked,2012-06-16,2012,Jun
18.1,140,Data not yet checked,2012-06-17,2012,Jun
15.7,140,Data not yet checked,2012-06-18,2012,Jun
15.1,140,Data not yet checked,2012-06-19,2012,Jun
16.4,140,Data not yet checked,2012-06-20,2012,Jun
18.3,140,Data not yet checked,2012-06-21,2012,Jun
18.8,140,Data not yet checked,2012-06-22,2012,Jun
17.8,140,Data not yet checked,2012-06-23,2012,Jun
18.1,140,Data not yet checked,2012-06-24,2012,Jun
18.5,140,Data not yet checked,2012-06-25,2012,Jun
15.8,140,Data not yet checked,2012-06-26,2012,Jun
15.9,140,Data not yet checked,2012-06-27,2012,Jun
17.8,140,Data not yet checked,2012-06-28,2012,Jun
19,140,Data not yet checked,2012-06-29,2012,Jun
18.8,140,Data not yet checked,2012-06-30,2012,Jun
19.1,140,Data not yet checked,2012-07-01,2012,Jul
19.3,140,Data not yet checked,2012-07-02,2012,Jul
18.5,140,Data not yet checked,2012-07-03,2012,Jul
17.9,140,Data not yet checked,2012-07-04,2012,Jul
18.6,140,Data not yet checked,2012-07-05,2012,Jul
19.7,140,Data not yet checked,2012-07-06,2012,Jul
21,140,Data not yet checked,2012-07-07,2012,Jul
21.9,140,Data not yet checked,2012-07-08,2012,Jul
21.7,140,Data not yet checked,2012-07-09,2012,Jul
22.6,140,Data not yet checked,2012-07-10,2012,Jul
22.9,140,Data not yet checked,2012-07-11,2012,Jul
22.8,140,Data not yet checked,2012-07-12,2012,Jul
22.9,140,Data not yet checked,2012-07-13,2012,Jul
21.9,140,Data not yet checked,2012-07-14,2012,Jul
21.8,140,Data not yet checked,2012-07-15,2012,Jul
21.2,140,Data not yet checked,2012-07-16,2012,Jul
22.1,140,Data not yet checked,2012-07-17,2012,Jul
22.8,140,Data not yet checked,2012-07-18,2012,Jul
23,140,Data not yet checked,2012-07-19,2012,Jul
21.7,140,Data not yet checked,2012-07-20,2012,Jul
21.2,140,Data not yet checked,2012-07-21,2012,Jul
21.1,140,Data not yet checked,2012-07-22,2012,Jul
19.7,140,Data not yet checked,2012-07-23,2012,Jul
20.1,140,Data not yet checked,2012-07-24,2012,Jul
21.1,140,Data not yet checked,2012-07-25,2012,Jul
22.1,140,Data not yet checked,2012-07-26,2012,Jul
21.8,140,Data not yet checked,2012-07-27,2012,Jul
21,140,Data not yet checked,2012-07-28,2012,Jul
21,140,Data not yet checked,2012-07-29,2012,Jul
21.2,140,Data not yet checked,2012-07-30,2012,Jul
20.8,140,Data not yet checked,2012-07-31,2012,Jul
20.5,140,Data not yet checked,2012-08-01,2012,Aug
20.4,140,Data not yet checked,2012-08-02,2012,Aug
20.8,140,Data not yet checked,2012-08-03,2012,Aug
21,140,Data not yet checked,2012-08-04,2012,Aug
22,140,Data not yet checked,2012-08-05,2012,Aug
23,140,Data not yet checked,2012-08-06,2012,Aug
23.2,140,Data not yet checked,2012-08-07,2012,Aug
21.6,140,Data not yet checked,2012-08-08,2012,Aug
20.9,140,Data not yet checked,2012-08-09,2012,Aug
21.2,140,Data not yet checked,2012-08-10,2012,Aug
21.3,140,Data not yet checked,2012-08-11,2012,Aug
21.7,140,Data not yet checked,2012-08-12,2012,Aug
21.9,140,Data not yet checked,2012-08-13,2012,Aug
21.8,140,Data not yet checked,2012-08-14,2012,Aug
22,140,Data not yet checked,2012-08-15,2012,Aug
21.6,140,Data not yet checked,2012-08-16,2012,Aug
21.5,140,Data not yet checked,2012-08-17,2012,Aug
21.6,140,Data not yet checked,2012-08-18,2012,Aug
21.8,140,Data not yet checked,2012-08-19,2012,Aug
21.7,140,Data not yet checked,2012-08-20,2012,Aug
21.4,140,Data not yet checked,2012-08-21,2012,Aug
20.1,140,Data not yet checked,2012-08-22,2012,Aug
19,140,Data not yet checked,2012-08-23,2012,Aug
18.2,140,Data not yet checked,2012-08-24,2012,Aug
18.1,140,Data not yet checked,2012-08-25,2012,Aug
18.2,140,Data not yet checked,2012-08-26,2012,Aug
18.9,140,Data not yet checked,2012-08-27,2012,Aug
18.9,140,Data not yet checked,2012-08-28,2012,Aug
18.6,140,Data not yet checked,2012-08-29,2012,Aug
18.1,140,Data not yet checked,2012-08-30,2012,Aug
18,140,Data not yet checked,2012-08-31,2012,Aug
17.7,140,Data not yet checked,2012-09-01,2012,Sep
17,140,Data not yet checked,2012-09-02,2012,Sep
17,140,Data not yet checked,2012-09-03,2012,Sep
17.4,140,Data not yet checked,2012-09-04,2012,Sep
17.7,140,Data not yet checked,2012-09-05,2012,Sep
17.8,140,Data not yet checked,2012-09-06,2012,Sep
17.6,140,Data not yet checked,2012-09-07,2012,Sep
17.9,140,Data not yet checked,2012-09-08,2012,Sep
18.1,140,Data not yet checked,2012-09-09,2012,Sep
16.4,140,Data not yet checked,2012-09-10,2012,Sep
15.2,140,Data not yet checked,2012-09-11,2012,Sep
14.6,140,Data not yet checked,2012-09-12,2012,Sep
14.7,140,Data not yet checked,2012-09-13,2012,Sep
15,140,Data not yet checked,2012-09-14,2012,Sep
16.4,140,Data not yet checked,2012-09-15,2012,Sep
16.1,140,Data not yet checked,2012-09-16,2012,Sep
15.8,140,Data not yet checked,2012-09-17,2012,Sep
15.9,140,Data not yet checked,2012-09-18,2012,Sep
16.2,140,Data not yet checked,2012-09-19,2012,Sep
15.3,140,Data not yet checked,2012-09-20,2012,Sep
14.9,140,Data not yet checked,2012-09-21,2012,Sep
14.8,140,Data not yet checked,2012-09-22,2012,Sep
15.1,140,Data not yet checked,2012-09-23,2012,Sep
15.2,140,Data not yet checked,2012-09-24,2012,Sep
15.3,140,Data not yet checked,2012-09-25,2012,Sep
14.8,140,Data not yet checked,2012-09-26,2012,Sep
14.7,140,Data not yet checked,2012-09-27,2012,Sep
15.1,140,Data not yet checked,2012-09-28,2012,Sep
15.7,140,Data not yet checked,2012-09-29,2012,Sep
15.4,140,Data not yet checked,2012-09-30,2012,Sep
14.5,140,Data not yet checked,2012-10-01,2012,Oct
14.5,140,Data not yet checked,2012-10-01,2012,Oct
14.6,140,Data not yet checked,2012-10-02,2012,Oct
12.1,140,Data not yet checked,2012-10-03,2012,Oct
10.9,140,Data not yet checked,2012-10-04,2012,Oct
10.1,140,Data not yet checked,2012-10-05,2012,Oct
9.6,140,Data not yet checked,2012-10-06,2012,Oct
9.7,140,Data not yet checked,2012-10-07,2012,Oct
9.9,140,Data not yet checked,2012-10-08,2012,Oct
10.3,140,Data not yet checked,2012-10-09,2012,Oct
10.8,140,Data not yet checked,2012-10-10,2012,Oct
11,140,Data not yet checked,2012-10-11,2012,Oct
10.7,140,Data not yet checked,2012-10-12,2012,Oct
12.5,140,Data not yet checked,2012-10-13,2012,Oct
12.7,140,Data not yet checked,2012-10-14,2012,Oct
13.9,140,Data not yet checked,2012-10-15,2012,Oct
13.5,140,Data not yet checked,2012-10-16,2012,Oct
10.9,140,Data not yet checked,2012-10-17,2012,Oct
10.3,140,Data not yet checked,2012-10-18,2012,Oct
11.5,140,Data not yet checked,2012-10-19,2012,Oct
11.1,140,Data not yet checked,2012-10-20,2012,Oct
9.3,140,Data not yet checked,2012-10-21,2012,Oct
7.8,140,Data not yet checked,2012-10-22,2012,Oct
7.6,140,Data not yet checked,2012-10-23,2012,Oct
7.1,140,Data not yet checked,2012-10-24,2012,Oct
7.5,140,Data not yet checked,2012-10-25,2012,Oct
6.9,140,Data not yet checked,2012-10-26,2012,Oct
8,140,Data not yet checked,2012-10-27,2012,Oct
10.3,140,Data not yet checked,2012-10-28,2012,Oct
10.8,140,Data not yet checked,2012-10-30,2012,Oct
11,140,Data not yet checked,2012-10-31,2012,Oct
10.6,140,Data not yet checked,2012-11-01,2012,Nov
10.5,140,Data not yet checked,2012-11-02,2012,Nov
10.4,140,Data not yet checked,2012-11-03,2012,Nov
11.2,140,Data not yet checked,2012-11-04,2012,Nov
11.8,140,Data not yet checked,2012-11-05,2012,Nov
11.2,140,Data not yet checked,2012-11-06,2012,Nov
10.8,140,Data not yet checked,2012-11-07,2012,Nov
7.8,140,Data not yet checked,2012-11-08,2012,Nov
7.3,140,Data not yet checked,2012-11-09,2012,Nov
6.2,140,Data not yet checked,2012-11-10,2012,Nov
5.5,140,Data not yet checked,2012-11-11,2012,Nov
6.5,140,Data not yet checked,2012-11-12,2012,Nov
7.2,140,Data not yet checked,2012-11-13,2012,Nov
7.6,140,Data not yet checked,2012-11-14,2012,Nov
7.6,140,Data not yet checked,2012-11-15,2012,Nov
7.2,140,Data not yet checked,2012-11-16,2012,Nov
7.3,140,Data not yet checked,2012-11-17,2012,Nov
7.2,140,Data not yet checked,2012-11-18,2012,Nov
8,140,Data not yet checked,2012-11-19,2012,Nov
8.7,140,Data not yet checked,2012-11-20,2012,Nov
7.9,140,Data not yet checked,2012-11-21,2012,Nov
6.1,140,Data not yet checked,2012-11-22,2012,Nov
5.9,140,Data not yet checked,2012-11-23,2012,Nov
7.7,140,Data not yet checked,2012-11-24,2012,Nov
6.4,140,Data not yet checked,2012-11-25,2012,Nov
4.6,140,Data not yet checked,2012-11-26,2012,Nov
4.4,140,Data not yet checked,2012-11-27,2012,Nov
4.3,140,Data not yet checked,2012-11-28,2012,Nov
4.6,140,Data not yet checked,2012-11-29,2012,Nov
7,140,Data not yet checked,2012-11-30,2012,Nov
7.7,140,Data not yet checked,2012-12-01,2012,Dec
7.3,140,Data not yet checked,2012-12-02,2012,Dec
7,140,Data not yet checked,2012-12-03,2012,Dec
7.8,140,Data not yet checked,2012-12-04,2012,Dec
7.4,140,Data not yet checked,2012-12-05,2012,Dec
5.7,140,Data not yet checked,2012-12-06,2012,Dec
5.8,140,Data not yet checked,2012-12-07,2012,Dec
4.9,140,Data not yet checked,2012-12-08,2012,Dec
4.6,140,Data not yet checked,2012-12-09,2012,Dec
6,140,Data not yet checked,2012-12-10,2012,Dec
5.9,140,Data not yet checked,2012-12-11,2012,Dec
6,140,Data not yet checked,2012-12-12,2012,Dec
4.9,140,Data not yet checked,2012-12-13,2012,Dec
3.7,140,Data not yet checked,2012-12-14,2012,Dec
4.3,140,Data not yet checked,2012-12-15,2012,Dec
4.3,140,Data not yet checked,2012-12-16,2012,Dec
4.9,140,Data not yet checked,2012-12-17,2012,Dec
3.4,140,Data not yet checked,2012-12-18,2012,Dec
3.1,140,Data not yet checked,2012-12-19,2012,Dec
4.1,140,Data not yet checked,2012-12-20,2012,Dec
4.7,140,Data not yet checked,2012-12-21,2012,Dec
5,140,Data not yet checked,2012-12-22,2012,Dec
4.2,140,Data not yet checked,2012-12-23,2012,Dec
3.8,140,Data not yet checked,2012-12-24,2012,Dec
3,140,Data not yet checked,2012-12-25,2012,Dec
3.6,140,Data not yet checked,2012-12-26,2012,Dec
4,140,Data not yet checked,2012-12-27,2012,Dec
3.7,140,Data not yet checked,2012-12-28,2012,Dec
3,140,Data not yet checked,2012-12-29,2012,Dec
2.7,140,Data not yet checked,2012-12-30,2012,Dec
2.1,140,Data not yet checked,2012-12-31,2012,Dec
2.1,140,Data not yet checked,2013-01-01,2013,Jan
1.9,140,Data not yet checked,2013-01-02,2013,Jan
0.7,140,Data not yet checked,2013-01-03,2013,Jan
1.3,140,Data not yet checked,2013-01-04,2013,Jan
1.1,140,Data not yet checked,2013-01-05,2013,Jan
2.2,140,Data not yet checked,2013-01-06,2013,Jan
3.6,140,Data not yet checked,2013-01-07,2013,Jan
4.5,140,Data not yet checked,2013-01-08,2013,Jan
5,140,Data not yet checked,2013-01-09,2013,Jan
3.4,140,Data not yet checked,2013-01-10,2013,Jan
2.5,140,Data not yet checked,2013-01-11,2013,Jan
1.2,140,Data not yet checked,2013-01-12,2013,Jan
1.2,140,Data not yet checked,2013-01-13,2013,Jan
1.3,140,Data not yet checked,2013-01-14,2013,Jan
1.7,140,Data not yet checked,2013-01-15,2013,Jan
1.3,140,Data not yet checked,2013-01-16,2013,Jan
1.8,140,Data not yet checked,2013-01-17,2013,Jan
1.7,140,Data not yet checked,2013-01-18,2013,Jan
1.5,140,Data not yet checked,2013-01-19,2013,Jan
1.4,140,Data not yet checked,2013-01-20,2013,Jan
1.3,140,Data not yet checked,2013-01-21,2013,Jan
1,140,Data not yet checked,2013-01-22,2013,Jan
0.9,140,Data not yet checked,2013-01-23,2013,Jan
1.8,140,Data not yet checked,2013-01-24,2013,Jan
3.1,140,Data not yet checked,2013-01-25,2013,Jan
3.9,140,Data not yet checked,2013-01-26,2013,Jan
3.7,140,Data not yet checked,2013-01-27,2013,Jan
3.5,140,Data not yet checked,2013-01-28,2013,Jan
3.9,140,Data not yet checked,2013-01-29,2013,Jan
5,140,Data not yet checked,2013-01-30,2013,Jan
5.4,140,Data not yet checked,2013-01-31,2013,Jan
5.3,140,Data not yet checked,2013-02-01,2013,Feb
4.2,140,Data not yet checked,2013-02-02,2013,Feb
4,140,Data not yet checked,2013-02-03,2013,Feb
5,140,Data not yet checked,2013-02-04,2013,Feb
5.3,140,Data not yet checked,2013-02-05,2013,Feb
5.2,140,Data not yet checked,2013-02-06,2013,Feb
4.9,140,Data not yet checked,2013-02-07,2013,Feb
4.4,140,Data not yet checked,2013-02-08,2013,Feb
3.9,140,Data not yet checked,2013-02-09,2013,Feb
3.9,140,Data not yet checked,2013-02-10,2013,Feb
3.5,140,Data not yet checked,2013-02-11,2013,Feb
4.7,140,Data not yet checked,2013-02-12,2013,Feb
5.8,140,Data not yet checked,2013-02-13,2013,Feb
5.2,140,Data not yet checked,2013-02-14,2013,Feb
4.9,140,Data not yet checked,2013-02-15,2013,Feb
4.9,140,Data not yet checked,2013-02-16,2013,Feb
5,140,Data not yet checked,2013-02-17,2013,Feb
3.9,140,Data not yet checked,2013-02-18,2013,Feb
4.2,140,Data not yet checked,2013-02-19,2013,Feb
4.5,140,Data not yet checked,2013-02-20,2013,Feb
3.9,140,Data not yet checked,2013-02-21,2013,Feb
4,140,Data not yet checked,2013-02-22,2013,Feb
4,140,Data not yet checked,2013-02-23,2013,Feb
4,140,Data not yet checked,2013-02-24,2013,Feb
4.6,140,Data not yet checked,2013-02-25,2013,Feb
4.3,140,Data not yet checked,2013-02-26,2013,Feb
5,140,Data not yet checked,2013-02-27,2013,Feb
5.9,140,Data not yet checked,2013-02-28,2013,Feb
7.1,140,Data not yet checked,2013-03-01,2013,Mar
6.3,140,Data not yet checked,2013-03-02,2013,Mar
5.7,140,Data not yet checked,2013-03-03,2013,Mar
4.4,140,Data not yet checked,2013-03-04,2013,Mar
4.3,140,Data not yet checked,2013-03-05,2013,Mar
5.6,140,Data not yet checked,2013-03-06,2013,Mar
5.9,140,Data not yet checked,2013-03-07,2013,Mar
5.3,140,Data not yet checked,2013-03-08,2013,Mar
5.4,140,Data not yet checked,2013-03-09,2013,Mar
5.2,140,Data not yet checked,2013-03-10,2013,Mar
6.6,140,Data not yet checked,2013-03-11,2013,Mar
7.9,140,Data not yet checked,2013-03-12,2013,Mar
8.3,140,Data not yet checked,2013-03-13,2013,Mar
8.4,140,Data not yet checked,2013-03-14,2013,Mar
8.6,140,Data not yet checked,2013-03-15,2013,Mar
7.5,140,Data not yet checked,2013-03-16,2013,Mar
6,140,Data not yet checked,2013-03-17,2013,Mar
5.6,140,Data not yet checked,2013-03-18,2013,Mar
5.6,140,Data not yet checked,2013-03-19,2013,Mar
7.2,140,Data not yet checked,2013-03-20,2013,Mar
4.9,140,Data not yet checked,2013-03-21,2013,Mar
4.9,140,Data not yet checked,2013-03-22,2013,Mar
4.8,140,Data not yet checked,2013-03-23,2013,Mar
4.9,140,Data not yet checked,2013-03-24,2013,Mar
6,140,Data not yet checked,2013-03-25,2013,Mar
7.7,140,Data not yet checked,2013-03-26,2013,Mar
8.3,140,Data not yet checked,2013-03-27,2013,Mar
9.1,140,Data not yet checked,2013-03-28,2013,Mar
9.5,140,Data not yet checked,2013-03-29,2013,Mar
9.4,140,Data not yet checked,2013-03-30,2013,Mar
9.6,140,Data not yet checked,2013-03-31,2013,Mar
9.9,140,Data not yet checked,2013-04-01,2013,Apr
10.3,140,Data not yet checked,2013-04-02,2013,Apr
10.3,140,Data not yet checked,2013-04-03,2013,Apr
9.4,140,Data not yet checked,2013-04-04,2013,Apr
9.9,140,Data not yet checked,2013-04-05,2013,Apr
9.4,140,Data not yet checked,2013-04-06,2013,Apr
8.8,140,Data not yet checked,2013-04-07,2013,Apr
7.3,140,Data not yet checked,2013-04-08,2013,Apr
7.9,140,Data not yet checked,2013-04-09,2013,Apr
8.5,140,Data not yet checked,2013-04-10,2013,Apr
8.2,140,Data not yet checked,2013-04-11,2013,Apr
7.8,140,Data not yet checked,2013-04-12,2013,Apr
7.6,140,Data not yet checked,2013-04-13,2013,Apr
7.5,140,Data not yet checked,2013-04-14,2013,Apr
6.4,140,Data not yet checked,2013-04-15,2013,Apr
6.5,140,Data not yet checked,2013-04-16,2013,Apr
7,140,Data not yet checked,2013-04-17,2013,Apr
8.3,140,Data not yet checked,2013-04-18,2013,Apr
8.8,140,Data not yet checked,2013-04-19,2013,Apr
8.2,140,Data not yet checked,2013-04-20,2013,Apr
8.4,140,Data not yet checked,2013-04-21,2013,Apr
8.3,140,Data not yet checked,2013-04-22,2013,Apr
7.4,140,Data not yet checked,2013-04-23,2013,Apr
8.6,140,Data not yet checked,2013-04-24,2013,Apr
10,140,Data not yet checked,2013-04-25,2013,Apr
11.4,140,Data not yet checked,2013-04-26,2013,Apr
10.7,140,Data not yet checked,2013-04-27,2013,Apr
11.1,140,Data not yet checked,2013-04-28,2013,Apr
10.4,140,Data not yet checked,2013-04-29,2013,Apr
8.9,140,Data not yet checked,2013-04-30,2013,Apr
9.1,140,Data not yet checked,2013-05-01,2013,May
10.5,140,Data not yet checked,2013-05-02,2013,May
12.4,140,Data not yet checked,2013-05-03,2013,May
12.8,140,Data not yet checked,2013-05-04,2013,May
13.4,140,Data not yet checked,2013-05-05,2013,May
14.1,140,Data not yet checked,2013-05-06,2013,May
14.5,140,Data not yet checked,2013-05-07,2013,May
14.9,140,Data not yet checked,2013-05-08,2013,May
15.5,140,Data not yet checked,2013-05-09,2013,May
15.8,140,Data not yet checked,2013-05-10,2013,May
16,140,Data not yet checked,2013-05-11,2013,May
16.1,140,Data not yet checked,2013-05-12,2013,May
14.6,140,Data not yet checked,2013-05-13,2013,May
13.8,140,Data not yet checked,2013-05-14,2013,May
13.2,140,Data not yet checked,2013-05-15,2013,May
14.5,140,Data not yet checked,2013-05-16,2013,May
14.5,140,Data not yet checked,2013-05-17,2013,May
14.1,140,Data not yet checked,2013-05-18,2013,May
14.4,140,Data not yet checked,2013-05-19,2013,May
15,140,Data not yet checked,2013-05-20,2013,May
13.6,140,Data not yet checked,2013-05-21,2013,May
11.7,140,Data not yet checked,2013-05-22,2013,May
12.6,140,Data not yet checked,2013-05-23,2013,May
12.2,140,Data not yet checked,2013-05-24,2013,May
13.2,140,Data not yet checked,2013-05-25,2013,May
13.1,140,Data not yet checked,2013-05-26,2013,May
13.4,140,Data not yet checked,2013-05-27,2013,May
14.3,140,Data not yet checked,2013-05-28,2013,May
13.3,140,Data not yet checked,2013-05-29,2013,May
14.1,140,Data not yet checked,2013-05-30,2013,May
15.1,140,Data not yet checked,2013-05-31,2013,May
15.1,140,Data not yet checked,2013-06-01,2013,Jun
15,140,Data not yet checked,2013-06-02,2013,Jun
15.9,140,Data not yet checked,2013-06-03,2013,Jun
17.1,140,Data not yet checked,2013-06-04,2013,Jun
18.2,140,Data not yet checked,2013-06-05,2013,Jun
19.3,140,Data not yet checked,2013-06-06,2013,Jun
19.6,140,Data not yet checked,2013-06-07,2013,Jun
19.2,140,Data not yet checked,2013-06-08,2013,Jun
19.2,140,Data not yet checked,2013-06-09,2013,Jun
18.7,140,Data not yet checked,2013-06-10,2013,Jun
17.3,140,Data not yet checked,2013-06-11,2013,Jun
17.1,140,Data not yet checked,2013-06-12,2013,Jun
16.7,140,Data not yet checked,2013-06-13,2013,Jun
17.1,140,Data not yet checked,2013-06-14,2013,Jun
18.2,140,Data not yet checked,2013-06-15,2013,Jun
19.4,140,Data not yet checked,2013-06-16,2013,Jun
20.4,140,Data not yet checked,2013-06-17,2013,Jun
17.7,140,Data not yet checked,2013-06-18,2013,Jun
14.7,140,Data not yet checked,2013-06-19,2013,Jun
13.9,140,Data not yet checked,2013-06-20,2013,Jun
15.5,140,Data not yet checked,2013-06-21,2013,Jun
16.7,140,Data not yet checked,2013-06-22,2013,Jun
16.5,140,Data not yet checked,2013-06-23,2013,Jun
16.1,140,Data not yet checked,2013-06-24,2013,Jun
15.7,140,Data not yet checked,2013-06-25,2013,Jun
16.5,140,Data not yet checked,2013-06-26,2013,Jun
18.5,140,Data not yet checked,2013-06-27,2013,Jun
20.8,140,Data not yet checked,2013-06-28,2013,Jun
22,140,Data not yet checked,2013-06-29,2013,Jun
22.6,140,Data not yet checked,2013-06-30,2013,Jun
23.6,140,Data not yet checked,2013-07-01,2013,Jul
24.8,140,Data not yet checked,2013-07-02,2013,Jul
24,140,Data not yet checked,2013-07-03,2013,Jul
22.4,140,Data not yet checked,2013-07-04,2013,Jul
21.4,140,Data not yet checked,2013-07-05,2013,Jul
21.3,140,Data not yet checked,2013-07-06,2013,Jul
22,140,Data not yet checked,2013-07-07,2013,Jul
22.1,140,Data not yet checked,2013-07-08,2013,Jul
22.4,140,Data not yet checked,2013-07-09,2013,Jul
22.3,140,Data not yet checked,2013-07-10,2013,Jul
21.8,140,Data not yet checked,2013-07-11,2013,Jul
20.7,140,Data not yet checked,2013-07-12,2013,Jul
20.5,140,Data not yet checked,2013-07-13,2013,Jul
20.9,140,Data not yet checked,2013-07-14,2013,Jul
21.3,140,Data not yet checked,2013-07-15,2013,Jul
20.5,140,Data not yet checked,2013-07-16,2013,Jul
22,140,Data not yet checked,2013-07-17,2013,Jul
22.1,140,Data not yet checked,2013-07-18,2013,Jul
22.5,140,Data not yet checked,2013-07-19,2013,Jul
22.6,140,Data not yet checked,2013-07-20,2013,Jul
22.1,140,Data not yet checked,2013-07-21,2013,Jul
22.4,140,Data not yet checked,2013-07-22,2013,Jul
22.6,140,Data not yet checked,2013-07-23,2013,Jul
22.6,140,Data not yet checked,2013-07-24,2013,Jul
22.4,140,Data not yet checked,2013-07-25,2013,Jul
22.1,140,Data not yet checked,2013-07-26,2013,Jul
22.2,140,Data not yet checked,2013-07-27,2013,Jul
21.4,140,Data not yet checked,2013-07-28,2013,Jul
21.3,140,Data not yet checked,2013-07-29,2013,Jul
21.4,140,Data not yet checked,2013-07-30,2013,Jul
19.7,140,Data not yet checked,2013-07-31,2013,Jul
18.5,140,Data not yet checked,2013-08-01,2013,Aug
18.4,140,Data not yet checked,2013-08-02,2013,Aug
20.6,140,Data not yet checked,2013-08-03,2013,Aug
21.3,140,Data not yet checked,2013-08-04,2013,Aug
21.9,140,Data not yet checked,2013-08-05,2013,Aug
22.4,140,Data not yet checked,2013-08-06,2013,Aug
22.1,140,Data not yet checked,2013-08-07,2013,Aug
22.3,140,Data not yet checked,2013-08-08,2013,Aug
22,140,Data not yet checked,2013-08-09,2013,Aug
22.4,140,Data not yet checked,2013-08-10,2013,Aug
22.6,140,Data not yet checked,2013-08-11,2013,Aug
22.6,140,Data not yet checked,2013-08-12,2013,Aug
22.9,140,Data not yet checked,2013-08-13,2013,Aug
22.3,140,Data not yet checked,2013-08-14,2013,Aug
22.7,140,Data not yet checked,2013-08-15,2013,Aug
22.7,140,Data not yet checked,2013-08-16,2013,Aug
22.7,140,Data not yet checked,2013-08-17,2013,Aug
22.3,140,Data not yet checked,2013-08-18,2013,Aug
22,140,Data not yet checked,2013-08-19,2013,Aug
21.5,140,Data not yet checked,2013-08-20,2013,Aug
20.7,140,Data not yet checked,2013-08-21,2013,Aug
20.9,140,Data not yet checked,2013-08-22,2013,Aug
20.9,140,Data not yet checked,2013-08-23,2013,Aug
20.7,140,Data not yet checked,2013-08-24,2013,Aug
20.8,140,Data not yet checked,2013-08-25,2013,Aug
20,140,Data not yet checked,2013-08-26,2013,Aug
20.5,140,Data not yet checked,2013-08-27,2013,Aug
20.6,140,Data not yet checked,2013-08-28,2013,Aug
20.1,140,Data not yet checked,2013-08-29,2013,Aug
20.8,140,Data not yet checked,2013-08-30,2013,Aug
20.6,140,Data not yet checked,2013-08-31,2013,Aug
20.5,140,Data not yet checked,2013-09-01,2013,Sep
20.1,140,Data not yet checked,2013-09-02,2013,Sep
20.1,140,Data not yet checked,2013-09-03,2013,Sep
20,140,Data not yet checked,2013-09-04,2013,Sep
20.3,140,Data not yet checked,2013-09-05,2013,Sep
18.9,140,Data not yet checked,2013-09-06,2013,Sep
18.9,140,Data not yet checked,2013-09-07,2013,Sep
19,140,Data not yet checked,2013-09-08,2013,Sep
19.3,140,Data not yet checked,2013-09-09,2013,Sep
19.7,140,Data not yet checked,2013-09-10,2013,Sep
20,140,Data not yet checked,2013-09-11,2013,Sep
20.3,140,Data not yet checked,2013-09-12,2013,Sep
20.3,140,Data not yet checked,2013-09-13,2013,Sep
20.2,140,Data not yet checked,2013-09-14,2013,Sep
20.3,140,Data not yet checked,2013-09-15,2013,Sep
19.3,140,Data not yet checked,2013-09-16,2013,Sep
16.4,140,Data not yet checked,2013-09-17,2013,Sep
15.6,140,Data not yet checked,2013-09-18,2013,Sep
15.8,140,Data not yet checked,2013-09-19,2013,Sep
16,140,Data not yet checked,2013-09-20,2013,Sep
15.9,140,Data not yet checked,2013-09-21,2013,Sep
15.1,140,Data not yet checked,2013-09-22,2013,Sep
14.8,140,Data not yet checked,2013-09-23,2013,Sep
14.7,140,Data not yet checked,2013-09-24,2013,Sep
13.5,140,Data not yet checked,2013-09-25,2013,Sep
13.9,140,Data not yet checked,2013-09-26,2013,Sep
12.8,140,Data not yet checked,2013-09-27,2013,Sep
13.4,140,Data not yet checked,2013-09-28,2013,Sep
12.6,140,Data not yet checked,2013-09-29,2013,Sep
11.8,140,Data not yet checked,2013-09-30,2013,Sep
11.5,140,Data not yet checked,2013-10-01,2013,Oct
11.5,140,Data not yet checked,2013-10-01,2013,Oct
11.1,140,Data not yet checked,2013-10-02,2013,Oct
11.4,140,Data not yet checked,2013-10-03,2013,Oct
10.9,140,Data not yet checked,2013-10-04,2013,Oct
11.1,140,Data not yet checked,2013-10-05,2013,Oct
11.4,140,Data not yet checked,2013-10-06,2013,Oct
11,140,Data not yet checked,2013-10-07,2013,Oct
10.3,140,Data not yet checked,2013-10-08,2013,Oct
9.4,140,Data not yet checked,2013-10-09,2013,Oct
10.3,140,Data not yet checked,2013-10-10,2013,Oct
10.8,140,Data not yet checked,2013-10-11,2013,Oct
10.5,140,Data not yet checked,2013-10-12,2013,Oct
10.7,140,Data not yet checked,2013-10-13,2013,Oct
9.5,140,Data not yet checked,2013-10-14,2013,Oct
8.9,140,Data not yet checked,2013-10-15,2013,Oct
9.3,140,Data not yet checked,2013-10-16,2013,Oct
9.1,140,Data not yet checked,2013-10-17,2013,Oct
8.9,140,Data not yet checked,2013-10-18,2013,Oct
8.9,140,Data not yet checked,2013-10-19,2013,Oct
9.2,140,Data not yet checked,2013-10-20,2013,Oct
9.6,140,Data not yet checked,2013-10-21,2013,Oct
9.6,140,Data not yet checked,2013-10-22,2013,Oct
9.4,140,Data not yet checked,2013-10-23,2013,Oct
9.2,140,Data not yet checked,2013-10-24,2013,Oct
9.2,140,Data not yet checked,2013-10-25,2013,Oct
9.2,140,Data not yet checked,2013-10-26,2013,Oct
8.6,140,Data not yet checked,2013-10-27,2013,Oct
8,140,Data not yet checked,2013-10-28,2013,Oct
6.5,140,Data not yet checked,2013-10-29,2013,Oct
5.9,140,Data not yet checked,2013-10-30,2013,Oct
7.8,140,Data not yet checked,2013-10-31,2013,Oct
8.7,140,Data not yet checked,2013-11-01,2013,Nov
8.5,140,Data not yet checked,2013-11-02,2013,Nov
6.7,140,Data not yet checked,2013-11-03,2013,Nov
6.7,140,Data not yet checked,2013-11-04,2013,Nov
6,140,Data not yet checked,2013-11-05,2013,Nov
7.1,140,Data not yet checked,2013-11-06,2013,Nov
7.4,140,Data not yet checked,2013-11-07,2013,Nov
7.6,140,Data not yet checked,2013-11-08,2013,Nov
7.2,140,Data not yet checked,2013-11-09,2013,Nov
7.9,140,Data not yet checked,2013-11-10,2013,Nov
7.5,140,Data not yet checked,2013-11-11,2013,Nov
8.3,140,Data not yet checked,2013-11-12,2013,Nov
8.3,140,Data not yet checked,2013-11-13,2013,Nov
7.1,140,Data not yet checked,2013-11-14,2013,Nov
6.6,140,Data not yet checked,2013-11-15,2013,Nov
6.2,140,Data not yet checked,2013-11-16,2013,Nov
6.5,140,Data not yet checked,2013-11-17,2013,Nov
7.2,140,Data not yet checked,2013-11-18,2013,Nov
8.2,140,Data not yet checked,2013-11-19,2013,Nov
6.1,140,Data not yet checked,2013-11-20,2013,Nov
2.5,140,Data not yet checked,2013-11-21,2013,Nov
1.5,140,Data not yet checked,2013-11-22,2013,Nov
1.2,140,Data not yet checked,2013-11-23,2013,Nov
1.3,140,Data not yet checked,2013-11-24,2013,Nov
1.9,140,Data not yet checked,2013-11-25,2013,Nov
1.8,140,Data not yet checked,2013-11-26,2013,Nov
1.8,140,Data not yet checked,2013-11-27,2013,Nov
1.5,140,Data not yet checked,2013-11-28,2013,Nov
1.8,140,Data not yet checked,2013-11-29,2013,Nov
3.4,140,Data not yet checked,2013-11-30,2013,Nov
5.9,140,Data not yet checked,2013-12-01,2013,Dec
5.7,140,Data not yet checked,2013-12-02,2013,Dec
3.3,140,Data not yet checked,2013-12-03,2013,Dec
0.8,140,Data not yet checked,2013-12-04,2013,Dec
0,140,Data not yet checked,2013-12-05,2013,Dec
0,140,Data not yet checked,2013-12-06,2013,Dec
0,140,Data not yet checked,2013-12-07,2013,Dec
0,140,Data not yet checked,2013-12-08,2013,Dec
0,140,Data not yet checked,2013-12-09,2013,Dec
0,140,Data not yet checked,2013-12-10,2013,Dec
0,140,Data not yet checked,2013-12-11,2013,Dec
0.1,140,Data not yet checked,2013-12-12,2013,Dec
2.1,140,Data not yet checked,2013-12-13,2013,Dec
3.1,140,Data not yet checked,2013-12-14,2013,Dec
3.9,140,Data not yet checked,2013-12-15,2013,Dec
3.9,140,Data not yet checked,2013-12-16,2013,Dec
2.8,140,Data not yet checked,2013-12-17,2013,Dec
3.8,140,Data not yet checked,2013-12-18,2013,Dec
2.6,140,Data not yet checked,2013-12-19,2013,Dec
1.6,140,Data not yet checked,2013-12-20,2013,Dec
2.9,140,Data not yet checked,2013-12-21,2013,Dec
4,140,Data not yet checked,2013-12-22,2013,Dec
5.3,140,Data not yet checked,2013-12-23,2013,Dec
3.9,140,Data not yet checked,2013-12-24,2013,Dec
2.3,140,Data not yet checked,2013-12-25,2013,Dec
2.2,140,Data not yet checked,2013-12-26,2013,Dec
2.1,140,Data not yet checked,2013-12-27,2013,Dec
2.5,140,Data not yet checked,2013-12-28,2013,Dec
2.1,140,Data not yet checked,2013-12-29,2013,Dec
2.3,140,Data not yet checked,2013-12-30,2013,Dec
3.5,140,Data not yet checked,2013-12-31,2013,Dec
2.8,140,Data not yet checked,2014-01-01,2014,Jan
3.1,140,Data not yet checked,2014-01-02,2014,Jan
3.9,140,Data not yet checked,2014-01-03,2014,Jan
2.4,140,Data not yet checked,2014-01-04,2014,Jan
1.2,140,Data not yet checked,2014-01-05,2014,Jan
1.1,140,Data not yet checked,2014-01-06,2014,Jan
2,140,Data not yet checked,2014-01-07,2014,Jan
3.2,140,Data not yet checked,2014-01-08,2014,Jan
4.1,140,Data not yet checked,2014-01-09,2014,Jan
4.5,140,Data not yet checked,2014-01-10,2014,Jan
5.8,140,Data not yet checked,2014-01-11,2014,Jan
4.5,140,Data not yet checked,2014-01-12,2014,Jan
5.5,140,Data not yet checked,2014-01-13,2014,Jan
4.9,140,Data not yet checked,2014-01-14,2014,Jan
4.2,140,Data not yet checked,2014-01-15,2014,Jan
3.5,140,Data not yet checked,2014-01-16,2014,Jan
2.9,140,Data not yet checked,2014-01-17,2014,Jan
3.1,140,Data not yet checked,2014-01-18,2014,Jan
2.8,140,Data not yet checked,2014-01-19,2014,Jan
2.8,140,Data not yet checked,2014-01-20,2014,Jan
2.5,140,Data not yet checked,2014-01-21,2014,Jan
2.3,140,Data not yet checked,2014-01-22,2014,Jan
2.3,140,Data not yet checked,2014-01-23,2014,Jan
2.4,140,Data not yet checked,2014-01-24,2014,Jan
2.1,140,Data not yet checked,2014-01-25,2014,Jan
1.9,140,Data not yet checked,2014-01-26,2014,Jan
1.8,140,Data not yet checked,2014-01-27,2014,Jan
2.2,140,Data not yet checked,2014-01-28,2014,Jan
2.8,140,Data not yet checked,2014-01-29,2014,Jan
4,140,Data not yet checked,2014-01-30,2014,Jan
3.6,140,Data not yet checked,2014-01-31,2014,Jan
3.3,140,Data not yet checked,2014-02-01,2014,Feb
2.8,140,Data not yet checked,2014-02-02,2014,Feb
2.1,140,Data not yet checked,2014-02-03,2014,Feb
1.3,140,Data not yet checked,2014-02-04,2014,Feb
0,140,Data not yet checked,2014-02-05,2014,Feb
0,140,Data not yet checked,2014-02-06,2014,Feb
0,140,Data not yet checked,2014-02-07,2014,Feb
0,140,Data not yet checked,2014-02-08,2014,Feb
0,140,Data not yet checked,2014-02-09,2014,Feb
0.1,140,Data not yet checked,2014-02-10,2014,Feb
2.2,140,Data not yet checked,2014-02-11,2014,Feb
4.3,140,Data not yet checked,2014-02-12,2014,Feb
4.9,140,Data not yet checked,2014-02-13,2014,Feb
4.7,140,Data not yet checked,2014-02-14,2014,Feb
4.6,140,Data not yet checked,2014-02-15,2014,Feb
4.8,140,Data not yet checked,2014-02-16,2014,Feb
4.8,140,Data not yet checked,2014-02-17,2014,Feb
5.1,140,Data not yet checked,2014-02-18,2014,Feb
4.3,140,Data not yet checked,2014-02-19,2014,Feb
4.2,140,Data not yet checked,2014-02-20,2014,Feb
4.6,140,Data not yet checked,2014-02-21,2014,Feb
4.5,140,Data not yet checked,2014-02-22,2014,Feb
4.6,140,Data not yet checked,2014-02-23,2014,Feb
4.5,140,Data not yet checked,2014-02-24,2014,Feb
3.5,140,Data not yet checked,2014-02-25,2014,Feb
3.7,140,Data not yet checked,2014-02-26,2014,Feb
3.6,140,Data not yet checked,2014-02-27,2014,Feb
4.5,140,Data not yet checked,2014-02-28,2014,Feb
3.6,140,Data not yet checked,2014-03-01,2014,Mar
2.3,140,Data not yet checked,2014-03-02,2014,Mar
4.1,140,Data not yet checked,2014-03-03,2014,Mar
6,140,Data not yet checked,2014-03-04,2014,Mar
6.6,140,Data not yet checked,2014-03-05,2014,Mar
6.7,140,Data not yet checked,2014-03-06,2014,Mar
6.4,140,Data not yet checked,2014-03-07,2014,Mar
6.1,140,Data not yet checked,2014-03-08,2014,Mar
7.9,140,Data not yet checked,2014-03-09,2014,Mar
6.6,140,Data not yet checked,2014-03-10,2014,Mar
6.1,140,Data not yet checked,2014-03-11,2014,Mar
5.9,140,Data not yet checked,2014-03-12,2014,Mar
6.2,140,Data not yet checked,2014-03-13,2014,Mar
6.9,140,Data not yet checked,2014-03-14,2014,Mar
6.5,140,Data not yet checked,2014-03-15,2014,Mar
7.5,140,Data not yet checked,2014-03-16,2014,Mar
6.7,140,Data not yet checked,2014-03-17,2014,Mar
5.6,140,Data not yet checked,2014-03-18,2014,Mar
5.8,140,Data not yet checked,2014-03-19,2014,Mar
5.9,140,Data not yet checked,2014-03-20,2014,Mar
5.3,140,Data not yet checked,2014-03-21,2014,Mar
5.4,140,Data not yet checked,2014-03-22,2014,Mar
6.1,140,Data not yet checked,2014-03-23,2014,Mar
6.7,140,Data not yet checked,2014-03-24,2014,Mar
6.5,140,Data not yet checked,2014-03-25,2014,Mar
7.6,140,Data not yet checked,2014-03-26,2014,Mar
7.5,140,Data not yet checked,2014-03-27,2014,Mar
6.9,140,Data not yet checked,2014-03-28,2014,Mar
7.7,140,Data not yet checked,2014-03-29,2014,Mar
6.8,140,Data not yet checked,2014-03-30,2014,Mar
6.5,140,Data not yet checked,2014-03-31,2014,Mar
7.4,140,Data not yet checked,2014-04-01,2014,Apr
7.8,140,Data not yet checked,2014-04-02,2014,Apr
7.7,140,Data not yet checked,2014-04-03,2014,Apr
8.3,140,Data not yet checked,2014-04-04,2014,Apr
8.2,140,Data not yet checked,2014-04-05,2014,Apr
9.3,140,Data not yet checked,2014-04-06,2014,Apr
9.7,140,Data not yet checked,2014-04-07,2014,Apr
10.2,140,Data not yet checked,2014-04-08,2014,Apr
10.4,140,Data not yet checked,2014-04-09,2014,Apr
9.1,140,Data not yet checked,2014-04-10,2014,Apr
9.6,140,Data not yet checked,2014-04-11,2014,Apr
9.5,140,Data not yet checked,2014-04-12,2014,Apr
9.2,140,Data not yet checked,2014-04-13,2014,Apr
9,140,Data not yet checked,2014-04-14,2014,Apr
9.7,140,Data not yet checked,2014-04-15,2014,Apr
9.1,140,Data not yet checked,2014-04-16,2014,Apr
9.2,140,Data not yet checked,2014-04-17,2014,Apr
9.4,140,Data not yet checked,2014-04-18,2014,Apr
9.1,140,Data not yet checked,2014-04-19,2014,Apr
10,140,Data not yet checked,2014-04-20,2014,Apr
9.9,140,Data not yet checked,2014-04-21,2014,Apr
9.8,140,Data not yet checked,2014-04-22,2014,Apr
9.1,140,Data not yet checked,2014-04-23,2014,Apr
9.6,140,Data not yet checked,2014-04-24,2014,Apr
8.5,140,Data not yet checked,2014-04-25,2014,Apr
8.7,140,Data not yet checked,2014-04-26,2014,Apr
8.6,140,Data not yet checked,2014-04-27,2014,Apr
8.8,140,Data not yet checked,2014-04-28,2014,Apr
9.7,140,Data not yet checked,2014-04-29,2014,Apr
10.8,140,Data not yet checked,2014-04-30,2014,Apr
12.1,140,Data not yet checked,2014-05-01,2014,May
13,140,Data not yet checked,2014-05-02,2014,May
12.4,140,Data not yet checked,2014-05-03,2014,May
12,140,Data not yet checked,2014-05-04,2014,May
11.8,140,Data not yet checked,2014-05-05,2014,May
11.5,140,Data not yet checked,2014-05-06,2014,May
12,140,Data not yet checked,2014-05-07,2014,May
11.5,140,Data not yet checked,2014-05-08,2014,May
11.7,140,Data not yet checked,2014-05-09,2014,May
11.1,140,Data not yet checked,2014-05-10,2014,May
10.9,140,Data not yet checked,2014-05-11,2014,May
11.4,140,Data not yet checked,2014-05-12,2014,May
12.3,140,Data not yet checked,2014-05-13,2014,May
13.4,140,Data not yet checked,2014-05-14,2014,May
14.3,140,Data not yet checked,2014-05-15,2014,May
14.5,140,Data not yet checked,2014-05-16,2014,May
13.5,140,Data not yet checked,2014-05-17,2014,May
12.7,140,Data not yet checked,2014-05-18,2014,May
13.3,140,Data not yet checked,2014-05-19,2014,May
14,140,Data not yet checked,2014-05-20,2014,May
14.8,140,Data not yet checked,2014-05-21,2014,May
15.6,140,Data not yet checked,2014-05-22,2014,May
15.2,140,Data not yet checked,2014-05-23,2014,May
15.7,140,Data not yet checked,2014-05-24,2014,May
15.3,140,Data not yet checked,2014-05-25,2014,May
16.1,140,Data not yet checked,2014-05-26,2014,May
14.8,140,Data not yet checked,2014-05-27,2014,May
13.5,140,Data not yet checked,2014-05-28,2014,May
14.1,140,Data not yet checked,2014-05-29,2014,May
15.6,140,Data not yet checked,2014-05-30,2014,May
16.8,140,Data not yet checked,2014-05-31,2014,May
17.2,140,Data not yet checked,2014-06-01,2014,Jun
17.6,140,Data not yet checked,2014-06-02,2014,Jun
18.1,140,Data not yet checked,2014-06-03,2014,Jun
18,140,Data not yet checked,2014-06-04,2014,Jun
17.8,140,Data not yet checked,2014-06-05,2014,Jun
17.2,140,Data not yet checked,2014-06-06,2014,Jun
17.3,140,Data not yet checked,2014-06-07,2014,Jun
18.1,140,Data not yet checked,2014-06-08,2014,Jun
18.8,140,Data not yet checked,2014-06-09,2014,Jun
18.4,140,Data not yet checked,2014-06-10,2014,Jun
18.4,140,Data not yet checked,2014-06-11,2014,Jun
17.5,140,Data not yet checked,2014-06-12,2014,Jun
15,140,Data not yet checked,2014-06-13,2014,Jun
15.7,140,Data not yet checked,2014-06-14,2014,Jun
15.5,140,Data not yet checked,2014-06-15,2014,Jun
14.7,140,Data not yet checked,2014-06-16,2014,Jun
13.2,140,Data not yet checked,2014-06-17,2014,Jun
14.8,140,Data not yet checked,2014-06-18,2014,Jun
16.9,140,Data not yet checked,2014-06-19,2014,Jun
17.5,140,Data not yet checked,2014-06-20,2014,Jun
17.3,140,Data not yet checked,2014-06-21,2014,Jun
18.3,140,Data not yet checked,2014-06-22,2014,Jun
19.3,140,Data not yet checked,2014-06-23,2014,Jun
18.9,140,Data not yet checked,2014-06-24,2014,Jun
18.8,140,Data not yet checked,2014-06-25,2014,Jun
18.7,140,Data not yet checked,2014-06-26,2014,Jun
17.8,140,Data not yet checked,2014-06-27,2014,Jun
17.4,140,Data not yet checked,2014-06-28,2014,Jun
17.8,140,Data not yet checked,2014-06-29,2014,Jun
10.1,140,Data not yet checked,2014-06-30,2014,Jun
20.2,140,Data not yet checked,2014-07-01,2014,Jul
21,140,Data not yet checked,2014-07-02,2014,Jul
21.5,140,Data not yet checked,2014-07-03,2014,Jul
20.4,140,Data not yet checked,2014-07-04,2014,Jul
20.9,140,Data not yet checked,2014-07-05,2014,Jul
22,140,Data not yet checked,2014-07-06,2014,Jul
22.8,140,Data not yet checked,2014-07-07,2014,Jul
23.4,140,Data not yet checked,2014-07-08,2014,Jul
23.2,140,Data not yet checked,2014-07-09,2014,Jul
22.7,140,Data not yet checked,2014-07-10,2014,Jul
22.3,140,Data not yet checked,2014-07-11,2014,Jul
23.1,140,Data not yet checked,2014-07-12,2014,Jul
23.2,140,Data not yet checked,2014-07-13,2014,Jul
24.3,140,Data not yet checked,2014-07-14,2014,Jul
24.4,140,Data not yet checked,2014-07-15,2014,Jul
24.6,140,Data not yet checked,2014-07-16,2014,Jul
23.2,140,Data not yet checked,2014-07-17,2014,Jul
21.8,140,Data not yet checked,2014-07-18,2014,Jul
22.7,140,Data not yet checked,2014-07-19,2014,Jul
22.1,140,Data not yet checked,2014-07-20,2014,Jul
21,140,Data not yet checked,2014-07-21,2014,Jul
21.7,140,Data not yet checked,2014-07-22,2014,Jul
21.4,140,Data not yet checked,2014-07-23,2014,Jul
19.2,140,Data not yet checked,2014-07-24,2014,Jul
20.2,140,Data not yet checked,2014-07-25,2014,Jul
20.9,140,Data not yet checked,2014-07-26,2014,Jul
21.5,140,Data not yet checked,2014-07-27,2014,Jul
22.8,140,Data not yet checked,2014-07-28,2014,Jul
23.5,140,Data not yet checked,2014-07-29,2014,Jul
23.8,140,Data not yet checked,2014-07-30,2014,Jul
22.7,140,Data not yet checked,2014-07-31,2014,Jul
23.9,140,Data not yet checked,2014-08-01,2014,Aug
23.8,140,Data not yet checked,2014-08-02,2014,Aug
23.7,140,Data not yet checked,2014-08-03,2014,Aug
23.6,140,Data not yet checked,2014-08-04,2014,Aug
23.4,140,Data not yet checked,2014-08-05,2014,Aug
22.6,140,Data not yet checked,2014-08-06,2014,Aug
22.4,140,Data not yet checked,2014-08-07,2014,Aug
21.2,140,Data not yet checked,2014-08-08,2014,Aug
21.3,140,Data not yet checked,2014-08-09,2014,Aug
22,140,Data not yet checked,2014-08-10,2014,Aug
22.4,140,Data not yet checked,2014-08-11,2014,Aug
23,140,Data not yet checked,2014-08-12,2014,Aug
21.2,140,Data not yet checked,2014-08-13,2014,Aug
21.4,140,Data not yet checked,2014-08-14,2014,Aug
21,140,Data not yet checked,2014-08-15,2014,Aug
21.4,140,Data not yet checked,2014-08-16,2014,Aug
22,140,Data not yet checked,2014-08-17,2014,Aug
22.4,140,Data not yet checked,2014-08-18,2014,Aug
22.2,140,Data not yet checked,2014-08-19,2014,Aug
21.6,140,Data not yet checked,2014-08-20,2014,Aug
20.6,140,Data not yet checked,2014-08-21,2014,Aug
20,140,Data not yet checked,2014-08-22,2014,Aug
20,140,Data not yet checked,2014-08-23,2014,Aug
19.1,140,Data not yet checked,2014-08-24,2014,Aug
19.2,140,Data not yet checked,2014-08-25,2014,Aug
19.9,140,Data not yet checked,2014-08-26,2014,Aug
20.5,140,Data not yet checked,2014-08-27,2014,Aug
20.8,140,Data not yet checked,2014-08-28,2014,Aug
20.1,140,Data not yet checked,2014-08-29,2014,Aug
19.1,140,Data not yet checked,2014-08-30,2014,Aug
18,140,Data not yet checked,2014-08-31,2014,Aug
18.2,140,Data not yet checked,2014-09-01,2014,Sep
18.3,140,Data not yet checked,2014-09-02,2014,Sep
16.8,140,Data not yet checked,2014-09-03,2014,Sep
16.9,140,Data not yet checked,2014-09-04,2014,Sep
17.4,140,Data not yet checked,2014-09-05,2014,Sep
17.4,140,Data not yet checked,2014-09-06,2014,Sep
17.6,140,Data not yet checked,2014-09-07,2014,Sep
17.7,140,Data not yet checked,2014-09-08,2014,Sep
17.5,140,Data not yet checked,2014-09-09,2014,Sep
17,140,Data not yet checked,2014-09-10,2014,Sep
15.2,140,Data not yet checked,2014-09-11,2014,Sep
14.7,140,Data not yet checked,2014-09-12,2014,Sep
14.9,140,Data not yet checked,2014-09-13,2014,Sep
15.3,140,Data not yet checked,2014-09-14,2014,Sep
15.7,140,Data not yet checked,2014-09-15,2014,Sep
16.6,140,Data not yet checked,2014-09-16,2014,Sep
16.8,140,Data not yet checked,2014-09-17,2014,Sep
16.9,140,Data not yet checked,2014-09-18,2014,Sep
17.4,140,Data not yet checked,2014-09-19,2014,Sep
17.4,140,Data not yet checked,2014-09-20,2014,Sep
17.5,140,Data not yet checked,2014-09-21,2014,Sep
17.7,140,Data not yet checked,2014-09-22,2014,Sep
18.2,140,Data not yet checked,2014-09-23,2014,Sep
17.9,140,Data not yet checked,2014-09-24,2014,Sep
17.4,140,Data not yet checked,2014-09-25,2014,Sep
16.8,140,Data not yet checked,2014-09-26,2014,Sep
15.7,140,Data not yet checked,2014-09-27,2014,Sep
15.8,140,Data not yet checked,2014-09-28,2014,Sep
16.2,140,Data not yet checked,2014-09-29,2014,Sep
15,140,Data not yet checked,2014-09-30,2014,Sep
14,140,Data not yet checked,2014-10-01,2014,Oct
14,140,Data not yet checked,2014-10-01,2014,Oct
13.6,140,Data not yet checked,2014-10-02,2014,Oct
13.1,140,Data not yet checked,2014-10-03,2014,Oct
13.5,140,Data not yet checked,2014-10-04,2014,Oct
14.5,140,Data not yet checked,2014-10-05,2014,Oct
15.2,140,Data not yet checked,2014-10-06,2014,Oct
15.6,140,Data not yet checked,2014-10-07,2014,Oct
15.3,140,Data not yet checked,2014-10-08,2014,Oct
11.6,140,Data not yet checked,2014-10-16,2014,Oct
11.5,140,Data not yet checked,2014-10-17,2014,Oct
13.1,140,Data not yet checked,2014-10-18,2014,Oct
12.7,140,Data not yet checked,2014-10-19,2014,Oct
12.6,140,Data not yet checked,2014-10-20,2014,Oct
12.6,140,Data not yet checked,2014-10-21,2014,Oct
12,140,Data not yet checked,2014-10-22,2014,Oct
12.5,140,Data not yet checked,2014-10-23,2014,Oct
11.8,140,Data not yet checked,2014-10-24,2014,Oct
11.8,140,Data not yet checked,2014-10-25,2014,Oct
10.7,140,Data not yet checked,2014-10-26,2014,Oct
10,140,Data not yet checked,2014-10-27,2014,Oct
10.4,140,Data not yet checked,2014-10-28,2014,Oct
11.6,140,Data not yet checked,2014-10-29,2014,Oct
11.6,140,Data not yet checked,2014-10-30,2014,Oct
11.5,140,Data not yet checked,2014-10-31,2014,Oct
10.5,140,Data not yet checked,2014-11-01,2014,Nov
9.2,140,Data not yet checked,2014-11-02,2014,Nov
10.3,140,Data not yet checked,2014-11-03,2014,Nov
11.2,140,Data not yet checked,2014-11-04,2014,Nov
11.8,140,Data not yet checked,2014-11-05,2014,Nov
11.9,140,Data not yet checked,2014-11-06,2014,Nov
10.5,140,Data not yet checked,2014-11-07,2014,Nov
9.2,140,Data not yet checked,2014-11-08,2014,Nov
9.3,140,Data not yet checked,2014-11-09,2014,Nov
8.3,140,Data not yet checked,2014-11-10,2014,Nov
5,140,Data not yet checked,2014-11-11,2014,Nov
2.8,140,Data not yet checked,2014-11-12,2014,Nov
2,140,Data not yet checked,2014-11-13,2014,Nov
2.5,140,Data not yet checked,2014-11-14,2014,Nov
0.9,140,Data not yet checked,2014-11-15,2014,Nov
0.3,140,Data not yet checked,2014-11-16,2014,Nov
0.4,140,Data not yet checked,2014-11-17,2014,Nov
0.6,140,Data not yet checked,2014-11-18,2014,Nov
1.1,140,Data not yet checked,2014-11-19,2014,Nov
2.2,140,Data not yet checked,2014-11-20,2014,Nov
3.7,140,Data not yet checked,2014-11-21,2014,Nov
5.3,140,Data not yet checked,2014-11-22,2014,Nov
4.8,140,Data not yet checked,2014-11-23,2014,Nov
5.1,140,Data not yet checked,2014-11-24,2014,Nov
7.1,140,Data not yet checked,2014-11-25,2014,Nov
7.8,140,Data not yet checked,2014-11-26,2014,Nov
8.1,140,Data not yet checked,2014-11-27,2014,Nov
8.9,140,Data not yet checked,2014-11-28,2014,Nov
6.4,140,Data not yet checked,2014-11-29,2014,Nov
1.5,140,Data not yet checked,2014-11-30,2014,Nov
0.9,140,Data not yet checked,2014-12-01,2014,Dec
2.1,140,Data not yet checked,2014-12-02,2014,Dec
2.3,140,Data not yet checked,2014-12-03,2014,Dec
2.8,140,Data not yet checked,2014-12-04,2014,Dec
3.5,140,Data not yet checked,2014-12-05,2014,Dec
3.8,140,Data not yet checked,2014-12-06,2014,Dec
4.2,140,Data not yet checked,2014-12-07,2014,Dec
4.8,140,Data not yet checked,2014-12-08,2014,Dec
5.7,140,Data not yet checked,2014-12-09,2014,Dec
7.4,140,Data not yet checked,2014-12-10,2014,Dec
8.2,140,Data not yet checked,2014-12-11,2014,Dec
8,140,Data not yet checked,2014-12-12,2014,Dec
6.3,140,Data not yet checked,2014-12-13,2014,Dec
4.6,140,Data not yet checked,2014-12-14,2014,Dec
4,140,Data not yet checked,2014-12-15,2014,Dec
4.5,140,Data not yet checked,2014-12-16,2014,Dec
4.6,140,Data not yet checked,2014-12-17,2014,Dec
5.1,140,Data not yet checked,2014-12-18,2014,Dec
5.9,140,Data not yet checked,2014-12-19,2014,Dec
5.9,140,Data not yet checked,2014-12-20,2014,Dec
7.4,140,Data not yet checked,2014-12-21,2014,Dec
6.7,140,Data not yet checked,2014-12-22,2014,Dec
6.1,140,Data not yet checked,2014-12-23,2014,Dec
6.5,140,Data not yet checked,2014-12-24,2014,Dec
4.7,140,Data not yet checked,2014-12-25,2014,Dec
4.3,140,Data not yet checked,2014-12-26,2014,Dec
4.2,140,Data not yet checked,2014-12-27,2014,Dec
4.8,140,Data not yet checked,2014-12-28,2014,Dec
3.4,140,Data not yet checked,2014-12-29,2014,Dec
1,140,Data not yet checked,2014-12-30,2014,Dec
0.2,140,Data not yet checked,2014-12-31,2014,Dec
0,140,Data not yet checked,2015-01-01,2015,Jan
0.6,140,Data not yet checked,2015-01-02,2015,Jan
1.7,140,Data not yet checked,2015-01-03,2015,Jan
2.4,140,Data not yet checked,2015-01-04,2015,Jan
4.8,140,Data not yet checked,2015-01-05,2015,Jan
5.1,140,Data not yet checked,2015-01-06,2015,Jan
4.8,140,Data not yet checked,2015-01-07,2015,Jan
4.3,140,Data not yet checked,2015-01-08,2015,Jan
4.1,140,Data not yet checked,2015-01-09,2015,Jan
4.1,140,Data not yet checked,2015-01-10,2015,Jan
4.4,140,Data not yet checked,2015-01-11,2015,Jan
4.3,140,Data not yet checked,2015-01-12,2015,Jan
4.5,140,Data not yet checked,2015-01-13,2015,Jan
4.4,140,Data not yet checked,2015-01-14,2015,Jan
4,140,Data not yet checked,2015-01-15,2015,Jan
5,140,Data not yet checked,2015-01-16,2015,Jan
4.2,140,Data not yet checked,2015-01-17,2015,Jan
5.8,140,Data not yet checked,2015-01-18,2015,Jan
5.6,140,Data not yet checked,2015-01-19,2015,Jan
4.6,140,Data not yet checked,2015-01-20,2015,Jan
3.6,140,Data not yet checked,2015-01-21,2015,Jan
3.6,140,Data not yet checked,2015-01-22,2015,Jan
4.4,140,Data not yet checked,2015-01-23,2015,Jan
6.7,140,Data not yet checked,2015-01-24,2015,Jan
6.8,140,Data not yet checked,2015-01-25,2015,Jan
6.1,140,Data not yet checked,2015-01-26,2015,Jan
5.6,140,Data not yet checked,2015-01-27,2015,Jan
5.8,140,Data not yet checked,2015-01-28,2015,Jan
5.4,140,Data not yet checked,2015-01-29,2015,Jan
5,140,Data not yet checked,2015-01-30,2015,Jan
4.6,140,Data not yet checked,2015-01-31,2015,Jan
4.2,140,Data not yet checked,2015-02-01,2015,Feb
4.7,140,Data not yet checked,2015-02-02,2015,Feb
5.7,140,Data not yet checked,2015-02-03,2015,Feb
5.5,140,Data not yet checked,2015-02-04,2015,Feb
6.3,140,Data not yet checked,2015-02-05,2015,Feb
8.1,140,Data not yet checked,2015-02-06,2015,Feb
8.2,140,Data not yet checked,2015-02-07,2015,Feb
7.6,140,Data not yet checked,2015-02-08,2015,Feb
7.9,140,Data not yet checked,2015-02-09,2015,Feb
7.5,140,Data not yet checked,2015-02-10,2015,Feb
6.8,140,Data not yet checked,2015-02-11,2015,Feb
7.4,140,Data not yet checked,2015-02-12,2015,Feb
6.8,140,Data not yet checked,2015-02-13,2015,Feb
7.1,140,Data not yet checked,2015-02-14,2015,Feb
6.5,140,Data not yet checked,2015-02-15,2015,Feb
5.6,140,Data not yet checked,2015-02-16,2015,Feb
5.3,140,Data not yet checked,2015-02-17,2015,Feb
5.4,140,Data not yet checked,2015-02-18,2015,Feb
6.4,140,Data not yet checked,2015-02-19,2015,Feb
7.1,140,Data not yet checked,2015-02-20,2015,Feb
6.5,140,Data not yet checked,2015-02-21,2015,Feb
4.4,140,Data not yet checked,2015-02-22,2015,Feb
3.6,140,Data not yet checked,2015-02-23,2015,Feb
4.3,140,Data not yet checked,2015-02-24,2015,Feb
5.6,140,Data not yet checked,2015-02-25,2015,Feb
6.6,140,Data not yet checked,2015-02-26,2015,Feb
6.2,140,Data not yet checked,2015-02-27,2015,Feb
5.4,140,Data not yet checked,2015-02-28,2015,Feb
4.5,140,Data not yet checked,2015-03-01,2015,Mar
4.6,140,Data not yet checked,2015-03-02,2015,Mar
4.4,140,Data not yet checked,2015-03-03,2015,Mar
4,140,Data not yet checked,2015-03-04,2015,Mar
4.8,140,Data not yet checked,2015-03-05,2015,Mar
6,140,Data not yet checked,2015-03-06,2015,Mar
6.8,140,Data not yet checked,2015-03-07,2015,Mar
7.2,140,Data not yet checked,2015-03-08,2015,Mar
7.6,140,Data not yet checked,2015-03-09,2015,Mar
8.1,140,Data not yet checked,2015-03-10,2015,Mar
8.7,140,Data not yet checked,2015-03-11,2015,Mar
9.8,140,Data not yet checked,2015-03-12,2015,Mar
9.7,140,Data not yet checked,2015-03-13,2015,Mar
9.9,140,Data not yet checked,2015-03-14,2015,Mar
9.7,140,Data not yet checked,2015-03-15,2015,Mar
9,140,Data not yet checked,2015-03-16,2015,Mar
8.6,140,Data not yet checked,2015-03-17,2015,Mar
9.2,140,Data not yet checked,2015-03-18,2015,Mar
8.9,140,Data not yet checked,2015-03-19,2015,Mar
9.2,140,Data not yet checked,2015-03-20,2015,Mar
10.4,140,Data not yet checked,2015-03-21,2015,Mar
8.8,140,Data not yet checked,2015-03-22,2015,Mar
8.9,140,Data not yet checked,2015-03-23,2015,Mar
7.3,140,Data not yet checked,2015-03-24,2015,Mar
7,140,Data not yet checked,2015-03-25,2015,Mar
8.9,140,Data not yet checked,2015-03-26,2015,Mar
10.2,140,Data not yet checked,2015-03-27,2015,Mar
10,140,Data not yet checked,2015-03-28,2015,Mar
9.3,140,Data not yet checked,2015-03-29,2015,Mar
9.7,140,Data not yet checked,2015-03-30,2015,Mar
9.6,140,Data not yet checked,2015-03-31,2015,Mar
8.6,140,Data not yet checked,2015-04-01,2015,Apr
8.2,140,Data not yet checked,2015-04-02,2015,Apr
8.1,140,Data not yet checked,2015-04-03,2015,Apr
9,140,Data not yet checked,2015-04-04,2015,Apr
7.4,140,Data not yet checked,2015-04-05,2015,Apr
8.2,140,Data not yet checked,2015-04-06,2015,Apr
9.1,140,Data not yet checked,2015-04-07,2015,Apr
9.8,140,Data not yet checked,2015-04-08,2015,Apr
10.1,140,Data not yet checked,2015-04-09,2015,Apr
10.1,140,Data not yet checked,2015-04-10,2015,Apr
9.6,140,Data not yet checked,2015-04-11,2015,Apr
8.6,140,Data not yet checked,2015-04-12,2015,Apr
9.8,140,Data not yet checked,2015-04-13,2015,Apr
9.4,140,Data not yet checked,2015-04-14,2015,Apr
8.9,140,Data not yet checked,2015-04-15,2015,Apr
9.7,140,Data not yet checked,2015-04-16,2015,Apr
11,140,Data not yet checked,2015-04-17,2015,Apr
11.6,140,Data not yet checked,2015-04-18,2015,Apr
11.9,140,Data not yet checked,2015-04-19,2015,Apr
12.6,140,Data not yet checked,2015-04-20,2015,Apr
13.3,140,Data not yet checked,2015-04-21,2015,Apr
12.4,140,Data not yet checked,2015-04-22,2015,Apr
10.8,140,Data not yet checked,2015-04-23,2015,Apr
10.8,140,Data not yet checked,2015-04-24,2015,Apr
10.9,140,Data not yet checked,2015-04-25,2015,Apr
11.2,140,Data not yet checked,2015-04-26,2015,Apr
12.1,140,Data not yet checked,2015-04-27,2015,Apr
13.7,140,Data not yet checked,2015-04-28,2015,Apr
12.9,140,Data not yet checked,2015-04-29,2015,Apr
12.6,140,Data not yet checked,2015-04-30,2015,Apr
13.4,140,Data not yet checked,2015-05-01,2015,May
14.1,140,Data not yet checked,2015-05-02,2015,May
13.9,140,Data not yet checked,2015-05-03,2015,May
14.3,140,Data not yet checked,2015-05-04,2015,May
13.6,140,Data not yet checked,2015-05-05,2015,May
13.2,140,Data not yet checked,2015-05-06,2015,May
13.9,140,Data not yet checked,2015-05-07,2015,May
14.3,140,Data not yet checked,2015-05-08,2015,May
14.7,140,Data not yet checked,2015-05-09,2015,May
14.8,140,Data not yet checked,2015-05-10,2015,May
14.6,140,Data not yet checked,2015-05-11,2015,May
13.6,140,Data not yet checked,2015-05-12,2015,May
12.3,140,Data not yet checked,2015-05-13,2015,May
13.9,140,Data not yet checked,2015-05-14,2015,May
13.9,140,Data not yet checked,2015-05-15,2015,May
15.3,140,Data not yet checked,2015-05-16,2015,May
16,140,Data not yet checked,2015-05-17,2015,May
16.8,140,Data not yet checked,2015-05-18,2015,May
18,140,Data not yet checked,2015-05-19,2015,May
18,140,Data not yet checked,2015-05-20,2015,May
17.4,140,Data not yet checked,2015-05-21,2015,May
16.9,140,Data not yet checked,2015-05-22,2015,May
17.9,140,Data not yet checked,2015-05-23,2015,May
18.7,140,Data not yet checked,2015-05-24,2015,May
17.8,140,Data not yet checked,2015-05-25,2015,May
18.1,140,Data not yet checked,2015-05-26,2015,May
17.4,140,Data not yet checked,2015-05-27,2015,May
18.6,140,Data not yet checked,2015-05-28,2015,May
19.7,140,Data not yet checked,2015-05-29,2015,May
20.6,140,Data not yet checked,2015-05-30,2015,May
20.6,140,Data not yet checked,2015-05-31,2015,May
19,140,Data not yet checked,2015-06-01,2015,Jun
18,140,Data not yet checked,2015-06-02,2015,Jun
17.8,140,Data not yet checked,2015-06-03,2015,Jun
18.6,140,Data not yet checked,2015-06-04,2015,Jun
19.6,140,Data not yet checked,2015-06-05,2015,Jun
20.5,140,Data not yet checked,2015-06-06,2015,Jun
21.7,140,Data not yet checked,2015-06-07,2015,Jun
22.9,140,Data not yet checked,2015-06-08,2015,Jun
22.7,140,Data not yet checked,2015-06-09,2015,Jun
22.1,140,Data not yet checked,2015-06-10,2015,Jun
21.7,140,Data not yet checked,2015-06-11,2015,Jun
21,140,Data not yet checked,2015-06-12,2015,Jun
19.8,140,Data not yet checked,2015-06-13,2015,Jun
19.9,140,Data not yet checked,2015-06-14,2015,Jun
20.4,140,Data not yet checked,2015-06-15,2015,Jun
21.2,140,Data not yet checked,2015-06-16,2015,Jun
21.4,140,Data not yet checked,2015-06-17,2015,Jun
21.3,140,Data not yet checked,2015-06-18,2015,Jun
20.8,140,Data not yet checked,2015-06-19,2015,Jun
20.5,140,Data not yet checked,2015-06-20,2015,Jun
19.6,140,Data not yet checked,2015-06-21,2015,Jun
20.4,140,Data not yet checked,2015-06-22,2015,Jun
20.5,140,Data not yet checked,2015-06-23,2015,Jun
20.6,140,Data not yet checked,2015-06-24,2015,Jun
21.9,140,Data not yet checked,2015-06-25,2015,Jun
23.5,140,Data not yet checked,2015-06-26,2015,Jun
24.6,140,Data not yet checked,2015-06-27,2015,Jun
25.6,140,Data not yet checked,2015-06-28,2015,Jun
25,140,Data not yet checked,2015-06-29,2015,Jun
25.2,140,Data not yet checked,2015-06-30,2015,Jun
25,140,Data not yet checked,2015-07-01,2015,Jul
25,140,Data not yet checked,2015-07-02,2015,Jul
25.2,140,Data not yet checked,2015-07-03,2015,Jul
25,140,Data not yet checked,2015-07-04,2015,Jul
24.9,140,Data not yet checked,2015-07-05,2015,Jul
24.8,140,Data not yet checked,2015-07-06,2015,Jul
25,140,Data not yet checked,2015-07-07,2015,Jul
24.9,140,Data not yet checked,2015-07-08,2015,Jul
24.8,140,Data not yet checked,2015-07-09,2015,Jul
24.4,140,Data not yet checked,2015-07-10,2015,Jul
22.1,140,Data not yet checked,2015-07-11,2015,Jul
22.2,140,Data not yet checked,2015-07-12,2015,Jul
22.5,140,Data not yet checked,2015-07-13,2015,Jul
22.7,140,Data not yet checked,2015-07-14,2015,Jul
22.5,140,Data not yet checked,2015-07-15,2015,Jul
21.4,140,Data not yet checked,2015-07-16,2015,Jul
21.7,140,Data not yet checked,2015-07-17,2015,Jul
22.3,140,Data not yet checked,2015-07-18,2015,Jul
23.1,140,Data not yet checked,2015-07-19,2015,Jul
23.3,140,Data not yet checked,2015-07-20,2015,Jul
22.6,140,Data not yet checked,2015-07-21,2015,Jul
21.5,140,Data not yet checked,2015-07-22,2015,Jul
21.4,140,Data not yet checked,2015-07-23,2015,Jul
21.7,140,Data not yet checked,2015-07-24,2015,Jul
20.8,140,Data not yet checked,2015-07-25,2015,Jul
20,140,Data not yet checked,2015-07-26,2015,Jul
19.5,140,Data not yet checked,2015-07-27,2015,Jul
20.6,140,Data not yet checked,2015-07-28,2015,Jul
21.4,140,Data not yet checked,2015-07-29,2015,Jul
22.5,140,Data not yet checked,2015-07-30,2015,Jul
23.1,140,Data not yet checked,2015-07-31,2015,Jul
23.4,140,Data not yet checked,2015-08-01,2015,Aug
22.9,140,Data not yet checked,2015-08-02,2015,Aug
21.2,140,Data not yet checked,2015-08-03,2015,Aug
21.6,140,Data not yet checked,2015-08-04,2015,Aug
21.1,140,Data not yet checked,2015-08-05,2015,Aug
21,140,Data not yet checked,2015-08-06,2015,Aug
21.1,140,Data not yet checked,2015-08-07,2015,Aug
21.6,140,Data not yet checked,2015-08-08,2015,Aug
22.2,140,Data not yet checked,2015-08-09,2015,Aug
21.3,140,Data not yet checked,2015-08-10,2015,Aug
21.9,140,Data not yet checked,2015-08-11,2015,Aug
23.2,140,Data not yet checked,2015-08-12,2015,Aug
23.9,140,Data not yet checked,2015-08-13,2015,Aug
22.2,140,Data not yet checked,2015-08-14,2015,Aug
20.6,140,Data not yet checked,2015-08-15,2015,Aug
20.5,140,Data not yet checked,2015-08-16,2015,Aug
20.4,140,Data not yet checked,2015-08-17,2015,Aug
20.8,140,Data not yet checked,2015-08-18,2015,Aug
21.2,140,Data not yet checked,2015-08-19,2015,Aug
21,140,Data not yet checked,2015-08-20,2015,Aug
19.6,140,Data not yet checked,2015-08-21,2015,Aug
18.9,140,Data not yet checked,2015-08-22,2015,Aug
18.7,140,Data not yet checked,2015-08-23,2015,Aug
19.2,140,Data not yet checked,2015-08-24,2015,Aug
20,140,Data not yet checked,2015-08-25,2015,Aug
20.3,140,Data not yet checked,2015-08-26,2015,Aug
20.6,140,Data not yet checked,2015-08-27,2015,Aug
19.3,140,Data not yet checked,2015-08-28,2015,Aug
19.3,140,Data not yet checked,2015-08-29,2015,Aug
17.5,140,Data not yet checked,2015-08-30,2015,Aug
17.9,140,Data not yet checked,2015-08-31,2015,Aug
18.7,140,Data not yet checked,2015-09-01,2015,Sep
17.8,140,Data not yet checked,2015-09-02,2015,Sep
17.1,140,Data not yet checked,2015-09-03,2015,Sep
15.7,140,Data not yet checked,2015-09-04,2015,Sep
14.5,140,Data not yet checked,2015-09-05,2015,Sep
14.5,140,Data not yet checked,2015-09-06,2015,Sep
15.6,140,Data not yet checked,2015-09-07,2015,Sep
16.2,140,Data not yet checked,2015-09-08,2015,Sep
17.3,140,Data not yet checked,2015-09-09,2015,Sep
17.9,140,Data not yet checked,2015-09-10,2015,Sep
18.4,140,Data not yet checked,2015-09-11,2015,Sep
18.8,140,Data not yet checked,2015-09-12,2015,Sep
18.7,140,Data not yet checked,2015-09-13,2015,Sep
16.2,140,Data not yet checked,2015-09-14,2015,Sep
14.9,140,Data not yet checked,2015-09-15,2015,Sep
15.5,140,Data not yet checked,2015-09-16,2015,Sep
15.5,140,Data not yet checked,2015-09-17,2015,Sep
16,140,Data not yet checked,2015-09-18,2015,Sep
15.8,140,Data not yet checked,2015-09-19,2015,Sep
16.9,140,Data not yet checked,2015-09-20,2015,Sep
17.3,140,Data not yet checked,2015-09-21,2015,Sep
15.5,140,Data not yet checked,2015-09-22,2015,Sep
14.8,140,Data not yet checked,2015-09-23,2015,Sep
14.5,140,Data not yet checked,2015-09-24,2015,Sep
14.9,140,Data not yet checked,2015-09-25,2015,Sep
15.3,140,Data not yet checked,2015-09-26,2015,Sep
13.7,140,Data not yet checked,2015-09-27,2015,Sep
13.1,140,Data not yet checked,2015-09-28,2015,Sep
13.4,140,Data not yet checked,2015-09-29,2015,Sep
13.6,140,Data not yet checked,2015-09-30,2015,Sep
14.3,140,Data not yet checked,2015-10-01,2015,Oct
14.3,140,Data not yet checked,2015-10-01,2015,Oct
14,140,Data not yet checked,2015-10-02,2015,Oct
14.3,140,Data not yet checked,2015-10-03,2015,Oct
13.6,140,Data not yet checked,2015-10-04,2015,Oct
13.2,140,Data not yet checked,2015-10-05,2015,Oct
13.2,140,Data not yet checked,2015-10-06,2015,Oct
14,140,Data not yet checked,2015-10-07,2015,Oct
15.1,140,Data not yet checked,2015-10-08,2015,Oct
15.5,140,Data not yet checked,2015-10-09,2015,Oct
15.3,140,Data not yet checked,2015-10-10,2015,Oct
14.1,140,Data not yet checked,2015-10-11,2015,Oct
13.5,140,Data not yet checked,2015-10-12,2015,Oct
13.3,140,Data not yet checked,2015-10-14,2015,Oct
12.6,140,Data not yet checked,2015-10-15,2015,Oct
12.5,140,Data not yet checked,2015-10-16,2015,Oct
12.3,140,Data not yet checked,2015-10-17,2015,Oct
13.6,140,Data not yet checked,2015-10-18,2015,Oct
13.5,140,Data not yet checked,2015-10-19,2015,Oct
13.3,140,Data not yet checked,2015-10-20,2015,Oct
12,140,Data not yet checked,2015-10-21,2015,Oct
11.8,140,Data not yet checked,2015-10-22,2015,Oct
11,140,Data not yet checked,2015-10-23,2015,Oct
10.6,140,Data not yet checked,2015-10-24,2015,Oct
10,140,Data not yet checked,2015-10-25,2015,Oct
11.3,140,Data not yet checked,2015-10-26,2015,Oct
10.6,140,Data not yet checked,2015-10-27,2015,Oct
9.8,140,Data not yet checked,2015-10-28,2015,Oct
11.1,140,Data not yet checked,2015-10-29,2015,Oct
11.6,140,Data not yet checked,2015-10-30,2015,Oct
12.5,140,Data not yet checked,2015-10-31,2015,Oct
11.2,140,Data not yet checked,2015-11-01,2015,Nov
10.3,140,Data not yet checked,2015-11-02,2015,Nov
8.8,140,Data not yet checked,2015-11-03,2015,Nov
7.4,140,Data not yet checked,2015-11-04,2015,Nov
7.6,140,Data not yet checked,2015-11-05,2015,Nov
8.5,140,Data not yet checked,2015-11-06,2015,Nov
8.7,140,Data not yet checked,2015-11-07,2015,Nov
9.6,140,Data not yet checked,2015-11-08,2015,Nov
9,140,Data not yet checked,2015-11-09,2015,Nov
8.1,140,Data not yet checked,2015-11-10,2015,Nov
7.5,140,Data not yet checked,2015-11-11,2015,Nov
7.2,140,Data not yet checked,2015-11-12,2015,Nov
9.1,140,Data not yet checked,2015-11-13,2015,Nov
9.7,140,Data not yet checked,2015-11-14,2015,Nov
8.1,140,Data not yet checked,2015-11-15,2015,Nov
6.3,140,Data not yet checked,2015-11-16,2015,Nov
8.2,140,Data not yet checked,2015-11-17,2015,Nov
7.3,140,Data not yet checked,2015-11-18,2015,Nov
6.9,140,Data not yet checked,2015-11-19,2015,Nov
6.5,140,Data not yet checked,2015-11-20,2015,Nov
4.4,140,Data not yet checked,2015-11-21,2015,Nov
3.2,140,Data not yet checked,2015-11-22,2015,Nov
3.5,140,Data not yet checked,2015-11-23,2015,Nov
3.7,140,Data not yet checked,2015-11-24,2015,Nov
3.6,140,Data not yet checked,2015-11-25,2015,Nov
1.5,140,Data not yet checked,2015-11-26,2015,Nov
0.6,140,Data not yet checked,2015-11-27,2015,Nov
1.2,140,Data not yet checked,2015-11-28,2015,Nov
1.5,140,Data not yet checked,2015-11-29,2015,Nov
1.4,140,Data not yet checked,2015-11-30,2015,Nov
1.6,140,Data not yet checked,2015-12-01,2015,Dec
1.8,140,Data not yet checked,2015-12-02,2015,Dec
2.8,140,Data not yet checked,2015-12-03,2015,Dec
4.7,140,Data not yet checked,2015-12-04,2015,Dec
4.2,140,Data not yet checked,2015-12-05,2015,Dec
6,140,Data not yet checked,2015-12-06,2015,Dec
6.8,140,Data not yet checked,2015-12-07,2015,Dec
7.9,140,Data not yet checked,2015-12-08,2015,Dec
8.3,140,Data not yet checked,2015-12-09,2015,Dec
6.6,140,Data not yet checked,2015-12-10,2015,Dec
6.3,140,Data not yet checked,2015-12-11,2015,Dec
6.1,140,Data not yet checked,2015-12-12,2015,Dec
6.2,140,Data not yet checked,2015-12-13,2015,Dec
5.3,140,Data not yet checked,2015-12-14,2015,Dec
4.2,140,Data not yet checked,2015-12-15,2015,Dec
4.2,140,Data not yet checked,2015-12-16,2015,Dec
3.1,140,Data not yet checked,2015-12-17,2015,Dec
4.2,140,Data not yet checked,2015-12-18,2015,Dec
4.5,140,Data not yet checked,2015-12-19,2015,Dec
3.8,140,Data not yet checked,2015-12-20,2015,Dec
4.5,140,Data not yet checked,2015-12-21,2015,Dec
4.4,140,Data not yet checked,2015-12-22,2015,Dec
3.7,140,Data not yet checked,2015-12-23,2015,Dec
3.5,140,Data not yet checked,2015-12-24,2015,Dec
3.1,140,Data not yet checked,2015-12-25,2015,Dec
2.8,140,Data not yet checked,2015-12-26,2015,Dec
2.7,140,Data not yet checked,2015-12-27,2015,Dec
3,140,Data not yet checked,2015-12-28,2015,Dec
3,140,Data not yet checked,2015-12-29,2015,Dec
2.7,140,Data not yet checked,2015-12-30,2015,Dec
1.7,140,Data not yet checked,2015-12-31,2015,Dec
0.8,140,Data not yet checked,2016-01-01,2016,Jan
0.2,140,Data not yet checked,2016-01-02,2016,Jan
0,140,Data not yet checked,2016-01-03,2016,Jan
0.3,140,Data not yet checked,2016-01-04,2016,Jan
1.1,140,Data not yet checked,2016-01-05,2016,Jan
2.3,140,Data not yet checked,2016-01-06,2016,Jan
2.6,140,Data not yet checked,2016-01-07,2016,Jan
3.1,140,Data not yet checked,2016-01-08,2016,Jan
3.2,140,Data not yet checked,2016-01-09,2016,Jan
3.1,140,Data not yet checked,2016-01-10,2016,Jan
2.2,140,Data not yet checked,2016-01-11,2016,Jan
2.7,140,Data not yet checked,2016-01-12,2016,Jan
4.8,140,Data not yet checked,2016-01-13,2016,Jan
3.9,140,Data not yet checked,2016-01-14,2016,Jan
3.3,140,Data not yet checked,2016-01-15,2016,Jan
3.9,140,Data not yet checked,2016-01-16,2016,Jan
4.3,140,Data not yet checked,2016-01-17,2016,Jan
5.1,140,Data not yet checked,2016-01-18,2016,Jan
4.9,140,Data not yet checked,2016-01-19,2016,Jan
5.3,140,Data not yet checked,2016-01-20,2016,Jan
5.7,140,Data not yet checked,2016-01-21,2016,Jan
6.6,140,Data not yet checked,2016-01-22,2016,Jan
5.7,140,Data not yet checked,2016-01-23,2016,Jan
5.7,140,Data not yet checked,2016-01-24,2016,Jan
4.7,140,Data not yet checked,2016-01-25,2016,Jan
4.7,140,Data not yet checked,2016-01-26,2016,Jan
5.9,140,Data not yet checked,2016-01-27,2016,Jan
6.4,140,Data not yet checked,2016-01-28,2016,Jan
5.8,140,Data not yet checked,2016-01-29,2016,Jan
5.2,140,Data not yet checked,2016-01-30,2016,Jan
4.6,140,Data not yet checked,2016-01-31,2016,Jan
4.3,140,Data not yet checked,2016-02-01,2016,Feb
4.3,140,Data not yet checked,2016-02-02,2016,Feb
4.1,140,Data not yet checked,2016-02-03,2016,Feb
5.4,140,Data not yet checked,2016-02-04,2016,Feb
5.9,140,Data not yet checked,2016-02-05,2016,Feb
5.9,140,Data not yet checked,2016-02-06,2016,Feb
4.8,140,Data not yet checked,2016-02-07,2016,Feb
4.9,140,Data not yet checked,2016-02-08,2016,Feb
4.8,140,Data not yet checked,2016-02-09,2016,Feb
5.1,140,Data not yet checked,2016-02-10,2016,Feb
6.5,140,Data not yet checked,2016-02-11,2016,Feb
7.1,140,Data not yet checked,2016-02-12,2016,Feb
6.8,140,Data not yet checked,2016-02-13,2016,Feb
6.9,140,Data not yet checked,2016-02-14,2016,Feb
7.7,140,Data not yet checked,2016-02-15,2016,Feb
7.5,140,Data not yet checked,2016-02-16,2016,Feb
7.3,140,Data not yet checked,2016-02-17,2016,Feb
7.3,140,Data not yet checked,2016-02-18,2016,Feb
6.5,140,Data not yet checked,2016-02-19,2016,Feb
5.9,140,Data not yet checked,2016-02-20,2016,Feb
5.1,140,Data not yet checked,2016-02-21,2016,Feb
5.6,140,Data not yet checked,2016-02-22,2016,Feb
5.1,140,Data not yet checked,2016-02-23,2016,Feb
5.5,140,Data not yet checked,2016-02-24,2016,Feb
5.9,140,Data not yet checked,2016-02-25,2016,Feb
6.2,140,Data not yet checked,2016-02-26,2016,Feb
7.7,140,Data not yet checked,2016-02-27,2016,Feb
6.6,140,Data not yet checked,2016-02-28,2016,Feb
6.5,140,Data not yet checked,2016-02-29,2016,Feb
6.6,140,Data not yet checked,2016-03-01,2016,Mar
6.9,140,Data not yet checked,2016-03-02,2016,Mar
7.9,140,Data not yet checked,2016-03-03,2016,Mar
7.4,140,Data not yet checked,2016-03-04,2016,Mar
8.7,140,Data not yet checked,2016-03-05,2016,Mar
8.8,140,Data not yet checked,2016-03-06,2016,Mar
7,140,Data not yet checked,2016-03-07,2016,Mar
6.3,140,Data not yet checked,2016-03-08,2016,Mar
7,140,Data not yet checked,2016-03-09,2016,Mar
7.8,140,Data not yet checked,2016-03-10,2016,Mar
6.8,140,Data not yet checked,2016-03-11,2016,Mar
7.5,140,Data not yet checked,2016-03-12,2016,Mar
6.4,140,Data not yet checked,2016-03-13,2016,Mar
6.4,140,Data not yet checked,2016-03-14,2016,Mar
6.1,140,Data not yet checked,2016-03-15,2016,Mar
6.4,140,Data not yet checked,2016-03-16,2016,Mar
6.4,140,Data not yet checked,2016-03-17,2016,Mar
6,140,Data not yet checked,2016-03-18,2016,Mar
7.1,140,Data not yet checked,2016-03-19,2016,Mar
8,140,Data not yet checked,2016-03-20,2016,Mar
8.7,140,Data not yet checked,2016-03-21,2016,Mar
6.7,140,Data not yet checked,2016-03-22,2016,Mar
7.1,140,Data not yet checked,2016-03-23,2016,Mar
7.3,140,Data not yet checked,2016-03-24,2016,Mar
6.7,140,Data not yet checked,2016-03-25,2016,Mar
6.9,140,Data not yet checked,2016-03-26,2016,Mar
7.5,140,Data not yet checked,2016-03-27,2016,Mar
6.2,140,Data not yet checked,2016-03-28,2016,Mar
7.3,140,Data not yet checked,2016-03-29,2016,Mar
7.9,140,Data not yet checked,2016-03-30,2016,Mar
8.9,140,Data not yet checked,2016-03-31,2016,Mar
9.7,140,Data not yet checked,2016-04-01,2016,Apr
10.5,140,Data not yet checked,2016-04-02,2016,Apr
10.5,140,Data not yet checked,2016-04-03,2016,Apr
9.9,140,Data not yet checked,2016-04-04,2016,Apr
8.6,140,Data not yet checked,2016-04-05,2016,Apr
9.4,140,Data not yet checked,2016-04-06,2016,Apr
10.7,140,Data not yet checked,2016-04-07,2016,Apr
11.6,140,Data not yet checked,2016-04-08,2016,Apr
11.9,140,Data not yet checked,2016-04-09,2016,Apr
11.3,140,Data not yet checked,2016-04-10,2016,Apr
11.2,140,Data not yet checked,2016-04-11,2016,Apr
10.3,140,Data not yet checked,2016-04-13,2016,Apr
9.9,140,Data not yet checked,2016-04-14,2016,Apr
10,140,Data not yet checked,2016-04-15,2016,Apr
10.4,140,Data not yet checked,2016-04-16,2016,Apr
11.5,140,Data not yet checked,2016-04-17,2016,Apr
12.3,140,Data not yet checked,2016-04-18,2016,Apr
12.8,140,Data not yet checked,2016-04-19,2016,Apr
13.2,140,Data not yet checked,2016-04-20,2016,Apr
13.3,140,Data not yet checked,2016-04-21,2016,Apr
13,140,Data not yet checked,2016-04-22,2016,Apr
11.8,140,Data not yet checked,2016-04-23,2016,Apr
11.6,140,Data not yet checked,2016-04-24,2016,Apr
10.9,140,Data not yet checked,2016-04-25,2016,Apr
10.7,140,Data not yet checked,2016-04-26,2016,Apr
10.9,140,Data not yet checked,2016-04-27,2016,Apr
11.9,140,Data not yet checked,2016-04-28,2016,Apr
10.8,140,Data not yet checked,2016-04-29,2016,Apr
11.3,140,Data not yet checked,2016-04-30,2016,Apr
12.5,140,Data not yet checked,2016-05-01,2016,May
14.1,140,Data not yet checked,2016-05-02,2016,May
14.9,140,Data not yet checked,2016-05-03,2016,May
15,140,Data not yet checked,2016-05-04,2016,May
15.1,140,Data not yet checked,2016-05-05,2016,May
15.4,140,Data not yet checked,2016-05-06,2016,May
15.6,140,Data not yet checked,2016-05-07,2016,May
15.3,140,Data not yet checked,2016-05-08,2016,May
12.5,140,Data not yet checked,2016-05-09,2016,May
12.9,140,Data not yet checked,2016-05-10,2016,May
14.1,140,Data not yet checked,2016-05-11,2016,May
15,140,Data not yet checked,2016-05-12,2016,May
15.7,140,Data not yet checked,2016-05-13,2016,May
14,140,Data not yet checked,2016-05-14,2016,May
12.4,140,Data not yet checked,2016-05-15,2016,May
13.6,140,Data not yet checked,2016-05-16,2016,May
14.8,140,Data not yet checked,2016-05-17,2016,May
16.5,140,Data not yet checked,2016-05-18,2016,May
15.3,140,Data not yet checked,2016-05-19,2016,May
13.6,140,Data not yet checked,2016-05-20,2016,May
12.8,140,Data not yet checked,2016-05-21,2016,May
12.8,140,Data not yet checked,2016-05-22,2016,May
13.4,140,Data not yet checked,2016-05-23,2016,May
13.8,140,Data not yet checked,2016-05-24,2016,May
15.1,140,Data not yet checked,2016-05-25,2016,May
15.1,140,Data not yet checked,2016-05-26,2016,May
14.1,140,Data not yet checked,2016-05-27,2016,May
14.9,140,Data not yet checked,2016-05-28,2016,May
15.9,140,Data not yet checked,2016-05-29,2016,May
16.5,140,Data not yet checked,2016-05-30,2016,May
16.7,140,Data not yet checked,2016-05-31,2016,May
17.1,140,Data not yet checked,2016-06-01,2016,Jun
16.6,140,Data not yet checked,2016-06-02,2016,Jun
18.1,140,Data not yet checked,2016-06-03,2016,Jun
19.5,140,Data not yet checked,2016-06-04,2016,Jun
19.7,140,Data not yet checked,2016-06-05,2016,Jun
20.9,140,Data not yet checked,2016-06-06,2016,Jun
21.8,140,Data not yet checked,2016-06-07,2016,Jun
20.7,140,Data not yet checked,2016-06-08,2016,Jun
19.4,140,Data not yet checked,2016-06-09,2016,Jun
17.6,140,Data not yet checked,2016-06-10,2016,Jun
16.8,140,Data not yet checked,2016-06-11,2016,Jun
17.5,140,Data not yet checked,2016-06-12,2016,Jun
17,140,Data not yet checked,2016-06-13,2016,Jun
16.3,140,Data not yet checked,2016-06-14,2016,Jun
16.2,140,Data not yet checked,2016-06-15,2016,Jun
15.5,140,Data not yet checked,2016-06-16,2016,Jun
15.6,140,Data not yet checked,2016-06-17,2016,Jun
15.5,140,Data not yet checked,2016-06-18,2016,Jun
15.9,140,Data not yet checked,2016-06-19,2016,Jun
17.7,140,Data not yet checked,2016-06-20,2016,Jun
18.4,140,Data not yet checked,2016-06-21,2016,Jun
18.9,140,Data not yet checked,2016-06-22,2016,Jun
19.1,140,Data not yet checked,2016-06-23,2016,Jun
17.9,140,Data not yet checked,2016-06-24,2016,Jun
18.6,140,Data not yet checked,2016-06-25,2016,Jun
19.8,140,Data not yet checked,2016-06-26,2016,Jun
21.1,140,Data not yet checked,2016-06-27,2016,Jun
22.3,140,Data not yet checked,2016-06-28,2016,Jun
22.9,140,Data not yet checked,2016-06-29,2016,Jun
22.6,140,Data not yet checked,2016-06-30,2016,Jun
21.9,140,Data not yet checked,2016-07-01,2016,Jul
21.2,140,Data not yet checked,2016-07-02,2016,Jul
21.3,140,Data not yet checked,2016-07-03,2016,Jul
20.5,140,Data not yet checked,2016-07-04,2016,Jul
19.9,140,Data not yet checked,2016-07-05,2016,Jul
20.4,140,Data not yet checked,2016-07-06,2016,Jul
19.4,140,Data not yet checked,2016-07-07,2016,Jul
19.4,140,Data not yet checked,2016-07-08,2016,Jul
20.1,140,Data not yet checked,2016-07-09,2016,Jul
17.7,140,Data not yet checked,2016-07-10,2016,Jul
17.8,140,Data not yet checked,2016-07-11,2016,Jul
17.8,140,Data not yet checked,2016-07-12,2016,Jul
19.4,140,Data not yet checked,2016-07-13,2016,Jul
20.3,140,Data not yet checked,2016-07-14,2016,Jul
20.4,140,Data not yet checked,2016-07-15,2016,Jul
20.3,140,Data not yet checked,2016-07-16,2016,Jul
20.6,140,Data not yet checked,2016-07-17,2016,Jul
20.6,140,Data not yet checked,2016-07-18,2016,Jul
20.8,140,Data not yet checked,2016-07-19,2016,Jul
21,140,Data not yet checked,2016-07-20,2016,Jul
21.7,140,Data not yet checked,2016-07-21,2016,Jul
21.3,140,Data not yet checked,2016-07-22,2016,Jul
21,140,Data not yet checked,2016-07-23,2016,Jul
21.3,140,Data not yet checked,2016-07-24,2016,Jul
22.3,140,Data not yet checked,2016-07-25,2016,Jul
23.2,140,Data not yet checked,2016-07-26,2016,Jul
23.5,140,Data not yet checked,2016-07-27,2016,Jul
23.8,140,Data not yet checked,2016-07-28,2016,Jul
24.1,140,Data not yet checked,2016-07-29,2016,Jul
23.3,140,Data not yet checked,2016-07-30,2016,Jul
21.4,140,Data not yet checked,2016-07-31,2016,Jul
21.2,140,Data not yet checked,2016-08-01,2016,Aug
20.6,140,Data not yet checked,2016-08-02,2016,Aug
20.2,140,Data not yet checked,2016-08-03,2016,Aug
21.2,140,Data not yet checked,2016-08-04,2016,Aug
21.6,140,Data not yet checked,2016-08-05,2016,Aug
21.3,140,Data not yet checked,2016-08-06,2016,Aug
20.1,140,Data not yet checked,2016-08-07,2016,Aug
19.2,140,Data not yet checked,2016-08-08,2016,Aug
19.5,140,Data not yet checked,2016-08-09,2016,Aug
20.1,140,Data not yet checked,2016-08-10,2016,Aug
20.9,140,Data not yet checked,2016-08-11,2016,Aug
21.6,140,Data not yet checked,2016-08-12,2016,Aug
22,140,Data not yet checked,2016-08-13,2016,Aug
22.1,140,Data not yet checked,2016-08-14,2016,Aug
22.2,140,Data not yet checked,2016-08-15,2016,Aug
21.8,140,Data not yet checked,2016-08-16,2016,Aug
22.2,140,Data not yet checked,2016-08-17,2016,Aug
22.3,140,Data not yet checked,2016-08-18,2016,Aug
22,140,Data not yet checked,2016-08-19,2016,Aug
21.4,140,Data not yet checked,2016-08-20,2016,Aug
20.6,140,Data not yet checked,2016-08-21,2016,Aug
19.5,140,Data not yet checked,2016-08-22,2016,Aug
19,140,Data not yet checked,2016-08-23,2016,Aug
19.5,140,Data not yet checked,2016-08-24,2016,Aug
19.8,140,Data not yet checked,2016-08-25,2016,Aug
19.8,140,Data not yet checked,2016-08-26,2016,Aug
19.7,140,Data not yet checked,2016-08-27,2016,Aug
20.2,140,Data not yet checked,2016-08-28,2016,Aug
20.3,140,Data not yet checked,2016-08-29,2016,Aug
19.7,140,Data not yet checked,2016-08-30,2016,Aug
18.7,140,Data not yet checked,2016-08-31,2016,Aug
18.8,140,Data not yet checked,2016-09-01,2016,Sep
18.4,140,Data not yet checked,2016-09-02,2016,Sep
17.9,140,Data not yet checked,2016-09-03,2016,Sep
16.6,140,Data not yet checked,2016-09-04,2016,Sep
16.9,140,Data not yet checked,2016-09-05,2016,Sep
15.9,140,Data not yet checked,2016-09-06,2016,Sep
16.6,140,Data not yet checked,2016-09-07,2016,Sep
16.9,140,Data not yet checked,2016-09-08,2016,Sep
16.2,140,Data not yet checked,2016-09-09,2016,Sep
16.5,140,Data not yet checked,2016-09-10,2016,Sep
16.9,140,Data not yet checked,2016-09-11,2016,Sep
15.5,140,Data not yet checked,2016-09-12,2016,Sep
14.8,140,Data not yet checked,2016-09-13,2016,Sep
14.5,140,Data not yet checked,2016-09-14,2016,Sep
15,140,Data not yet checked,2016-09-15,2016,Sep
15.8,140,Data not yet checked,2016-09-16,2016,Sep
15.5,140,Data not yet checked,2016-09-17,2016,Sep
16,140,Data not yet checked,2016-09-18,2016,Sep
15.2,140,Data not yet checked,2016-09-19,2016,Sep
14.9,140,Data not yet checked,2016-09-20,2016,Sep
13.6,140,Data not yet checked,2016-09-21,2016,Sep
12.6,140,Data not yet checked,2016-09-22,2016,Sep
13.3,140,Data not yet checked,2016-09-23,2016,Sep
13.9,140,Data not yet checked,2016-09-24,2016,Sep
14.4,140,Data not yet checked,2016-09-25,2016,Sep
15.4,140,Data not yet checked,2016-09-26,2016,Sep
16,140,Data not yet checked,2016-09-27,2016,Sep
15.7,140,Data not yet checked,2016-09-28,2016,Sep
15.4,140,Data not yet checked,2016-09-29,2016,Sep
15.4,140,Data not yet checked,2016-09-30,2016,Sep
14.4,140,Data not yet checked,2016-10-01,2016,Oct
14.4,140,Data not yet checked,2016-10-01,2016,Oct
13.1,140,Data not yet checked,2016-10-02,2016,Oct
12.8,140,Data not yet checked,2016-10-03,2016,Oct
12.6,140,Data not yet checked,2016-10-04,2016,Oct
13.2,140,Data not yet checked,2016-10-06,2016,Oct
13.1,140,Data not yet checked,2016-10-07,2016,Oct
13.7,140,Data not yet checked,2016-10-08,2016,Oct
13.9,140,Data not yet checked,2016-10-09,2016,Oct
13,140,Data not yet checked,2016-10-10,2016,Oct
11.3,140,Data not yet checked,2016-10-11,2016,Oct
10.1,140,Data not yet checked,2016-10-12,2016,Oct
10.7,140,Data not yet checked,2016-10-13,2016,Oct
11.8,140,Data not yet checked,2016-10-14,2016,Oct
11.5,140,Data not yet checked,2016-10-15,2016,Oct
11.6,140,Data not yet checked,2016-10-16,2016,Oct
11,140,Data not yet checked,2016-10-17,2016,Oct
10.3,140,Data not yet checked,2016-10-18,2016,Oct
10.2,140,Data not yet checked,2016-10-19,2016,Oct
11.2,140,Data not yet checked,2016-10-20,2016,Oct
11.5,140,Data not yet checked,2016-10-21,2016,Oct
10.9,140,Data not yet checked,2016-10-22,2016,Oct
10.2,140,Data not yet checked,2016-10-23,2016,Oct
10.9,140,Data not yet checked,2016-10-24,2016,Oct
12,140,Data not yet checked,2016-10-25,2016,Oct
12.2,140,Data not yet checked,2016-10-26,2016,Oct
11.8,140,Data not yet checked,2016-10-27,2016,Oct
10.7,140,Data not yet checked,2016-10-28,2016,Oct
10,140,Data not yet checked,2016-10-29,2016,Oct
9.9,140,Data not yet checked,2016-10-30,2016,Oct
10.1,140,Data not yet checked,2016-10-31,2016,Oct
9.9,140,Data not yet checked,2016-11-01,2016,Nov
9.6,140,Data not yet checked,2016-11-02,2016,Nov
9.9,140,Data not yet checked,2016-11-03,2016,Nov
9.8,140,Data not yet checked,2016-11-04,2016,Nov
9.4,140,Data not yet checked,2016-11-05,2016,Nov
9.9,140,Data not yet checked,2016-11-06,2016,Nov
9.5,140,Data not yet checked,2016-11-07,2016,Nov
9.8,140,Data not yet checked,2016-11-08,2016,Nov
9.8,140,Data not yet checked,2016-11-09,2016,Nov
9.4,140,Data not yet checked,2016-11-10,2016,Nov
9.5,140,Data not yet checked,2016-11-11,2016,Nov
10.3,140,Data not yet checked,2016-11-12,2016,Nov
9.9,140,Data not yet checked,2016-11-13,2016,Nov
10.2,140,Data not yet checked,2016-11-14,2016,Nov
10.3,140,Data not yet checked,2016-11-15,2016,Nov
8.2,140,Data not yet checked,2016-11-16,2016,Nov
7.2,140,Data not yet checked,2016-11-17,2016,Nov
6.1,140,Data not yet checked,2016-11-18,2016,Nov
6.9,140,Data not yet checked,2016-11-19,2016,Nov
7.2,140,Data not yet checked,2016-11-20,2016,Nov
7.7,140,Data not yet checked,2016-11-21,2016,Nov
7,140,Data not yet checked,2016-11-22,2016,Nov
6.9,140,Data not yet checked,2016-11-23,2016,Nov
6.6,140,Data not yet checked,2016-11-24,2016,Nov
7.4,140,Data not yet checked,2016-11-25,2016,Nov
7.2,140,Data not yet checked,2016-11-26,2016,Nov
6.7,140,Data not yet checked,2016-11-27,2016,Nov
6.6,140,Data not yet checked,2016-11-28,2016,Nov
6.4,140,Data not yet checked,2016-11-29,2016,Nov
6.1,140,Data not yet checked,2016-11-30,2016,Nov
5.7,140,Data not yet checked,2016-12-01,2016,Dec
5,140,Data not yet checked,2016-12-02,2016,Dec
6.2,140,Data not yet checked,2016-12-03,2016,Dec
5.8,140,Data not yet checked,2016-12-04,2016,Dec
3.7,140,Data not yet checked,2016-12-05,2016,Dec
3.2,140,Data not yet checked,2016-12-06,2016,Dec
1.5,140,Data not yet checked,2016-12-07,2016,Dec
0.1,140,Data not yet checked,2016-12-08,2016,Dec
0.8,140,Data not yet checked,2016-12-09,2016,Dec
1.1,140,Data not yet checked,2016-12-10,2016,Dec
2.6,140,Data not yet checked,2016-12-11,2016,Dec
2.5,140,Data not yet checked,2016-12-12,2016,Dec
2.5,140,Data not yet checked,2016-12-13,2016,Dec
1.2,140,Data not yet checked,2016-12-14,2016,Dec
0.1,140,Data not yet checked,2016-12-15,2016,Dec
0.3,140,Data not yet checked,2016-12-16,2016,Dec
0,140,Data not yet checked,2016-12-17,2016,Dec
0,140,Data not yet checked,2016-12-18,2016,Dec
0,140,Data not yet checked,2016-12-19,2016,Dec
2.2,140,Data not yet checked,2016-12-20,2016,Dec
2.6,140,Data not yet checked,2016-12-21,2016,Dec
2.3,140,Data not yet checked,2016-12-22,2016,Dec
3.3,140,Data not yet checked,2016-12-23,2016,Dec
3.5,140,Data not yet checked,2016-12-24,2016,Dec
2.7,140,Data not yet checked,2016-12-25,2016,Dec
2.1,140,Data not yet checked,2016-12-26,2016,Dec
3.3,140,Data not yet checked,2016-12-27,2016,Dec
2.9,140,Data not yet checked,2016-12-28,2016,Dec
3,140,Data not yet checked,2016-12-29,2016,Dec
3.8,140,Data not yet checked,2016-12-30,2016,Dec
2.3,140,Data not yet checked,2016-12-31,2016,Dec
2.4,140,Data not yet checked,2017-01-01,2017,Jan
2.1,140,Data not yet checked,2017-01-02,2017,Jan
1.3,140,Data not yet checked,2017-01-03,2017,Jan
0,140,Data not yet checked,2017-01-04,2017,Jan
0,140,Data not yet checked,2017-01-05,2017,Jan
0,140,Data not yet checked,2017-01-06,2017,Jan
0,140,Data not yet checked,2017-01-07,2017,Jan
0,140,Data not yet checked,2017-01-08,2017,Jan
0,140,Data not yet checked,2017-01-09,2017,Jan
0,140,Data not yet checked,2017-01-10,2017,Jan
0,140,Data not yet checked,2017-01-11,2017,Jan
0,140,Data not yet checked,2017-01-12,2017,Jan
0,140,Data not yet checked,2017-01-13,2017,Jan
0,140,Data not yet checked,2017-01-14,2017,Jan
0,140,Data not yet checked,2017-01-15,2017,Jan
0,140,Data not yet checked,2017-01-16,2017,Jan
0,140,Data not yet checked,2017-01-17,2017,Jan
0,140,Data not yet checked,2017-01-18,2017,Jan
0,140,Data not yet checked,2017-01-19,2017,Jan
2.2,140,Data not yet checked,2017-01-20,2017,Jan
3.6,140,Data not yet checked,2017-01-21,2017,Jan
3.7,140,Data not yet checked,2017-01-22,2017,Jan
2.6,140,Data not yet checked,2017-01-23,2017,Jan
3,140,Data not yet checked,2017-01-24,2017,Jan
3.4,140,Data not yet checked,2017-01-25,2017,Jan
3.8,140,Data not yet checked,2017-01-26,2017,Jan
3.4,140,Data not yet checked,2017-01-27,2017,Jan
2.9,140,Data not yet checked,2017-01-28,2017,Jan
3,140,Data not yet checked,2017-01-29,2017,Jan
3.1,140,Data not yet checked,2017-01-30,2017,Jan
2.8,140,Data not yet checked,2017-01-31,2017,Jan
1.5,140,Data not yet checked,2017-02-01,2017,Feb
0.3,140,Data not yet checked,2017-02-02,2017,Feb
0.5,140,Data not yet checked,2017-02-03,2017,Feb
1.5,140,Data not yet checked,2017-02-04,2017,Feb
3.5,140,Data not yet checked,2017-02-05,2017,Feb
4,140,Data not yet checked,2017-02-06,2017,Feb
2.6,140,Data not yet checked,2017-02-07,2017,Feb
2.3,140,Data not yet checked,2017-02-08,2017,Feb
3,140,Data not yet checked,2017-02-09,2017,Feb
4.4,140,Data not yet checked,2017-02-10,2017,Feb
4.4,140,Data not yet checked,2017-02-11,2017,Feb
4,140,Data not yet checked,2017-02-12,2017,Feb
3.6,140,Data not yet checked,2017-02-13,2017,Feb
3.8,140,Data not yet checked,2017-02-14,2017,Feb
4.1,140,Data not yet checked,2017-02-15,2017,Feb
6.3,140,Data not yet checked,2017-02-16,2017,Feb
5.5,140,Data not yet checked,2017-02-17,2017,Feb
5.3,140,Data not yet checked,2017-02-18,2017,Feb
5.5,140,Data not yet checked,2017-02-19,2017,Feb
6,140,Data not yet checked,2017-02-20,2017,Feb
5.4,140,Data not yet checked,2017-02-21,2017,Feb
5.1,140,Data not yet checked,2017-02-22,2017,Feb
4.4,140,Data not yet checked,2017-02-23,2017,Feb
3.9,140,Data not yet checked,2017-02-24,2017,Feb
3.6,140,Data not yet checked,2017-02-25,2017,Feb
4,140,Data not yet checked,2017-02-26,2017,Feb
4.3,140,Data not yet checked,2017-02-27,2017,Feb
4.1,140,Data not yet checked,2017-02-28,2017,Feb
4.5,140,Data not yet checked,2017-03-01,2017,Mar
5.6,140,Data not yet checked,2017-03-02,2017,Mar
6.1,140,Data not yet checked,2017-03-03,2017,Mar
5.9,140,Data not yet checked,2017-03-04,2017,Mar
5,140,Data not yet checked,2017-03-05,2017,Mar
4.1,140,Data not yet checked,2017-03-06,2017,Mar
4.3,140,Data not yet checked,2017-03-07,2017,Mar
5.2,140,Data not yet checked,2017-03-08,2017,Mar
5.5,140,Data not yet checked,2017-03-09,2017,Mar
6.5,140,Data not yet checked,2017-03-10,2017,Mar
6.1,140,Data not yet checked,2017-03-11,2017,Mar
6.8,140,Data not yet checked,2017-03-12,2017,Mar
7.1,140,Data not yet checked,2017-03-13,2017,Mar
7.6,140,Data not yet checked,2017-03-14,2017,Mar
7.4,140,Data not yet checked,2017-03-15,2017,Mar
6.9,140,Data not yet checked,2017-03-16,2017,Mar
6.3,140,Data not yet checked,2017-03-17,2017,Mar
7.7,140,Data not yet checked,2017-03-18,2017,Mar
6.7,140,Data not yet checked,2017-03-19,2017,Mar
6.2,140,Data not yet checked,2017-03-20,2017,Mar
6.9,140,Data not yet checked,2017-03-21,2017,Mar
7.2,140,Data not yet checked,2017-03-22,2017,Mar
7.1,140,Data not yet checked,2017-03-23,2017,Mar
6.8,140,Data not yet checked,2017-03-24,2017,Mar
7,140,Data not yet checked,2017-03-25,2017,Mar
6.7,140,Data not yet checked,2017-03-26,2017,Mar
7.8,140,Data not yet checked,2017-03-27,2017,Mar
7.1,140,Data not yet checked,2017-03-28,2017,Mar
7.7,140,Data not yet checked,2017-03-29,2017,Mar
7.7,140,Data not yet checked,2017-03-30,2017,Mar
7.6,140,Data not yet checked,2017-03-31,2017,Mar
7.5,140,Data not yet checked,2017-04-01,2017,Apr
7.6,140,Data not yet checked,2017-04-02,2017,Apr
7.3,140,Data not yet checked,2017-04-03,2017,Apr
7,140,Data not yet checked,2017-04-04,2017,Apr
9.2,140,Data not yet checked,2017-04-05,2017,Apr
9.3,140,Data not yet checked,2017-04-06,2017,Apr
9.4,140,Data not yet checked,2017-04-07,2017,Apr
7.9,140,Data not yet checked,2017-04-08,2017,Apr
7.6,140,Data not yet checked,2017-04-09,2017,Apr
8.2,140,Data not yet checked,2017-04-10,2017,Apr
7.8,140,Data not yet checked,2017-04-11,2017,Apr
9.1,140,Data not yet checked,2017-04-12,2017,Apr
9.7,140,Data not yet checked,2017-04-13,2017,Apr
8.3,140,Data not yet checked,2017-04-14,2017,Apr
8.5,140,Data not yet checked,2017-04-15,2017,Apr
9.4,140,Data not yet checked,2017-04-16,2017,Apr
10.3,140,Data not yet checked,2017-04-17,2017,Apr
9.9,140,Data not yet checked,2017-04-18,2017,Apr
9.5,140,Data not yet checked,2017-04-19,2017,Apr
9.7,140,Data not yet checked,2017-04-20,2017,Apr
10.1,140,Data not yet checked,2017-04-21,2017,Apr
10.2,140,Data not yet checked,2017-04-22,2017,Apr
10.5,140,Data not yet checked,2017-04-23,2017,Apr
10.5,140,Data not yet checked,2017-04-24,2017,Apr
10.1,140,Data not yet checked,2017-04-25,2017,Apr
9.5,140,Data not yet checked,2017-04-26,2017,Apr
8.7,140,Data not yet checked,2017-04-27,2017,Apr
8.9,140,Data not yet checked,2017-04-28,2017,Apr
9.3,140,Data not yet checked,2017-04-29,2017,Apr
10.5,140,Data not yet checked,2017-04-30,2017,Apr
9.1,140,Data not yet checked,2017-05-01,2017,May
10.1,140,Data not yet checked,2017-05-02,2017,May
11.1,140,Data not yet checked,2017-05-03,2017,May
13,140,Data not yet checked,2017-05-04,2017,May
12.6,140,Data not yet checked,2017-05-05,2017,May
10.4,140,Data not yet checked,2017-05-06,2017,May
10.5,140,Data not yet checked,2017-05-07,2017,May
10.6,140,Data not yet checked,2017-05-08,2017,May
11.3,140,Data not yet checked,2017-05-09,2017,May
12.1,140,Data not yet checked,2017-05-10,2017,May
11.9,140,Data not yet checked,2017-05-11,2017,May
10.9,140,Data not yet checked,2017-05-12,2017,May
10,140,Data not yet checked,2017-05-13,2017,May
10.1,140,Data not yet checked,2017-05-14,2017,May
10.5,140,Data not yet checked,2017-05-15,2017,May
10.4,140,Data not yet checked,2017-05-16,2017,May
9.6,140,Data not yet checked,2017-05-17,2017,May
10.6,140,Data not yet checked,2017-05-18,2017,May
11.2,140,Data not yet checked,2017-05-19,2017,May
11.9,140,Data not yet checked,2017-05-20,2017,May
12.3,140,Data not yet checked,2017-05-21,2017,May
12.8,140,Data not yet checked,2017-05-22,2017,May
13.3,140,Data not yet checked,2017-05-23,2017,May
13,140,Data not yet checked,2017-05-24,2017,May
12.1,140,Data not yet checked,2017-05-25,2017,May
12,140,Data not yet checked,2017-05-26,2017,May
12.5,140,Data not yet checked,2017-05-27,2017,May
12.9,140,Data not yet checked,2017-05-28,2017,May
13.4,140,Data not yet checked,2017-05-29,2017,May
13.6,140,Data not yet checked,2017-05-30,2017,May
13.4,140,Data not yet checked,2017-05-31,2017,May
13.2,140,Data not yet checked,2017-06-01,2017,Jun
13.5,140,Data not yet checked,2017-06-02,2017,Jun
14,140,Data not yet checked,2017-06-03,2017,Jun
13.6,140,Data not yet checked,2017-06-04,2017,Jun
12.9,140,Data not yet checked,2017-06-05,2017,Jun
13.9,140,Data not yet checked,2017-06-06,2017,Jun
15,140,Data not yet checked,2017-06-07,2017,Jun
14.9,140,Data not yet checked,2017-06-08,2017,Jun
13.5,140,Data not yet checked,2017-06-09,2017,Jun
13.7,140,Data not yet checked,2017-06-10,2017,Jun
14,140,Data not yet checked,2017-06-11,2017,Jun
14.2,140,Data not yet checked,2017-06-12,2017,Jun
15.3,140,Data not yet checked,2017-06-13,2017,Jun
15.2,140,Data not yet checked,2017-06-14,2017,Jun
15.3,140,Data not yet checked,2017-06-15,2017,Jun
15.4,140,Data not yet checked,2017-06-16,2017,Jun
16.7,140,Data not yet checked,2017-06-17,2017,Jun
18,140,Data not yet checked,2017-06-18,2017,Jun
19.6,140,Data not yet checked,2017-06-19,2017,Jun
20,140,Data not yet checked,2017-06-20,2017,Jun
19.2,140,Data not yet checked,2017-06-21,2017,Jun
18.4,140,Data not yet checked,2017-06-22,2017,Jun
18.6,140,Data not yet checked,2017-06-23,2017,Jun
19.3,140,Data not yet checked,2017-06-24,2017,Jun
20.4,140,Data not yet checked,2017-06-25,2017,Jun
20.8,140,Data not yet checked,2017-06-26,2017,Jun
20.3,140,Data not yet checked,2017-06-27,2017,Jun
20,140,Data not yet checked,2017-06-28,2017,Jun
20.2,140,Data not yet checked,2017-06-29,2017,Jun
20.8,140,Data not yet checked,2017-06-30,2017,Jun
21,140,Data not yet checked,2017-07-01,2017,Jul
21.6,140,Data not yet checked,2017-07-02,2017,Jul
21.5,140,Data not yet checked,2017-07-03,2017,Jul
21.1,140,Data not yet checked,2017-07-04,2017,Jul
22.1,140,Data not yet checked,2017-07-05,2017,Jul
22.9,140,Data not yet checked,2017-07-06,2017,Jul
23.1,140,Data not yet checked,2017-07-07,2017,Jul
22.9,140,Data not yet checked,2017-07-08,2017,Jul
22.5,140,Data not yet checked,2017-07-09,2017,Jul
22,140,Data not yet checked,2017-07-10,2017,Jul
21.1,140,Data not yet checked,2017-07-11,2017,Jul
21.3,140,Data not yet checked,2017-07-12,2017,Jul
21.8,140,Data not yet checked,2017-07-13,2017,Jul
22.3,140,Data not yet checked,2017-07-14,2017,Jul
22.7,140,Data not yet checked,2017-07-15,2017,Jul
21.3,140,Data not yet checked,2017-07-16,2017,Jul
20.7,140,Data not yet checked,2017-07-17,2017,Jul
21.9,140,Data not yet checked,2017-07-19,2017,Jul
21.3,140,Data not yet checked,2017-07-20,2017,Jul
21,140,Data not yet checked,2017-07-21,2017,Jul
21.4,140,Data not yet checked,2017-07-22,2017,Jul
22.6,140,Data not yet checked,2017-07-23,2017,Jul
22.7,140,Data not yet checked,2017-07-24,2017,Jul
22.2,140,Data not yet checked,2017-07-25,2017,Jul
22.3,140,Data not yet checked,2017-07-26,2017,Jul
22.6,140,Data not yet checked,2017-07-27,2017,Jul
22.6,140,Data not yet checked,2017-07-28,2017,Jul
22.7,140,Data not yet checked,2017-07-29,2017,Jul
22.5,140,Data not yet checked,2017-07-30,2017,Jul
22.6,140,Data not yet checked,2017-07-31,2017,Jul
22.6,140,Data not yet checked,2017-08-01,2017,Aug
22.7,140,Data not yet checked,2017-08-02,2017,Aug
22.9,140,Data not yet checked,2017-08-03,2017,Aug
22.8,140,Data not yet checked,2017-08-04,2017,Aug
22.3,140,Data not yet checked,2017-08-05,2017,Aug
22.4,140,Data not yet checked,2017-08-06,2017,Aug
22.5,140,Data not yet checked,2017-08-07,2017,Aug
22.5,140,Data not yet checked,2017-08-08,2017,Aug
22.6,140,Data not yet checked,2017-08-09,2017,Aug
22.6,140,Data not yet checked,2017-08-10,2017,Aug
22.9,140,Data not yet checked,2017-08-11,2017,Aug
22.8,140,Data not yet checked,2017-08-12,2017,Aug
21,140,Data not yet checked,2017-08-13,2017,Aug
20.1,140,Data not yet checked,2017-08-14,2017,Aug
19.9,140,Data not yet checked,2017-08-15,2017,Aug
20.1,140,Data not yet checked,2017-08-16,2017,Aug
21,140,Data not yet checked,2017-08-17,2017,Aug
20.7,140,Data not yet checked,2017-08-18,2017,Aug
20.7,140,Data not yet checked,2017-08-19,2017,Aug
19.7,140,Data not yet checked,2017-08-20,2017,Aug
19.6,140,Data not yet checked,2017-08-21,2017,Aug
20,140,Data not yet checked,2017-08-22,2017,Aug
20.2,140,Data not yet checked,2017-08-23,2017,Aug
20.5,140,Data not yet checked,2017-08-24,2017,Aug
19,140,Data not yet checked,2017-08-25,2017,Aug
19,140,Data not yet checked,2017-08-26,2017,Aug
19.4,140,Data not yet checked,2017-08-27,2017,Aug
19.9,140,Data not yet checked,2017-08-28,2017,Aug
20.8,140,Data not yet checked,2017-08-29,2017,Aug
20.7,140,Data not yet checked,2017-08-30,2017,Aug
20.3,140,Data not yet checked,2017-08-31,2017,Aug
20.3,140,Data not yet checked,2017-09-01,2017,Sep
20.4,140,Data not yet checked,2017-09-02,2017,Sep
20.4,140,Data not yet checked,2017-09-03,2017,Sep
20.1,140,Data not yet checked,2017-09-04,2017,Sep
19.3,140,Data not yet checked,2017-09-05,2017,Sep
19.1,140,Data not yet checked,2017-09-06,2017,Sep
18.9,140,Data not yet checked,2017-09-07,2017,Sep
20.1,140,Data not yet checked,2017-09-08,2017,Sep
20,140,Data not yet checked,2017-09-09,2017,Sep
19.6,140,Data not yet checked,2017-09-10,2017,Sep
19,140,Data not yet checked,2017-09-11,2017,Sep
18.7,140,Data not yet checked,2017-09-12,2017,Sep
18.4,140,Data not yet checked,2017-09-13,2017,Sep
16.6,140,Data not yet checked,2017-09-14,2017,Sep
15.7,140,Data not yet checked,2017-09-15,2017,Sep
14.9,140,Data not yet checked,2017-09-16,2017,Sep
15.2,140,Data not yet checked,2017-09-17,2017,Sep
15.4,140,Data not yet checked,2017-09-18,2017,Sep
13.8,140,Data not yet checked,2017-09-19,2017,Sep
12.8,140,Data not yet checked,2017-09-20,2017,Sep
12.6,140,Data not yet checked,2017-09-21,2017,Sep
12.5,140,Data not yet checked,2017-09-22,2017,Sep
13.4,140,Data not yet checked,2017-09-23,2017,Sep
14.2,140,Data not yet checked,2017-09-24,2017,Sep
14.5,140,Data not yet checked,2017-09-25,2017,Sep
15.5,140,Data not yet checked,2017-09-26,2017,Sep
15.2,140,Data not yet checked,2017-09-27,2017,Sep
15.1,140,Data not yet checked,2017-09-28,2017,Sep
14.9,140,Data not yet checked,2017-09-29,2017,Sep
14.3,140,Data not yet checked,2017-09-30,2017,Sep
13.5,140,Data not yet checked,2017-10-01,2017,Oct
13.5,140,Data not yet checked,2017-10-01,2017,Oct
12.7,140,Data not yet checked,2017-10-02,2017,Oct
12.1,140,Data not yet checked,2017-10-03,2017,Oct
11.3,140,Data not yet checked,2017-10-04,2017,Oct
11.3,140,Data not yet checked,2017-10-05,2017,Oct
11.5,140,Data not yet checked,2017-10-06,2017,Oct
11.7,140,Data not yet checked,2017-10-07,2017,Oct
11.5,140,Data not yet checked,2017-10-08,2017,Oct
10.4,140,Data not yet checked,2017-10-09,2017,Oct
10.4,140,Data not yet checked,2017-10-11,2017,Oct
9.5,140,Data not yet checked,2017-10-12,2017,Oct
9.3,140,Data not yet checked,2017-10-13,2017,Oct
9,140,Data not yet checked,2017-10-14,2017,Oct
9.1,140,Data not yet checked,2017-10-15,2017,Oct
9.2,140,Data not yet checked,2017-10-16,2017,Oct
9.8,140,Data not yet checked,2017-10-17,2017,Oct
10.6,140,Data not yet checked,2017-10-18,2017,Oct
10.7,140,Data not yet checked,2017-10-19,2017,Oct
10.3,140,Data not yet checked,2017-10-20,2017,Oct
9.2,140,Data not yet checked,2017-10-21,2017,Oct
10.9,140,Data not yet checked,2017-10-22,2017,Oct
10,140,Data not yet checked,2017-10-23,2017,Oct
9.5,140,Data not yet checked,2017-10-24,2017,Oct
9.6,140,Data not yet checked,2017-10-25,2017,Oct
10.1,140,Data not yet checked,2017-10-26,2017,Oct
9.5,140,Data not yet checked,2017-10-27,2017,Oct
9.1,140,Data not yet checked,2017-10-28,2017,Oct
8.9,140,Data not yet checked,2017-10-29,2017,Oct
8.2,140,Data not yet checked,2017-10-30,2017,Oct
7.3,140,Data not yet checked,2017-10-31,2017,Oct
8.3,140,Data not yet checked,2017-11-01,2017,Nov
8.4,140,Data not yet checked,2017-11-02,2017,Nov
8.1,140,Data not yet checked,2017-11-03,2017,Nov
7,140,Data not yet checked,2017-11-04,2017,Nov
6.6,140,Data not yet checked,2017-11-05,2017,Nov
6.1,140,Data not yet checked,2017-11-06,2017,Nov
4.9,140,Data not yet checked,2017-11-07,2017,Nov
5.5,140,Data not yet checked,2017-11-08,2017,Nov
6.2,140,Data not yet checked,2017-11-09,2017,Nov
6.2,140,Data not yet checked,2017-11-10,2017,Nov
7.3,140,Data not yet checked,2017-11-11,2017,Nov
7.5,140,Data not yet checked,2017-11-12,2017,Nov
7,140,Data not yet checked,2017-11-13,2017,Nov
6.8,140,Data not yet checked,2017-11-14,2017,Nov
7.1,140,Data not yet checked,2017-11-15,2017,Nov
7.2,140,Data not yet checked,2017-11-16,2017,Nov
6.2,140,Data not yet checked,2017-11-17,2017,Nov
5.9,140,Data not yet checked,2017-11-18,2017,Nov
5.5,140,Data not yet checked,2017-11-19,2017,Nov
7,140,Data not yet checked,2017-11-20,2017,Nov
6.5,140,Data not yet checked,2017-11-21,2017,Nov
8.1,140,Data not yet checked,2017-11-22,2017,Nov
9.6,140,Data not yet checked,2017-11-23,2017,Nov
7.8,140,Data not yet checked,2017-11-24,2017,Nov
6.2,140,Data not yet checked,2017-11-25,2017,Nov
7.3,140,Data not yet checked,2017-11-26,2017,Nov
7.1,140,Data not yet checked,2017-11-27,2017,Nov
5.8,140,Data not yet checked,2017-11-28,2017,Nov
5.7,140,Data not yet checked,2017-11-29,2017,Nov
5.2,140,Data not yet checked,2017-11-30,2017,Nov
6.2,140,Data not yet checked,2017-12-01,2017,Dec
5.6,140,Data not yet checked,2017-12-02,2017,Dec
5.7,140,Data not yet checked,2017-12-03,2017,Dec
4.8,140,Data not yet checked,2017-12-04,2017,Dec
3.7,140,Data not yet checked,2017-12-05,2017,Dec
2.9,140,Data not yet checked,2017-12-06,2017,Dec
3,140,Data not yet checked,2017-12-07,2017,Dec
2.7,140,Data not yet checked,2017-12-08,2017,Dec
2.7,140,Data not yet checked,2017-12-09,2017,Dec
2.6,140,Data not yet checked,2017-12-10,2017,Dec
2.4,140,Data not yet checked,2017-12-11,2017,Dec
2.2,140,Data not yet checked,2017-12-12,2017,Dec
2.2,140,Data not yet checked,2017-12-13,2017,Dec
2.5,140,Data not yet checked,2017-12-14,2017,Dec
2.2,140,Data not yet checked,2017-12-15,2017,Dec
2.5,140,Data not yet checked,2017-12-16,2017,Dec
3.1,140,Data not yet checked,2017-12-17,2017,Dec
4.9,140,Data not yet checked,2017-12-18,2017,Dec
5.7,140,Data not yet checked,2017-12-19,2017,Dec
4.4,140,Data not yet checked,2017-12-20,2017,Dec
2.9,140,Data not yet checked,2017-12-21,2017,Dec
3.2,140,Data not yet checked,2017-12-22,2017,Dec
2.1,140,Data not yet checked,2017-12-23,2017,Dec
0,140,Data not yet checked,2017-12-24,2017,Dec
0,140,Data not yet checked,2017-12-25,2017,Dec
0.8,140,Data not yet checked,2017-12-26,2017,Dec
1.2,140,Data not yet checked,2017-12-27,2017,Dec
2,140,Data not yet checked,2017-12-28,2017,Dec
2.7,140,Data not yet checked,2017-12-29,2017,Dec
4.6,140,Data not yet checked,2017-12-30,2017,Dec
3.6,140,Data not yet checked,2017-12-31,2017,Dec
3.3,140,Data not yet checked,2018-01-01,2018,Jan
3.1,140,Data not yet checked,2018-01-02,2018,Jan
2.9,140,Data not yet checked,2018-01-03,2018,Jan
3,140,Data not yet checked,2018-01-04,2018,Jan
3.3,140,Data not yet checked,2018-01-05,2018,Jan
4.2,140,Data not yet checked,2018-01-06,2018,Jan
4.7,140,Data not yet checked,2018-01-07,2018,Jan
4.8,140,Data not yet checked,2018-01-08,2018,Jan
4.9,140,Data not yet checked,2018-01-09,2018,Jan
4.8,140,Data not yet checked,2018-01-10,2018,Jan
5.2,140,Data not yet checked,2018-01-11,2018,Jan
5.9,140,Data not yet checked,2018-01-12,2018,Jan
6.2,140,Data not yet checked,2018-01-13,2018,Jan
5.5,140,Data not yet checked,2018-01-14,2018,Jan
5.2,140,Data not yet checked,2018-01-15,2018,Jan
5.4,140,Data not yet checked,2018-01-16,2018,Jan
5.5,140,Data not yet checked,2018-01-17,2018,Jan
6.4,140,Data not yet checked,2018-01-18,2018,Jan
5.2,140,Data not yet checked,2018-01-19,2018,Jan
4.7,140,Data not yet checked,2018-01-20,2018,Jan
4.6,140,Data not yet checked,2018-01-21,2018,Jan
5,140,Data not yet checked,2018-01-22,2018,Jan
4.6,140,Data not yet checked,2018-01-23,2018,Jan
5.8,140,Data not yet checked,2018-01-24,2018,Jan
5.1,140,Data not yet checked,2018-01-25,2018,Jan
4.6,140,Data not yet checked,2018-01-26,2018,Jan
5.2,140,Data not yet checked,2018-01-27,2018,Jan
6.1,140,Data not yet checked,2018-01-28,2018,Jan
6.5,140,Data not yet checked,2018-01-29,2018,Jan
6.4,140,Data not yet checked,2018-01-30,2018,Jan
4.8,140,Data not yet checked,2018-01-31,2018,Jan
4.7,140,Data not yet checked,2018-02-01,2018,Feb
6.6,140,Data not yet checked,2018-02-02,2018,Feb
7.3,140,Data not yet checked,2018-02-03,2018,Feb
7.7,140,Data not yet checked,2018-02-04,2018,Feb
6.9,140,Data not yet checked,2018-02-05,2018,Feb
6.7,140,Data not yet checked,2018-02-06,2018,Feb
6.9,140,Data not yet checked,2018-02-07,2018,Feb
7.8,140,Data not yet checked,2018-02-08,2018,Feb
7.1,140,Data not yet checked,2018-02-09,2018,Feb
5.4,140,Data not yet checked,2018-02-10,2018,Feb
4.2,140,Data not yet checked,2018-02-11,2018,Feb
3.5,140,Data not yet checked,2018-02-12,2018,Feb
2.8,140,Data not yet checked,2018-02-13,2018,Feb
3.4,140,Data not yet checked,2018-02-14,2018,Feb
4.3,140,Data not yet checked,2018-02-15,2018,Feb
4.5,140,Data not yet checked,2018-02-16,2018,Feb
5.1,140,Data not yet checked,2018-02-17,2018,Feb
4.4,140,Data not yet checked,2018-02-18,2018,Feb
2.2,140,Data not yet checked,2018-02-19,2018,Feb
1.3,140,Data not yet checked,2018-02-20,2018,Feb
1.5,140,Data not yet checked,2018-02-21,2018,Feb
1.9,140,Data not yet checked,2018-02-22,2018,Feb
1.6,140,Data not yet checked,2018-02-23,2018,Feb
2.4,140,Data not yet checked,2018-02-24,2018,Feb
2.8,140,Data not yet checked,2018-02-25,2018,Feb
3.1,140,Data not yet checked,2018-02-26,2018,Feb
2.8,140,Data not yet checked,2018-02-27,2018,Feb
4.1,140,Data not yet checked,2018-02-28,2018,Feb
4.9,140,Data not yet checked,2018-03-01,2018,Mar
4.7,140,Data not yet checked,2018-03-02,2018,Mar
4.3,140,Data not yet checked,2018-03-03,2018,Mar
4.6,140,Data not yet checked,2018-03-04,2018,Mar
4.9,140,Data not yet checked,2018-03-05,2018,Mar
5.1,140,Data not yet checked,2018-03-06,2018,Mar
5,140,Data not yet checked,2018-03-07,2018,Mar
6.1,140,Data not yet checked,2018-03-08,2018,Mar
6.4,140,Data not yet checked,2018-03-09,2018,Mar
5.3,140,Data not yet checked,2018-03-10,2018,Mar
5.8,140,Data not yet checked,2018-03-11,2018,Mar
6.4,140,Data not yet checked,2018-03-12,2018,Mar
6.9,140,Data not yet checked,2018-03-13,2018,Mar
7,140,Data not yet checked,2018-03-14,2018,Mar
6.2,140,Data not yet checked,2018-03-15,2018,Mar
5.6,140,Data not yet checked,2018-03-16,2018,Mar
5.3,140,Data not yet checked,2018-03-17,2018,Mar
6.1,140,Data not yet checked,2018-03-18,2018,Mar
6.1,140,Data not yet checked,2018-03-19,2018,Mar
6.3,140,Data not yet checked,2018-03-20,2018,Mar
6.7,140,Data not yet checked,2018-03-21,2018,Mar
7.1,140,Data not yet checked,2018-03-22,2018,Mar
5.6,140,Data not yet checked,2018-03-23,2018,Mar
6.3,140,Data not yet checked,2018-03-24,2018,Mar
5.7,140,Data not yet checked,2018-03-25,2018,Mar
5.9,140,Data not yet checked,2018-03-26,2018,Mar
6.7,140,Data not yet checked,2018-03-27,2018,Mar
7.5,140,Data not yet checked,2018-03-28,2018,Mar
7.8,140,Data not yet checked,2018-03-29,2018,Mar
8.6,140,Data not yet checked,2018-03-30,2018,Mar
8.3,140,Data not yet checked,2018-03-31,2018,Mar
6.9,140,Data not yet checked,2018-04-01,2018,Apr
6.2,140,Data not yet checked,2018-04-02,2018,Apr
6.2,140,Data not yet checked,2018-04-03,2018,Apr
7.3,140,Data not yet checked,2018-04-04,2018,Apr
7.8,140,Data not yet checked,2018-04-05,2018,Apr
9.2,140,Data not yet checked,2018-04-06,2018,Apr
8.4,140,Data not yet checked,2018-04-07,2018,Apr
7.1,140,Data not yet checked,2018-04-08,2018,Apr
7.5,140,Data not yet checked,2018-04-09,2018,Apr
7.9,140,Data not yet checked,2018-04-10,2018,Apr
8.5,140,Data not yet checked,2018-04-11,2018,Apr
7.6,140,Data not yet checked,2018-04-12,2018,Apr
6.8,140,Data not yet checked,2018-04-13,2018,Apr
8.5,140,Data not yet checked,2018-04-14,2018,Apr
8.8,140,Data not yet checked,2018-04-15,2018,Apr
8.3,140,Data not yet checked,2018-04-16,2018,Apr
7.4,140,Data not yet checked,2018-04-17,2018,Apr
7.5,140,Data not yet checked,2018-04-18,2018,Apr
8.8,140,Data not yet checked,2018-04-19,2018,Apr
9.3,140,Data not yet checked,2018-04-20,2018,Apr
10,140,Data not yet checked,2018-04-21,2018,Apr
9.2,140,Data not yet checked,2018-04-22,2018,Apr
9.4,140,Data not yet checked,2018-04-23,2018,Apr
10.3,140,Data not yet checked,2018-04-24,2018,Apr
11.5,140,Data not yet checked,2018-04-25,2018,Apr
12.2,140,Data not yet checked,2018-04-26,2018,Apr
12.9,140,Data not yet checked,2018-04-27,2018,Apr
11.8,140,Data not yet checked,2018-04-28,2018,Apr
10.9,140,Data not yet checked,2018-04-29,2018,Apr
11.1,140,Data not yet checked,2018-04-30,2018,Apr
11.2,140,Data not yet checked,2018-05-01,2018,May
11.7,140,Data not yet checked,2018-05-02,2018,May
12.5,140,Data not yet checked,2018-05-03,2018,May
13.3,140,Data not yet checked,2018-05-04,2018,May
12.8,140,Data not yet checked,2018-05-05,2018,May
12.5,140,Data not yet checked,2018-05-06,2018,May
13.8,140,Data not yet checked,2018-05-07,2018,May
14,140,Data not yet checked,2018-05-08,2018,May
13.3,140,Data not yet checked,2018-05-09,2018,May
11.9,140,Data not yet checked,2018-05-10,2018,May
11.4,140,Data not yet checked,2018-05-11,2018,May
12.8,140,Data not yet checked,2018-05-12,2018,May
14,140,Data not yet checked,2018-05-13,2018,May
15,140,Data not yet checked,2018-05-14,2018,May
15.8,140,Data not yet checked,2018-05-15,2018,May
15,140,Data not yet checked,2018-05-16,2018,May
14.2,140,Data not yet checked,2018-05-17,2018,May
13.9,140,Data not yet checked,2018-05-18,2018,May
14.7,140,Data not yet checked,2018-05-19,2018,May
14.8,140,Data not yet checked,2018-05-20,2018,May
15.6,140,Data not yet checked,2018-05-21,2018,May
16.7,140,Data not yet checked,2018-05-22,2018,May
17.4,140,Data not yet checked,2018-05-23,2018,May
18,140,Data not yet checked,2018-05-24,2018,May
17.9,140,Data not yet checked,2018-05-25,2018,May
16.4,140,Data not yet checked,2018-05-26,2018,May
16.5,140,Data not yet checked,2018-05-27,2018,May
17.4,140,Data not yet checked,2018-05-28,2018,May
17,140,Data not yet checked,2018-05-29,2018,May
16.3,140,Data not yet checked,2018-05-30,2018,May
14.7,140,Data not yet checked,2018-05-31,2018,May
14.9,140,Data not yet checked,2018-06-01,2018,Jun
15.9,140,Data not yet checked,2018-06-02,2018,Jun
17.5,140,Data not yet checked,2018-06-03,2018,Jun
17,140,Data not yet checked,2018-06-04,2018,Jun
16.5,140,Data not yet checked,2018-06-05,2018,Jun
16.9,140,Data not yet checked,2018-06-06,2018,Jun
18.2,140,Data not yet checked,2018-06-07,2018,Jun
18.4,140,Data not yet checked,2018-06-08,2018,Jun
15.8,140,Data not yet checked,2018-06-09,2018,Jun
14.9,140,Data not yet checked,2018-06-10,2018,Jun
15.7,140,Data not yet checked,2018-06-11,2018,Jun
16.2,140,Data not yet checked,2018-06-12,2018,Jun
17.1,140,Data not yet checked,2018-06-13,2018,Jun
17.2,140,Data not yet checked,2018-06-14,2018,Jun
17.6,140,Data not yet checked,2018-06-15,2018,Jun
16.9,140,Data not yet checked,2018-06-16,2018,Jun
17.1,140,Data not yet checked,2018-06-17,2018,Jun
16.5,140,Data not yet checked,2018-06-18,2018,Jun
18.2,140,Data not yet checked,2018-06-19,2018,Jun
19.7,140,Data not yet checked,2018-06-20,2018,Jun
19.8,140,Data not yet checked,2018-06-21,2018,Jun
19.5,140,Data not yet checked,2018-06-22,2018,Jun
19.4,140,Data not yet checked,2018-06-23,2018,Jun
20.5,140,Data not yet checked,2018-06-24,2018,Jun
20.4,140,Data not yet checked,2018-06-25,2018,Jun
19.5,140,Data not yet checked,2018-06-26,2018,Jun
19.2,140,Data not yet checked,2018-06-27,2018,Jun
18.5,140,Data not yet checked,2018-06-28,2018,Jun
18.9,140,Data not yet checked,2018-06-29,2018,Jun
19.3,140,Data not yet checked,2018-06-30,2018,Jun
19.7,140,Data not yet checked,2018-07-01,2018,Jul
18.2,140,Data not yet checked,2018-07-02,2018,Jul
18.2,140,Data not yet checked,2018-07-03,2018,Jul
18.7,140,Data not yet checked,2018-07-04,2018,Jul
19.9,140,Data not yet checked,2018-07-05,2018,Jul
20.7,140,Data not yet checked,2018-07-06,2018,Jul
20.5,140,Data not yet checked,2018-07-07,2018,Jul
20.6,140,Data not yet checked,2018-07-08,2018,Jul
21.3,140,Data not yet checked,2018-07-09,2018,Jul
20.7,140,Data not yet checked,2018-07-10,2018,Jul
21.1,140,Data not yet checked,2018-07-11,2018,Jul
22,140,Data not yet checked,2018-07-12,2018,Jul
22.6,140,Data not yet checked,2018-07-13,2018,Jul
22.9,140,Data not yet checked,2018-07-14,2018,Jul
22.3,140,Data not yet checked,2018-07-15,2018,Jul
22.4,140,Data not yet checked,2018-07-16,2018,Jul
22.8,140,Data not yet checked,2018-07-17,2018,Jul
22.5,140,Data not yet checked,2018-07-18,2018,Jul
22.4,140,Data not yet checked,2018-07-19,2018,Jul
21.2,140,Data not yet checked,2018-07-20,2018,Jul
20.8,140,Data not yet checked,2018-07-21,2018,Jul
21,140,Data not yet checked,2018-07-22,2018,Jul
21.7,140,Data not yet checked,2018-07-23,2018,Jul
22.1,140,Data not yet checked,2018-07-24,2018,Jul
22.2,140,Data not yet checked,2018-07-25,2018,Jul
22.5,140,Data not yet checked,2018-07-26,2018,Jul
22.8,140,Data not yet checked,2018-07-27,2018,Jul
23,140,Data not yet checked,2018-07-28,2018,Jul
23.2,140,Data not yet checked,2018-07-29,2018,Jul
23.4,140,Data not yet checked,2018-07-30,2018,Jul
23,140,Data not yet checked,2018-07-31,2018,Jul
22.1,140,Data not yet checked,2018-08-02,2018,Aug
21.1,140,Data not yet checked,2018-08-03,2018,Aug
21.5,140,Data not yet checked,2018-08-04,2018,Aug
21.7,140,Data not yet checked,2018-08-05,2018,Aug
22,140,Data not yet checked,2018-08-06,2018,Aug
22.3,140,Data not yet checked,2018-08-07,2018,Aug
22.7,140,Data not yet checked,2018-08-08,2018,Aug
23.3,140,Data not yet checked,2018-08-09,2018,Aug
23.5,140,Data not yet checked,2018-08-10,2018,Aug
22.5,140,Data not yet checked,2018-08-11,2018,Aug
21.4,140,Data not yet checked,2018-08-12,2018,Aug
20.7,140,Data not yet checked,2018-08-13,2018,Aug
20.7,140,Data not yet checked,2018-08-14,2018,Aug
20.8,140,Data not yet checked,2018-08-15,2018,Aug
21.7,140,Data not yet checked,2018-08-16,2018,Aug
21.5,140,Data not yet checked,2018-08-17,2018,Aug
21,140,Data not yet checked,2018-08-18,2018,Aug
21,140,Data not yet checked,2018-08-19,2018,Aug
20,140,Data not yet checked,2018-08-20,2018,Aug
20,140,Data not yet checked,2018-08-21,2018,Aug
20.3,140,Data not yet checked,2018-08-22,2018,Aug
19.9,140,Data not yet checked,2018-08-23,2018,Aug
18.7,140,Data not yet checked,2018-08-24,2018,Aug
18,140,Data not yet checked,2018-08-25,2018,Aug
17.4,140,Data not yet checked,2018-08-26,2018,Aug
17.1,140,Data not yet checked,2018-08-27,2018,Aug
18.1,140,Data not yet checked,2018-08-29,2018,Aug
17.9,140,Data not yet checked,2018-08-30,2018,Aug
18.1,140,Data not yet checked,2018-08-31,2018,Aug
17.9,140,Data not yet checked,2018-09-01,2018,Sep
17.6,140,Data not yet checked,2018-09-02,2018,Sep
17.8,140,Data not yet checked,2018-09-03,2018,Sep
17.5,140,Data not yet checked,2018-09-04,2018,Sep
17.4,140,Data not yet checked,2018-09-05,2018,Sep
17.8,140,Data not yet checked,2018-09-06,2018,Sep
18.4,140,Data not yet checked,2018-09-07,2018,Sep
18.3,140,Data not yet checked,2018-09-08,2018,Sep
17.9,140,Data not yet checked,2018-09-09,2018,Sep
17.2,140,Data not yet checked,2018-09-10,2018,Sep
16.1,140,Data not yet checked,2018-09-11,2018,Sep
16.1,140,Data not yet checked,2018-09-12,2018,Sep
15.8,140,Data not yet checked,2018-09-13,2018,Sep
15.4,140,Data not yet checked,2018-09-14,2018,Sep
15,140,Data not yet checked,2018-09-15,2018,Sep
15.2,140,Data not yet checked,2018-09-16,2018,Sep
15.1,140,Data not yet checked,2018-09-17,2018,Sep
14.6,140,Data not yet checked,2018-09-18,2018,Sep
14.2,140,Data not yet checked,2018-09-19,2018,Sep
14.3,140,Data not yet checked,2018-09-20,2018,Sep
14.4,140,Data not yet checked,2018-09-21,2018,Sep
14.8,140,Data not yet checked,2018-09-22,2018,Sep
14.3,140,Data not yet checked,2018-09-23,2018,Sep
13.6,140,Data not yet checked,2018-09-24,2018,Sep
13.4,140,Data not yet checked,2018-09-25,2018,Sep
13.6,140,Data not yet checked,2018-09-26,2018,Sep
13.8,140,Data not yet checked,2018-09-27,2018,Sep
14.3,140,Data not yet checked,2018-09-28,2018,Sep
13.9,140,Data not yet checked,2018-09-29,2018,Sep
13,140,Data not yet checked,2018-09-30,2018,Sep
13.1,140,Data not yet checked,2018-10-01,2018,Oct
13.1,140,Data not yet checked,2018-10-01,2018,Oct
14,140,Data not yet checked,2018-10-02,2018,Oct
12.5,140,Data not yet checked,2018-10-03,2018,Oct
11.4,140,Data not yet checked,2018-10-04,2018,Oct
11.1,140,Data not yet checked,2018-10-05,2018,Oct
11.3,140,Data not yet checked,2018-10-06,2018,Oct
11,140,Data not yet checked,2018-10-07,2018,Oct
11.6,140,Data not yet checked,2018-10-08,2018,Oct
11.6,140,Data not yet checked,2018-10-09,2018,Oct
11.2,140,Data not yet checked,2018-10-10,2018,Oct
10.5,140,Data not yet checked,2018-10-11,2018,Oct
10.5,140,Data not yet checked,2018-10-12,2018,Oct
10.4,140,Data not yet checked,2018-10-13,2018,Oct
9.4,140,Data not yet checked,2018-10-14,2018,Oct
9.1,140,Data not yet checked,2018-10-15,2018,Oct
9.1,140,Data not yet checked,2018-10-16,2018,Oct
9,140,Data not yet checked,2018-10-17,2018,Oct
9.1,140,Data not yet checked,2018-10-18,2018,Oct
9.3,140,Data not yet checked,2018-10-19,2018,Oct
9.3,140,Data not yet checked,2018-10-20,2018,Oct
9.2,140,Data not yet checked,2018-10-21,2018,Oct
9.2,140,Data not yet checked,2018-10-22,2018,Oct
9.7,140,Data not yet checked,2018-10-23,2018,Oct
10.2,140,Data not yet checked,2018-10-24,2018,Oct
10.3,140,Data not yet checked,2018-10-25,2018,Oct
11,140,Data not yet checked,2018-10-26,2018,Oct
11.6,140,Data not yet checked,2018-10-27,2018,Oct
11.2,140,Data not yet checked,2018-10-28,2018,Oct
10.4,140,Data not yet checked,2018-10-29,2018,Oct
9.9,140,Data not yet checked,2018-10-30,2018,Oct
9.8,140,Data not yet checked,2018-10-31,2018,Oct
11,140,Data not yet checked,2018-11-01,2018,Nov
11.4,140,Data not yet checked,2018-11-02,2018,Nov
10.4,140,Data not yet checked,2018-11-03,2018,Nov
10.5,140,Data not yet checked,2018-11-04,2018,Nov
9.9,140,Data not yet checked,2018-11-05,2018,Nov
9.5,140,Data not yet checked,2018-11-06,2018,Nov
8.4,140,Data not yet checked,2018-11-07,2018,Nov
6.9,140,Data not yet checked,2018-11-08,2018,Nov
5.9,140,Data not yet checked,2018-11-09,2018,Nov
5.7,140,Data not yet checked,2018-11-10,2018,Nov
4.9,140,Data not yet checked,2018-11-11,2018,Nov
4.9,140,Data not yet checked,2018-11-12,2018,Nov
4.5,140,Data not yet checked,2018-11-13,2018,Nov
4.9,140,Data not yet checked,2018-11-14,2018,Nov
5.5,140,Data not yet checked,2018-11-15,2018,Nov
6.5,140,Data not yet checked,2018-11-16,2018,Nov
5.6,140,Data not yet checked,2018-11-17,2018,Nov
4.5,140,Data not yet checked,2018-11-18,2018,Nov
3.9,140,Data not yet checked,2018-11-19,2018,Nov
3.1,140,Data not yet checked,2018-11-20,2018,Nov
3.3,140,Data not yet checked,2018-11-21,2018,Nov
4.3,140,Data not yet checked,2018-11-22,2018,Nov
5.7,140,Data not yet checked,2018-11-23,2018,Nov
5.5,140,Data not yet checked,2018-11-24,2018,Nov
4.5,140,Data not yet checked,2018-11-25,2018,Nov
4.4,140,Data not yet checked,2018-11-26,2018,Nov
6.5,140,Data not yet checked,2018-11-27,2018,Nov
7,140,Data not yet checked,2018-11-28,2018,Nov
6.4,140,Data not yet checked,2018-11-29,2018,Nov
6.2,140,Data not yet checked,2018-11-30,2018,Nov
5.5,140,Data not yet checked,2018-12-01,2018,Dec
5.6,140,Data not yet checked,2018-12-02,2018,Dec
5,140,Data not yet checked,2018-12-03,2018,Dec
4.3,140,Data not yet checked,2018-12-04,2018,Dec
3.1,140,Data not yet checked,2018-12-05,2018,Dec
2.7,140,Data not yet checked,2018-12-06,2018,Dec
2.2,140,Data not yet checked,2018-12-07,2018,Dec
2,140,Data not yet checked,2018-12-08,2018,Dec
1.8,140,Data not yet checked,2018-12-09,2018,Dec
2.5,140,Data not yet checked,2018-12-10,2018,Dec
3.4,140,Data not yet checked,2018-12-11,2018,Dec
4.2,140,Data not yet checked,2018-12-12,2018,Dec
4.3,140,Data not yet checked,2018-12-13,2018,Dec
4.2,140,Data not yet checked,2018-12-14,2018,Dec
4.5,140,Data not yet checked,2018-12-15,2018,Dec
5.3,140,Data not yet checked,2018-12-16,2018,Dec
6,140,Data not yet checked,2018-12-17,2018,Dec
6.6,140,Data not yet checked,2018-12-18,2018,Dec
5.8,140,Data not yet checked,2018-12-19,2018,Dec
6,140,Data not yet checked,2018-12-20,2018,Dec
4.9,140,Data not yet checked,2018-12-21,2018,Dec
3.9,140,Data not yet checked,2018-12-22,2018,Dec
4.8,140,Data not yet checked,2018-12-23,2018,Dec
5.4,140,Data not yet checked,2018-12-24,2018,Dec
5,140,Data not yet checked,2018-12-25,2018,Dec
4.3,140,Data not yet checked,2018-12-26,2018,Dec
4.2,140,Data not yet checked,2018-12-27,2018,Dec
3.7,140,Data not yet checked,2018-12-28,2018,Dec
5.3,140,Data not yet checked,2018-12-29,2018,Dec
5.4,140,Data not yet checked,2018-12-30,2018,Dec
3,140,Data not yet checked,2018-12-31,2018,Dec
2.6,140,Data not yet checked,2019-01-01,2019,Jan
2.5,140,Data not yet checked,2019-01-02,2019,Jan
3.9,140,Data not yet checked,2019-01-03,2019,Jan
5,140,Data not yet checked,2019-01-04,2019,Jan
4.6,140,Data not yet checked,2019-01-05,2019,Jan
5.2,140,Data not yet checked,2019-01-06,2019,Jan
4.1,140,Data not yet checked,2019-01-07,2019,Jan
3.2,140,Data not yet checked,2019-01-08,2019,Jan
3.9,140,Data not yet checked,2019-01-09,2019,Jan
4.8,140,Data not yet checked,2019-01-10,2019,Jan
4.4,140,Data not yet checked,2019-01-11,2019,Jan
3.7,140,Data not yet checked,2019-01-12,2019,Jan
3.2,140,Data not yet checked,2019-01-13,2019,Jan
2.8,140,Data not yet checked,2019-01-14,2019,Jan
2.4,140,Data not yet checked,2019-01-15,2019,Jan
2.6,140,Data not yet checked,2019-01-16,2019,Jan
3.3,140,Data not yet checked,2019-01-17,2019,Jan
4.3,140,Data not yet checked,2019-01-18,2019,Jan
5.6,140,Data not yet checked,2019-01-19,2019,Jan
4.7,140,Data not yet checked,2019-01-20,2019,Jan
4.2,140,Data not yet checked,2019-01-21,2019,Jan
3.6,140,Data not yet checked,2019-01-22,2019,Jan
5.1,140,Data not yet checked,2019-01-23,2019,Jan
5.2,140,Data not yet checked,2019-01-24,2019,Jan
4.5,140,Data not yet checked,2019-01-25,2019,Jan
4.2,140,Data not yet checked,2019-01-26,2019,Jan
4.7,140,Data not yet checked,2019-01-27,2019,Jan
4.6,140,Data not yet checked,2019-01-28,2019,Jan
3.7,140,Data not yet checked,2019-01-29,2019,Jan
3.3,140,Data not yet checked,2019-01-30,2019,Jan
3.3,140,Data not yet checked,2019-01-31,2019,Jan
3.6,140,Data not yet checked,2019-02-01,2019,Feb
5.3,140,Data not yet checked,2019-02-02,2019,Feb
5.2,140,Data not yet checked,2019-02-03,2019,Feb
3.7,140,Data not yet checked,2019-02-04,2019,Feb
1.8,140,Data not yet checked,2019-02-05,2019,Feb
0.9,140,Data not yet checked,2019-02-06,2019,Feb
0.1,140,Data not yet checked,2019-02-07,2019,Feb
0.7,140,Data not yet checked,2019-02-08,2019,Feb
1.9,140,Data not yet checked,2019-02-09,2019,Feb
0.5,140,Data not yet checked,2019-02-10,2019,Feb
1,140,Data not yet checked,2019-02-11,2019,Feb
2,140,Data not yet checked,2019-02-12,2019,Feb
2.8,140,Data not yet checked,2019-02-13,2019,Feb
2.6,140,Data not yet checked,2019-02-14,2019,Feb
3.1,140,Data not yet checked,2019-02-15,2019,Feb
2.9,140,Data not yet checked,2019-02-16,2019,Feb
3.5,140,Data not yet checked,2019-02-17,2019,Feb
2.8,140,Data not yet checked,2019-02-18,2019,Feb
2.9,140,Data not yet checked,2019-02-19,2019,Feb
2.2,140,Data not yet checked,2019-02-20,2019,Feb
2.3,140,Data not yet checked,2019-02-21,2019,Feb
1.9,140,Data not yet checked,2019-02-22,2019,Feb
3.2,140,Data not yet checked,2019-02-23,2019,Feb
2.5,140,Data not yet checked,2019-02-24,2019,Feb
1.9,140,Data not yet checked,2019-02-25,2019,Feb
1.4,140,Data not yet checked,2019-02-26,2019,Feb
1.2,140,Data not yet checked,2019-02-27,2019,Feb
1.7,140,Data not yet checked,2019-02-28,2019,Feb
1.7,140,Data not yet checked,2019-03-01,2019,Mar
1.8,140,Data not yet checked,2019-03-02,2019,Mar
1.5,140,Data not yet checked,2019-03-03,2019,Mar
1.2,140,Data not yet checked,2019-03-04,2019,Mar
0.6,140,Data not yet checked,2019-03-05,2019,Mar
1,140,Data not yet checked,2019-03-06,2019,Mar
2.3,140,Data not yet checked,2019-03-07,2019,Mar
3.2,140,Data not yet checked,2019-03-08,2019,Mar
2.8,140,Data not yet checked,2019-03-09,2019,Mar
3.2,140,Data not yet checked,2019-03-10,2019,Mar
2.9,140,Data not yet checked,2019-03-11,2019,Mar
2.8,140,Data not yet checked,2019-03-12,2019,Mar
4.3,140,Data not yet checked,2019-03-13,2019,Mar
4.2,140,Data not yet checked,2019-03-14,2019,Mar
5.1,140,Data not yet checked,2019-03-15,2019,Mar
4.8,140,Data not yet checked,2019-03-16,2019,Mar
5.2,140,Data not yet checked,2019-03-17,2019,Mar
5.2,140,Data not yet checked,2019-03-18,2019,Mar
5.6,140,Data not yet checked,2019-03-19,2019,Mar
6.1,140,Data not yet checked,2019-03-20,2019,Mar
6.2,140,Data not yet checked,2019-03-21,2019,Mar
6.5,140,Data not yet checked,2019-03-22,2019,Mar
6.6,140,Data not yet checked,2019-03-23,2019,Mar
6.1,140,Data not yet checked,2019-03-24,2019,Mar
5.9,140,Data not yet checked,2019-03-25,2019,Mar
7.1,140,Data not yet checked,2019-03-26,2019,Mar
6.1,140,Data not yet checked,2019-03-27,2019,Mar
6.8,140,Data not yet checked,2019-03-28,2019,Mar
6.7,140,Data not yet checked,2019-03-29,2019,Mar
6.6,140,Data not yet checked,2019-03-30,2019,Mar
7.4,140,Data not yet checked,2019-03-31,2019,Mar
8.2,140,Data not yet checked,2019-04-01,2019,Apr
8.5,140,Data not yet checked,2019-04-02,2019,Apr
9.2,140,Data not yet checked,2019-04-03,2019,Apr
8.6,140,Data not yet checked,2019-04-04,2019,Apr
9.1,140,Data not yet checked,2019-04-05,2019,Apr
7.4,140,Data not yet checked,2019-04-06,2019,Apr
7.7,140,Data not yet checked,2019-04-07,2019,Apr
7.3,140,Data not yet checked,2019-04-08,2019,Apr
6.9,140,Data not yet checked,2019-04-09,2019,Apr
6.7,140,Data not yet checked,2019-04-10,2019,Apr
7,140,Data not yet checked,2019-04-11,2019,Apr
7,140,Data not yet checked,2019-04-12,2019,Apr
7.2,140,Data not yet checked,2019-04-13,2019,Apr
7,140,Data not yet checked,2019-04-14,2019,Apr
7.5,140,Data not yet checked,2019-04-15,2019,Apr
8.3,140,Data not yet checked,2019-04-16,2019,Apr
9.3,140,Data not yet checked,2019-04-17,2019,Apr
10,140,Data not yet checked,2019-04-18,2019,Apr
11.4,140,Data not yet checked,2019-04-19,2019,Apr
10.1,140,Data not yet checked,2019-04-20,2019,Apr
9.4,140,Data not yet checked,2019-04-21,2019,Apr
9.5,140,Data not yet checked,2019-04-22,2019,Apr
11.1,140,Data not yet checked,2019-04-23,2019,Apr
11,140,Data not yet checked,2019-04-24,2019,Apr
10,140,Data not yet checked,2019-04-25,2019,Apr
10.2,140,Data not yet checked,2019-04-26,2019,Apr
8.9,140,Data not yet checked,2019-04-27,2019,Apr
8.6,140,Data not yet checked,2019-04-28,2019,Apr
9,140,Data not yet checked,2019-04-29,2019,Apr
9.2,140,Data not yet checked,2019-04-30,2019,Apr
9.4,140,Data not yet checked,2019-05-01,2019,May
10,140,Data not yet checked,2019-05-02,2019,May
10.9,140,Data not yet checked,2019-05-03,2019,May
11.9,140,Data not yet checked,2019-05-04,2019,May
13,140,Data not yet checked,2019-05-05,2019,May
13.1,140,Data not yet checked,2019-05-06,2019,May
13.3,140,Data not yet checked,2019-05-07,2019,May
13.5,140,Data not yet checked,2019-05-08,2019,May
13.4,140,Data not yet checked,2019-05-09,2019,May
13.3,140,Data not yet checked,2019-05-10,2019,May
14,140,Data not yet checked,2019-05-11,2019,May
14.5,140,Data not yet checked,2019-05-12,2019,May
14.1,140,Data not yet checked,2019-05-13,2019,May
13.5,140,Data not yet checked,2019-05-14,2019,May
12.6,140,Data not yet checked,2019-05-15,2019,May
12.2,140,Data not yet checked,2019-05-16,2019,May
11.4,140,Data not yet checked,2019-05-17,2019,May
12.5,140,Data not yet checked,2019-05-18,2019,May
13.1,140,Data not yet checked,2019-05-19,2019,May
13.2,140,Data not yet checked,2019-05-20,2019,May
11.8,140,Data not yet checked,2019-05-21,2019,May
12.7,140,Data not yet checked,2019-05-22,2019,May
14,140,Data not yet checked,2019-05-23,2019,May
13.4,140,Data not yet checked,2019-05-24,2019,May
13.7,140,Data not yet checked,2019-05-25,2019,May
14,140,Data not yet checked,2019-05-26,2019,May
14.7,140,Data not yet checked,2019-05-27,2019,May
16.2,140,Data not yet checked,2019-05-28,2019,May
16,140,Data not yet checked,2019-05-29,2019,May
15.9,140,Data not yet checked,2019-05-30,2019,May
16.9,140,Data not yet checked,2019-05-31,2019,May
18.1,140,Data not yet checked,2019-06-01,2019,Jun
18.4,140,Data not yet checked,2019-06-02,2019,Jun
18.2,140,Data not yet checked,2019-06-03,2019,Jun
17.4,140,Data not yet checked,2019-06-04,2019,Jun
17.4,140,Data not yet checked,2019-06-05,2019,Jun
15.5,140,Data not yet checked,2019-06-06,2019,Jun
14.3,140,Data not yet checked,2019-06-07,2019,Jun
14.9,140,Data not yet checked,2019-06-08,2019,Jun
15.9,140,Data not yet checked,2019-06-09,2019,Jun
17.3,140,Data not yet checked,2019-06-10,2019,Jun
18.6,140,Data not yet checked,2019-06-11,2019,Jun
19.7,140,Data not yet checked,2019-06-12,2019,Jun
20.7,140,Data not yet checked,2019-06-13,2019,Jun
19.9,140,Data not yet checked,2019-06-14,2019,Jun
19.7,140,Data not yet checked,2019-06-15,2019,Jun
20.3,140,Data not yet checked,2019-06-16,2019,Jun
20.9,140,Data not yet checked,2019-06-17,2019,Jun
20.7,140,Data not yet checked,2019-06-18,2019,Jun
18.6,140,Data not yet checked,2019-06-19,2019,Jun
16.5,140,Data not yet checked,2019-06-20,2019,Jun
15.7,140,Data not yet checked,2019-06-21,2019,Jun
17,140,Data not yet checked,2019-06-22,2019,Jun
16.8,140,Data not yet checked,2019-06-23,2019,Jun
17.6,140,Data not yet checked,2019-06-24,2019,Jun
18.3,140,Data not yet checked,2019-06-25,2019,Jun
18.3,140,Data not yet checked,2019-06-26,2019,Jun
17.4,140,Data not yet checked,2019-06-27,2019,Jun
18.1,140,Data not yet checked,2019-06-28,2019,Jun
18.7,140,Data not yet checked,2019-06-29,2019,Jun
19.8,140,Data not yet checked,2019-06-30,2019,Jun
19.7,140,Data not yet checked,2019-07-01,2019,Jul
19.4,140,Data not yet checked,2019-07-02,2019,Jul
19.2,140,Data not yet checked,2019-07-03,2019,Jul
19.8,140,Data not yet checked,2019-07-04,2019,Jul
20.5,140,Data not yet checked,2019-07-05,2019,Jul
20.3,140,Data not yet checked,2019-07-06,2019,Jul
19.8,140,Data not yet checked,2019-07-07,2019,Jul
20,140,Data not yet checked,2019-07-08,2019,Jul
20.1,140,Data not yet checked,2019-07-09,2019,Jul
20.9,140,Data not yet checked,2019-07-10,2019,Jul
21.6,140,Data not yet checked,2019-07-11,2019,Jul
22,140,Data not yet checked,2019-07-12,2019,Jul
22.1,140,Data not yet checked,2019-07-13,2019,Jul
21.4,140,Data not yet checked,2019-07-14,2019,Jul
20.3,140,Data not yet checked,2019-07-15,2019,Jul
20.9,140,Data not yet checked,2019-07-16,2019,Jul
20.2,140,Data not yet checked,2019-07-17,2019,Jul
20.6,140,Data not yet checked,2019-07-18,2019,Jul
20.1,140,Data not yet checked,2019-07-19,2019,Jul
20,140,Data not yet checked,2019-07-20,2019,Jul
20.8,140,Data not yet checked,2019-07-21,2019,Jul
21.6,140,Data not yet checked,2019-07-22,2019,Jul
22.2,140,Data not yet checked,2019-07-23,2019,Jul
21.2,140,Data not yet checked,2019-07-24,2019,Jul
20.8,140,Data not yet checked,2019-07-25,2019,Jul
21.5,140,Data not yet checked,2019-07-26,2019,Jul
21.7,140,Data not yet checked,2019-07-27,2019,Jul
21.4,140,Data not yet checked,2019-07-28,2019,Jul
21.4,140,Data not yet checked,2019-07-29,2019,Jul
21.4,140,Data not yet checked,2019-07-30,2019,Jul
21.2,140,Data not yet checked,2019-07-31,2019,Jul
22.1,140,Data not yet checked,2019-08-01,2019,Aug
22.3,140,Data not yet checked,2019-08-02,2019,Aug
22.6,140,Data not yet checked,2019-08-03,2019,Aug
22.5,140,Data not yet checked,2019-08-04,2019,Aug
22.7,140,Data not yet checked,2019-08-05,2019,Aug
23,140,Data not yet checked,2019-08-06,2019,Aug
23.9,140,Data not yet checked,2019-08-07,2019,Aug
23,140,Data not yet checked,2019-08-08,2019,Aug
23.1,140,Data not yet checked,2019-08-09,2019,Aug
21.8,140,Data not yet checked,2019-08-10,2019,Aug
19.8,140,Data not yet checked,2019-08-11,2019,Aug
20.6,140,Data not yet checked,2019-08-12,2019,Aug
21.1,140,Data not yet checked,2019-08-13,2019,Aug
21.5,140,Data not yet checked,2019-08-14,2019,Aug
21.9,140,Data not yet checked,2019-08-15,2019,Aug
21.5,140,Data not yet checked,2019-08-16,2019,Aug
20.7,140,Data not yet checked,2019-08-17,2019,Aug
21,140,Data not yet checked,2019-08-18,2019,Aug
21.3,140,Data not yet checked,2019-08-19,2019,Aug
21.6,140,Data not yet checked,2019-08-20,2019,Aug
21.4,140,Data not yet checked,2019-08-21,2019,Aug
21.2,140,Data not yet checked,2019-08-22,2019,Aug
20.8,140,Data not yet checked,2019-08-23,2019,Aug
21,140,Data not yet checked,2019-08-24,2019,Aug
20.4,140,Data not yet checked,2019-08-25,2019,Aug
20.1,140,Data not yet checked,2019-08-26,2019,Aug
20,140,Data not yet checked,2019-08-27,2019,Aug
20.3,140,Data not yet checked,2019-08-28,2019,Aug
19.6,140,Data not yet checked,2019-08-29,2019,Aug
21,140,Data not yet checked,2019-08-30,2019,Aug
21.3,140,Data not yet checked,2019-08-31,2019,Aug
21.6,140,Data not yet checked,2019-09-01,2019,Sep
21.2,140,Data not yet checked,2019-09-02,2019,Sep
20.7,140,Data not yet checked,2019-09-03,2019,Sep
20.8,140,Data not yet checked,2019-09-04,2019,Sep
20,140,Data not yet checked,2019-09-05,2019,Sep
20.8,140,Data not yet checked,2019-09-06,2019,Sep
20.3,140,Data not yet checked,2019-09-07,2019,Sep
18.3,140,Data not yet checked,2019-09-08,2019,Sep
18,140,Data not yet checked,2019-09-09,2019,Sep
17.9,140,Data not yet checked,2019-09-10,2019,Sep
18.1,140,Data not yet checked,2019-09-11,2019,Sep
18.2,140,Data not yet checked,2019-09-12,2019,Sep
18.1,140,Data not yet checked,2019-09-13,2019,Sep
17.8,140,Data not yet checked,2019-09-14,2019,Sep
17.7,140,Data not yet checked,2019-09-15,2019,Sep
16.3,140,Data not yet checked,2019-09-16,2019,Sep
16,140,Data not yet checked,2019-09-17,2019,Sep
16.3,140,Data not yet checked,2019-09-18,2019,Sep
15.7,140,Data not yet checked,2019-09-19,2019,Sep
15.8,140,Data not yet checked,2019-09-20,2019,Sep
16.2,140,Data not yet checked,2019-09-21,2019,Sep
15.8,140,Data not yet checked,2019-09-22,2019,Sep
15.6,140,Data not yet checked,2019-09-23,2019,Sep
16.1,140,Data not yet checked,2019-09-24,2019,Sep
15.6,140,Data not yet checked,2019-09-25,2019,Sep
15,140,Data not yet checked,2019-09-26,2019,Sep
14.7,140,Data not yet checked,2019-09-27,2019,Sep
12.9,140,Data not yet checked,2019-09-28,2019,Sep
11.1,140,Data not yet checked,2019-09-29,2019,Sep
10.6,140,Data not yet checked,2019-09-30,2019,Sep
10.5,140,Data not yet checked,2019-10-02,2019,Oct
11.1,140,Data not yet checked,2019-10-03,2019,Oct
11,140,Data not yet checked,2019-10-04,2019,Oct
11.2,140,Data not yet checked,2019-10-05,2019,Oct
11,140,Data not yet checked,2019-10-06,2019,Oct
11.5,140,Data not yet checked,2019-10-07,2019,Oct
12,140,Data not yet checked,2019-10-08,2019,Oct
10,140,Data not yet checked,2019-10-09,2019,Oct
8.4,140,Data not yet checked,2019-10-10,2019,Oct
8.3,140,Data not yet checked,2019-10-11,2019,Oct
8.2,140,Data not yet checked,2019-10-12,2019,Oct
9,140,Data not yet checked,2019-10-13,2019,Oct
9.7,140,Data not yet checked,2019-10-14,2019,Oct
9.3,140,Data not yet checked,2019-10-15,2019,Oct
10.6,140,Data not yet checked,2019-10-16,2019,Oct
10.9,140,Data not yet checked,2019-10-17,2019,Oct
10.2,140,Data not yet checked,2019-10-18,2019,Oct
9.5,140,Data not yet checked,2019-10-19,2019,Oct
8.6,140,Data not yet checked,2019-10-20,2019,Oct
9.5,140,Data not yet checked,2019-10-21,2019,Oct
11.2,140,Data not yet checked,2019-10-22,2019,Oct
9.6,140,Data not yet checked,2019-10-23,2019,Oct
9,140,Data not yet checked,2019-10-24,2019,Oct
9.6,140,Data not yet checked,2019-10-25,2019,Oct
9.1,140,Data not yet checked,2019-10-26,2019,Oct
7.1,140,Data not yet checked,2019-10-27,2019,Oct
6.2,140,Data not yet checked,2019-10-28,2019,Oct
4.1,140,Data not yet checked,2019-10-29,2019,Oct
3.4,140,Data not yet checked,2019-10-30,2019,Oct
3.6,140,Data not yet checked,2019-10-31,2019,Oct
3.6,140,Data not yet checked,2019-11-01,2019,Nov
4.1,140,Data not yet checked,2019-11-02,2019,Nov
4.5,140,Data not yet checked,2019-11-03,2019,Nov
5,140,Data not yet checked,2019-11-04,2019,Nov
5.3,140,Data not yet checked,2019-11-05,2019,Nov
5.1,140,Data not yet checked,2019-11-06,2019,Nov
4.9,140,Data not yet checked,2019-11-07,2019,Nov
4.9,140,Data not yet checked,2019-11-08,2019,Nov
5.5,140,Data not yet checked,2019-11-09,2019,Nov
6.9,140,Data not yet checked,2019-11-10,2019,Nov
5.7,140,Data not yet checked,2019-11-11,2019,Nov
5.4,140,Data not yet checked,2019-11-12,2019,Nov
5.4,140,Data not yet checked,2019-11-13,2019,Nov
6.2,140,Data not yet checked,2019-11-14,2019,Nov
6.6,140,Data not yet checked,2019-11-15,2019,Nov
7.2,140,Data not yet checked,2019-11-16,2019,Nov
7.6,140,Data not yet checked,2019-11-17,2019,Nov
7.9,140,Data not yet checked,2019-11-18,2019,Nov
8.2,140,Data not yet checked,2019-11-19,2019,Nov
7.3,140,Data not yet checked,2019-11-20,2019,Nov
5.2,140,Data not yet checked,2019-11-21,2019,Nov
4.4,140,Data not yet checked,2019-11-22,2019,Nov
4.2,140,Data not yet checked,2019-11-23,2019,Nov
5.5,140,Data not yet checked,2019-11-24,2019,Nov
5.1,140,Data not yet checked,2019-11-25,2019,Nov
4.7,140,Data not yet checked,2019-11-26,2019,Nov
4.1,140,Data not yet checked,2019-11-27,2019,Nov
3.5,140,Data not yet checked,2019-11-28,2019,Nov
1.8,140,Data not yet checked,2019-11-29,2019,Nov
1.4,140,Data not yet checked,2019-11-30,2019,Nov
1.7,140,Data not yet checked,2019-12-01,2019,Dec
2.4,140,Data not yet checked,2019-12-02,2019,Dec
2.5,140,Data not yet checked,2019-12-03,2019,Dec
3.4,140,Data not yet checked,2019-12-04,2019,Dec
3.9,140,Data not yet checked,2019-12-05,2019,Dec
3.4,140,Data not yet checked,2019-12-06,2019,Dec
4,140,Data not yet checked,2019-12-07,2019,Dec
4.8,140,Data not yet checked,2019-12-08,2019,Dec
5,140,Data not yet checked,2019-12-09,2019,Dec
4.6,140,Data not yet checked,2019-12-10,2019,Dec
4.4,140,Data not yet checked,2019-12-11,2019,Dec
5.2,140,Data not yet checked,2019-12-12,2019,Dec
5,140,Data not yet checked,2019-12-13,2019,Dec
4.7,140,Data not yet checked,2019-12-14,2019,Dec
4.1,140,Data not yet checked,2019-12-15,2019,Dec
2.8,140,Data not yet checked,2019-12-16,2019,Dec
2.2,140,Data not yet checked,2019-12-17,2019,Dec
2.3,140,Data not yet checked,2019-12-18,2019,Dec
3.3,140,Data not yet checked,2019-12-19,2019,Dec
5.9,140,Data not yet checked,2019-12-20,2019,Dec
6.7,140,Data not yet checked,2019-12-21,2019,Dec
5.8,140,Data not yet checked,2019-12-22,2019,Dec
5.7,140,Data not yet checked,2019-12-23,2019,Dec
4.1,140,Data not yet checked,2019-12-24,2019,Dec
3,140,Data not yet checked,2019-12-25,2019,Dec
3.2,140,Data not yet checked,2019-12-26,2019,Dec
2.8,140,Data not yet checked,2019-12-27,2019,Dec
3.4,140,Data not yet checked,2019-12-28,2019,Dec
3.6,140,Data not yet checked,2019-12-29,2019,Dec
3.6,140,Data not yet checked,2019-12-30,2019,Dec
4.4,140,Data not yet checked,2019-12-31,2019,Dec
5.8,140,Data not yet checked,2020-01-01,2020,Jan
5.4,140,Data not yet checked,2020-01-02,2020,Jan
5.7,140,Data not yet checked,2020-01-03,2020,Jan
5.4,140,Data not yet checked,2020-01-04,2020,Jan
4.3,140,Data not yet checked,2020-01-05,2020,Jan
4.9,140,Data not yet checked,2020-01-06,2020,Jan
6.1,140,Data not yet checked,2020-01-07,2020,Jan
5.5,140,Data not yet checked,2020-01-08,2020,Jan
4.4,140,Data not yet checked,2020-01-09,2020,Jan
3.5,140,Data not yet checked,2020-01-10,2020,Jan
4.4,140,Data not yet checked,2020-01-11,2020,Jan
3.8,140,Data not yet checked,2020-01-12,2020,Jan
2.8,140,Data not yet checked,2020-01-13,2020,Jan
1,140,Data not yet checked,2020-01-14,2020,Jan
1.1,140,Data not yet checked,2020-01-15,2020,Jan
2.3,140,Data not yet checked,2020-01-16,2020,Jan
2,140,Data not yet checked,2020-01-17,2020,Jan
2.8,140,Data not yet checked,2020-01-18,2020,Jan
3,140,Data not yet checked,2020-01-19,2020,Jan
3.3,140,Data not yet checked,2020-01-20,2020,Jan
3.4,140,Data not yet checked,2020-01-21,2020,Jan
4.3,140,Data not yet checked,2020-01-22,2020,Jan
5.9,140,Data not yet checked,2020-01-23,2020,Jan
6.2,140,Data not yet checked,2020-01-24,2020,Jan
5.3,140,Data not yet checked,2020-01-25,2020,Jan
5.5,140,Data not yet checked,2020-01-26,2020,Jan
5.3,140,Data not yet checked,2020-01-27,2020,Jan
6,140,Data not yet checked,2020-01-28,2020,Jan
5.7,140,Data not yet checked,2020-01-29,2020,Jan
5.4,140,Data not yet checked,2020-01-30,2020,Jan
7.1,140,Data not yet checked,2020-01-31,2020,Jan
7,140,Data not yet checked,2020-02-01,2020,Feb
4.9,140,Data not yet checked,2020-02-02,2020,Feb
3.2,140,Data not yet checked,2020-02-03,2020,Feb
3.2,140,Data not yet checked,2020-02-04,2020,Feb
3.9,140,Data not yet checked,2020-02-05,2020,Feb
4.8,140,Data not yet checked,2020-02-06,2020,Feb
5.4,140,Data not yet checked,2020-02-07,2020,Feb
5,140,Data not yet checked,2020-02-08,2020,Feb
4.6,140,Data not yet checked,2020-02-09,2020,Feb
4.5,140,Data not yet checked,2020-02-10,2020,Feb
4.7,140,Data not yet checked,2020-02-11,2020,Feb
4.9,140,Data not yet checked,2020-02-12,2020,Feb
4.7,140,Data not yet checked,2020-02-13,2020,Feb
5.1,140,Data not yet checked,2020-02-14,2020,Feb
5,140,Data not yet checked,2020-02-15,2020,Feb
5.2,140,Data not yet checked,2020-02-16,2020,Feb
4.7,140,Data not yet checked,2020-02-17,2020,Feb
4.2,140,Data not yet checked,2020-02-18,2020,Feb
3.8,140,Data not yet checked,2020-02-19,2020,Feb
3.7,140,Data not yet checked,2020-02-20,2020,Feb
3.9,140,Data not yet checked,2020-02-21,2020,Feb
4.5,140,Data not yet checked,2020-02-22,2020,Feb
5,140,Data not yet checked,2020-02-23,2020,Feb
4.4,140,Data not yet checked,2020-02-24,2020,Feb
4.5,140,Data not yet checked,2020-02-25,2020,Feb
5.5,140,Data not yet checked,2020-02-26,2020,Feb
5.7,140,Data not yet checked,2020-02-27,2020,Feb
6.2,140,Data not yet checked,2020-02-28,2020,Feb
6.2,140,Data not yet checked,2020-02-29,2020,Feb
5.3,140,Data not yet checked,2020-03-01,2020,Mar
5.2,140,Data not yet checked,2020-03-02,2020,Mar
6.9,140,Data not yet checked,2020-03-03,2020,Mar
6.9,140,Data not yet checked,2020-03-04,2020,Mar
6.3,140,Data not yet checked,2020-03-05,2020,Mar
7,140,Data not yet checked,2020-03-06,2020,Mar
6.5,140,Data not yet checked,2020-03-07,2020,Mar
6,140,Data not yet checked,2020-03-08,2020,Mar
5.9,140,Data not yet checked,2020-03-09,2020,Mar
6.1,140,Data not yet checked,2020-03-10,2020,Mar
7.1,140,Data not yet checked,2020-03-11,2020,Mar
6.3,140,Data not yet checked,2020-03-12,2020,Mar
5.5,140,Data not yet checked,2020-03-13,2020,Mar
4.6,140,Data not yet checked,2020-03-14,2020,Mar
4.1,140,Data not yet checked,2020-03-15,2020,Mar
4.1,140,Data not yet checked,2020-03-16,2020,Mar
4.9,140,Data not yet checked,2020-03-17,2020,Mar
6.1,140,Data not yet checked,2020-03-18,2020,Mar
6.6,140,Data not yet checked,2020-03-19,2020,Mar
7.3,140,Data not yet checked,2020-03-20,2020,Mar
7.7,140,Data not yet checked,2020-03-21,2020,Mar
7.9,140,Data not yet checked,2020-03-22,2020,Mar
7.9,140,Data not yet checked,2020-03-23,2020,Mar
7.4,140,Data not yet checked,2020-03-24,2020,Mar
6.9,140,Data not yet checked,2020-03-25,2020,Mar
6.4,140,Data not yet checked,2020-03-26,2020,Mar
6.5,140,Data not yet checked,2020-03-27,2020,Mar
7.8,140,Data not yet checked,2020-03-28,2020,Mar
8.5,140,Data not yet checked,2020-03-29,2020,Mar
7.5,140,Data not yet checked,2020-03-30,2020,Mar
6.3,140,Data not yet checked,2020-03-31,2020,Mar
5.6,140,Data not yet checked,2020-04-01,2020,Apr
6.1,140,Data not yet checked,2020-04-02,2020,Apr
6.3,140,Data not yet checked,2020-04-03,2020,Apr
6.8,140,Data not yet checked,2020-04-04,2020,Apr
7.7,140,Data not yet checked,2020-04-05,2020,Apr
8.4,140,Data not yet checked,2020-04-06,2020,Apr
9,140,Data not yet checked,2020-04-07,2020,Apr
9.2,140,Data not yet checked,2020-04-08,2020,Apr
9.7,140,Data not yet checked,2020-04-09,2020,Apr
10.2,140,Data not yet checked,2020-04-10,2020,Apr
10.2,140,Data not yet checked,2020-04-11,2020,Apr
8.4,140,Data not yet checked,2020-04-12,2020,Apr
7.7,140,Data not yet checked,2020-04-13,2020,Apr
8.4,140,Data not yet checked,2020-04-14,2020,Apr
9.4,140,Data not yet checked,2020-04-15,2020,Apr
8.9,140,Data not yet checked,2020-04-16,2020,Apr
9.2,140,Data not yet checked,2020-04-17,2020,Apr
10.1,140,Data not yet checked,2020-04-18,2020,Apr
10.9,140,Data not yet checked,2020-04-19,2020,Apr
11.4,140,Data not yet checked,2020-04-20,2020,Apr
11.6,140,Data not yet checked,2020-04-21,2020,Apr
10.3,140,Data not yet checked,2020-04-22,2020,Apr
10.7,140,Data not yet checked,2020-04-23,2020,Apr
9.9,140,Data not yet checked,2020-04-24,2020,Apr
9.6,140,Data not yet checked,2020-04-25,2020,Apr
10.5,140,Data not yet checked,2020-04-26,2020,Apr
11.2,140,Data not yet checked,2020-04-27,2020,Apr
11.3,140,Data not yet checked,2020-04-28,2020,Apr
11.7,140,Data not yet checked,2020-04-29,2020,Apr
11.6,140,Data not yet checked,2020-04-30,2020,Apr
10.8,140,Data not yet checked,2020-05-01,2020,May
11,140,Data not yet checked,2020-05-02,2020,May
10.9,140,Data not yet checked,2020-05-03,2020,May
10.8,140,Data not yet checked,2020-05-04,2020,May
11.9,140,Data not yet checked,2020-05-05,2020,May
11.5,140,Data not yet checked,2020-05-06,2020,May
11.3,140,Data not yet checked,2020-05-07,2020,May
12.3,140,Data not yet checked,2020-05-08,2020,May
13.1,140,Data not yet checked,2020-05-09,2020,May
13.7,140,Data not yet checked,2020-05-10,2020,May
13.7,140,Data not yet checked,2020-05-11,2020,May
13.3,140,Data not yet checked,2020-05-12,2020,May
12.5,140,Data not yet checked,2020-05-13,2020,May
11.8,140,Data not yet checked,2020-05-14,2020,May
12.7,140,Data not yet checked,2020-05-15,2020,May
12.8,140,Data not yet checked,2020-05-16,2020,May
13,140,Data not yet checked,2020-05-17,2020,May
12.3,140,Data not yet checked,2020-05-18,2020,May
12.3,140,Data not yet checked,2020-05-19,2020,May
11.1,140,Data not yet checked,2020-05-20,2020,May
10.6,140,Data not yet checked,2020-05-21,2020,May
10,140,Data not yet checked,2020-05-22,2020,May
11.1,140,Data not yet checked,2020-05-23,2020,May
12.2,140,Data not yet checked,2020-05-24,2020,May
12,140,Data not yet checked,2020-05-25,2020,May
13.8,140,Data not yet checked,2020-05-26,2020,May
14.6,140,Data not yet checked,2020-05-27,2020,May
15,140,Data not yet checked,2020-05-28,2020,May
16.6,140,Data not yet checked,2020-05-29,2020,May
17,140,Data not yet checked,2020-05-30,2020,May
15.7,140,Data not yet checked,2020-05-31,2020,May
15.3,140,Data not yet checked,2020-06-01,2020,Jun
15.5,140,Data not yet checked,2020-06-02,2020,Jun
15.9,140,Data not yet checked,2020-06-03,2020,Jun
16.2,140,Data not yet checked,2020-06-04,2020,Jun
15.6,140,Data not yet checked,2020-06-05,2020,Jun
15.5,140,Data not yet checked,2020-06-06,2020,Jun
14,140,Data not yet checked,2020-06-07,2020,Jun
13.8,140,Data not yet checked,2020-06-08,2020,Jun
13.9,140,Data not yet checked,2020-06-09,2020,Jun
16.5,140,Data not yet checked,2020-06-10,2020,Jun
18,140,Data not yet checked,2020-06-11,2020,Jun
17.6,140,Data not yet checked,2020-06-12,2020,Jun
15.2,140,Data not yet checked,2020-06-13,2020,Jun
14.7,140,Data not yet checked,2020-06-14,2020,Jun
14.8,140,Data not yet checked,2020-06-15,2020,Jun
15,140,Data not yet checked,2020-06-16,2020,Jun
15.9,140,Data not yet checked,2020-06-17,2020,Jun
17.5,140,Data not yet checked,2020-06-18,2020,Jun
18.4,140,Data not yet checked,2020-06-19,2020,Jun
17.9,140,Data not yet checked,2020-06-20,2020,Jun
18.4,140,Data not yet checked,2020-06-21,2020,Jun
19.2,140,Data not yet checked,2020-06-22,2020,Jun
20.4,140,Data not yet checked,2020-06-23,2020,Jun
20.5,140,Data not yet checked,2020-06-24,2020,Jun
20.9,140,Data not yet checked,2020-06-25,2020,Jun
21.7,140,Data not yet checked,2020-06-26,2020,Jun
21.3,140,Data not yet checked,2020-06-27,2020,Jun
18,140,Data not yet checked,2020-06-28,2020,Jun
18.1,140,Data not yet checked,2020-06-29,2020,Jun
18.3,140,Data not yet checked,2020-06-30,2020,Jun
17.2,140,Data not yet checked,2020-07-01,2020,Jul
17.8,140,Data not yet checked,2020-07-02,2020,Jul
18.6,140,Data not yet checked,2020-07-03,2020,Jul
19.2,140,Data not yet checked,2020-07-04,2020,Jul
19.5,140,Data not yet checked,2020-07-05,2020,Jul
20,140,Data not yet checked,2020-07-06,2020,Jul
19.6,140,Data not yet checked,2020-07-07,2020,Jul
19.8,140,Data not yet checked,2020-07-08,2020,Jul
20.2,140,Data not yet checked,2020-07-09,2020,Jul
20.9,140,Data not yet checked,2020-07-10,2020,Jul
21,140,Data not yet checked,2020-07-11,2020,Jul
20.5,140,Data not yet checked,2020-07-12,2020,Jul
19.9,140,Data not yet checked,2020-07-13,2020,Jul
20,140,Data not yet checked,2020-07-14,2020,Jul
20.7,140,Data not yet checked,2020-07-15,2020,Jul
21.6,140,Data not yet checked,2020-07-16,2020,Jul
21.9,140,Data not yet checked,2020-07-17,2020,Jul
21.9,140,Data not yet checked,2020-07-18,2020,Jul
22.5,140,Data not yet checked,2020-07-19,2020,Jul
23,140,Data not yet checked,2020-07-20,2020,Jul
23.4,140,Data not yet checked,2020-07-21,2020,Jul
23.3,140,Data not yet checked,2020-07-22,2020,Jul
21.8,140,Data not yet checked,2020-07-23,2020,Jul
21,140,Data not yet checked,2020-07-24,2020,Jul
21.1,140,Data not yet checked,2020-07-25,2020,Jul
21.6,140,Data not yet checked,2020-07-26,2020,Jul
22.2,140,Data not yet checked,2020-07-27,2020,Jul
22.5,140,Data not yet checked,2020-07-28,2020,Jul
23.5,140,Data not yet checked,2020-07-29,2020,Jul
24.2,140,Data not yet checked,2020-07-30,2020,Jul
24.7,140,Data not yet checked,2020-07-31,2020,Jul
22.9,140,Data not yet checked,2020-08-01,2020,Aug
22.5,140,Data not yet checked,2020-08-02,2020,Aug
22.8,140,Data not yet checked,2020-08-03,2020,Aug
22.8,140,Data not yet checked,2020-08-04,2020,Aug
23.2,140,Data not yet checked,2020-08-05,2020,Aug
21.9,140,Data not yet checked,2020-08-06,2020,Aug
20.9,140,Data not yet checked,2020-08-07,2020,Aug
21,140,Data not yet checked,2020-08-08,2020,Aug
21.2,140,Data not yet checked,2020-08-09,2020,Aug
21.5,140,Data not yet checked,2020-08-10,2020,Aug
21.4,140,Data not yet checked,2020-08-11,2020,Aug
18.8,140,Data not yet checked,2020-08-12,2020,Aug
19,140,Data not yet checked,2020-08-13,2020,Aug
19.4,140,Data not yet checked,2020-08-14,2020,Aug
20.6,140,Data not yet checked,2020-08-15,2020,Aug
21.9,140,Data not yet checked,2020-08-16,2020,Aug
23.2,140,Data not yet checked,2020-08-17,2020,Aug
24.2,140,Data not yet checked,2020-08-18,2020,Aug
23.5,140,Data not yet checked,2020-08-19,2020,Aug
22.5,140,Data not yet checked,2020-08-20,2020,Aug
22.2,140,Data not yet checked,2020-08-21,2020,Aug
22.5,140,Data not yet checked,2020-08-22,2020,Aug
21.8,140,Data not yet checked,2020-08-23,2020,Aug
21,140,Data not yet checked,2020-08-24,2020,Aug
20.7,140,Data not yet checked,2020-08-25,2020,Aug
20.6,140,Data not yet checked,2020-08-26,2020,Aug
20.3,140,Data not yet checked,2020-08-27,2020,Aug
20.2,140,Data not yet checked,2020-08-28,2020,Aug
19.9,140,Data not yet checked,2020-08-29,2020,Aug
19.2,140,Data not yet checked,2020-08-30,2020,Aug
18.9,140,Data not yet checked,2020-08-31,2020,Aug
19.6,140,Data not yet checked,2020-09-01,2020,Sep
20.2,140,Data not yet checked,2020-09-02,2020,Sep
20.4,140,Data not yet checked,2020-09-03,2020,Sep
20.5,140,Data not yet checked,2020-09-04,2020,Sep
20.5,140,Data not yet checked,2020-09-05,2020,Sep
19.9,140,Data not yet checked,2020-09-06,2020,Sep
18.5,140,Data not yet checked,2020-09-07,2020,Sep
16.7,140,Data not yet checked,2020-09-08,2020,Sep
16.6,140,Data not yet checked,2020-09-09,2020,Sep
17.2,140,Data not yet checked,2020-09-10,2020,Sep
17.2,140,Data not yet checked,2020-09-11,2020,Sep
16.3,140,Data not yet checked,2020-09-12,2020,Sep
15.8,140,Data not yet checked,2020-09-13,2020,Sep
15.6,140,Data not yet checked,2020-09-14,2020,Sep
15.6,140,Data not yet checked,2020-09-15,2020,Sep
15.7,140,Data not yet checked,2020-09-16,2020,Sep
15.4,140,Data not yet checked,2020-09-17,2020,Sep
15.4,140,Data not yet checked,2020-09-18,2020,Sep
16,140,Data not yet checked,2020-09-19,2020,Sep
16.5,140,Data not yet checked,2020-09-20,2020,Sep
16.6,140,Data not yet checked,2020-09-21,2020,Sep
17,140,Data not yet checked,2020-09-22,2020,Sep
17,140,Data not yet checked,2020-09-23,2020,Sep
16.9,140,Data not yet checked,2020-09-24,2020,Sep
15.3,140,Data not yet checked,2020-09-25,2020,Sep
15.3,140,Data not yet checked,2020-09-26,2020,Sep
15.3,140,Data not yet checked,2020-09-27,2020,Sep
14.9,140,Data not yet checked,2020-09-28,2020,Sep
15,140,Data not yet checked,2020-09-29,2020,Sep
15.1,140,Data not yet checked,2020-09-30,2020,Sep
15.2,140,Data not yet checked,2020-10-01,2020,Oct
15.2,140,Data not yet checked,2020-10-01,2020,Oct
15.4,140,Data not yet checked,2020-10-02,2020,Oct
15.4,140,Data not yet checked,2020-10-03,2020,Oct
15.4,140,Data not yet checked,2020-10-04,2020,Oct
15.2,140,Data not yet checked,2020-10-05,2020,Oct
15.2,140,Data not yet checked,2020-10-06,2020,Oct
15.2,140,Data not yet checked,2020-10-07,2020,Oct
15.2,140,Data not yet checked,2020-10-08,2020,Oct
15.4,140,Data not yet checked,2020-10-09,2020,Oct
14,140,Data not yet checked,2020-10-10,2020,Oct
12.8,140,Data not yet checked,2020-10-11,2020,Oct
13.2,140,Data not yet checked,2020-10-12,2020,Oct
12.4,140,Data not yet checked,2020-10-13,2020,Oct
11.6,140,Data not yet checked,2020-10-14,2020,Oct
11.4,140,Data not yet checked,2020-10-15,2020,Oct
11.6,140,Data not yet checked,2020-10-16,2020,Oct
12.9,140,Data not yet checked,2020-10-17,2020,Oct
12.5,140,Data not yet checked,2020-10-18,2020,Oct
12.6,140,Data not yet checked,2020-10-19,2020,Oct
12.1,140,Data not yet checked,2020-10-20,2020,Oct
11,140,Data not yet checked,2020-10-21,2020,Oct
9.4,140,Data not yet checked,2020-10-22,2020,Oct
7.9,140,Data not yet checked,2020-10-23,2020,Oct
8,140,Data not yet checked,2020-10-24,2020,Oct
6.1,140,Data not yet checked,2020-10-25,2020,Oct
5.6,140,Data not yet checked,2020-10-26,2020,Oct
5.8,140,Data not yet checked,2020-10-27,2020,Oct
6.6,140,Data not yet checked,2020-10-28,2020,Oct
7.6,140,Data not yet checked,2020-10-29,2020,Oct
8.2,140,Data not yet checked,2020-10-30,2020,Oct
7.9,140,Data not yet checked,2020-10-31,2020,Oct
7.3,140,Data not yet checked,2020-11-01,2020,Nov
7.1,140,Data not yet checked,2020-11-02,2020,Nov
7.4,140,Data not yet checked,2020-11-03,2020,Nov
9.1,140,Data not yet checked,2020-11-04,2020,Nov
10,140,Data not yet checked,2020-11-05,2020,Nov
9.6,140,Data not yet checked,2020-11-06,2020,Nov
8.3,140,Data not yet checked,2020-11-07,2020,Nov
6.4,140,Data not yet checked,2020-11-08,2020,Nov
4.9,140,Data not yet checked,2020-11-09,2020,Nov
5.6,140,Data not yet checked,2020-11-10,2020,Nov
5.6,140,Data not yet checked,2020-11-11,2020,Nov
5,140,Data not yet checked,2020-11-12,2020,Nov
5.6,140,Data not yet checked,2020-11-13,2020,Nov
5.5,140,Data not yet checked,2020-11-14,2020,Nov
6.7,140,Data not yet checked,2020-11-15,2020,Nov
6.9,140,Data not yet checked,2020-11-16,2020,Nov
7.2,140,Data not yet checked,2020-11-17,2020,Nov
7.7,140,Data not yet checked,2020-11-18,2020,Nov
6.9,140,Data not yet checked,2020-11-19,2020,Nov
5.9,140,Data not yet checked,2020-11-20,2020,Nov
4.9,140,Data not yet checked,2020-11-21,2020,Nov
4.3,140,Data not yet checked,2020-11-22,2020,Nov
5.1,140,Data not yet checked,2020-11-23,2020,Nov
5.5,140,Data not yet checked,2020-11-24,2020,Nov
5.6,140,Data not yet checked,2020-11-25,2020,Nov
5.3,140,Data not yet checked,2020-11-26,2020,Nov
4.8,140,Data not yet checked,2020-11-27,2020,Nov
4.7,140,Data not yet checked,2020-11-28,2020,Nov
4.3,140,Data not yet checked,2020-11-29,2020,Nov
4.2,140,Data not yet checked,2020-11-30,2020,Nov
3.9,140,Data not yet checked,2020-12-01,2020,Dec
3.1,140,Data not yet checked,2020-12-02,2020,Dec
2.7,140,Data not yet checked,2020-12-03,2020,Dec
2.6,140,Data not yet checked,2020-12-04,2020,Dec
2.5,140,Data not yet checked,2020-12-05,2020,Dec
2.5,140,Data not yet checked,2020-12-06,2020,Dec
2.8,140,Data not yet checked,2020-12-07,2020,Dec
3.4,140,Data not yet checked,2020-12-08,2020,Dec
4,140,Data not yet checked,2020-12-09,2020,Dec
3.5,140,Data not yet checked,2020-12-10,2020,Dec
3.6,140,Data not yet checked,2020-12-11,2020,Dec
3.4,140,Data not yet checked,2020-12-12,2020,Dec
2.8,140,Data not yet checked,2020-12-13,2020,Dec
3.4,140,Data not yet checked,2020-12-14,2020,Dec
3.8,140,Data not yet checked,2020-12-15,2020,Dec
4.6,140,Data not yet checked,2020-12-16,2020,Dec
5.3,140,Data not yet checked,2020-12-17,2020,Dec
5.1,140,Data not yet checked,2020-12-18,2020,Dec
5.6,140,Data not yet checked,2020-12-19,2020,Dec
6.9,140,Data not yet checked,2020-12-20,2020,Dec
6.8,140,Data not yet checked,2020-12-21,2020,Dec
5.4,140,Data not yet checked,2020-12-22,2020,Dec
3.4,140,Data not yet checked,2020-12-23,2020,Dec
2.5,140,Data not yet checked,2020-12-24,2020,Dec
2.3,140,Data not yet checked,2020-12-25,2020,Dec
3.4,140,Data not yet checked,2020-12-26,2020,Dec
3.6,140,Data not yet checked,2020-12-27,2020,Dec
3.2,140,Data not yet checked,2020-12-28,2020,Dec
3.1,140,Data not yet checked,2020-12-29,2020,Dec
3.4,140,Data not yet checked,2020-12-30,2020,Dec
4.7,140,Data not yet checked,2020-12-31,2020,Dec
4.9,140,Data not yet checked,2021-01-01,2021,Jan
5.4,140,Data not yet checked,2021-01-02,2021,Jan
5.9,140,Data not yet checked,2021-01-03,2021,Jan
5.7,140,Data not yet checked,2021-01-04,2021,Jan
5.3,140,Data not yet checked,2021-01-05,2021,Jan
6,140,Data not yet checked,2021-01-06,2021,Jan
6,140,Data not yet checked,2021-01-07,2021,Jan
4.9,140,Data not yet checked,2021-01-08,2021,Jan
5.3,140,Data not yet checked,2021-01-09,2021,Jan
4.7,140,Data not yet checked,2021-01-10,2021,Jan
4.5,140,Data not yet checked,2021-01-11,2021,Jan
6.3,140,Data not yet checked,2021-01-12,2021,Jan
6.7,140,Data not yet checked,2021-01-13,2021,Jan
4.9,140,Data not yet checked,2021-01-14,2021,Jan
4.5,140,Data not yet checked,2021-01-15,2021,Jan
4.6,140,Data not yet checked,2021-01-16,2021,Jan
5.3,140,Data not yet checked,2021-01-17,2021,Jan
4.6,140,Data not yet checked,2021-01-18,2021,Jan
3.6,140,Data not yet checked,2021-01-19,2021,Jan
3.8,140,Data not yet checked,2021-01-20,2021,Jan
4,140,Data not yet checked,2021-01-21,2021,Jan
4,140,Data not yet checked,2021-01-22,2021,Jan
3.2,140,Data not yet checked,2021-01-23,2021,Jan
2.8,140,Data not yet checked,2021-01-24,2021,Jan
3.1,140,Data not yet checked,2021-01-25,2021,Jan
3.1,140,Data not yet checked,2021-01-26,2021,Jan
3.8,140,Data not yet checked,2021-01-27,2021,Jan
4.1,140,Data not yet checked,2021-01-28,2021,Jan
4.2,140,Data not yet checked,2021-01-29,2021,Jan
4.3,140,Data not yet checked,2021-01-30,2021,Jan
5.6,140,Data not yet checked,2021-01-31,2021,Jan
6.4,140,Data not yet checked,2021-02-01,2021,Feb
6.5,140,Data not yet checked,2021-02-02,2021,Feb
4.8,140,Data not yet checked,2021-02-03,2021,Feb
4.7,140,Data not yet checked,2021-02-04,2021,Feb
5.6,140,Data not yet checked,2021-02-05,2021,Feb
5.4,140,Data not yet checked,2021-02-06,2021,Feb
5,140,Data not yet checked,2021-02-07,2021,Feb
4.4,140,Data not yet checked,2021-02-08,2021,Feb
3.7,140,Data not yet checked,2021-02-09,2021,Feb
2.4,140,Data not yet checked,2021-02-10,2021,Feb
1.9,140,Data not yet checked,2021-02-11,2021,Feb
1,140,Data not yet checked,2021-02-12,2021,Feb
0.1,140,Data not yet checked,2021-02-13,2021,Feb
0.2,140,Data not yet checked,2021-02-14,2021,Feb
0.1,140,Data not yet checked,2021-02-15,2021,Feb
0.9,140,Data not yet checked,2021-02-16,2021,Feb
2.4,140,Data not yet checked,2021-02-17,2021,Feb
2.5,140,Data not yet checked,2021-02-18,2021,Feb
3.1,140,Data not yet checked,2021-02-19,2021,Feb
3.9,140,Data not yet checked,2021-02-20,2021,Feb
4.2,140,Data not yet checked,2021-02-21,2021,Feb
4.9,140,Data not yet checked,2021-02-22,2021,Feb
3.8,140,Data not yet checked,2021-02-23,2021,Feb
4,140,Data not yet checked,2021-02-24,2021,Feb
3.9,140,Data not yet checked,2021-02-25,2021,Feb
3.8,140,Data not yet checked,2021-02-26,2021,Feb
3.9,140,Data not yet checked,2021-02-27,2021,Feb
4.7,140,Data not yet checked,2021-02-28,2021,Feb
5.4,140,Data not yet checked,2021-03-01,2021,Mar
6.1,140,Data not yet checked,2021-03-02,2021,Mar
5.9,140,Data not yet checked,2021-03-03,2021,Mar
5.7,140,Data not yet checked,2021-03-04,2021,Mar
6.4,140,Data not yet checked,2021-03-05,2021,Mar
5.9,140,Data not yet checked,2021-03-06,2021,Mar
5.3,140,Data not yet checked,2021-03-07,2021,Mar
5.2,140,Data not yet checked,2021-03-08,2021,Mar
5.7,140,Data not yet checked,2021-03-09,2021,Mar
5.5,140,Data not yet checked,2021-03-10,2021,Mar
5.5,140,Data not yet checked,2021-03-11,2021,Mar
5.8,140,Data not yet checked,2021-03-12,2021,Mar
6.2,140,Data not yet checked,2021-03-13,2021,Mar
6.5,140,Data not yet checked,2021-03-14,2021,Mar
6.1,140,Data not yet checked,2021-03-15,2021,Mar
6.1,140,Data not yet checked,2021-03-16,2021,Mar
6.6,140,Data not yet checked,2021-03-17,2021,Mar
7.7,140,Data not yet checked,2021-03-18,2021,Mar
8.1,140,Data not yet checked,2021-03-19,2021,Mar
7.1,140,Data not yet checked,2021-03-20,2021,Mar
6.3,140,Data not yet checked,2021-03-21,2021,Mar
6.3,140,Data not yet checked,2021-03-22,2021,Mar
6.5,140,Data not yet checked,2021-03-23,2021,Mar
6.1,140,Data not yet checked,2021-03-24,2021,Mar
6.3,140,Data not yet checked,2021-03-25,2021,Mar
6.9,140,Data not yet checked,2021-03-26,2021,Mar
7.7,140,Data not yet checked,2021-03-27,2021,Mar
7.8,140,Data not yet checked,2021-03-28,2021,Mar
6.1,140,Data not yet checked,2021-03-29,2021,Mar
6.1,140,Data not yet checked,2021-03-30,2021,Mar
6.7,140,Data not yet checked,2021-03-31,2021,Mar
8,140,Data not yet checked,2021-04-01,2021,Apr
8.8,140,Data not yet checked,2021-04-02,2021,Apr
8.6,140,Data not yet checked,2021-04-03,2021,Apr
8.6,140,Data not yet checked,2021-04-04,2021,Apr
8.5,140,Data not yet checked,2021-04-05,2021,Apr
8.1,140,Data not yet checked,2021-04-06,2021,Apr
8.2,140,Data not yet checked,2021-04-07,2021,Apr
7.8,140,Data not yet checked,2021-04-08,2021,Apr
7.7,140,Data not yet checked,2021-04-09,2021,Apr
7.2,140,Data not yet checked,2021-04-10,2021,Apr
6.6,140,Data not yet checked,2021-04-11,2021,Apr
7.2,140,Data not yet checked,2021-04-12,2021,Apr
7.8,140,Data not yet checked,2021-04-13,2021,Apr
8.5,140,Data not yet checked,2021-04-14,2021,Apr
9.8,140,Data not yet checked,2021-04-15,2021,Apr
10.3,140,Data not yet checked,2021-04-16,2021,Apr
10.7,140,Data not yet checked,2021-04-17,2021,Apr
11.2,140,Data not yet checked,2021-04-18,2021,Apr
10.8,140,Data not yet checked,2021-04-19,2021,Apr
9.8,140,Data not yet checked,2021-04-20,2021,Apr
9.8,140,Data not yet checked,2021-04-21,2021,Apr
10.6,140,Data not yet checked,2021-04-22,2021,Apr
10.7,140,Data not yet checked,2021-04-23,2021,Apr
9.8,140,Data not yet checked,2021-04-24,2021,Apr
9.9,140,Data not yet checked,2021-04-25,2021,Apr
10.1,140,Data not yet checked,2021-04-26,2021,Apr
10.6,140,Data not yet checked,2021-04-27,2021,Apr
11.6,140,Data not yet checked,2021-04-28,2021,Apr
12.4,140,Data not yet checked,2021-04-29,2021,Apr
12.4,140,Data not yet checked,2021-04-30,2021,Apr
12.2,140,Data not yet checked,2021-05-01,2021,May
11.7,140,Data not yet checked,2021-05-02,2021,May
11.2,140,Data not yet checked,2021-05-03,2021,May
11.9,140,Data not yet checked,2021-05-04,2021,May
12.3,140,Data not yet checked,2021-05-05,2021,May
13.1,140,Data not yet checked,2021-05-06,2021,May
12.1,140,Data not yet checked,2021-05-07,2021,May
10.9,140,Data not yet checked,2021-05-08,2021,May
11.4,140,Data not yet checked,2021-05-09,2021,May
12.2,140,Data not yet checked,2021-05-10,2021,May
12.9,140,Data not yet checked,2021-05-11,2021,May
13.3,140,Data not yet checked,2021-05-12,2021,May
13.8,140,Data not yet checked,2021-05-13,2021,May
14.7,140,Data not yet checked,2021-05-14,2021,May
14.9,140,Data not yet checked,2021-05-15,2021,May
15.3,140,Data not yet checked,2021-05-16,2021,May
15.7,140,Data not yet checked,2021-05-17,2021,May
14.2,140,Data not yet checked,2021-05-18,2021,May
12.6,140,Data not yet checked,2021-05-19,2021,May
11.6,140,Data not yet checked,2021-05-20,2021,May
12.1,140,Data not yet checked,2021-05-21,2021,May
12.2,140,Data not yet checked,2021-05-22,2021,May
13.3,140,Data not yet checked,2021-05-23,2021,May
13.6,140,Data not yet checked,2021-05-24,2021,May
13.7,140,Data not yet checked,2021-05-25,2021,May
14.7,140,Data not yet checked,2021-05-26,2021,May
14.7,140,Data not yet checked,2021-05-27,2021,May
14.1,140,Data not yet checked,2021-05-28,2021,May
14.9,140,Data not yet checked,2021-05-29,2021,May
15.8,140,Data not yet checked,2021-05-30,2021,May
17,140,Data not yet checked,2021-05-31,2021,May
18.4,140,Data not yet checked,2021-06-01,2021,Jun
19.6,140,Data not yet checked,2021-06-02,2021,Jun
20.4,140,Data not yet checked,2021-06-03,2021,Jun
19.6,140,Data not yet checked,2021-06-04,2021,Jun
17.7,140,Data not yet checked,2021-06-05,2021,Jun
15.1,140,Data not yet checked,2021-06-06,2021,Jun
14.6,140,Data not yet checked,2021-06-07,2021,Jun
16.1,140,Data not yet checked,2021-06-08,2021,Jun
15.8,140,Data not yet checked,2021-06-09,2021,Jun
15.9,140,Data not yet checked,2021-06-10,2021,Jun
15.4,140,Data not yet checked,2021-06-11,2021,Jun
17.6,140,Data not yet checked,2021-06-12,2021,Jun
19.3,140,Data not yet checked,2021-06-13,2021,Jun
20.4,140,Data not yet checked,2021-06-14,2021,Jun
18.9,140,Data not yet checked,2021-06-15,2021,Jun
18.4,140,Data not yet checked,2021-06-16,2021,Jun
19.5,140,Data not yet checked,2021-06-17,2021,Jun
20.2,140,Data not yet checked,2021-06-18,2021,Jun
20.6,140,Data not yet checked,2021-06-19,2021,Jun
21.3,140,Data not yet checked,2021-06-20,2021,Jun
22,140,Data not yet checked,2021-06-21,2021,Jun
22.1,140,Data not yet checked,2021-06-22,2021,Jun
22.5,140,Data not yet checked,2021-06-23,2021,Jun
22.7,140,Data not yet checked,2021-06-24,2021,Jun
23.7,140,Data not yet checked,2021-06-25,2021,Jun
24,140,Data not yet checked,2021-06-26,2021,Jun
24.7,140,Data not yet checked,2021-06-27,2021,Jun
25.8,140,Data not yet checked,2021-06-28,2021,Jun
26.5,140,Data not yet checked,2021-06-29,2021,Jun
26.6,140,Data not yet checked,2021-06-30,2021,Jun
25,140,Data not yet checked,2021-07-01,2021,Jul
24.4,140,Data not yet checked,2021-07-02,2021,Jul
24.1,140,Data not yet checked,2021-07-03,2021,Jul
24,140,Data not yet checked,2021-07-04,2021,Jul
23.8,140,Data not yet checked,2021-07-05,2021,Jul
24.1,140,Data not yet checked,2021-07-06,2021,Jul
23.9,140,Data not yet checked,2021-07-07,2021,Jul
23.5,140,Data not yet checked,2021-07-08,2021,Jul
23.4,140,Data not yet checked,2021-07-09,2021,Jul
23.6,140,Data not yet checked,2021-07-10,2021,Jul
24,140,Data not yet checked,2021-07-11,2021,Jul
23.6,140,Data not yet checked,2021-07-12,2021,Jul
24.3,140,Data not yet checked,2021-07-13,2021,Jul
24.2,140,Data not yet checked,2021-07-14,2021,Jul
23.9,140,Data not yet checked,2021-07-15,2021,Jul
23,140,Data not yet checked,2021-07-16,2021,Jul
23.1,140,Data not yet checked,2021-07-17,2021,Jul
23.5,140,Data not yet checked,2021-07-18,2021,Jul
22.5,140,Data not yet checked,2021-07-19,2021,Jul
22.2,140,Data not yet checked,2021-07-20,2021,Jul
21.8,140,Data not yet checked,2021-07-21,2021,Jul
21.5,140,Data not yet checked,2021-07-22,2021,Jul
21.5,140,Data not yet checked,2021-07-23,2021,Jul
22.4,140,Data not yet checked,2021-07-24,2021,Jul
23.2,140,Data not yet checked,2021-07-25,2021,Jul
22.8,140,Data not yet checked,2021-07-26,2021,Jul
22.1,140,Data not yet checked,2021-07-27,2021,Jul
23.1,140,Data not yet checked,2021-07-28,2021,Jul
24,140,Data not yet checked,2021-07-29,2021,Jul
24.2,140,Data not yet checked,2021-07-30,2021,Jul
24.2,140,Data not yet checked,2021-07-31,2021,Jul
24,140,Data not yet checked,2021-08-01,2021,Aug
24.6,140,Data not yet checked,2021-08-02,2021,Aug
24.7,140,Data not yet checked,2021-08-03,2021,Aug
24.6,140,Data not yet checked,2021-08-04,2021,Aug
23.1,140,Data not yet checked,2021-08-05,2021,Aug
22.5,140,Data not yet checked,2021-08-06,2021,Aug
23,140,Data not yet checked,2021-08-07,2021,Aug
21.9,140,Data not yet checked,2021-08-08,2021,Aug
21.6,140,Data not yet checked,2021-08-09,2021,Aug
22,140,Data not yet checked,2021-08-10,2021,Aug
23.2,140,Data not yet checked,2021-08-11,2021,Aug
23.7,140,Data not yet checked,2021-08-12,2021,Aug
22.7,140,Data not yet checked,2021-08-13,2021,Aug
22.7,140,Data not yet checked,2021-08-14,2021,Aug
23.2,140,Data not yet checked,2021-08-15,2021,Aug
23.4,140,Data not yet checked,2021-08-16,2021,Aug
21.4,140,Data not yet checked,2021-08-17,2021,Aug
20.6,140,Data not yet checked,2021-08-18,2021,Aug
20.7,140,Data not yet checked,2021-08-19,2021,Aug
20.5,140,Data not yet checked,2021-08-20,2021,Aug
19.9,140,Data not yet checked,2021-08-21,2021,Aug
19.6,140,Data not yet checked,2021-08-22,2021,Aug
18.7,140,Data not yet checked,2021-08-23,2021,Aug
18.6,140,Data not yet checked,2021-08-24,2021,Aug
18.6,140,Data not yet checked,2021-08-25,2021,Aug
19,140,Data not yet checked,2021-08-26,2021,Aug
19.4,140,Data not yet checked,2021-08-27,2021,Aug
19.3,140,Data not yet checked,2021-08-28,2021,Aug
19.6,140,Data not yet checked,2021-08-29,2021,Aug
19,140,Data not yet checked,2021-08-30,2021,Aug
17.9,140,Data not yet checked,2021-08-31,2021,Aug
17.5,140,Data not yet checked,2021-09-01,2021,Sep
17.4,140,Data not yet checked,2021-09-02,2021,Sep
18,140,Data not yet checked,2021-09-03,2021,Sep
18.1,140,Data not yet checked,2021-09-04,2021,Sep
18.8,140,Data not yet checked,2021-09-05,2021,Sep
19.8,140,Data not yet checked,2021-09-06,2021,Sep
19.1,140,Data not yet checked,2021-09-07,2021,Sep
19.2,140,Data not yet checked,2021-09-08,2021,Sep
19,140,Data not yet checked,2021-09-09,2021,Sep
18.3,140,Data not yet checked,2021-09-10,2021,Sep
18.3,140,Data not yet checked,2021-09-11,2021,Sep
17.8,140,Data not yet checked,2021-09-12,2021,Sep
17.8,140,Data not yet checked,2021-09-13,2021,Sep
17.3,140,Data not yet checked,2021-09-14,2021,Sep
17.8,140,Data not yet checked,2021-09-15,2021,Sep
16.4,140,Data not yet checked,2021-09-16,2021,Sep
15.5,140,Data not yet checked,2021-09-17,2021,Sep
15.6,140,Data not yet checked,2021-09-18,2021,Sep
15.4,140,Data not yet checked,2021-09-19,2021,Sep
15.5,140,Data not yet checked,2021-09-20,2021,Sep
15.4,140,Data not yet checked,2021-09-21,2021,Sep
15.4,140,Data not yet checked,2021-09-22,2021,Sep
16,140,Data not yet checked,2021-09-23,2021,Sep
16,140,Data not yet checked,2021-09-24,2021,Sep
16.1,140,Data not yet checked,2021-09-25,2021,Sep
16.4,140,Data not yet checked,2021-09-26,2021,Sep
15.8,140,Data not yet checked,2021-09-27,2021,Sep
14.8,140,Data not yet checked,2021-09-28,2021,Sep
14.3,140,Data not yet checked,2021-09-29,2021,Sep
14.5,140,Data not yet checked,2021-09-30,2021,Sep
15.4,140,Data not yet checked,2021-10-01,2021,Oct
15.4,140,Data not yet checked,2021-10-01,2021,Oct
14.4,140,Data not yet checked,2021-10-02,2021,Oct
14.3,140,Data not yet checked,2021-10-03,2021,Oct
14,140,Data not yet checked,2021-10-04,2021,Oct
14.2,140,Data not yet checked,2021-10-05,2021,Oct
13.4,140,Data not yet checked,2021-10-06,2021,Oct
12.2,140,Data not yet checked,2021-10-07,2021,Oct
11.8,140,Data not yet checked,2021-10-08,2021,Oct
11.4,140,Data not yet checked,2021-10-09,2021,Oct
12,140,Data not yet checked,2021-10-10,2021,Oct
10.8,140,Data not yet checked,2021-10-11,2021,Oct
9.5,140,Data not yet checked,2021-10-12,2021,Oct
9.4,140,Data not yet checked,2021-10-13,2021,Oct
9.5,140,Data not yet checked,2021-10-14,2021,Oct
10.6,140,Data not yet checked,2021-10-15,2021,Oct
10.7,140,Data not yet checked,2021-10-16,2021,Oct
11,140,Data not yet checked,2021-10-17,2021,Oct
11.1,140,Data not yet checked,2021-10-18,2021,Oct
10.7,140,Data not yet checked,2021-10-19,2021,Oct
11,140,Data not yet checked,2021-10-20,2021,Oct
11.5,140,Data not yet checked,2021-10-21,2021,Oct
11.7,140,Data not yet checked,2021-10-22,2021,Oct
11.5,140,Data not yet checked,2021-10-23,2021,Oct
11,140,Data not yet checked,2021-10-24,2021,Oct
11.1,140,Data not yet checked,2021-10-25,2021,Oct
10.7,140,Data not yet checked,2021-10-26,2021,Oct
10.6,140,Data not yet checked,2021-10-27,2021,Oct
11.6,140,Data not yet checked,2021-10-28,2021,Oct
11.9,140,Data not yet checked,2021-10-29,2021,Oct
9.3,140,Data not yet checked,2021-10-30,2021,Oct
8.9,140,Data not yet checked,2021-10-31,2021,Oct
8.4,140,Data not yet checked,2021-11-01,2021,Nov
9.2,140,Data not yet checked,2021-11-02,2021,Nov
9.5,140,Data not yet checked,2021-11-03,2021,Nov
10.1,140,Data not yet checked,2021-11-04,2021,Nov
9.6,140,Data not yet checked,2021-11-05,2021,Nov
8.8,140,Data not yet checked,2021-11-06,2021,Nov
7.8,140,Data not yet checked,2021-11-07,2021,Nov
7.3,140,Data not yet checked,2021-11-08,2021,Nov
7.8,140,Data not yet checked,2021-11-09,2021,Nov
7.2,140,Data not yet checked,2021-11-10,2021,Nov
7.8,140,Data not yet checked,2021-11-11,2021,Nov
8.9,140,Data not yet checked,2021-11-12,2021,Nov
9.7,140,Data not yet checked,2021-11-13,2021,Nov
10.9,140,Data not yet checked,2021-11-14,2021,Nov
10.3,140,Data not yet checked,2021-11-15,2021,Nov
7.8,140,Data not yet checked,2021-11-16,2021,Nov
6.5,140,Data not yet checked,2021-11-17,2021,Nov
6.2,140,Data not yet checked,2021-11-18,2021,Nov
6.3,140,Data not yet checked,2021-11-19,2021,Nov
6,140,Data not yet checked,2021-11-20,2021,Nov
5.3,140,Data not yet checked,2021-11-21,2021,Nov
5.5,140,Data not yet checked,2021-11-22,2021,Nov
5.5,140,Data not yet checked,2021-11-23,2021,Nov
5.2,140,Data not yet checked,2021-11-24,2021,Nov
6,140,Data not yet checked,2021-11-25,2021,Nov
7.1,140,Data not yet checked,2021-11-26,2021,Nov
7.7,140,Data not yet checked,2021-11-27,2021,Nov
9.2,140,Data not yet checked,2021-11-28,2021,Nov
9.2,140,Data not yet checked,2021-11-29,2021,Nov
8.3,140,Data not yet checked,2021-11-30,2021,Nov
9.7,140,Data not yet checked,2021-12-01,2021,Dec
9.6,140,Data not yet checked,2021-12-02,2021,Dec
7.8,140,Data not yet checked,2021-12-03,2021,Dec
7.2,140,Data not yet checked,2021-12-04,2021,Dec
6.8,140,Data not yet checked,2021-12-05,2021,Dec
5.9,140,Data not yet checked,2021-12-06,2021,Dec
6.1,140,Data not yet checked,2021-12-07,2021,Dec
6.5,140,Data not yet checked,2021-12-08,2021,Dec
5,140,Data not yet checked,2021-12-09,2021,Dec
4.7,140,Data not yet checked,2021-12-10,2021,Dec
5.5,140,Data not yet checked,2021-12-11,2021,Dec
5.7,140,Data not yet checked,2021-12-12,2021,Dec
5.3,140,Data not yet checked,2021-12-13,2021,Dec
5,140,Data not yet checked,2021-12-14,2021,Dec
4,140,Data not yet checked,2021-12-15,2021,Dec
4.2,140,Data not yet checked,2021-12-16,2021,Dec
4,140,Data not yet checked,2021-12-17,2021,Dec
4.3,140,Data not yet checked,2021-12-18,2021,Dec
5.1,140,Data not yet checked,2021-12-19,2021,Dec
3.7,140,Data not yet checked,2021-12-20,2021,Dec
3.7,140,Data not yet checked,2021-12-21,2021,Dec
4,140,Data not yet checked,2021-12-22,2021,Dec
4.6,140,Data not yet checked,2021-12-23,2021,Dec
4.1,140,Data not yet checked,2021-12-24,2021,Dec
4,140,Data not yet checked,2021-12-25,2021,Dec
3.5,140,Data not yet checked,2021-12-26,2021,Dec
1.4,140,Data not yet checked,2021-12-27,2021,Dec
0.9,140,Data not yet checked,2021-12-28,2021,Dec
0.4,140,Data not yet checked,2021-12-29,2021,Dec
0,140,Data not yet checked,2021-12-30,2021,Dec
0,140,Data not yet checked,2021-12-31,2021,Dec
0,140,Data not yet checked,2022-01-01,2022,Jan
0,140,Data not yet checked,2022-01-02,2022,Jan
0,140,Data not yet checked,2022-01-03,2022,Jan
1.3,140,Data not yet checked,2022-01-04,2022,Jan
2.4,140,Data not yet checked,2022-01-05,2022,Jan
2.1,140,Data not yet checked,2022-01-06,2022,Jan
2.8,140,Data not yet checked,2022-01-07,2022,Jan
3,140,Data not yet checked,2022-01-08,2022,Jan
3,140,Data not yet checked,2022-01-09,2022,Jan
2.6,140,Data not yet checked,2022-01-10,2022,Jan
3.7,140,Data not yet checked,2022-01-11,2022,Jan
5.6,140,Data not yet checked,2022-01-12,2022,Jan
4.6,140,Data not yet checked,2022-01-13,2022,Jan
4.7,140,Data not yet checked,2022-01-14,2022,Jan
4.3,140,Data not yet checked,2022-01-15,2022,Jan
3.9,140,Data not yet checked,2022-01-16,2022,Jan
4,140,Data not yet checked,2022-01-17,2022,Jan
4.5,140,Data not yet checked,2022-01-18,2022,Jan
4.9,140,Data not yet checked,2022-01-19,2022,Jan
5.6,140,Data not yet checked,2022-01-20,2022,Jan
4.9,140,Data not yet checked,2022-01-21,2022,Jan
4.3,140,Data not yet checked,2022-01-22,2022,Jan
3.8,140,Data not yet checked,2022-01-23,2022,Jan
3.6,140,Data not yet checked,2022-01-24,2022,Jan
3.6,140,Data not yet checked,2022-01-25,2022,Jan
3.4,140,Data not yet checked,2022-01-26,2022,Jan
3.1,140,Data not yet checked,2022-01-27,2022,Jan
2.8,140,Data not yet checked,2022-01-28,2022,Jan
2.5,140,Data not yet checked,2022-01-29,2022,Jan
2.9,140,Data not yet checked,2022-01-30,2022,Jan
3.5,140,Data not yet checked,2022-01-31,2022,Jan
3.3,140,Data not yet checked,2022-02-01,2022,Feb
2.7,140,Data not yet checked,2022-02-02,2022,Feb
3.5,140,Data not yet checked,2022-02-03,2022,Feb
3.7,140,Data not yet checked,2022-02-04,2022,Feb
4.4,140,Data not yet checked,2022-02-05,2022,Feb
4.4,140,Data not yet checked,2022-02-06,2022,Feb
4.6,140,Data not yet checked,2022-02-07,2022,Feb
5,140,Data not yet checked,2022-02-08,2022,Feb
5.8,140,Data not yet checked,2022-02-09,2022,Feb
6.4,140,Data not yet checked,2022-02-10,2022,Feb
5.4,140,Data not yet checked,2022-02-11,2022,Feb
4.3,140,Data not yet checked,2022-02-12,2022,Feb
4,140,Data not yet checked,2022-02-13,2022,Feb
4.7,140,Data not yet checked,2022-02-14,2022,Feb
5.3,140,Data not yet checked,2022-02-15,2022,Feb
5.4,140,Data not yet checked,2022-02-16,2022,Feb
4.7,140,Data not yet checked,2022-02-17,2022,Feb
5.4,140,Data not yet checked,2022-02-18,2022,Feb
5.4,140,Data not yet checked,2022-02-19,2022,Feb
5.3,140,Data not yet checked,2022-02-20,2022,Feb
4.3,140,Data not yet checked,2022-02-21,2022,Feb
2.4,140,Data not yet checked,2022-02-22,2022,Feb
1,140,Data not yet checked,2022-02-23,2022,Feb
0.9,140,Data not yet checked,2022-02-24,2022,Feb
0.8,140,Data not yet checked,2022-02-25,2022,Feb
1.4,140,Data not yet checked,2022-02-26,2022,Feb
3.3,140,Data not yet checked,2022-02-27,2022,Feb
5.6,140,Data not yet checked,2022-02-28,2022,Feb
6.3,140,Data not yet checked,2022-03-01,2022,Mar
6,140,Data not yet checked,2022-03-02,2022,Mar
6.1,140,Data not yet checked,2022-03-03,2022,Mar
5.2,140,Data not yet checked,2022-03-04,2022,Mar
5,140,Data not yet checked,2022-03-05,2022,Mar
5,140,Data not yet checked,2022-03-06,2022,Mar
5.4,140,Data not yet checked,2022-03-07,2022,Mar
5.5,140,Data not yet checked,2022-03-08,2022,Mar
4.8,140,Data not yet checked,2022-03-09,2022,Mar
3.5,140,Data not yet checked,2022-03-10,2022,Mar
4.6,140,Data not yet checked,2022-03-11,2022,Mar
6.6,140,Data not yet checked,2022-03-12,2022,Mar
7.1,140,Data not yet checked,2022-03-13,2022,Mar
7.3,140,Data not yet checked,2022-03-14,2022,Mar
8,140,Data not yet checked,2022-03-15,2022,Mar
7,140,Data not yet checked,2022-03-16,2022,Mar
6.3,140,Data not yet checked,2022-03-17,2022,Mar
7.5,140,Data not yet checked,2022-03-18,2022,Mar
7.1,140,Data not yet checked,2022-03-19,2022,Mar
6.6,140,Data not yet checked,2022-03-20,2022,Mar
6.8,140,Data not yet checked,2022-03-21,2022,Mar
8.3,140,Data not yet checked,2022-03-22,2022,Mar
8.6,140,Data not yet checked,2022-03-23,2022,Mar
8.8,140,Data not yet checked,2022-03-24,2022,Mar
7.9,140,Data not yet checked,2022-03-25,2022,Mar
8.6,140,Data not yet checked,2022-03-26,2022,Mar
9.2,140,Data not yet checked,2022-03-27,2022,Mar
9.1,140,Data not yet checked,2022-03-28,2022,Mar
9.7,140,Data not yet checked,2022-03-29,2022,Mar
8.8,140,Data not yet checked,2022-03-30,2022,Mar
8,140,Data not yet checked,2022-03-31,2022,Mar
8,140,Data not yet checked,2022-04-01,2022,Apr
8.9,140,Data not yet checked,2022-04-02,2022,Apr
8.4,140,Data not yet checked,2022-04-03,2022,Apr
8.5,140,Data not yet checked,2022-04-04,2022,Apr
7.1,140,Data not yet checked,2022-04-05,2022,Apr
7.8,140,Data not yet checked,2022-04-06,2022,Apr
8.9,140,Data not yet checked,2022-04-07,2022,Apr
8.8,140,Data not yet checked,2022-04-08,2022,Apr
7.4,140,Data not yet checked,2022-04-09,2022,Apr
6.4,140,Data not yet checked,2022-04-10,2022,Apr
6.2,140,Data not yet checked,2022-04-11,2022,Apr
5.6,140,Data not yet checked,2022-04-12,2022,Apr
5.7,140,Data not yet checked,2022-04-13,2022,Apr
5.1,140,Data not yet checked,2022-04-14,2022,Apr
5.5,140,Data not yet checked,2022-04-15,2022,Apr
5.1,140,Data not yet checked,2022-04-16,2022,Apr
6.6,140,Data not yet checked,2022-04-17,2022,Apr
8.2,140,Data not yet checked,2022-04-18,2022,Apr
7.5,140,Data not yet checked,2022-04-19,2022,Apr
7.2,140,Data not yet checked,2022-04-20,2022,Apr
8.1,140,Data not yet checked,2022-04-21,2022,Apr
8,140,Data not yet checked,2022-04-22,2022,Apr
8.8,140,Data not yet checked,2022-04-23,2022,Apr
9.2,140,Data not yet checked,2022-04-24,2022,Apr
9.4,140,Data not yet checked,2022-04-25,2022,Apr
9.5,140,Data not yet checked,2022-04-26,2022,Apr
8.6,140,Data not yet checked,2022-04-27,2022,Apr
8.5,140,Data not yet checked,2022-04-28,2022,Apr
9.7,140,Data not yet checked,2022-04-29,2022,Apr
9.3,140,Data not yet checked,2022-04-30,2022,Apr
9.3,140,Data not yet checked,2022-05-01,2022,May
8.4,140,Data not yet checked,2022-05-02,2022,May
10,140,Data not yet checked,2022-05-03,2022,May
11.3,140,Data not yet checked,2022-05-04,2022,May
10.8,140,Data not yet checked,2022-05-05,2022,May
10.1,140,Data not yet checked,2022-05-06,2022,May
8.8,140,Data not yet checked,2022-05-07,2022,May
7.7,140,Data not yet checked,2022-05-08,2022,May
8,140,Data not yet checked,2022-05-09,2022,May
8.3,140,Data not yet checked,2022-05-10,2022,May
8.9,140,Data not yet checked,2022-05-11,2022,May
8.9,140,Data not yet checked,2022-05-12,2022,May
9.2,140,Data not yet checked,2022-05-13,2022,May
9.8,140,Data not yet checked,2022-05-14,2022,May
10.8,140,Data not yet checked,2022-05-15,2022,May
11.2,140,Data not yet checked,2022-05-16,2022,May
10.6,140,Data not yet checked,2022-05-17,2022,May
9.8,140,Data not yet checked,2022-05-18,2022,May
9.3,140,Data not yet checked,2022-05-19,2022,May
10.1,140,Data not yet checked,2022-05-20,2022,May
10.6,140,Data not yet checked,2022-05-21,2022,May
11.4,140,Data not yet checked,2022-05-22,2022,May
11.5,140,Data not yet checked,2022-05-23,2022,May
12.1,140,Data not yet checked,2022-05-24,2022,May
13,140,Data not yet checked,2022-05-25,2022,May
13.8,140,Data not yet checked,2022-05-26,2022,May
13.1,140,Data not yet checked,2022-05-27,2022,May
12.2,140,Data not yet checked,2022-05-28,2022,May
10.9,140,Data not yet checked,2022-05-29,2022,May
9.5,140,Data not yet checked,2022-05-30,2022,May
11.4,140,Data not yet checked,2022-05-31,2022,May
12.8,140,Data not yet checked,2022-06-01,2022,Jun
14.3,140,Data not yet checked,2022-06-02,2022,Jun
14.1,140,Data not yet checked,2022-06-03,2022,Jun
12.6,140,Data not yet checked,2022-06-04,2022,Jun
12.4,140,Data not yet checked,2022-06-05,2022,Jun
12.7,140,Data not yet checked,2022-06-06,2022,Jun
13,140,Data not yet checked,2022-06-07,2022,Jun
14.1,140,Data not yet checked,2022-06-08,2022,Jun
14,140,Data not yet checked,2022-06-09,2022,Jun
14.1,140,Data not yet checked,2022-06-10,2022,Jun
14.4,140,Data not yet checked,2022-06-11,2022,Jun
13.1,140,Data not yet checked,2022-06-12,2022,Jun
10.3,140,Data not yet checked,2022-06-13,2022,Jun
10.5,140,Data not yet checked,2022-06-14,2022,Jun
11.5,140,Data not yet checked,2022-06-15,2022,Jun
12.6,140,Data not yet checked,2022-06-16,2022,Jun
12.6,140,Data not yet checked,2022-06-17,2022,Jun
12.2,140,Data not yet checked,2022-06-18,2022,Jun
12.6,140,Data not yet checked,2022-06-19,2022,Jun
14.1,140,Data not yet checked,2022-06-20,2022,Jun
14.9,140,Data not yet checked,2022-06-21,2022,Jun
16.3,140,Data not yet checked,2022-06-22,2022,Jun
16.6,140,Data not yet checked,2022-06-23,2022,Jun
16.2,140,Data not yet checked,2022-06-24,2022,Jun
16.7,140,Data not yet checked,2022-06-25,2022,Jun
17.6,140,Data not yet checked,2022-06-26,2022,Jun
19.2,140,Data not yet checked,2022-06-27,2022,Jun
19.1,140,Data not yet checked,2022-06-28,2022,Jun
18.5,140,Data not yet checked,2022-06-29,2022,Jun
18.6,140,Data not yet checked,2022-06-30,2022,Jun
19.4,140,Data not yet checked,2022-07-01,2022,Jul
19.5,140,Data not yet checked,2022-07-02,2022,Jul
18.6,140,Data not yet checked,2022-07-03,2022,Jul
18.1,140,Data not yet checked,2022-07-04,2022,Jul
18.7,140,Data not yet checked,2022-07-05,2022,Jul
20.2,140,Data not yet checked,2022-07-06,2022,Jul
20.1,140,Data not yet checked,2022-07-07,2022,Jul
20.4,140,Data not yet checked,2022-07-08,2022,Jul
20.5,140,Data not yet checked,2022-07-09,2022,Jul
20.2,140,Data not yet checked,2022-07-10,2022,Jul
20.6,140,Data not yet checked,2022-07-11,2022,Jul
21.7,140,Data not yet checked,2022-07-12,2022,Jul
22.1,140,Data not yet checked,2022-07-13,2022,Jul
21.3,140,Data not yet checked,2022-07-14,2022,Jul
21.5,140,Data not yet checked,2022-07-15,2022,Jul
21.7,140,Data not yet checked,2022-07-16,2022,Jul
21.5,140,Data not yet checked,2022-07-17,2022,Jul
20.3,140,Data not yet checked,2022-07-18,2022,Jul
20.8,140,Data not yet checked,2022-07-19,2022,Jul
21.4,140,Data not yet checked,2022-07-20,2022,Jul
21.7,140,Data not yet checked,2022-07-21,2022,Jul
21.8,140,Data not yet checked,2022-07-22,2022,Jul
21.7,140,Data not yet checked,2022-07-23,2022,Jul
21.9,140,Data not yet checked,2022-07-24,2022,Jul
22.6,140,Data not yet checked,2022-07-25,2022,Jul
23.3,140,Data not yet checked,2022-07-26,2022,Jul
23.7,140,Data not yet checked,2022-07-27,2022,Jul
24.5,140,Data not yet checked,2022-07-28,2022,Jul
24.8,140,Data not yet checked,2022-07-29,2022,Jul
24.5,140,Data not yet checked,2022-07-30,2022,Jul
24,140,Data not yet checked,2022-07-31,2022,Jul
22.9,140,Data not yet checked,2022-08-01,2022,Aug
22.5,140,Data not yet checked,2022-08-02,2022,Aug
22.7,140,Data not yet checked,2022-08-03,2022,Aug
21.9,140,Data not yet checked,2022-08-04,2022,Aug
21.1,140,Data not yet checked,2022-08-05,2022,Aug
21,140,Data not yet checked,2022-08-06,2022,Aug
21.6,140,Data not yet checked,2022-08-07,2022,Aug
22.2,140,Data not yet checked,2022-08-08,2022,Aug
22.3,140,Data not yet checked,2022-08-09,2022,Aug
23.1,140,Data not yet checked,2022-08-10,2022,Aug
22.8,140,Data not yet checked,2022-08-11,2022,Aug
23.1,140,Data not yet checked,2022-08-12,2022,Aug
22.1,140,Data not yet checked,2022-08-13,2022,Aug
21.6,140,Data not yet checked,2022-08-14,2022,Aug
21.8,140,Data not yet checked,2022-08-15,2022,Aug
22.3,140,Data not yet checked,2022-08-16,2022,Aug
22.7,140,Data not yet checked,2022-08-17,2022,Aug
22.8,140,Data not yet checked,2022-08-18,2022,Aug
22.8,140,Data not yet checked,2022-08-19,2022,Aug
23.8,140,Data not yet checked,2022-08-20,2022,Aug
23.4,140,Data not yet checked,2022-08-21,2022,Aug
23.1,140,Data not yet checked,2022-08-22,2022,Aug
23.2,140,Data not yet checked,2022-08-23,2022,Aug
22.7,140,Data not yet checked,2022-08-24,2022,Aug
22.8,140,Data not yet checked,2022-08-25,2022,Aug
22.5,140,Data not yet checked,2022-08-26,2022,Aug
21.1,140,Data not yet checked,2022-08-27,2022,Aug
20.3,140,Data not yet checked,2022-08-28,2022,Aug
20.6,140,Data not yet checked,2022-08-29,2022,Aug
21.3,140,Data not yet checked,2022-08-30,2022,Aug
21.7,140,Data not yet checked,2022-08-31,2022,Aug
21.8,140,Data not yet checked,2022-09-01,2022,Sep
21.3,140,Data not yet checked,2022-09-02,2022,Sep
20.8,140,Data not yet checked,2022-09-03,2022,Sep
20.4,140,Data not yet checked,2022-09-04,2022,Sep
20.5,140,Data not yet checked,2022-09-05,2022,Sep
19.9,140,Data not yet checked,2022-09-06,2022,Sep
19.7,140,Data not yet checked,2022-09-07,2022,Sep
18.9,140,Data not yet checked,2022-09-08,2022,Sep
18,140,Data not yet checked,2022-09-09,2022,Sep
17.8,140,Data not yet checked,2022-09-10,2022,Sep
17.6,140,Data not yet checked,2022-09-11,2022,Sep
17.4,140,Data not yet checked,2022-09-12,2022,Sep
17.2,140,Data not yet checked,2022-09-13,2022,Sep
17.8,140,Data not yet checked,2022-09-14,2022,Sep
17.3,140,Data not yet checked,2022-09-15,2022,Sep
17,140,Data not yet checked,2022-09-16,2022,Sep
16.3,140,Data not yet checked,2022-09-17,2022,Sep
16,140,Data not yet checked,2022-09-18,2022,Sep
16.3,140,Data not yet checked,2022-09-19,2022,Sep
16.4,140,Data not yet checked,2022-09-20,2022,Sep
15.8,140,Data not yet checked,2022-09-21,2022,Sep
15.9,140,Data not yet checked,2022-09-22,2022,Sep
15.7,140,Data not yet checked,2022-09-23,2022,Sep
15.7,140,Data not yet checked,2022-09-24,2022,Sep
16.1,140,Data not yet checked,2022-09-25,2022,Sep
16.1,140,Data not yet checked,2022-09-26,2022,Sep
16.4,140,Data not yet checked,2022-09-27,2022,Sep
16.2,140,Data not yet checked,2022-09-28,2022,Sep
16.4,140,Data not yet checked,2022-09-29,2022,Sep
16.5,140,Data not yet checked,2022-09-30,2022,Sep
16,140,Data not yet checked,2022-10-01,2022,Oct
16,140,Data not yet checked,2022-10-01,2022,Oct
16,140,Data not yet checked,2022-10-02,2022,Oct
16.1,140,Data not yet checked,2022-10-03,2022,Oct
16,140,Data not yet checked,2022-10-04,2022,Oct
15.7,140,Data not yet checked,2022-10-05,2022,Oct
15.6,140,Data not yet checked,2022-10-06,2022,Oct
15.2,140,Data not yet checked,2022-10-07,2022,Oct
15.1,140,Data not yet checked,2022-10-08,2022,Oct
14.9,140,Data not yet checked,2022-10-09,2022,Oct
14.6,140,Data not yet checked,2022-10-10,2022,Oct
14.8,140,Data not yet checked,2022-10-11,2022,Oct
14.1,140,Data not yet checked,2022-10-12,2022,Oct
13.8,140,Data not yet checked,2022-10-13,2022,Oct
13.3,140,Data not yet checked,2022-10-14,2022,Oct
13.1,140,Data not yet checked,2022-10-15,2022,Oct
12.7,140,Data not yet checked,2022-10-16,2022,Oct
12.4,140,Data not yet checked,2022-10-17,2022,Oct
12.1,140,Data not yet checked,2022-10-18,2022,Oct
12,140,Data not yet checked,2022-10-19,2022,Oct
11.8,140,Data not yet checked,2022-10-20,2022,Oct
11.4,140,Data not yet checked,2022-10-21,2022,Oct
10.8,140,Data not yet checked,2022-10-22,2022,Oct
9.9,140,Data not yet checked,2022-10-23,2022,Oct
9.3,140,Data not yet checked,2022-10-24,2022,Oct
9.4,140,Data not yet checked,2022-10-25,2022,Oct
9.4,140,Data not yet checked,2022-10-26,2022,Oct
9,140,Data not yet checked,2022-10-27,2022,Oct
9.6,140,Data not yet checked,2022-10-28,2022,Oct
10.3,140,Data not yet checked,2022-10-29,2022,Oct
10.5,140,Data not yet checked,2022-10-30,2022,Oct
10.7,140,Data not yet checked,2022-10-31,2022,Oct
9.6,140,Data not yet checked,2022-11-01,2022,Nov
8,140,Data not yet checked,2022-11-02,2022,Nov
7.8,140,Data not yet checked,2022-11-03,2022,Nov
8.3,140,Data not yet checked,2022-11-04,2022,Nov
8.2,140,Data not yet checked,2022-11-05,2022,Nov
7.4,140,Data not yet checked,2022-11-06,2022,Nov
7.5,140,Data not yet checked,2022-11-07,2022,Nov
6.6,140,Data not yet checked,2022-11-08,2022,Nov
5.7,140,Data not yet checked,2022-11-09,2022,Nov
5.2,140,Data not yet checked,2022-11-10,2022,Nov
4.3,140,Data not yet checked,2022-11-11,2022,Nov
4.6,140,Data not yet checked,2022-11-12,2022,Nov
4.1,140,Data not yet checked,2022-11-13,2022,Nov
4.5,140,Data not yet checked,2022-11-14,2022,Nov
4.1,140,Data not yet checked,2022-11-15,2022,Nov
3.8,140,Data not yet checked,2022-11-16,2022,Nov
3.8,140,Data not yet checked,2022-11-17,2022,Nov
3.7,140,Data not yet checked,2022-11-18,2022,Nov
2.2,140,Data not yet checked,2022-11-19,2022,Nov
2.1,140,Data not yet checked,2022-11-20,2022,Nov
2.3,140,Data not yet checked,2022-11-21,2022,Nov
2.8,140,Data not yet checked,2022-11-22,2022,Nov
3.9,140,Data not yet checked,2022-11-23,2022,Nov
3.7,140,Data not yet checked,2022-11-24,2022,Nov
4,140,Data not yet checked,2022-11-25,2022,Nov
4.4,140,Data not yet checked,2022-11-26,2022,Nov
4.3,140,Data not yet checked,2022-11-27,2022,Nov
3.9,140,Data not yet checked,2022-11-28,2022,Nov
2.9,140,Data not yet checked,2022-11-29,2022,Nov
3.7,140,Data not yet checked,2022-11-30,2022,Nov
4,140,Data not yet checked,2022-12-01,2022,Dec
3.2,140,Data not yet checked,2022-12-02,2022,Dec
1.9,140,Data not yet checked,2022-12-03,2022,Dec
1.7,140,Data not yet checked,2022-12-04,2022,Dec
1.7,140,Data not yet checked,2022-12-05,2022,Dec
2.6,140,Data not yet checked,2022-12-06,2022,Dec
2.4,140,Data not yet checked,2022-12-07,2022,Dec
2.4,140,Data not yet checked,2022-12-08,2022,Dec
3.1,140,Data not yet checked,2022-12-09,2022,Dec
4.2,140,Data not yet checked,2022-12-10,2022,Dec
3.8,140,Data not yet checked,2022-12-11,2022,Dec
3.8,140,Data not yet checked,2022-12-12,2022,Dec
3,140,Data not yet checked,2022-12-13,2022,Dec
3.3,140,Data not yet checked,2022-12-14,2022,Dec
3.1,140,Data not yet checked,2022-12-15,2022,Dec
2.7,140,Data not yet checked,2022-12-16,2022,Dec
2.2,140,Data not yet checked,2022-12-17,2022,Dec
2,140,Data not yet checked,2022-12-18,2022,Dec
1.5,140,Data not yet checked,2022-12-19,2022,Dec
0.4,140,Data not yet checked,2022-12-20,2022,Dec
0.1,140,Data not yet checked,2022-12-21,2022,Dec
0,140,Data not yet checked,2022-12-22,2022,Dec
0,140,Data not yet checked,2022-12-23,2022,Dec
0,140,Data not yet checked,2022-12-24,2022,Dec
0,140,Data not yet checked,2022-12-25,2022,Dec
0,140,Data not yet checked,2022-12-26,2022,Dec
4,140,Data not yet checked,2022-12-27,2022,Dec
4.4,140,Data not yet checked,2022-12-28,2022,Dec
4.1,140,Data not yet checked,2022-12-29,2022,Dec
5,140,Data not yet checked,2022-12-30,2022,Dec
5.2,140,Data not yet checked,2022-12-31,2022,Dec
4.2,140,Data not yet checked,2023-01-01,2023,Jan
3.8,140,Data not yet checked,2023-01-02,2023,Jan
3.1,140,Data not yet checked,2023-01-03,2023,Jan
2.8,140,Data not yet checked,2023-01-04,2023,Jan
4,140,Data not yet checked,2023-01-05,2023,Jan
4.2,140,Data not yet checked,2023-01-06,2023,Jan
4.2,140,Data not yet checked,2023-01-07,2023,Jan
5.4,140,Data not yet checked,2023-01-08,2023,Jan
4.8,140,Data not yet checked,2023-01-09,2023,Jan
3.9,140,Data not yet checked,2023-01-10,2023,Jan
4.5,140,Data not yet checked,2023-01-11,2023,Jan
5.4,140,Data not yet checked,2023-01-12,2023,Jan
6.4,140,Data not yet checked,2023-01-13,2023,Jan
6.5,140,Data not yet checked,2023-01-14,2023,Jan
6,140,Data not yet checked,2023-01-15,2023,Jan
5.4,140,Data not yet checked,2023-01-16,2023,Jan
4.4,140,Data not yet checked,2023-01-17,2023,Jan
4.4,140,Data not yet checked,2023-01-18,2023,Jan
4.3,140,Data not yet checked,2023-01-19,2023,Jan
3.2,140,Data not yet checked,2023-01-20,2023,Jan
2.7,140,Data not yet checked,2023-01-21,2023,Jan
3.5,140,Data not yet checked,2023-01-22,2023,Jan
3.2,140,Data not yet checked,2023-01-23,2023,Jan
2.9,140,Data not yet checked,2023-01-24,2023,Jan
3.7,140,Data not yet checked,2023-01-25,2023,Jan
3.9,140,Data not yet checked,2023-01-26,2023,Jan
5.1,140,Data not yet checked,2023-01-27,2023,Jan
4.1,140,Data not yet checked,2023-01-28,2023,Jan
0.7,140,Data not yet checked,2023-01-29,2023,Jan
0.1,140,Data not yet checked,2023-01-30,2023,Jan
0.9,140,Data not yet checked,2023-01-31,2023,Jan
1.7,140,Data not yet checked,2023-02-01,2023,Feb
1.7,140,Data not yet checked,2023-02-02,2023,Feb
2.1,140,Data not yet checked,2023-02-03,2023,Feb
4,140,Data not yet checked,2023-02-04,2023,Feb
4.6,140,Data not yet checked,2023-02-05,2023,Feb
4.6,140,Data not yet checked,2023-02-06,2023,Feb
4.4,140,Data not yet checked,2023-02-07,2023,Feb
4.2,140,Data not yet checked,2023-02-08,2023,Feb
3.7,140,Data not yet checked,2023-02-09,2023,Feb
4.1,140,Data not yet checked,2023-02-10,2023,Feb
4,140,Data not yet checked,2023-02-11,2023,Feb
3.8,140,Data not yet checked,2023-02-12,2023,Feb
4.6,140,Data not yet checked,2023-02-13,2023,Feb
3.7,140,Data not yet checked,2023-02-14,2023,Feb
3.6,140,Data not yet checked,2023-02-15,2023,Feb
3.2,140,Data not yet checked,2023-02-16,2023,Feb
3.8,140,Data not yet checked,2023-02-17,2023,Feb
4.7,140,Data not yet checked,2023-02-18,2023,Feb
5.1,140,Data not yet checked,2023-02-19,2023,Feb
6,140,Data not yet checked,2023-02-20,2023,Feb
5.4,140,Data not yet checked,2023-02-21,2023,Feb
3.3,140,Data not yet checked,2023-02-22,2023,Feb
1.8,140,Data not yet checked,2023-02-23,2023,Feb
1,140,Data not yet checked,2023-02-24,2023,Feb
1.1,140,Data not yet checked,2023-02-25,2023,Feb
1.7,140,Data not yet checked,2023-02-26,2023,Feb
2.8,140,Data not yet checked,2023-02-27,2023,Feb
3.5,140,Data not yet checked,2023-02-28,2023,Feb
4,140,Data not yet checked,2023-03-01,2023,Mar
3.7,140,Data not yet checked,2023-03-02,2023,Mar
3.8,140,Data not yet checked,2023-03-03,2023,Mar
4.2,140,Data not yet checked,2023-03-04,2023,Mar
5.1,140,Data not yet checked,2023-03-05,2023,Mar
5.4,140,Data not yet checked,2023-03-06,2023,Mar
4.3,140,Data not yet checked,2023-03-07,2023,Mar
4.1,140,Data not yet checked,2023-03-08,2023,Mar
4.7,140,Data not yet checked,2023-03-09,2023,Mar
4.8,140,Data not yet checked,2023-03-10,2023,Mar
5.4,140,Data not yet checked,2023-03-11,2023,Mar
5.6,140,Data not yet checked,2023-03-12,2023,Mar
6.9,140,Data not yet checked,2023-03-13,2023,Mar
5.4,140,Data not yet checked,2023-03-14,2023,Mar
5.6,140,Data not yet checked,2023-03-15,2023,Mar
5.4,140,Data not yet checked,2023-03-16,2023,Mar
5.6,140,Data not yet checked,2023-03-17,2023,Mar
6.4,140,Data not yet checked,2023-03-18,2023,Mar
6.6,140,Data not yet checked,2023-03-19,2023,Mar
6.6,140,Data not yet checked,2023-03-20,2023,Mar
6.9,140,Data not yet checked,2023-03-21,2023,Mar
6.4,140,Data not yet checked,2023-03-22,2023,Mar
6.4,140,Data not yet checked,2023-03-23,2023,Mar
5.6,140,Data not yet checked,2023-03-24,2023,Mar
5.3,140,Data not yet checked,2023-03-25,2023,Mar
5.6,140,Data not yet checked,2023-03-26,2023,Mar
5.7,140,Data not yet checked,2023-03-27,2023,Mar
5.9,140,Data not yet checked,2023-03-28,2023,Mar
6.1,140,Data not yet checked,2023-03-29,2023,Mar
7.2,140,Data not yet checked,2023-03-30,2023,Mar
6.7,140,Data not yet checked,2023-03-31,2023,Mar
6.9,140,Data not yet checked,2023-04-01,2023,Apr
6.1,140,Data not yet checked,2023-04-02,2023,Apr
5.2,140,Data not yet checked,2023-04-03,2023,Apr
5.9,140,Data not yet checked,2023-04-04,2023,Apr
6.4,140,Data not yet checked,2023-04-05,2023,Apr
7.5,140,Data not yet checked,2023-04-06,2023,Apr
8.5,140,Data not yet checked,2023-04-07,2023,Apr
8.1,140,Data not yet checked,2023-04-08,2023,Apr
8.2,140,Data not yet checked,2023-04-09,2023,Apr
9.6,140,Data not yet checked,2023-04-10,2023,Apr
8.7,140,Data not yet checked,2023-04-11,2023,Apr
6.7,140,Data not yet checked,2023-04-12,2023,Apr
7,140,Data not yet checked,2023-04-13,2023,Apr
7.3,140,Data not yet checked,2023-04-14,2023,Apr
8,140,Data not yet checked,2023-04-15,2023,Apr
8.7,140,Data not yet checked,2023-04-16,2023,Apr
8.3,140,Data not yet checked,2023-04-17,2023,Apr
7.8,140,Data not yet checked,2023-04-18,2023,Apr
7.3,140,Data not yet checked,2023-04-19,2023,Apr
7.3,140,Data not yet checked,2023-04-20,2023,Apr
7.9,140,Data not yet checked,2023-04-21,2023,Apr
9.3,140,Data not yet checked,2023-04-22,2023,Apr
9.4,140,Data not yet checked,2023-04-23,2023,Apr
9.5,140,Data not yet checked,2023-04-24,2023,Apr
10.2,140,Data not yet checked,2023-04-25,2023,Apr
10.6,140,Data not yet checked,2023-04-26,2023,Apr
11.5,140,Data not yet checked,2023-04-27,2023,Apr
11.2,140,Data not yet checked,2023-04-28,2023,Apr
12,140,Data not yet checked,2023-04-29,2023,Apr
12.3,140,Data not yet checked,2023-04-30,2023,Apr
11.4,140,Data not yet checked,2023-05-01,2023,May
10.9,140,Data not yet checked,2023-05-02,2023,May
12.1,140,Data not yet checked,2023-05-03,2023,May
12.4,140,Data not yet checked,2023-05-04,2023,May
10.4,140,Data not yet checked,2023-05-05,2023,May
10.1,140,Data not yet checked,2023-05-06,2023,May
10.1,140,Data not yet checked,2023-05-07,2023,May
9.7,140,Data not yet checked,2023-05-08,2023,May
10.2,140,Data not yet checked,2023-05-09,2023,May
11.3,140,Data not yet checked,2023-05-10,2023,May
12,140,Data not yet checked,2023-05-11,2023,May
13.1,140,Data not yet checked,2023-05-12,2023,May
14,140,Data not yet checked,2023-05-13,2023,May
14.8,140,Data not yet checked,2023-05-14,2023,May
14.7,140,Data not yet checked,2023-05-15,2023,May
14.7,140,Data not yet checked,2023-05-16,2023,May
14.5,140,Data not yet checked,2023-05-17,2023,May
15,140,Data not yet checked,2023-05-18,2023,May
16,140,Data not yet checked,2023-05-19,2023,May
16.9,140,Data not yet checked,2023-05-20,2023,May
17,140,Data not yet checked,2023-05-21,2023,May
14.7,140,Data not yet checked,2023-05-22,2023,May
14.5,140,Data not yet checked,2023-05-23,2023,May
14.8,140,Data not yet checked,2023-05-24,2023,May
15.3,140,Data not yet checked,2023-05-25,2023,May
16.1,140,Data not yet checked,2023-05-26,2023,May
16,140,Data not yet checked,2023-05-27,2023,May
17.2,140,Data not yet checked,2023-05-28,2023,May
17.4,140,Data not yet checked,2023-05-29,2023,May
17.5,140,Data not yet checked,2023-05-30,2023,May
16.6,140,Data not yet checked,2023-05-31,2023,May
16.5,140,Data not yet checked,2023-06-01,2023,Jun
17.2,140,Data not yet checked,2023-06-02,2023,Jun
17.8,140,Data not yet checked,2023-06-03,2023,Jun
18.7,140,Data not yet checked,2023-06-04,2023,Jun
19.3,140,Data not yet checked,2023-06-05,2023,Jun
19.7,140,Data not yet checked,2023-06-06,2023,Jun
20.3,140,Data not yet checked,2023-06-07,2023,Jun
19.2,140,Data not yet checked,2023-06-08,2023,Jun
18.9,140,Data not yet checked,2023-06-09,2023,Jun
19.3,140,Data not yet checked,2023-06-10,2023,Jun
19.8,140,Data not yet checked,2023-06-11,2023,Jun
20.7,140,Data not yet checked,2023-06-12,2023,Jun
20.8,140,Data not yet checked,2023-06-13,2023,Jun
18.8,140,Data not yet checked,2023-06-14,2023,Jun
18.5,140,Data not yet checked,2023-06-15,2023,Jun
19.1,140,Data not yet checked,2023-06-16,2023,Jun
19.6,140,Data not yet checked,2023-06-17,2023,Jun
17.4,140,Data not yet checked,2023-06-18,2023,Jun
16.3,140,Data not yet checked,2023-06-19,2023,Jun
15.5,140,Data not yet checked,2023-06-20,2023,Jun
16.7,140,Data not yet checked,2023-06-21,2023,Jun
18,140,Data not yet checked,2023-06-22,2023,Jun
18.9,140,Data not yet checked,2023-06-23,2023,Jun
19.3,140,Data not yet checked,2023-06-24,2023,Jun
20.2,140,Data not yet checked,2023-06-25,2023,Jun
20,140,Data not yet checked,2023-06-26,2023,Jun
20.2,140,Data not yet checked,2023-06-27,2023,Jun
21.1,140,Data not yet checked,2023-06-28,2023,Jun
22.1,140,Data not yet checked,2023-06-29,2023,Jun
22.4,140,Data not yet checked,2023-06-30,2023,Jun
22.2,140,Data not yet checked,2023-07-01,2023,Jul
21.7,140,Data not yet checked,2023-07-02,2023,Jul
21.3,140,Data not yet checked,2023-07-03,2023,Jul
21.2,140,Data not yet checked,2023-07-04,2023,Jul
21.7,140,Data not yet checked,2023-07-05,2023,Jul
22.5,140,Data not yet checked,2023-07-06,2023,Jul
23,140,Data not yet checked,2023-07-07,2023,Jul
23.4,140,Data not yet checked,2023-07-08,2023,Jul
23.7,140,Data not yet checked,2023-07-09,2023,Jul
23.1,140,Data not yet checked,2023-07-10,2023,Jul
22.3,140,Data not yet checked,2023-07-11,2023,Jul
22.3,140,Data not yet checked,2023-07-12,2023,Jul
22.8,140,Data not yet checked,2023-07-13,2023,Jul
23,140,Data not yet checked,2023-07-14,2023,Jul
23.5,140,Data not yet checked,2023-07-15,2023,Jul
23.8,140,Data not yet checked,2023-07-16,2023,Jul
22.9,140,Data not yet checked,2023-07-17,2023,Jul
22.5,140,Data not yet checked,2023-07-18,2023,Jul
22.7,140,Data not yet checked,2023-07-19,2023,Jul
23.7,140,Data not yet checked,2023-07-20,2023,Jul
24.3,140,Data not yet checked,2023-07-21,2023,Jul
23.8,140,Data not yet checked,2023-07-22,2023,Jul
23.8,140,Data not yet checked,2023-07-23,2023,Jul
23.4,140,Data not yet checked,2023-07-24,2023,Jul
22.8,140,Data not yet checked,2023-07-25,2023,Jul
22.2,140,Data not yet checked,2023-07-26,2023,Jul
22.1,140,Data not yet checked,2023-07-27,2023,Jul
22.5,140,Data not yet checked,2023-07-28,2023,Jul
22.9,140,Data not yet checked,2023-07-29,2023,Jul
22.5,140,Data not yet checked,2023-07-30,2023,Jul
22.4,140,Data not yet checked,2023-07-31,2023,Jul
22.6,140,Data not yet checked,2023-08-01,2023,Aug
22.7,140,Data not yet checked,2023-08-02,2023,Aug
23,140,Data not yet checked,2023-08-03,2023,Aug
22.1,140,Data not yet checked,2023-08-04,2023,Aug
21.4,140,Data not yet checked,2023-08-05,2023,Aug
21,140,Data not yet checked,2023-08-06,2023,Aug
20,140,Data not yet checked,2023-08-07,2023,Aug
21,140,Data not yet checked,2023-08-08,2023,Aug
20.7,140,Data not yet checked,2023-08-09,2023,Aug
21.2,140,Data not yet checked,2023-08-10,2023,Aug
21,140,Data not yet checked,2023-08-11,2023,Aug
21.5,140,Data not yet checked,2023-08-12,2023,Aug
22.3,140,Data not yet checked,2023-08-13,2023,Aug
23.1,140,Data not yet checked,2023-08-14,2023,Aug
23.9,140,Data not yet checked,2023-08-15,2023,Aug
24.3,140,Data not yet checked,2023-08-16,2023,Aug
23.2,140,Data not yet checked,2023-08-17,2023,Aug
22.6,140,Data not yet checked,2023-08-18,2023,Aug
21.2,140,Data not yet checked,2023-08-19,2023,Aug
19.6,140,Data not yet checked,2023-08-20,2023,Aug
19.3,140,Data not yet checked,2023-08-21,2023,Aug
18.6,140,Data not yet checked,2023-08-22,2023,Aug
19.1,140,Data not yet checked,2023-08-23,2023,Aug
19.2,140,Data not yet checked,2023-08-24,2023,Aug
19.6,140,Data not yet checked,2023-08-25,2023,Aug
20.4,140,Data not yet checked,2023-08-26,2023,Aug
21.7,140,Data not yet checked,2023-08-27,2023,Aug
22.2,140,Data not yet checked,2023-08-28,2023,Aug
20.1,140,Data not yet checked,2023-08-29,2023,Aug
18.9,140,Data not yet checked,2023-08-30,2023,Aug
18.4,140,Data not yet checked,2023-08-31,2023,Aug
18.8,140,Data not yet checked,2023-09-01,2023,Sep
19.5,140,Data not yet checked,2023-09-02,2023,Sep
19.8,140,Data not yet checked,2023-09-03,2023,Sep
19.1,140,Data not yet checked,2023-09-04,2023,Sep
18.5,140,Data not yet checked,2023-09-05,2023,Sep
18.3,140,Data not yet checked,2023-09-06,2023,Sep
18.9,140,Data not yet checked,2023-09-07,2023,Sep
19.5,140,Data not yet checked,2023-09-08,2023,Sep
19.1,140,Data not yet checked,2023-09-09,2023,Sep
19.5,140,Data not yet checked,2023-09-10,2023,Sep
19.1,140,Data not yet checked,2023-09-11,2023,Sep
19,140,Data not yet checked,2023-09-12,2023,Sep
18.9,140,Data not yet checked,2023-09-13,2023,Sep
18.4,140,Data not yet checked,2023-09-14,2023,Sep
18.3,140,Data not yet checked,2023-09-15,2023,Sep
18.2,140,Data not yet checked,2023-09-16,2023,Sep
18.2,140,Data not yet checked,2023-09-17,2023,Sep
17.5,140,Data not yet checked,2023-09-18,2023,Sep
16.2,140,Data not yet checked,2023-09-19,2023,Sep
15.4,140,Data not yet checked,2023-09-20,2023,Sep
14.6,140,Data not yet checked,2023-09-21,2023,Sep
14.7,140,Data not yet checked,2023-09-22,2023,Sep
15.1,140,Data not yet checked,2023-09-23,2023,Sep
15.3,140,Data not yet checked,2023-09-24,2023,Sep
15.9,140,Data not yet checked,2023-09-25,2023,Sep
15.8,140,Data not yet checked,2023-09-26,2023,Sep
14.8,140,Data not yet checked,2023-09-27,2023,Sep
14.1,140,Data not yet checked,2023-09-28,2023,Sep
13.6,140,Data not yet checked,2023-09-29,2023,Sep
13.6,140,Data not yet checked,2023-09-30,2023,Sep
12.7,140,Data not yet checked,2023-10-01,2023,Oct
12.7,140,Data not yet checked,2023-10-01,2023,Oct
13.7,140,Data not yet checked,2023-10-02,2023,Oct
14.4,140,Data not yet checked,2023-10-03,2023,Oct
14.4,140,Data not yet checked,2023-10-04,2023,Oct
14.6,140,Data not yet checked,2023-10-05,2023,Oct
14.7,140,Data not yet checked,2023-10-06,2023,Oct
14.6,140,Data not yet checked,2023-10-07,2023,Oct
14.7,140,Data not yet checked,2023-10-08,2023,Oct
14.5,140,Data not yet checked,2023-10-09,2023,Oct
14,140,Data not yet checked,2023-10-10,2023,Oct
13.2,140,Data not yet checked,2023-10-11,2023,Oct
13.2,140,Data not yet checked,2023-10-12,2023,Oct
12.6,140,Data not yet checked,2023-10-13,2023,Oct
13.3,140,Data not yet checked,2023-10-14,2023,Oct
14,140,Data not yet checked,2023-10-15,2023,Oct
13.4,140,Data not yet checked,2023-10-16,2023,Oct
13.4,140,Data not yet checked,2023-10-17,2023,Oct
12.8,140,Data not yet checked,2023-10-18,2023,Oct
13,140,Data not yet checked,2023-10-19,2023,Oct
12.9,140,Data not yet checked,2023-10-20,2023,Oct
12.8,140,Data not yet checked,2023-10-21,2023,Oct
12.8,140,Data not yet checked,2023-10-22,2023,Oct
12.4,140,Data not yet checked,2023-10-23,2023,Oct
10.6,140,Data not yet checked,2023-10-24,2023,Oct
10.5,140,Data not yet checked,2023-10-25,2023,Oct
9.2,140,Data not yet checked,2023-10-26,2023,Oct
8.7,140,Data not yet checked,2023-10-27,2023,Oct
7,140,Data not yet checked,2023-10-28,2023,Oct
6.2,140,Data not yet checked,2023-10-29,2023,Oct
5.9,140,Data not yet checked,2023-10-30,2023,Oct
5.8,140,Data not yet checked,2023-10-31,2023,Oct
6.3,140,Data not yet checked,2023-11-01,2023,Nov
7.6,140,Data not yet checked,2023-11-02,2023,Nov
8.9,140,Data not yet checked,2023-11-03,2023,Nov
9.7,140,Data not yet checked,2023-11-04,2023,Nov
10.1,140,Data not yet checked,2023-11-05,2023,Nov
9.8,140,Data not yet checked,2023-11-06,2023,Nov
9.1,140,Data not yet checked,2023-11-07,2023,Nov
8,140,Data not yet checked,2023-11-08,2023,Nov
7,140,Data not yet checked,2023-11-09,2023,Nov
7.7,140,Data not yet checked,2023-11-10,2023,Nov
8.1,140,Data not yet checked,2023-11-11,2023,Nov
8.2,140,Data not yet checked,2023-11-12,2023,Nov
8,140,Data not yet checked,2023-11-13,2023,Nov
7.3,140,Data not yet checked,2023-11-14,2023,Nov
7.7,140,Data not yet checked,2023-11-15,2023,Nov
7.7,140,Data not yet checked,2023-11-16,2023,Nov
7,140,Data not yet checked,2023-11-17,2023,Nov
6.4,140,Data not yet checked,2023-11-18,2023,Nov
6.4,140,Data not yet checked,2023-11-19,2023,Nov
5.9,140,Data not yet checked,2023-11-20,2023,Nov
5.4,140,Data not yet checked,2023-11-21,2023,Nov
6.2,140,Data not yet checked,2023-11-22,2023,Nov
6.4,140,Data not yet checked,2023-11-23,2023,Nov
5.1,140,Data not yet checked,2023-11-24,2023,Nov
3.7,140,Data not yet checked,2023-11-25,2023,Nov
3.2,140,Data not yet checked,2023-11-26,2023,Nov
3,140,Data not yet checked,2023-11-27,2023,Nov
2.8,140,Data not yet checked,2023-11-28,2023,Nov
2.9,140,Data not yet checked,2023-11-29,2023,Nov
3.2,140,Data not yet checked,2023-11-30,2023,Nov
3.1,140,Data not yet checked,2023-12-01,2023,Dec
4.4,140,Data not yet checked,2023-12-02,2023,Dec
5,140,Data not yet checked,2023-12-03,2023,Dec
6.7,140,Data not yet checked,2023-12-04,2023,Dec
8,140,Data not yet checked,2023-12-05,2023,Dec
7.8,140,Data not yet checked,2023-12-06,2023,Dec
7.1,140,Data not yet checked,2023-12-07,2023,Dec
5.8,140,Data not yet checked,2023-12-08,2023,Dec
4.7,140,Data not yet checked,2023-12-09,2023,Dec
6.3,140,Data not yet checked,2023-12-10,2023,Dec
6.2,140,Data not yet checked,2023-12-11,2023,Dec
6,140,Data not yet checked,2023-12-12,2023,Dec
5.8,140,Data not yet checked,2023-12-13,2023,Dec
4.7,140,Data not yet checked,2023-12-14,2023,Dec
5.3,140,Data not yet checked,2023-12-15,2023,Dec
4.8,140,Data not yet checked,2023-12-16,2023,Dec
4.5,140,Data not yet checked,2023-12-17,2023,Dec
4.5,140,Data not yet checked,2023-12-18,2023,Dec
5,140,Data not yet checked,2023-12-19,2023,Dec
5.6,140,Data not yet checked,2023-12-20,2023,Dec
5.5,140,Data not yet checked,2023-12-21,2023,Dec
5.1,140,Data not yet checked,2023-12-22,2023,Dec
4.1,140,Data not yet checked,2023-12-23,2023,Dec
2.9,140,Data not yet checked,2023-12-24,2023,Dec
2.8,140,Data not yet checked,2023-12-25,2023,Dec
3.9,140,Data not yet checked,2023-12-26,2023,Dec
4.1,140,Data not yet checked,2023-12-27,2023,Dec
4.1,140,Data not yet checked,2023-12-28,2023,Dec
4.7,140,Data not yet checked,2023-12-29,2023,Dec
5.2,140,Data not yet checked,2023-12-30,2023,Dec
5.7,140,Data not yet checked,2023-12-31,2023,Dec
5.3,140,Data not yet checked,2024-01-01,2024,Jan
4.8,140,Data not yet checked,2024-01-02,2024,Jan
4.8,140,Data not yet checked,2024-01-03,2024,Jan
5.2,140,Data not yet checked,2024-01-04,2024,Jan
5.1,140,Data not yet checked,2024-01-05,2024,Jan
4.8,140,Data not yet checked,2024-01-06,2024,Jan
4,140,Data not yet checked,2024-01-07,2024,Jan
4,140,Data not yet checked,2024-01-08,2024,Jan
4.8,140,Data not yet checked,2024-01-09,2024,Jan
3.6,140,Data not yet checked,2024-01-10,2024,Jan
3.2,140,Data not yet checked,2024-01-11,2024,Jan
0.6,140,Data not yet checked,2024-01-12,2024,Jan
0,140,Data not yet checked,2024-01-13,2024,Jan
0,140,Data not yet checked,2024-01-14,2024,Jan
0,140,Data not yet checked,2024-01-15,2024,Jan
0,140,Data not yet checked,2024-01-16,2024,Jan
0,140,Data not yet checked,2024-01-17,2024,Jan
0,140,Data not yet checked,2024-01-18,2024,Jan
0,140,Data not yet checked,2024-01-19,2024,Jan
0,140,Data not yet checked,2024-01-20,2024,Jan
0.1,140,Data not yet checked,2024-01-21,2024,Jan
0.7,140,Data not yet checked,2024-01-22,2024,Jan
2.9,140,Data not yet checked,2024-01-23,2024,Jan
3.3,140,Data not yet checked,2024-01-24,2024,Jan
4.3,140,Data not yet checked,2024-01-25,2024,Jan
4.1,140,Data not yet checked,2024-01-26,2024,Jan
5.3,140,Data not yet checked,2024-01-27,2024,Jan
6.4,140,Data not yet checked,2024-01-28,2024,Jan
6.2,140,Data not yet checked,2024-01-29,2024,Jan
5.8,140,Data not yet checked,2024-01-30,2024,Jan
6.2,140,Data not yet checked,2024-01-31,2024,Jan
7.1,140,Data not yet checked,2024-02-01,2024,Feb
6.9,140,Data not yet checked,2024-02-02,2024,Feb
6.1,140,Data not yet checked,2024-02-03,2024,Feb
6,140,Data not yet checked,2024-02-04,2024,Feb
6.3,140,Data not yet checked,2024-02-05,2024,Feb
6.1,140,Data not yet checked,2024-02-06,2024,Feb
6,140,Data not yet checked,2024-02-07,2024,Feb
5.8,140,Data not yet checked,2024-02-08,2024,Feb
5.5,140,Data not yet checked,2024-02-09,2024,Feb
5.1,140,Data not yet checked,2024-02-10,2024,Feb
5.2,140,Data not yet checked,2024-02-11,2024,Feb
6.1,140,Data not yet checked,2024-02-12,2024,Feb
5.3,140,Data not yet checked,2024-02-13,2024,Feb
4.7,140,Data not yet checked,2024-02-14,2024,Feb
4.4,140,Data not yet checked,2024-02-15,2024,Feb
4.1,140,Data not yet checked,2024-02-16,2024,Feb
3.2,140,Data not yet checked,2024-02-17,2024,Feb
4,140,Data not yet checked,2024-02-18,2024,Feb
4.4,140,Data not yet checked,2024-02-19,2024,Feb
5.2,140,Data not yet checked,2024-02-20,2024,Feb
5.9,140,Data not yet checked,2024-02-21,2024,Feb
6.3,140,Data not yet checked,2024-02-22,2024,Feb
6,140,Data not yet checked,2024-02-23,2024,Feb
5.9,140,Data not yet checked,2024-02-24,2024,Feb
6.6,140,Data not yet checked,2024-02-25,2024,Feb
5.8,140,Data not yet checked,2024-02-26,2024,Feb
4.2,140,Data not yet checked,2024-02-27,2024,Feb
5.4,140,Data not yet checked,2024-02-28,2024,Feb
5.8,140,Data not yet checked,2024-02-29,2024,Feb
5,140,Data not yet checked,2024-03-01,2024,Mar
4.7,140,Data not yet checked,2024-03-02,2024,Mar
4.1,140,Data not yet checked,2024-03-03,2024,Mar
4.3,140,Data not yet checked,2024-03-04,2024,Mar
4.4,140,Data not yet checked,2024-03-05,2024,Mar
4.2,140,Data not yet checked,2024-03-06,2024,Mar
4.4,140,Data not yet checked,2024-03-07,2024,Mar
4.7,140,Data not yet checked,2024-03-08,2024,Mar
5.1,140,Data not yet checked,2024-03-09,2024,Mar
5.8,140,Data not yet checked,2024-03-10,2024,Mar
6.1,140,Data not yet checked,2024-03-11,2024,Mar
6.5,140,Data not yet checked,2024-03-12,2024,Mar
5.9,140,Data not yet checked,2024-03-13,2024,Mar
6.1,140,Data not yet checked,2024-03-14,2024,Mar
6.6,140,Data not yet checked,2024-03-15,2024,Mar
7.3,140,Data not yet checked,2024-03-16,2024,Mar
8.1,140,Data not yet checked,2024-03-17,2024,Mar
8.8,140,Data not yet checked,2024-03-18,2024,Mar
9.1,140,Data not yet checked,2024-03-19,2024,Mar
9.2,140,Data not yet checked,2024-03-20,2024,Mar
8.6,140,Data not yet checked,2024-03-21,2024,Mar
8.2,140,Data not yet checked,2024-03-22,2024,Mar
8.7,140,Data not yet checked,2024-03-23,2024,Mar
7.9,140,Data not yet checked,2024-03-24,2024,Mar
7.8,140,Data not yet checked,2024-03-25,2024,Mar
8.4,140,Data not yet checked,2024-03-26,2024,Mar
7.2,140,Data not yet checked,2024-03-27,2024,Mar
7.4,140,Data not yet checked,2024-03-28,2024,Mar
7.9,140,Data not yet checked,2024-03-29,2024,Mar
7.9,140,Data not yet checked,2024-03-30,2024,Mar
8.5,140,Data not yet checked,2024-03-31,2024,Mar
8.7,140,Data not yet checked,2024-04-01,2024,Apr
10.3,140,Data not yet checked,2024-04-02,2024,Apr
9.7,140,Data not yet checked,2024-04-03,2024,Apr
7.8,140,Data not yet checked,2024-04-04,2024,Apr
7.8,140,Data not yet checked,2024-04-05,2024,Apr
7.8,140,Data not yet checked,2024-04-06,2024,Apr
8.5,140,Data not yet checked,2024-04-07,2024,Apr
8.6,140,Data not yet checked,2024-04-08,2024,Apr
10.3,140,Data not yet checked,2024-04-09,2024,Apr
10,140,Data not yet checked,2024-04-10,2024,Apr
9.8,140,Data not yet checked,2024-04-11,2024,Apr
10.8,140,Data not yet checked,2024-04-12,2024,Apr
11.6,140,Data not yet checked,2024-04-13,2024,Apr
12.2,140,Data not yet checked,2024-04-14,2024,Apr
11.2,140,Data not yet checked,2024-04-15,2024,Apr
9.4,140,Data not yet checked,2024-04-16,2024,Apr
9.5,140,Data not yet checked,2024-04-17,2024,Apr
9.3,140,Data not yet checked,2024-04-18,2024,Apr
9.7,140,Data not yet checked,2024-04-19,2024,Apr
10.6,140,Data not yet checked,2024-04-20,2024,Apr
10.9,140,Data not yet checked,2024-04-21,2024,Apr
10.6,140,Data not yet checked,2024-04-22,2024,Apr
11,140,Data not yet checked,2024-04-23,2024,Apr
11.1,140,Data not yet checked,2024-04-24,2024,Apr
11.3,140,Data not yet checked,2024-04-25,2024,Apr
12,140,Data not yet checked,2024-04-26,2024,Apr
11.4,140,Data not yet checked,2024-04-27,2024,Apr
11.2,140,Data not yet checked,2024-04-28,2024,Apr
10.5,140,Data not yet checked,2024-04-29,2024,Apr
10.1,140,Data not yet checked,2024-04-30,2024,Apr
10.7,140,Data not yet checked,2024-05-01,2024,May
10.8,140,Data not yet checked,2024-05-02,2024,May
11.8,140,Data not yet checked,2024-05-03,2024,May
11.4,140,Data not yet checked,2024-05-04,2024,May
9.5,140,Data not yet checked,2024-05-05,2024,May
9.8,140,Data not yet checked,2024-05-06,2024,May
10.4,140,Data not yet checked,2024-05-07,2024,May
10.8,140,Data not yet checked,2024-05-08,2024,May
12.6,140,Data not yet checked,2024-05-09,2024,May
14.5,140,Data not yet checked,2024-05-10,2024,May
15.5,140,Data not yet checked,2024-05-11,2024,May
16.2,140,Data not yet checked,2024-05-12,2024,May
16.1,140,Data not yet checked,2024-05-13,2024,May
15.8,140,Data not yet checked,2024-05-14,2024,May
15.5,140,Data not yet checked,2024-05-15,2024,May
16.3,140,Data not yet checked,2024-05-16,2024,May
14.7,140,Data not yet checked,2024-05-17,2024,May
14,140,Data not yet checked,2024-05-18,2024,May
13.7,140,Data not yet checked,2024-05-19,2024,May
14.1,140,Data not yet checked,2024-05-20,2024,May
12.9,140,Data not yet checked,2024-05-21,2024,May
12.8,140,Data not yet checked,2024-05-22,2024,May
13.4,140,Data not yet checked,2024-05-23,2024,May
14.1,140,Data not yet checked,2024-05-24,2024,May
14,140,Data not yet checked,2024-05-25,2024,May
13.8,140,Data not yet checked,2024-05-26,2024,May
15.4,140,Data not yet checked,2024-05-27,2024,May
16,140,Data not yet checked,2024-05-28,2024,May
14.7,140,Data not yet checked,2024-05-29,2024,May
14.9,140,Data not yet checked,2024-05-30,2024,May
15.4,140,Data not yet checked,2024-05-31,2024,May
15.2,140,Data not yet checked,2024-06-01,2024,Jun
15.3,140,Data not yet checked,2024-06-02,2024,Jun
14.9,140,Data not yet checked,2024-06-03,2024,Jun
12.5,140,Data not yet checked,2024-06-04,2024,Jun
15,140,Data not yet checked,2024-06-05,2024,Jun
15.9,140,Data not yet checked,2024-06-06,2024,Jun
17,140,Data not yet checked,2024-06-07,2024,Jun
17.7,140,Data not yet checked,2024-06-08,2024,Jun
17.1,140,Data not yet checked,2024-06-09,2024,Jun
18,140,Data not yet checked,2024-06-10,2024,Jun
18,140,Data not yet checked,2024-06-11,2024,Jun
17.7,140,Data not yet checked,2024-06-12,2024,Jun
17.8,140,Data not yet checked,2024-06-13,2024,Jun
17.4,140,Data not yet checked,2024-06-14,2024,Jun
16.2,140,Data not yet checked,2024-06-15,2024,Jun
14.8,140,Data not yet checked,2024-06-16,2024,Jun
14.5,140,Data not yet checked,2024-06-17,2024,Jun
16,140,Data not yet checked,2024-06-18,2024,Jun
17.3,140,Data not yet checked,2024-06-19,2024,Jun
18.6,140,Data not yet checked,2024-06-20,2024,Jun
19.5,140,Data not yet checked,2024-06-21,2024,Jun
20.3,140,Data not yet checked,2024-06-22,2024,Jun
20.2,140,Data not yet checked,2024-06-23,2024,Jun
19.7,140,Data not yet checked,2024-06-24,2024,Jun
20.3,140,Data not yet checked,2024-06-25,2024,Jun
20.1,140,Data not yet checked,2024-06-26,2024,Jun
19.2,140,Data not yet checked,2024-06-27,2024,Jun
20.1,140,Data not yet checked,2024-06-28,2024,Jun
19.6,140,Data not yet checked,2024-06-29,2024,Jun
20.2,140,Data not yet checked,2024-06-30,2024,Jun
20.3,140,Data not yet checked,2024-07-01,2024,Jul
20.9,140,Data not yet checked,2024-07-02,2024,Jul
20.7,140,Data not yet checked,2024-07-03,2024,Jul
21.2,140,Data not yet checked,2024-07-04,2024,Jul
21.8,140,Data not yet checked,2024-07-05,2024,Jul
22.1,140,Data not yet checked,2024-07-06,2024,Jul
22.9,140,Data not yet checked,2024-07-07,2024,Jul
23.5,140,Data not yet checked,2024-07-08,2024,Jul
24,140,Data not yet checked,2024-07-09,2024,Jul
24,140,Data not yet checked,2024-07-11,2024,Jul
23.9,140,Data not yet checked,2024-07-12,2024,Jul
24.1,140,Data not yet checked,2024-07-13,2024,Jul
23.6,140,Data not yet checked,2024-07-14,2024,Jul
23.3,140,Data not yet checked,2024-07-15,2024,Jul
23.6,140,Data not yet checked,2024-07-16,2024,Jul
22.8,140,Data not yet checked,2024-07-17,2024,Jul
24.1,140,Data not yet checked,2024-07-18,2024,Jul
24.2,140,Data not yet checked,2024-07-19,2024,Jul
24.3,140,Data not yet checked,2024-07-20,2024,Jul
24.3,140,Data not yet checked,2024-07-21,2024,Jul
24.5,140,Data not yet checked,2024-07-22,2024,Jul
23.2,140,Data not yet checked,2024-07-23,2024,Jul
22.2,140,Data not yet checked,2024-07-24,2024,Jul
21.5,140,Data not yet checked,2024-07-25,2024,Jul
20.9,140,Data not yet checked,2024-07-26,2024,Jul
20.7,140,Data not yet checked,2024-07-27,2024,Jul
21.4,140,Data not yet checked,2024-07-28,2024,Jul
21,140,Data not yet checked,2024-07-29,2024,Jul
22.2,140,Data not yet checked,2024-07-30,2024,Jul
23,140,Data not yet checked,2024-07-31,2024,Jul
23.8,140,Data not yet checked,2024-08-01,2024,Aug
24.6,140,Data not yet checked,2024-08-02,2024,Aug
23.8,140,Data not yet checked,2024-08-03,2024,Aug
24.2,140,Data not yet checked,2024-08-04,2024,Aug
24,140,Data not yet checked,2024-08-05,2024,Aug
23.4,140,Data not yet checked,2024-08-06,2024,Aug
23.1,140,Data not yet checked,2024-08-07,2024,Aug
23.1,140,Data not yet checked,2024-08-08,2024,Aug
22.8,140,Data not yet checked,2024-08-09,2024,Aug
23.2,140,Data not yet checked,2024-08-10,2024,Aug
23.2,140,Data not yet checked,2024-08-11,2024,Aug
22.3,140,Data not yet checked,2024-08-12,2024,Aug
21,140,Data not yet checked,2024-08-13,2024,Aug
21.4,140,Data not yet checked,2024-08-14,2024,Aug
20.7,140,Data not yet checked,2024-08-15,2024,Aug
21.4,140,Data not yet checked,2024-08-16,2024,Aug
21.8,140,Data not yet checked,2024-08-17,2024,Aug
21.8,140,Data not yet checked,2024-08-18,2024,Aug
21.6,140,Data not yet checked,2024-08-19,2024,Aug
21.2,140,Data not yet checked,2024-08-20,2024,Aug
21.2,140,Data not yet checked,2024-08-21,2024,Aug
21,140,Data not yet checked,2024-08-22,2024,Aug
18.8,140,Data not yet checked,2024-08-23,2024,Aug
18.5,140,Data not yet checked,2024-08-24,2024,Aug
19.6,140,Data not yet checked,2024-08-25,2024,Aug
19.6,140,Data not yet checked,2024-08-26,2024,Aug
18.7,140,Data not yet checked,2024-08-27,2024,Aug
17.9,140,Data not yet checked,2024-08-28,2024,Aug
18.3,140,Data not yet checked,2024-08-29,2024,Aug
19,140,Data not yet checked,2024-08-30,2024,Aug
19.6,140,Data not yet checked,2024-08-31,2024,Aug
20.1,140,Data not yet checked,2024-09-01,2024,Sep
19.9,140,Data not yet checked,2024-09-02,2024,Sep
20.4,140,Data not yet checked,2024-09-03,2024,Sep
20.4,140,Data not yet checked,2024-09-04,2024,Sep
20.7,140,Data not yet checked,2024-09-05,2024,Sep
20.8,140,Data not yet checked,2024-09-06,2024,Sep
20.5,140,Data not yet checked,2024-09-07,2024,Sep
20.4,140,Data not yet checked,2024-09-08,2024,Sep
20.5,140,Data not yet checked,2024-09-09,2024,Sep
20.1,140,Data not yet checked,2024-09-10,2024,Sep
18.7,140,Data not yet checked,2024-09-11,2024,Sep
17.7,140,Data not yet checked,2024-09-12,2024,Sep
18.1,140,Data not yet checked,2024-09-13,2024,Sep
18.1,140,Data not yet checked,2024-09-14,2024,Sep
17.5,140,Data not yet checked,2024-09-15,2024,Sep
16.8,140,Data not yet checked,2024-09-16,2024,Sep
16.6,140,Data not yet checked,2024-09-17,2024,Sep
17.1,140,Data not yet checked,2024-09-18,2024,Sep
17.1,140,Data not yet checked,2024-09-19,2024,Sep
16.6,140,Data not yet checked,2024-09-20,2024,Sep
15.7,140,Data not yet checked,2024-09-21,2024,Sep
15.6,140,Data not yet checked,2024-09-22,2024,Sep
16.9,140,Data not yet checked,2024-09-23,2024,Sep
17.7,140,Data not yet checked,2024-09-24,2024,Sep
17.9,140,Data not yet checked,2024-09-25,2024,Sep
16.6,140,Data not yet checked,2024-09-26,2024,Sep
16.7,140,Data not yet checked,2024-09-27,2024,Sep
16.7,140,Data not yet checked,2024-09-28,2024,Sep
15.7,140,Data not yet checked,2024-09-29,2024,Sep
13.7,140,Data not yet checked,2024-09-30,2024,Sep
13.6,140,Data not yet checked,2024-10-01,2024,Oct
13.6,140,Data not yet checked,2024-10-01,2024,Oct
14.7,140,Data not yet checked,2024-10-02,2024,Oct
13.1,140,Data not yet checked,2024-10-03,2024,Oct
12,140,Data not yet checked,2024-10-04,2024,Oct
12.8,140,Data not yet checked,2024-10-05,2024,Oct
12.8,140,Data not yet checked,2024-10-06,2024,Oct
13.2,140,Data not yet checked,2024-10-07,2024,Oct
13.5,140,Data not yet checked,2024-10-08,2024,Oct
14.3,140,Data not yet checked,2024-10-09,2024,Oct
13.6,140,Data not yet checked,2024-10-10,2024,Oct
12.6,140,Data not yet checked,2024-10-11,2024,Oct
12.4,140,Data not yet checked,2024-10-12,2024,Oct
12.4,140,Data not yet checked,2024-10-13,2024,Oct
12.6,140,Data not yet checked,2024-10-14,2024,Oct
13.2,140,Data not yet checked,2024-10-15,2024,Oct
13.5,140,Data not yet checked,2024-10-16,2024,Oct
12,140,Data not yet checked,2024-10-17,2024,Oct
10.9,140,Data not yet checked,2024-10-18,2024,Oct
12.4,140,Data not yet checked,2024-10-19,2024,Oct
12.9,140,Data not yet checked,2024-10-20,2024,Oct
12.8,140,Data not yet checked,2024-10-21,2024,Oct
11.1,140,Data not yet checked,2024-10-22,2024,Oct
10.2,140,Data not yet checked,2024-10-23,2024,Oct
9.6,140,Data not yet checked,2024-10-24,2024,Oct
9.1,140,Data not yet checked,2024-10-25,2024,Oct
9.9,140,Data not yet checked,2024-10-26,2024,Oct
10.3,140,Data not yet checked,2024-10-27,2024,Oct
9.9,140,Data not yet checked,2024-10-28,2024,Oct
9.3,140,Data not yet checked,2024-10-29,2024,Oct
8.5,140,Data not yet checked,2024-10-30,2024,Oct
9.5,140,Data not yet checked,2024-10-31,2024,Oct
9.6,140,Data not yet checked,2024-11-01,2024,Nov
9.7,140,Data not yet checked,2024-11-02,2024,Nov
8.8,140,Data not yet checked,2024-11-03,2024,Nov
8.5,140,Data not yet checked,2024-11-04,2024,Nov
7.9,140,Data not yet checked,2024-11-05,2024,Nov
6.9,140,Data not yet checked,2024-11-06,2024,Nov
6.7,140,Data not yet checked,2024-11-07,2024,Nov
6.6,140,Data not yet checked,2024-11-08,2024,Nov
6.8,140,Data not yet checked,2024-11-09,2024,Nov
7.8,140,Data not yet checked,2024-11-10,2024,Nov
8.2,140,Data not yet checked,2024-11-11,2024,Nov
8,140,Data not yet checked,2024-11-12,2024,Nov
8.2,140,Data not yet checked,2024-11-13,2024,Nov
8.3,140,Data not yet checked,2024-11-14,2024,Nov
7.6,140,Data not yet checked,2024-11-15,2024,Nov
6.6,140,Data not yet checked,2024-11-16,2024,Nov
7.7,140,Data not yet checked,2024-11-17,2024,Nov
6.6,140,Data not yet checked,2024-11-18,2024,Nov
6,140,Data not yet checked,2024-11-19,2024,Nov
6.8,140,Data not yet checked,2024-11-20,2024,Nov
7.7,140,Data not yet checked,2024-11-21,2024,Nov
8.2,140,Data not yet checked,2024-11-22,2024,Nov
8.3,140,Data not yet checked,2024-11-23,2024,Nov
7,140,Data not yet checked,2024-11-24,2024,Nov
6.8,140,Data not yet checked,2024-11-25,2024,Nov
6.9,140,Data not yet checked,2024-11-26,2024,Nov
6.4,140,Data not yet checked,2024-11-27,2024,Nov
5.3,140,Data not yet checked,2024-11-28,2024,Nov
5.1,140,Data not yet checked,2024-11-29,2024,Nov
5,140,Data not yet checked,2024-11-30,2024,Nov
4.8,140,Data not yet checked,2024-12-01,2024,Dec
4.5,140,Data not yet checked,2024-12-02,2024,Dec
4.3,140,Data not yet checked,2024-12-03,2024,Dec
4,140,Data not yet checked,2024-12-04,2024,Dec
3.7,140,Data not yet checked,2024-12-05,2024,Dec
3.6,140,Data not yet checked,2024-12-06,2024,Dec
3.9,140,Data not yet checked,2024-12-07,2024,Dec
4.7,140,Data not yet checked,2024-12-08,2024,Dec
4.7,140,Data not yet checked,2024-12-09,2024,Dec
3.7,140,Data not yet checked,2024-12-10,2024,Dec
3.5,140,Data not yet checked,2024-12-11,2024,Dec
3.5,140,Data not yet checked,2024-12-12,2024,Dec
4,140,Data not yet checked,2024-12-13,2024,Dec
5.5,140,Data not yet checked,2024-12-14,2024,Dec
5,140,Data not yet checked,2024-12-15,2024,Dec
4.8,140,Data not yet checked,2024-12-16,2024,Dec
5.4,140,Data not yet checked,2024-12-17,2024,Dec
6.8,140,Data not yet checked,2024-12-18,2024,Dec
5.8,140,Data not yet checked,2024-12-19,2024,Dec
5.7,140,Data not yet checked,2024-12-20,2024,Dec
5.3,140,Data not yet checked,2024-12-21,2024,Dec
5.7,140,Data not yet checked,2024-12-22,2024,Dec
6.6,140,Data not yet checked,2024-12-23,2024,Dec
6.6,140,Data not yet checked,2024-12-24,2024,Dec
5.8,140,Data not yet checked,2024-12-25,2024,Dec
6.2,140,Data not yet checked,2024-12-26,2024,Dec
6.2,140,Data not yet checked,2024-12-27,2024,Dec
6.8,140,Data not yet checked,2024-12-28,2024,Dec
6.5,140,Data not yet checked,2024-12-29,2024,Dec
5.5,140,Data not yet checked,2024-12-30,2024,Dec
5,140,Data not yet checked,2024-12-31,2024,Dec
4.7,140,Data not yet checked,2025-01-01,2025,Jan
5.2,140,Data not yet checked,2025-01-02,2025,Jan
5.4,140,Data not yet checked,2025-01-03,2025,Jan
5.3,140,Data not yet checked,2025-01-04,2025,Jan
6.2,140,Data not yet checked,2025-01-05,2025,Jan
6.1,140,Data not yet checked,2025-01-06,2025,Jan
5.5,140,Data not yet checked,2025-01-07,2025,Jan
5.3,140,Data not yet checked,2025-01-08,2025,Jan
5.3,140,Data not yet checked,2025-01-09,2025,Jan
4.9,140,Data not yet checked,2025-01-10,2025,Jan
5.3,140,Data not yet checked,2025-01-11,2025,Jan
5.4,140,Data not yet checked,2025-01-12,2025,Jan
4.8,140,Data not yet checked,2025-01-13,2025,Jan
4.1,140,Data not yet checked,2025-01-14,2025,Jan
3.9,140,Data not yet checked,2025-01-15,2025,Jan
4,140,Data not yet checked,2025-01-16,2025,Jan
4,140,Data not yet checked,2025-01-17,2025,Jan
2.7,140,Data not yet checked,2025-01-18,2025,Jan
2.4,140,Data not yet checked,2025-01-19,2025,Jan
1.4,140,Data not yet checked,2025-01-20,2025,Jan
1.6,140,Data not yet checked,2025-01-21,2025,Jan
1.4,140,Data not yet checked,2025-01-22,2025,Jan
2.1,140,Data not yet checked,2025-01-23,2025,Jan
2.6,140,Data not yet checked,2025-01-24,2025,Jan
1.3,140,Data not yet checked,2025-01-25,2025,Jan
1,140,Data not yet checked,2025-01-26,2025,Jan
1,140,Data not yet checked,2025-01-27,2025,Jan
0.9,140,Data not yet checked,2025-01-28,2025,Jan
0.9,140,Data not yet checked,2025-01-29,2025,Jan
1.3,140,Data not yet checked,2025-01-30,2025,Jan
3.2,140,Data not yet checked,2025-01-31,2025,Jan
4.3,140,Data not yet checked,2025-02-01,2025,Feb
3.3,140,Data not yet checked,2025-02-02,2025,Feb
3.4,140,Data not yet checked,2025-02-03,2025,Feb
3,140,Data not yet checked,2025-02-04,2025,Feb
2.1,140,Data not yet checked,2025-02-05,2025,Feb
2.8,140,Data not yet checked,2025-02-06,2025,Feb
2.4,140,Data not yet checked,2025-02-07,2025,Feb
2.6,140,Data not yet checked,2025-02-08,2025,Feb
3,140,Data not yet checked,2025-02-09,2025,Feb
2.3,140,Data not yet checked,2025-02-10,2025,Feb
0.5,140,Data not yet checked,2025-02-11,2025,Feb
0.3,140,Data not yet checked,2025-02-12,2025,Feb
0.3,140,Data not yet checked,2025-02-13,2025,Feb
0.3,140,Data not yet checked,2025-02-14,2025,Feb
0.6,140,Data not yet checked,2025-02-15,2025,Feb
2.2,140,Data not yet checked,2025-02-16,2025,Feb
2.5,140,Data not yet checked,2025-02-17,2025,Feb
3.1,140,Data not yet checked,2025-02-18,2025,Feb
3.3,140,Data not yet checked,2025-02-19,2025,Feb
4.1,140,Data not yet checked,2025-02-20,2025,Feb
4,140,Data not yet checked,2025-02-21,2025,Feb
5.9,140,Data not yet checked,2025-02-22,2025,Feb
5.7,140,Data not yet checked,2025-02-23,2025,Feb
5.4,140,Data not yet checked,2025-02-24,2025,Feb
5.4,140,Data not yet checked,2025-02-25,2025,Feb
5.6,140,Data not yet checked,2025-02-26,2025,Feb
5.8,140,Data not yet checked,2025-02-27,2025,Feb
6.3,140,Data not yet checked,2025-02-28,2025,Feb
6.5,140,Data not yet checked,2025-03-01,2025,Mar
6.3,140,Data not yet checked,2025-03-02,2025,Mar
7.2,140,Data not yet checked,2025-03-03,2025,Mar
7,140,Data not yet checked,2025-03-04,2025,Mar
6.7,140,Data not yet checked,2025-03-05,2025,Mar
6,140,Data not yet checked,2025-03-06,2025,Mar
5.9,140,Data not yet checked,2025-03-07,2025,Mar
6.5,140,Data not yet checked,2025-03-08,2025,Mar
7.1,140,Data not yet checked,2025-03-09,2025,Mar
7.5,140,Data not yet checked,2025-03-10,2025,Mar
7.7,140,Data not yet checked,2025-03-11,2025,Mar
7.8,140,Data not yet checked,2025-03-12,2025,Mar
7.8,140,Data not yet checked,2025-03-13,2025,Mar
6.4,140,Data not yet checked,2025-03-14,2025,Mar
6.7,140,Data not yet checked,2025-03-15,2025,Mar
6.5,140,Data not yet checked,2025-03-16,2025,Mar
6.2,140,Data not yet checked,2025-03-17,2025,Mar
6,140,Data not yet checked,2025-03-18,2025,Mar
6,140,Data not yet checked,2025-03-19,2025,Mar
6.7,140,Data not yet checked,2025-03-20,2025,Mar
6.9,140,Data not yet checked,2025-03-21,2025,Mar
6.7,140,Data not yet checked,2025-03-22,2025,Mar
7,140,Data not yet checked,2025-03-23,2025,Mar
9.1,140,Data not yet checked,2025-03-24,2025,Mar
9.3,140,Data not yet checked,2025-03-25,2025,Mar
9.8,140,Data not yet checked,2025-03-26,2025,Mar
9.1,140,Data not yet checked,2025-03-27,2025,Mar
8.3,140,Data not yet checked,2025-03-28,2025,Mar
7.9,140,Data not yet checked,2025-03-29,2025,Mar
7.6,140,Data not yet checked,2025-03-30,2025,Mar
7.7,140,Data not yet checked,2025-03-31,2025,Mar
7.4,140,Data not yet checked,2025-04-01,2025,Apr
7.8,140,Data not yet checked,2025-04-02,2025,Apr
7.4,140,Data not yet checked,2025-04-03,2025,Apr
8,140,Data not yet checked,2025-04-04,2025,Apr
8.6,140,Data not yet checked,2025-04-05,2025,Apr
9.7,140,Data not yet checked,2025-04-06,2025,Apr
10.5,140,Data not yet checked,2025-04-07,2025,Apr
9.5,140,Data not yet checked,2025-04-08,2025,Apr
9.8,140,Data not yet checked,2025-04-09,2025,Apr
9.8,140,Data not yet checked,2025-04-10,2025,Apr
10.5,140,Data not yet checked,2025-04-11,2025,Apr
8.9,140,Data not yet checked,2025-04-12,2025,Apr
8.6,140,Data not yet checked,2025-04-13,2025,Apr
9.3,140,Data not yet checked,2025-04-14,2025,Apr
10.3,140,Data not yet checked,2025-04-15,2025,Apr
10.5,140,Data not yet checked,2025-04-16,2025,Apr
9.7,140,Data not yet checked,2025-04-17,2025,Apr
9.9,140,Data not yet checked,2025-04-18,2025,Apr
10.2,140,Data not yet checked,2025-04-19,2025,Apr
10.4,140,Data not yet checked,2025-04-20,2025,Apr
10.3,140,Data not yet checked,2025-04-21,2025,Apr
10.2,140,Data not yet checked,2025-04-22,2025,Apr
10.6,140,Data not yet checked,2025-04-23,2025,Apr
11.2,140,Data not yet checked,2025-04-24,2025,Apr
12.2,140,Data not yet checked,2025-04-25,2025,Apr
12.5,140,Data not yet checked,2025-04-26,2025,Apr
12.8,140,Data not yet checked,2025-04-27,2025,Apr
12.7,140,Data not yet checked,2025-04-28,2025,Apr
12.3,140,Data not yet checked,2025-04-29,2025,Apr
12.5,140,Data not yet checked,2025-04-30,2025,Apr
13.2,140,Data not yet checked,2025-05-01,2025,May
14.1,140,Data not yet checked,2025-05-02,2025,May
12.6,140,Data not yet checked,2025-05-03,2025,May
12,140,Data not yet checked,2025-05-04,2025,May
12.3,140,Data not yet checked,2025-05-05,2025,May
13.1,140,Data not yet checked,2025-05-06,2025,May
13.9,140,Data not yet checked,2025-05-07,2025,May
14.2,140,Data not yet checked,2025-05-08,2025,May
14.4,140,Data not yet checked,2025-05-09,2025,May
14.8,140,Data not yet checked,2025-05-10,2025,May
14.3,140,Data not yet checked,2025-05-11,2025,May
13,140,Data not yet checked,2025-05-12,2025,May
12.2,140,Data not yet checked,2025-05-13,2025,May
12.9,140,Data not yet checked,2025-05-14,2025,May
13.2,140,Data not yet checked,2025-05-15,2025,May
12.9,140,Data not yet checked,2025-05-16,2025,May
12.3,140,Data not yet checked,2025-05-17,2025,May
11.9,140,Data not yet checked,2025-05-18,2025,May
11.5,140,Data not yet checked,2025-05-19,2025,May
12.8,140,Data not yet checked,2025-05-20,2025,May
13.9,140,Data not yet checked,2025-05-21,2025,May
15.6,140,Data not yet checked,2025-05-24,2025,May
16.8,140,Data not yet checked,2025-05-25,2025,May
16.6,140,Data not yet checked,2025-05-26,2025,May
16.4,140,Data not yet checked,2025-05-27,2025,May
17.4,140,Data not yet checked,2025-05-28,2025,May
18.2,140,Data not yet checked,2025-05-29,2025,May
18.1,140,Data not yet checked,2025-05-30,2025,May
18.5,140,Data not yet checked,2025-05-31,2025,May
17.6,140,Data not yet checked,2025-06-01,2025,Jun
16.5,140,Data not yet checked,2025-06-02,2025,Jun
16.8,140,Data not yet checked,2025-06-03,2025,Jun
17.6,140,Data not yet checked,2025-06-04,2025,Jun
