Result,QUALITY,QUALITY_KEY,Date,Year,Month
-21.69,1,Good quality REVIEWED data,2002-05-31,2002,May
-21.75,1,Good quality REVIEWED data,2002-06-01,2002,Jun
-21.81,1,Good quality REVIEWED data,2002-06-02,2002,Jun
-21.86,1,Good quality REVIEWED data,2002-06-03,2002,Jun
-21.9,1,Good quality REVIEWED data,2002-06-04,2002,Jun
-21.94,1,Good quality REVIEWED data,2002-06-05,2002,Jun
-21.97,1,Good quality REVIEWED data,2002-06-06,2002,Jun
-21.99,1,Good quality REVIEWED data,2002-06-07,2002,Jun
-22,1,Good quality REVIEWED data,2002-06-08,2002,Jun
-22,1,Good quality REVIEWED data,2002-06-09,2002,Jun
-21.94,1,Good quality REVIEWED data,2002-06-10,2002,Jun
-22.01,1,Good quality REVIEWED data,2002-06-11,2002,Jun
-22.06,1,Good quality REVIEWED data,2002-06-12,2002,Jun
-22.08,1,Good quality REVIEWED data,2002-06-13,2002,Jun
-22.08,1,Good quality REVIEWED data,2002-06-14,2002,Jun
-22.09,1,Good quality REVIEWED data,2002-06-15,2002,Jun
-22.11,1,Good quality REVIEWED data,2002-06-16,2002,Jun
-22.16,1,Good quality REVIEWED data,2002-06-17,2002,Jun
-22.07,1,Good quality REVIEWED data,2002-06-18,2002,Jun
-22.13,1,Good quality REVIEWED data,2002-06-19,2002,Jun
-22.21,1,Good quality REVIEWED data,2002-06-20,2002,Jun
-22.28,1,Good quality REVIEWED data,2002-06-21,2002,Jun
-22.33,1,Good quality REVIEWED data,2002-06-22,2002,Jun
-22.39,1,Good quality REVIEWED data,2002-06-23,2002,Jun
-22.43,77,"Estimated from another station, same variable",2002-06-24,2002,Jun
-22.48,77,"Estimated from another station, same variable",2002-06-25,2002,Jun
-22.5,77,"Estimated from another station, same variable",2002-06-26,2002,Jun
-22.51,77,"Estimated from another station, same variable",2002-06-27,2002,Jun
-22.53,1,Good quality REVIEWED data,2002-06-28,2002,Jun
-22.42,1,Good quality REVIEWED data,2002-06-29,2002,Jun
-22.47,1,Good quality REVIEWED data,2002-06-30,2002,Jun
-22.55,1,Good quality REVIEWED data,2002-07-01,2002,Jul
-22.59,1,Good quality REVIEWED data,2002-07-02,2002,Jul
-22.62,1,Good quality REVIEWED data,2002-07-03,2002,Jul
-22.64,1,Good quality REVIEWED data,2002-07-04,2002,Jul
-22.63,1,Good quality REVIEWED data,2002-07-05,2002,Jul
-22.64,1,Good quality REVIEWED data,2002-07-06,2002,Jul
-22.66,1,Good quality REVIEWED data,2002-07-07,2002,Jul
-22.66,1,Good quality REVIEWED data,2002-07-08,2002,Jul
-22.69,1,Good quality REVIEWED data,2002-07-09,2002,Jul
-22.71,1,Good quality REVIEWED data,2002-07-10,2002,Jul
-22.74,1,Good quality REVIEWED data,2002-07-11,2002,Jul
-22.75,1,Good quality REVIEWED data,2002-07-12,2002,Jul
-22.77,1,Good quality REVIEWED data,2002-07-13,2002,Jul
-22.79,1,Good quality REVIEWED data,2002-07-14,2002,Jul
-22.81,1,Good quality REVIEWED data,2002-07-15,2002,Jul
-22.83,1,Good quality REVIEWED data,2002-07-16,2002,Jul
-22.84,77,"Estimated from another station, same variable",2002-07-17,2002,Jul
-22.86,77,"Estimated from another station, same variable",2002-07-18,2002,Jul
-22.87,77,"Estimated from another station, same variable",2002-07-19,2002,Jul
-22.86,77,"Estimated from another station, same variable",2002-07-20,2002,Jul
-22.88,77,"Estimated from another station, same variable",2002-07-21,2002,Jul
-22.9,77,"Estimated from another station, same variable",2002-07-22,2002,Jul
-22.93,77,"Estimated from another station, same variable",2002-07-23,2002,Jul
-22.94,77,"Estimated from another station, same variable",2002-07-24,2002,Jul
-22.92,1,Good quality REVIEWED data,2002-07-25,2002,Jul
-22.9,1,Good quality REVIEWED data,2002-07-26,2002,Jul
-22.91,1,Good quality REVIEWED data,2002-07-27,2002,Jul
-22.93,1,Good quality REVIEWED data,2002-07-28,2002,Jul
-22.95,1,Good quality REVIEWED data,2002-07-29,2002,Jul
-22.97,1,Good quality REVIEWED data,2002-07-30,2002,Jul
-22.99,1,Good quality REVIEWED data,2002-07-31,2002,Jul
-23,1,Good quality REVIEWED data,2002-08-01,2002,Aug
-23,1,Good quality REVIEWED data,2002-08-02,2002,Aug
-22.99,1,Good quality REVIEWED data,2002-08-03,2002,Aug
-22.97,1,Good quality REVIEWED data,2002-08-04,2002,Aug
-22.93,1,Good quality REVIEWED data,2002-08-05,2002,Aug
-22.94,1,Good quality REVIEWED data,2002-08-06,2002,Aug
-22.95,1,Good quality REVIEWED data,2002-08-07,2002,Aug
-22.98,1,Good quality REVIEWED data,2002-08-08,2002,Aug
-22.99,1,Good quality REVIEWED data,2002-08-09,2002,Aug
-23,1,Good quality REVIEWED data,2002-08-10,2002,Aug
-22.99,1,Good quality REVIEWED data,2002-08-11,2002,Aug
-23,1,Good quality REVIEWED data,2002-08-12,2002,Aug
-23.02,1,Good quality REVIEWED data,2002-08-13,2002,Aug
-23.03,1,Good quality REVIEWED data,2002-08-14,2002,Aug
-23.02,1,Good quality REVIEWED data,2002-08-15,2002,Aug
-23.02,1,Good quality REVIEWED data,2002-08-16,2002,Aug
-23.03,1,Good quality REVIEWED data,2002-08-17,2002,Aug
-23.03,1,Good quality REVIEWED data,2002-08-18,2002,Aug
-23.01,1,Good quality REVIEWED data,2002-08-19,2002,Aug
-23.02,1,Good quality REVIEWED data,2002-08-20,2002,Aug
-23,1,Good quality REVIEWED data,2002-08-21,2002,Aug
-22.96,1,Good quality REVIEWED data,2002-08-22,2002,Aug
-22.95,1,Good quality REVIEWED data,2002-08-23,2002,Aug
-22.98,1,Good quality REVIEWED data,2002-08-24,2002,Aug
-22.99,1,Good quality REVIEWED data,2002-08-25,2002,Aug
-22.99,1,Good quality REVIEWED data,2002-08-26,2002,Aug
-23,1,Good quality REVIEWED data,2002-08-27,2002,Aug
-23.02,1,Good quality REVIEWED data,2002-08-28,2002,Aug
-23.02,1,Good quality REVIEWED data,2002-08-29,2002,Aug
-23.02,1,Good quality REVIEWED data,2002-08-30,2002,Aug
-23.01,1,Good quality REVIEWED data,2002-08-31,2002,Aug
-23.01,1,Good quality REVIEWED data,2002-09-01,2002,Sep
-23.02,1,Good quality REVIEWED data,2002-09-02,2002,Sep
-23.03,77,"Estimated from another station, same variable",2002-09-03,2002,Sep
-23.03,77,"Estimated from another station, same variable",2002-09-04,2002,Sep
-23.02,77,"Estimated from another station, same variable",2002-09-05,2002,Sep
-22.96,77,"Estimated from another station, same variable",2002-09-06,2002,Sep
-22.95,77,"Estimated from another station, same variable",2002-09-07,2002,Sep
-22.96,77,"Estimated from another station, same variable",2002-09-08,2002,Sep
-22.97,77,"Estimated from another station, same variable",2002-09-09,2002,Sep
-22.98,77,"Estimated from another station, same variable",2002-09-10,2002,Sep
-23.02,77,"Estimated from another station, same variable",2002-09-11,2002,Sep
-23.04,77,"Estimated from another station, same variable",2002-09-12,2002,Sep
-23.07,77,"Estimated from another station, same variable",2002-09-13,2002,Sep
-23.08,77,"Estimated from another station, same variable",2002-09-14,2002,Sep
-23.08,77,"Estimated from another station, same variable",2002-09-15,2002,Sep
-23.08,77,"Estimated from another station, same variable",2002-09-16,2002,Sep
-23.01,77,"Estimated from another station, same variable",2002-09-17,2002,Sep
-22.91,77,"Estimated from another station, same variable",2002-09-18,2002,Sep
-22.93,1,Good quality REVIEWED data,2002-09-19,2002,Sep
-22.97,1,Good quality REVIEWED data,2002-09-20,2002,Sep
-22.96,1,Good quality REVIEWED data,2002-09-21,2002,Sep
-22.97,1,Good quality REVIEWED data,2002-09-22,2002,Sep
-22.99,1,Good quality REVIEWED data,2002-09-23,2002,Sep
-22.99,1,Good quality REVIEWED data,2002-09-24,2002,Sep
-22.99,1,Good quality REVIEWED data,2002-09-25,2002,Sep
-22.98,1,Good quality REVIEWED data,2002-09-26,2002,Sep
-22.98,1,Good quality REVIEWED data,2002-09-27,2002,Sep
-22.97,1,Good quality REVIEWED data,2002-09-28,2002,Sep
-22.97,1,Good quality REVIEWED data,2002-09-29,2002,Sep
-22.93,1,Good quality REVIEWED data,2002-09-30,2002,Sep
-22.93,1,Good quality REVIEWED data,2002-10-01,2002,Oct
-22.91,1,Good quality REVIEWED data,2002-10-02,2002,Oct
-22.91,1,Good quality REVIEWED data,2002-10-03,2002,Oct
-22.87,1,Good quality REVIEWED data,2002-10-04,2002,Oct
-22.88,1,Good quality REVIEWED data,2002-10-05,2002,Oct
-22.9,1,Good quality REVIEWED data,2002-10-06,2002,Oct
-22.92,1,Good quality REVIEWED data,2002-10-07,2002,Oct
-22.93,1,Good quality REVIEWED data,2002-10-08,2002,Oct
-22.94,1,Good quality REVIEWED data,2002-10-09,2002,Oct
-22.93,1,Good quality REVIEWED data,2002-10-10,2002,Oct
-22.91,1,Good quality REVIEWED data,2002-10-11,2002,Oct
-22.91,1,Good quality REVIEWED data,2002-10-12,2002,Oct
-22.91,77,"Estimated from another station, same variable",2002-10-13,2002,Oct
-22.89,77,"Estimated from another station, same variable",2002-10-14,2002,Oct
-22.89,77,"Estimated from another station, same variable",2002-10-15,2002,Oct
-22.91,77,"Estimated from another station, same variable",2002-10-16,2002,Oct
-22.91,1,Good quality REVIEWED data,2002-10-17,2002,Oct
-22.91,1,Good quality REVIEWED data,2002-10-18,2002,Oct
-22.92,1,Good quality REVIEWED data,2002-10-19,2002,Oct
-22.92,1,Good quality REVIEWED data,2002-10-20,2002,Oct
-22.9,1,Good quality REVIEWED data,2002-10-21,2002,Oct
-22.9,1,Good quality REVIEWED data,2002-10-22,2002,Oct
-22.9,1,Good quality REVIEWED data,2002-10-23,2002,Oct
-22.89,1,Good quality REVIEWED data,2002-10-24,2002,Oct
-22.89,1,Good quality REVIEWED data,2002-10-25,2002,Oct
-22.88,1,Good quality REVIEWED data,2002-10-26,2002,Oct
-22.88,1,Good quality REVIEWED data,2002-10-27,2002,Oct
-22.87,1,Good quality REVIEWED data,2002-10-28,2002,Oct
-22.83,1,Good quality REVIEWED data,2002-10-29,2002,Oct
-22.83,1,Good quality REVIEWED data,2002-10-30,2002,Oct
-22.86,1,Good quality REVIEWED data,2002-10-31,2002,Oct
-22.86,1,Good quality REVIEWED data,2002-11-01,2002,Nov
-22.85,1,Good quality REVIEWED data,2002-11-02,2002,Nov
-22.84,82,Linear interpolation across gap in records.,2002-11-03,2002,Nov
-22.84,1,Good quality REVIEWED data,2002-11-04,2002,Nov
-22.83,1,Good quality REVIEWED data,2002-11-05,2002,Nov
-22.82,1,Good quality REVIEWED data,2002-11-06,2002,Nov
-22.83,1,Good quality REVIEWED data,2002-11-07,2002,Nov
-22.72,1,Good quality REVIEWED data,2002-11-08,2002,Nov
-22.66,1,Good quality REVIEWED data,2002-11-09,2002,Nov
-22.64,1,Good quality REVIEWED data,2002-11-10,2002,Nov
-22.74,1,Good quality REVIEWED data,2002-11-11,2002,Nov
-22.78,1,Good quality REVIEWED data,2002-11-12,2002,Nov
-22.76,1,Good quality REVIEWED data,2002-11-13,2002,Nov
-22.74,1,Good quality REVIEWED data,2002-11-14,2002,Nov
-22.77,1,Good quality REVIEWED data,2002-11-15,2002,Nov
-22.8,1,Good quality REVIEWED data,2002-11-16,2002,Nov
-22.82,1,Good quality REVIEWED data,2002-11-17,2002,Nov
-22.82,1,Good quality REVIEWED data,2002-11-18,2002,Nov
-22.82,1,Good quality REVIEWED data,2002-11-19,2002,Nov
-22.81,1,Good quality REVIEWED data,2002-11-20,2002,Nov
4.1,50,Estimated data,2007-01-18,2007,Jan
4.05,50,Estimated data,2007-01-19,2007,Jan
4.08,50,Estimated data,2007-01-20,2007,Jan
4.02,50,Estimated data,2007-01-21,2007,Jan
3.99,50,Estimated data,2007-01-22,2007,Jan
3.99,50,Estimated data,2007-01-23,2007,Jan
3.99,50,Estimated data,2007-01-24,2007,Jan
3.98,50,Estimated data,2007-01-25,2007,Jan
3.96,50,Estimated data,2007-01-26,2007,Jan
3.94,50,Estimated data,2007-01-27,2007,Jan
3.92,50,Estimated data,2007-01-28,2007,Jan
3.9,50,Estimated data,2007-01-29,2007,Jan
3.89,50,Estimated data,2007-01-30,2007,Jan
3.87,50,Estimated data,2007-01-31,2007,Jan
3.85,50,Estimated data,2007-02-01,2007,Feb
3.79,50,Estimated data,2007-02-02,2007,Feb
3.82,50,Estimated data,2007-02-03,2007,Feb
3.93,50,Estimated data,2007-02-04,2007,Feb
3.99,50,Estimated data,2007-02-05,2007,Feb
4.07,50,Estimated data,2007-02-06,2007,Feb
4.1,50,Estimated data,2007-02-07,2007,Feb
4.13,50,Estimated data,2007-02-08,2007,Feb
4.31,50,Estimated data,2007-02-09,2007,Feb
4.45,50,Estimated data,2007-02-10,2007,Feb
4.53,50,Estimated data,2007-02-11,2007,Feb
4.57,50,Estimated data,2007-02-12,2007,Feb
4.49,50,Estimated data,2007-02-13,2007,Feb
4.41,50,Estimated data,2007-02-14,2007,Feb
4.48,50,Estimated data,2007-02-15,2007,Feb
4.69,50,Estimated data,2007-02-16,2007,Feb
4.64,50,Estimated data,2007-02-17,2007,Feb
4.62,50,Estimated data,2007-02-18,2007,Feb
4.56,50,Estimated data,2007-02-19,2007,Feb
4.56,50,Estimated data,2007-02-20,2007,Feb
4.52,50,Estimated data,2007-02-21,2007,Feb
4.47,50,Estimated data,2007-02-22,2007,Feb
4.42,50,Estimated data,2007-02-23,2007,Feb
4.34,50,Estimated data,2007-02-24,2007,Feb
4.32,50,Estimated data,2007-02-25,2007,Feb
4.33,50,Estimated data,2007-02-26,2007,Feb
4.28,50,Estimated data,2007-02-27,2007,Feb
4.25,50,Estimated data,2007-02-28,2007,Feb
4.2,50,Estimated data,2007-03-01,2007,Mar
4.14,50,Estimated data,2007-03-02,2007,Mar
4.11,50,Estimated data,2007-03-03,2007,Mar
4.18,50,Estimated data,2007-03-04,2007,Mar
4.28,50,Estimated data,2007-03-05,2007,Mar
4.43,50,Estimated data,2007-03-06,2007,Mar
4.54,50,Estimated data,2007-03-07,2007,Mar
5.04,50,Estimated data,2007-03-08,2007,Mar
4.83,50,Estimated data,2007-03-09,2007,Mar
4.66,50,Estimated data,2007-03-10,2007,Mar
4.59,50,Estimated data,2007-03-11,2007,Mar
4.81,50,Estimated data,2007-03-12,2007,Mar
5,50,Estimated data,2007-03-13,2007,Mar
4.81,50,Estimated data,2007-03-14,2007,Mar
4.6,50,Estimated data,2007-03-15,2007,Mar
4.45,50,Estimated data,2007-03-16,2007,Mar
4.36,50,Estimated data,2007-03-17,2007,Mar
4.3,50,Estimated data,2007-03-18,2007,Mar
4.26,50,Estimated data,2007-03-19,2007,Mar
4.36,50,Estimated data,2007-03-20,2007,Mar
4.26,50,Estimated data,2007-03-21,2007,Mar
4.18,50,Estimated data,2007-03-22,2007,Mar
4.16,50,Estimated data,2007-03-23,2007,Mar
4.12,50,Estimated data,2007-03-24,2007,Mar
4.53,50,Estimated data,2007-03-25,2007,Mar
4.69,50,Estimated data,2007-03-26,2007,Mar
4.72,50,Estimated data,2007-03-27,2007,Mar
4.6,50,Estimated data,2007-03-28,2007,Mar
4.5,50,Estimated data,2007-03-29,2007,Mar
4.42,50,Estimated data,2007-03-30,2007,Mar
4.33,50,Estimated data,2007-03-31,2007,Mar
4.36,50,Estimated data,2007-04-01,2007,Apr
4.25,50,Estimated data,2007-04-02,2007,Apr
4.16,50,Estimated data,2007-04-03,2007,Apr
4.1,50,Estimated data,2007-04-04,2007,Apr
4.03,50,Estimated data,2007-04-05,2007,Apr
3.98,50,Estimated data,2007-04-06,2007,Apr
3.96,50,Estimated data,2007-04-07,2007,Apr
3.96,50,Estimated data,2007-04-08,2007,Apr
4.06,50,Estimated data,2007-04-09,2007,Apr
3.99,50,Estimated data,2007-04-10,2007,Apr
3.93,50,Estimated data,2007-04-11,2007,Apr
3.89,50,Estimated data,2007-04-12,2007,Apr
3.84,50,Estimated data,2007-04-13,2007,Apr
3.82,50,Estimated data,2007-04-14,2007,Apr
3.84,50,Estimated data,2007-04-15,2007,Apr
3.79,50,Estimated data,2007-04-16,2007,Apr
3.82,50,Estimated data,2007-04-17,2007,Apr
3.79,50,Estimated data,2007-04-18,2007,Apr
3.76,50,Estimated data,2007-04-19,2007,Apr
3.74,50,Estimated data,2007-04-20,2007,Apr
3.73,50,Estimated data,2007-04-21,2007,Apr
3.75,50,Estimated data,2007-04-22,2007,Apr
3.79,50,Estimated data,2007-04-23,2007,Apr
3.76,50,Estimated data,2007-04-24,2007,Apr
3.75,50,Estimated data,2007-04-25,2007,Apr
3.74,50,Estimated data,2007-04-26,2007,Apr
3.72,50,Estimated data,2007-04-27,2007,Apr
3.71,50,Estimated data,2007-04-28,2007,Apr
3.72,50,Estimated data,2007-04-29,2007,Apr
3.71,50,Estimated data,2007-04-30,2007,Apr
3.69,50,Estimated data,2007-05-01,2007,May
3.77,50,Estimated data,2007-05-02,2007,May
3.8,50,Estimated data,2007-05-03,2007,May
3.73,50,Estimated data,2007-05-04,2007,May
3.67,50,Estimated data,2007-05-05,2007,May
3.63,50,Estimated data,2007-05-06,2007,May
3.6,50,Estimated data,2007-05-07,2007,May
3.59,50,Estimated data,2007-05-08,2007,May
3.6,50,Estimated data,2007-05-09,2007,May
3.59,50,Estimated data,2007-05-10,2007,May
3.58,50,Estimated data,2007-05-11,2007,May
3.56,50,Estimated data,2007-05-12,2007,May
3.56,50,Estimated data,2007-05-13,2007,May
3.52,50,Estimated data,2007-05-14,2007,May
3.48,50,Estimated data,2007-05-15,2007,May
3.45,50,Estimated data,2007-05-16,2007,May
3.44,50,Estimated data,2007-05-17,2007,May
3.41,50,Estimated data,2007-05-18,2007,May
3.4,50,Estimated data,2007-05-19,2007,May
3.39,50,Estimated data,2007-05-20,2007,May
3.44,50,Estimated data,2007-05-21,2007,May
3.44,50,Estimated data,2007-05-22,2007,May
3.41,50,Estimated data,2007-05-23,2007,May
3.37,50,Estimated data,2007-05-24,2007,May
3.34,50,Estimated data,2007-05-25,2007,May
3.32,50,Estimated data,2007-05-26,2007,May
3.31,50,Estimated data,2007-05-27,2007,May
3.29,50,Estimated data,2007-05-28,2007,May
3.28,50,Estimated data,2007-05-29,2007,May
3.25,50,Estimated data,2007-05-30,2007,May
3.24,50,Estimated data,2007-05-31,2007,May
3.22,1,Good quality REVIEWED data,2007-06-01,2007,Jun
3.21,1,Good quality REVIEWED data,2007-06-02,2007,Jun
3.2,1,Good quality REVIEWED data,2007-06-03,2007,Jun
3.2,1,Good quality REVIEWED data,2007-06-04,2007,Jun
3.35,1,Good quality REVIEWED data,2007-06-05,2007,Jun
3.35,1,Good quality REVIEWED data,2007-06-06,2007,Jun
3.29,1,Good quality REVIEWED data,2007-06-07,2007,Jun
3.25,1,Good quality REVIEWED data,2007-06-08,2007,Jun
3.23,1,Good quality REVIEWED data,2007-06-09,2007,Jun
3.33,1,Good quality REVIEWED data,2007-06-10,2007,Jun
3.32,1,Good quality REVIEWED data,2007-06-11,2007,Jun
3.26,1,Good quality REVIEWED data,2007-06-12,2007,Jun
3.23,1,Good quality REVIEWED data,2007-06-13,2007,Jun
3.22,1,Good quality REVIEWED data,2007-06-14,2007,Jun
3.2,1,Good quality REVIEWED data,2007-06-15,2007,Jun
3.2,1,Good quality REVIEWED data,2007-06-16,2007,Jun
3.2,1,Good quality REVIEWED data,2007-06-17,2007,Jun
3.19,1,Good quality REVIEWED data,2007-06-18,2007,Jun
3.17,1,Good quality REVIEWED data,2007-06-19,2007,Jun
3.15,1,Good quality REVIEWED data,2007-06-20,2007,Jun
3.12,1,Good quality REVIEWED data,2007-06-21,2007,Jun
3.12,1,Good quality REVIEWED data,2007-06-22,2007,Jun
3.09,1,Good quality REVIEWED data,2007-06-23,2007,Jun
3.1,1,Good quality REVIEWED data,2007-06-24,2007,Jun
3.13,1,Good quality REVIEWED data,2007-06-25,2007,Jun
3.11,1,Good quality REVIEWED data,2007-06-26,2007,Jun
3.1,1,Good quality REVIEWED data,2007-06-27,2007,Jun
3.08,1,Good quality REVIEWED data,2007-06-28,2007,Jun
3.09,1,Good quality REVIEWED data,2007-06-29,2007,Jun
3.11,1,Good quality REVIEWED data,2007-06-30,2007,Jun
3.09,1,Good quality REVIEWED data,2007-07-01,2007,Jul
3.07,1,Good quality REVIEWED data,2007-07-02,2007,Jul
3.05,1,Good quality REVIEWED data,2007-07-03,2007,Jul
3.04,1,Good quality REVIEWED data,2007-07-04,2007,Jul
3.03,1,Good quality REVIEWED data,2007-07-05,2007,Jul
3.01,1,Good quality REVIEWED data,2007-07-06,2007,Jul
3.01,1,Good quality REVIEWED data,2007-07-07,2007,Jul
3,1,Good quality REVIEWED data,2007-07-08,2007,Jul
3,1,Good quality REVIEWED data,2007-07-09,2007,Jul
2.99,1,Good quality REVIEWED data,2007-07-10,2007,Jul
2.98,1,Good quality REVIEWED data,2007-07-11,2007,Jul
2.99,1,Good quality REVIEWED data,2007-07-12,2007,Jul
3.01,1,Good quality REVIEWED data,2007-07-13,2007,Jul
3.03,1,Good quality REVIEWED data,2007-07-14,2007,Jul
3,1,Good quality REVIEWED data,2007-07-15,2007,Jul
2.99,1,Good quality REVIEWED data,2007-07-16,2007,Jul
2.99,1,Good quality REVIEWED data,2007-07-17,2007,Jul
3,82,Linear interpolation across gap in records.,2007-07-18,2007,Jul
3.08,1,Good quality REVIEWED data,2007-07-19,2007,Jul
3.07,1,Good quality REVIEWED data,2007-07-20,2007,Jul
3.05,1,Good quality REVIEWED data,2007-07-21,2007,Jul
3.02,1,Good quality REVIEWED data,2007-07-22,2007,Jul
3,1,Good quality REVIEWED data,2007-07-23,2007,Jul
2.98,1,Good quality REVIEWED data,2007-07-24,2007,Jul
2.98,1,Good quality REVIEWED data,2007-07-25,2007,Jul
2.95,1,Good quality REVIEWED data,2007-07-26,2007,Jul
2.92,1,Good quality REVIEWED data,2007-07-27,2007,Jul
2.92,1,Good quality REVIEWED data,2007-07-28,2007,Jul
2.91,1,Good quality REVIEWED data,2007-07-29,2007,Jul
2.92,1,Good quality REVIEWED data,2007-07-30,2007,Jul
2.95,1,Good quality REVIEWED data,2007-07-31,2007,Jul
2.95,1,Good quality REVIEWED data,2007-08-01,2007,Aug
2.94,1,Good quality REVIEWED data,2007-08-02,2007,Aug
2.93,1,Good quality REVIEWED data,2007-08-03,2007,Aug
2.93,1,Good quality REVIEWED data,2007-08-04,2007,Aug
2.95,1,Good quality REVIEWED data,2007-08-05,2007,Aug
2.96,1,Good quality REVIEWED data,2007-08-06,2007,Aug
2.95,1,Good quality REVIEWED data,2007-08-07,2007,Aug
2.95,1,Good quality REVIEWED data,2007-08-08,2007,Aug
2.96,1,Good quality REVIEWED data,2007-08-09,2007,Aug
2.95,1,Good quality REVIEWED data,2007-08-10,2007,Aug
2.95,1,Good quality REVIEWED data,2007-08-11,2007,Aug
2.94,1,Good quality REVIEWED data,2007-08-12,2007,Aug
2.94,1,Good quality REVIEWED data,2007-08-13,2007,Aug
2.93,1,Good quality REVIEWED data,2007-08-14,2007,Aug
2.92,1,Good quality REVIEWED data,2007-08-15,2007,Aug
2.92,1,Good quality REVIEWED data,2007-08-16,2007,Aug
2.93,1,Good quality REVIEWED data,2007-08-17,2007,Aug
2.94,1,Good quality REVIEWED data,2007-08-18,2007,Aug
3,1,Good quality REVIEWED data,2007-08-19,2007,Aug
3.09,1,Good quality REVIEWED data,2007-08-20,2007,Aug
3.07,1,Good quality REVIEWED data,2007-08-21,2007,Aug
3.02,1,Good quality REVIEWED data,2007-08-22,2007,Aug
2.99,1,Good quality REVIEWED data,2007-08-23,2007,Aug
2.97,1,Good quality REVIEWED data,2007-08-24,2007,Aug
2.95,1,Good quality REVIEWED data,2007-08-25,2007,Aug
2.94,1,Good quality REVIEWED data,2007-08-26,2007,Aug
2.95,1,Good quality REVIEWED data,2007-08-27,2007,Aug
2.98,1,Good quality REVIEWED data,2007-08-28,2007,Aug
2.98,1,Good quality REVIEWED data,2007-08-29,2007,Aug
2.97,1,Good quality REVIEWED data,2007-08-30,2007,Aug
2.97,1,Good quality REVIEWED data,2007-08-31,2007,Aug
3.03,1,Good quality REVIEWED data,2007-09-01,2007,Sep
3.02,1,Good quality REVIEWED data,2007-09-02,2007,Sep
2.99,1,Good quality REVIEWED data,2007-09-03,2007,Sep
2.97,1,Good quality REVIEWED data,2007-09-04,2007,Sep
2.98,1,Good quality REVIEWED data,2007-09-05,2007,Sep
2.97,1,Good quality REVIEWED data,2007-09-06,2007,Sep
2.97,1,Good quality REVIEWED data,2007-09-07,2007,Sep
2.97,1,Good quality REVIEWED data,2007-09-08,2007,Sep
2.98,1,Good quality REVIEWED data,2007-09-09,2007,Sep
2.96,1,Good quality REVIEWED data,2007-09-10,2007,Sep
2.96,1,Good quality REVIEWED data,2007-09-11,2007,Sep
2.95,1,Good quality REVIEWED data,2007-09-12,2007,Sep
2.96,1,Good quality REVIEWED data,2007-09-13,2007,Sep
2.96,1,Good quality REVIEWED data,2007-09-14,2007,Sep
2.97,1,Good quality REVIEWED data,2007-09-15,2007,Sep
2.98,1,Good quality REVIEWED data,2007-09-16,2007,Sep
2.99,1,Good quality REVIEWED data,2007-09-17,2007,Sep
2.99,1,Good quality REVIEWED data,2007-09-18,2007,Sep
3,1,Good quality REVIEWED data,2007-09-19,2007,Sep
3.01,1,Good quality REVIEWED data,2007-09-20,2007,Sep
3.01,1,Good quality REVIEWED data,2007-09-21,2007,Sep
3.01,1,Good quality REVIEWED data,2007-09-22,2007,Sep
3.02,1,Good quality REVIEWED data,2007-09-23,2007,Sep
3.02,1,Good quality REVIEWED data,2007-09-24,2007,Sep
3.02,1,Good quality REVIEWED data,2007-09-25,2007,Sep
3.01,1,Good quality REVIEWED data,2007-09-26,2007,Sep
3.01,1,Good quality REVIEWED data,2007-09-27,2007,Sep
3.02,1,Good quality REVIEWED data,2007-09-28,2007,Sep
3.06,1,Good quality REVIEWED data,2007-09-29,2007,Sep
3.05,1,Good quality REVIEWED data,2007-09-30,2007,Sep
3.07,1,Good quality REVIEWED data,2007-10-01,2007,Oct
3.05,1,Good quality REVIEWED data,2007-10-02,2007,Oct
3.16,1,Good quality REVIEWED data,2007-10-03,2007,Oct
3.16,1,Good quality REVIEWED data,2007-10-04,2007,Oct
3.14,1,Good quality REVIEWED data,2007-10-05,2007,Oct
3.12,1,Good quality REVIEWED data,2007-10-06,2007,Oct
3.1,1,Good quality REVIEWED data,2007-10-07,2007,Oct
3.1,1,Good quality REVIEWED data,2007-10-08,2007,Oct
3.1,1,Good quality REVIEWED data,2007-10-09,2007,Oct
3.1,1,Good quality REVIEWED data,2007-10-10,2007,Oct
3.1,1,Good quality REVIEWED data,2007-10-11,2007,Oct
3.1,1,Good quality REVIEWED data,2007-10-12,2007,Oct
3.1,1,Good quality REVIEWED data,2007-10-13,2007,Oct
3.1,1,Good quality REVIEWED data,2007-10-14,2007,Oct
3.1,1,Good quality REVIEWED data,2007-10-15,2007,Oct
3.12,1,Good quality REVIEWED data,2007-10-16,2007,Oct
3.15,1,Good quality REVIEWED data,2007-10-17,2007,Oct
3.15,1,Good quality REVIEWED data,2007-10-18,2007,Oct
3.21,1,Good quality REVIEWED data,2007-10-19,2007,Oct
3.26,1,Good quality REVIEWED data,2007-10-20,2007,Oct
3.24,1,Good quality REVIEWED data,2007-10-21,2007,Oct
3.21,1,Good quality REVIEWED data,2007-10-22,2007,Oct
3.18,1,Good quality REVIEWED data,2007-10-23,2007,Oct
3.16,1,Good quality REVIEWED data,2007-10-24,2007,Oct
3.15,1,Good quality REVIEWED data,2007-10-25,2007,Oct
3.16,1,Good quality REVIEWED data,2007-10-26,2007,Oct
3.15,1,Good quality REVIEWED data,2007-10-27,2007,Oct
3.16,1,Good quality REVIEWED data,2007-10-28,2007,Oct
3.15,1,Good quality REVIEWED data,2007-10-29,2007,Oct
3.15,1,Good quality REVIEWED data,2007-10-30,2007,Oct
3.15,1,Good quality REVIEWED data,2007-10-31,2007,Oct
3.15,1,Good quality REVIEWED data,2007-11-01,2007,Nov
3.14,1,Good quality REVIEWED data,2007-11-02,2007,Nov
3.15,1,Good quality REVIEWED data,2007-11-03,2007,Nov
3.15,1,Good quality REVIEWED data,2007-11-04,2007,Nov
3.15,1,Good quality REVIEWED data,2007-11-05,2007,Nov
3.15,1,Good quality REVIEWED data,2007-11-06,2007,Nov
3.16,1,Good quality REVIEWED data,2007-11-07,2007,Nov
3.16,1,Good quality REVIEWED data,2007-11-08,2007,Nov
3.16,1,Good quality REVIEWED data,2007-11-09,2007,Nov
3.17,1,Good quality REVIEWED data,2007-11-10,2007,Nov
3.22,1,Good quality REVIEWED data,2007-11-11,2007,Nov
3.2,1,Good quality REVIEWED data,2007-11-12,2007,Nov
3.42,1,Good quality REVIEWED data,2007-11-13,2007,Nov
3.35,1,Good quality REVIEWED data,2007-11-14,2007,Nov
3.28,1,Good quality REVIEWED data,2007-11-15,2007,Nov
3.29,1,Good quality REVIEWED data,2007-11-16,2007,Nov
3.39,1,Good quality REVIEWED data,2007-11-17,2007,Nov
3.57,1,Good quality REVIEWED data,2007-11-18,2007,Nov
3.54,1,Good quality REVIEWED data,2007-11-19,2007,Nov
3.48,1,Good quality REVIEWED data,2007-11-20,2007,Nov
3.43,1,Good quality REVIEWED data,2007-11-21,2007,Nov
3.37,1,Good quality REVIEWED data,2007-11-22,2007,Nov
3.33,1,Good quality REVIEWED data,2007-11-23,2007,Nov
3.32,1,Good quality REVIEWED data,2007-11-24,2007,Nov
3.3,1,Good quality REVIEWED data,2007-11-25,2007,Nov
3.29,1,Good quality REVIEWED data,2007-11-26,2007,Nov
3.31,1,Good quality REVIEWED data,2007-11-27,2007,Nov
3.28,1,Good quality REVIEWED data,2007-11-28,2007,Nov
3.29,1,Good quality REVIEWED data,2007-11-29,2007,Nov
3.28,1,Good quality REVIEWED data,2007-11-30,2007,Nov
3.27,1,Good quality REVIEWED data,2007-12-01,2007,Dec
3.28,1,Good quality REVIEWED data,2007-12-02,2007,Dec
3.63,1,Good quality REVIEWED data,2007-12-03,2007,Dec
4.39,1,Good quality REVIEWED data,2007-12-04,2007,Dec
4.33,1,Good quality REVIEWED data,2007-12-05,2007,Dec
4.08,1,Good quality REVIEWED data,2007-12-06,2007,Dec
3.94,1,Good quality REVIEWED data,2007-12-07,2007,Dec
3.8,1,Good quality REVIEWED data,2007-12-08,2007,Dec
3.71,1,Good quality REVIEWED data,2007-12-09,2007,Dec
3.65,1,Good quality REVIEWED data,2007-12-10,2007,Dec
3.58,1,Good quality REVIEWED data,2007-12-11,2007,Dec
3.54,1,Good quality REVIEWED data,2007-12-12,2007,Dec
3.5,1,Good quality REVIEWED data,2007-12-13,2007,Dec
3.47,1,Good quality REVIEWED data,2007-12-14,2007,Dec
3.45,1,Good quality REVIEWED data,2007-12-15,2007,Dec
3.44,1,Good quality REVIEWED data,2007-12-16,2007,Dec
3.44,1,Good quality REVIEWED data,2007-12-17,2007,Dec
3.45,1,Good quality REVIEWED data,2007-12-18,2007,Dec
3.54,1,Good quality REVIEWED data,2007-12-19,2007,Dec
3.86,1,Good quality REVIEWED data,2007-12-20,2007,Dec
3.94,1,Good quality REVIEWED data,2007-12-21,2007,Dec
3.85,1,Good quality REVIEWED data,2007-12-22,2007,Dec
3.82,1,Good quality REVIEWED data,2007-12-23,2007,Dec
4.73,1,Good quality REVIEWED data,2007-12-24,2007,Dec
4.44,1,Good quality REVIEWED data,2007-12-25,2007,Dec
4.2,1,Good quality REVIEWED data,2007-12-26,2007,Dec
4.02,1,Good quality REVIEWED data,2007-12-27,2007,Dec
3.92,1,Good quality REVIEWED data,2007-12-28,2007,Dec
3.84,1,Good quality REVIEWED data,2007-12-29,2007,Dec
3.76,1,Good quality REVIEWED data,2007-12-30,2007,Dec
3.69,1,Good quality REVIEWED data,2007-12-31,2007,Dec
3.62,1,Good quality REVIEWED data,2008-01-01,2008,Jan
3.6,1,Good quality REVIEWED data,2008-01-02,2008,Jan
3.58,1,Good quality REVIEWED data,2008-01-03,2008,Jan
3.68,1,Good quality REVIEWED data,2008-01-04,2008,Jan
3.91,1,Good quality REVIEWED data,2008-01-05,2008,Jan
3.88,1,Good quality REVIEWED data,2008-01-06,2008,Jan
3.81,1,Good quality REVIEWED data,2008-01-07,2008,Jan
3.76,1,Good quality REVIEWED data,2008-01-08,2008,Jan
3.82,1,Good quality REVIEWED data,2008-01-09,2008,Jan
3.77,1,Good quality REVIEWED data,2008-01-10,2008,Jan
4.05,1,Good quality REVIEWED data,2008-01-11,2008,Jan
4.18,1,Good quality REVIEWED data,2008-01-12,2008,Jan
4.14,1,Good quality REVIEWED data,2008-01-13,2008,Jan
4.06,1,Good quality REVIEWED data,2008-01-14,2008,Jan
4.03,1,Good quality REVIEWED data,2008-01-15,2008,Jan
3.91,1,Good quality REVIEWED data,2008-01-16,2008,Jan
3.84,1,Good quality REVIEWED data,2008-01-17,2008,Jan
3.77,1,Good quality REVIEWED data,2008-01-18,2008,Jan
3.73,1,Good quality REVIEWED data,2008-01-19,2008,Jan
3.73,1,Good quality REVIEWED data,2008-01-20,2008,Jan
3.66,1,Good quality REVIEWED data,2008-01-21,2008,Jan
3.6,50,,2008-01-30,2008,Jan
3.69,50,,2008-01-31,2008,Jan
3.68,50,,2008-02-01,2008,Feb
3.64,1,Good quality REVIEWED data,2008-02-02,2008,Feb
3.63,1,Good quality REVIEWED data,2008-02-03,2008,Feb
3.59,1,Good quality REVIEWED data,2008-02-04,2008,Feb
3.58,1,Good quality REVIEWED data,2008-02-05,2008,Feb
3.65,1,Good quality REVIEWED data,2008-02-06,2008,Feb
3.71,1,Good quality REVIEWED data,2008-02-07,2008,Feb
3.73,1,Good quality REVIEWED data,2008-02-08,2008,Feb
4.01,1,Good quality REVIEWED data,2008-02-09,2008,Feb
4.58,1,Good quality REVIEWED data,2008-02-10,2008,Feb
4.98,1,Good quality REVIEWED data,2008-02-11,2008,Feb
4.8,1,Good quality REVIEWED data,2008-02-12,2008,Feb
4.96,1,Good quality REVIEWED data,2008-02-13,2008,Feb
4.66,1,Good quality REVIEWED data,2008-02-14,2008,Feb
4.42,1,Good quality REVIEWED data,2008-02-15,2008,Feb
4.3,1,Good quality REVIEWED data,2008-02-16,2008,Feb
4.24,1,Good quality REVIEWED data,2008-02-17,2008,Feb
4.18,1,Good quality REVIEWED data,2008-02-18,2008,Feb
4.12,1,Good quality REVIEWED data,2008-02-19,2008,Feb
4.08,1,Good quality REVIEWED data,2008-02-20,2008,Feb
4.04,1,Good quality REVIEWED data,2008-02-21,2008,Feb
4.03,1,Good quality REVIEWED data,2008-02-22,2008,Feb
4.01,1,Good quality REVIEWED data,2008-02-23,2008,Feb
4.02,1,Good quality REVIEWED data,2008-02-24,2008,Feb
4.08,1,Good quality REVIEWED data,2008-02-25,2008,Feb
4.14,1,Good quality REVIEWED data,2008-02-26,2008,Feb
4.18,1,Good quality REVIEWED data,2008-02-27,2008,Feb
4.26,1,Good quality REVIEWED data,2008-02-28,2008,Feb
4.41,1,Good quality REVIEWED data,2008-02-29,2008,Feb
4.97,1,Good quality REVIEWED data,2008-03-01,2008,Mar
4.8,1,Good quality REVIEWED data,2008-03-02,2008,Mar
4.53,1,Good quality REVIEWED data,2008-03-03,2008,Mar
4.36,1,Good quality REVIEWED data,2008-03-04,2008,Mar
4.2,1,Good quality REVIEWED data,2008-03-05,2008,Mar
4.09,1,Good quality REVIEWED data,2008-03-06,2008,Mar
4.04,1,Good quality REVIEWED data,2008-03-07,2008,Mar
4.06,1,Good quality REVIEWED data,2008-03-08,2008,Mar
4.11,1,Good quality REVIEWED data,2008-03-09,2008,Mar
4.14,1,Good quality REVIEWED data,2008-03-10,2008,Mar
4.64,1,Good quality REVIEWED data,2008-03-11,2008,Mar
4.75,1,Good quality REVIEWED data,2008-03-12,2008,Mar
4.73,1,Good quality REVIEWED data,2008-03-13,2008,Mar
4.88,1,Good quality REVIEWED data,2008-03-14,2008,Mar
4.71,1,Good quality REVIEWED data,2008-03-15,2008,Mar
4.51,1,Good quality REVIEWED data,2008-03-16,2008,Mar
4.36,1,Good quality REVIEWED data,2008-03-17,2008,Mar
4.32,1,Good quality REVIEWED data,2008-03-18,2008,Mar
4.37,1,Good quality REVIEWED data,2008-03-19,2008,Mar
4.3,1,Good quality REVIEWED data,2008-03-20,2008,Mar
4.2,1,Good quality REVIEWED data,2008-03-21,2008,Mar
4.1,1,Good quality REVIEWED data,2008-03-22,2008,Mar
4.05,1,Good quality REVIEWED data,2008-03-23,2008,Mar
4.2,1,Good quality REVIEWED data,2008-03-24,2008,Mar
4.17,1,Good quality REVIEWED data,2008-03-25,2008,Mar
4.14,1,Good quality REVIEWED data,2008-03-26,2008,Mar
4.11,1,Good quality REVIEWED data,2008-03-27,2008,Mar
4.05,1,Good quality REVIEWED data,2008-03-28,2008,Mar
4,1,Good quality REVIEWED data,2008-03-29,2008,Mar
3.94,1,Good quality REVIEWED data,2008-03-30,2008,Mar
3.89,1,Good quality REVIEWED data,2008-03-31,2008,Mar
3.84,1,Good quality REVIEWED data,2008-04-01,2008,Apr
3.83,1,Good quality REVIEWED data,2008-04-02,2008,Apr
3.84,1,Good quality REVIEWED data,2008-04-03,2008,Apr
3.89,1,Good quality REVIEWED data,2008-04-04,2008,Apr
3.9,1,Good quality REVIEWED data,2008-04-05,2008,Apr
3.91,1,Good quality REVIEWED data,2008-04-06,2008,Apr
3.93,1,Good quality REVIEWED data,2008-04-07,2008,Apr
3.97,1,Good quality REVIEWED data,2008-04-08,2008,Apr
4.06,1,Good quality REVIEWED data,2008-04-09,2008,Apr
4.08,1,Good quality REVIEWED data,2008-04-10,2008,Apr
4.07,1,Good quality REVIEWED data,2008-04-11,2008,Apr
4.17,1,Good quality REVIEWED data,2008-04-12,2008,Apr
4.57,1,Good quality REVIEWED data,2008-04-13,2008,Apr
5.18,1,Good quality REVIEWED data,2008-04-14,2008,Apr
4.85,1,Good quality REVIEWED data,2008-04-15,2008,Apr
4.58,1,Good quality REVIEWED data,2008-04-16,2008,Apr
4.44,1,Good quality REVIEWED data,2008-04-17,2008,Apr
4.53,1,Good quality REVIEWED data,2008-04-18,2008,Apr
4.4,1,Good quality REVIEWED data,2008-04-19,2008,Apr
4.26,1,Good quality REVIEWED data,2008-04-20,2008,Apr
4.15,1,Good quality REVIEWED data,2008-04-21,2008,Apr
4.06,1,Good quality REVIEWED data,2008-04-22,2008,Apr
4.08,1,Good quality REVIEWED data,2008-04-23,2008,Apr
4.08,1,Good quality REVIEWED data,2008-04-24,2008,Apr
4.03,1,Good quality REVIEWED data,2008-04-25,2008,Apr
3.99,1,Good quality REVIEWED data,2008-04-26,2008,Apr
4.07,1,Good quality REVIEWED data,2008-04-27,2008,Apr
4.32,1,Good quality REVIEWED data,2008-04-28,2008,Apr
4.7,1,Good quality REVIEWED data,2008-04-29,2008,Apr
4.59,1,Good quality REVIEWED data,2008-04-30,2008,Apr
4.35,1,Good quality REVIEWED data,2008-05-01,2008,May
4.18,1,Good quality REVIEWED data,2008-05-02,2008,May
4.2,1,Good quality REVIEWED data,2008-05-03,2008,May
4.37,1,Good quality REVIEWED data,2008-05-04,2008,May
4.6,1,Good quality REVIEWED data,2008-05-05,2008,May
4.75,1,Good quality REVIEWED data,2008-05-06,2008,May
4.7,1,Good quality REVIEWED data,2008-05-07,2008,May
4.63,1,Good quality REVIEWED data,2008-05-08,2008,May
4.46,1,Good quality REVIEWED data,2008-05-09,2008,May
4.31,1,Good quality REVIEWED data,2008-05-10,2008,May
4.37,1,Good quality REVIEWED data,2008-05-11,2008,May
4.33,1,Good quality REVIEWED data,2008-05-12,2008,May
4.21,1,Good quality REVIEWED data,2008-05-13,2008,May
4.26,1,Good quality REVIEWED data,2008-05-14,2008,May
4.49,1,Good quality REVIEWED data,2008-05-15,2008,May
4.72,1,Good quality REVIEWED data,2008-05-16,2008,May
4.92,1,Good quality REVIEWED data,2008-05-17,2008,May
5.06,1,Good quality REVIEWED data,2008-05-18,2008,May
4.99,1,Good quality REVIEWED data,2008-05-19,2008,May
4.91,1,Good quality REVIEWED data,2008-05-20,2008,May
4.73,1,Good quality REVIEWED data,2008-05-21,2008,May
4.46,1,Good quality REVIEWED data,2008-05-22,2008,May
4.31,1,Good quality REVIEWED data,2008-05-23,2008,May
4.24,1,Good quality REVIEWED data,2008-05-24,2008,May
4.29,1,Good quality REVIEWED data,2008-05-25,2008,May
4.35,1,Good quality REVIEWED data,2008-05-26,2008,May
4.36,1,Good quality REVIEWED data,2008-05-27,2008,May
4.48,1,Good quality REVIEWED data,2008-05-28,2008,May
4.5,1,Good quality REVIEWED data,2008-05-29,2008,May
4.43,1,Good quality REVIEWED data,2008-05-30,2008,May
4.37,1,Good quality REVIEWED data,2008-05-31,2008,May
4.38,1,Good quality REVIEWED data,2008-06-01,2008,Jun
4.29,1,Good quality REVIEWED data,2008-06-02,2008,Jun
4.22,1,Good quality REVIEWED data,2008-06-03,2008,Jun
4.3,1,Good quality REVIEWED data,2008-06-04,2008,Jun
4.21,1,Good quality REVIEWED data,2008-06-05,2008,Jun
4.17,1,Good quality REVIEWED data,2008-06-06,2008,Jun
4.18,1,Good quality REVIEWED data,2008-06-07,2008,Jun
4.12,1,Good quality REVIEWED data,2008-06-08,2008,Jun
4.07,1,Good quality REVIEWED data,2008-06-09,2008,Jun
4.21,1,Good quality REVIEWED data,2008-06-10,2008,Jun
4.5,1,Good quality REVIEWED data,2008-06-11,2008,Jun
4.59,1,Good quality REVIEWED data,2008-06-12,2008,Jun
4.48,1,Good quality REVIEWED data,2008-06-13,2008,Jun
4.34,1,Good quality REVIEWED data,2008-06-14,2008,Jun
4.21,1,Good quality REVIEWED data,2008-06-15,2008,Jun
4.11,1,Good quality REVIEWED data,2008-06-16,2008,Jun
4.02,1,Good quality REVIEWED data,2008-06-17,2008,Jun
3.93,1,Good quality REVIEWED data,2008-06-18,2008,Jun
3.85,1,Good quality REVIEWED data,2008-06-19,2008,Jun
3.79,1,Good quality REVIEWED data,2008-06-20,2008,Jun
3.75,1,Good quality REVIEWED data,2008-06-21,2008,Jun
3.73,1,Good quality REVIEWED data,2008-06-22,2008,Jun
3.68,1,Good quality REVIEWED data,2008-06-23,2008,Jun
3.62,1,Good quality REVIEWED data,2008-06-24,2008,Jun
3.56,1,Good quality REVIEWED data,2008-06-25,2008,Jun
3.52,1,Good quality REVIEWED data,2008-06-26,2008,Jun
3.48,1,Good quality REVIEWED data,2008-06-27,2008,Jun
3.45,1,Good quality REVIEWED data,2008-06-28,2008,Jun
3.42,1,Good quality REVIEWED data,2008-06-29,2008,Jun
3.4,1,Good quality REVIEWED data,2008-06-30,2008,Jun
3.38,1,Good quality REVIEWED data,2008-07-01,2008,Jul
3.36,1,Good quality REVIEWED data,2008-07-02,2008,Jul
3.33,1,Good quality REVIEWED data,2008-07-03,2008,Jul
3.31,1,Good quality REVIEWED data,2008-07-04,2008,Jul
3.29,1,Good quality REVIEWED data,2008-07-05,2008,Jul
3.27,1,Good quality REVIEWED data,2008-07-06,2008,Jul
3.24,1,Good quality REVIEWED data,2008-07-07,2008,Jul
3.22,1,Good quality REVIEWED data,2008-07-08,2008,Jul
3.2,1,Good quality REVIEWED data,2008-07-09,2008,Jul
3.18,1,Good quality REVIEWED data,2008-07-10,2008,Jul
3.17,1,Good quality REVIEWED data,2008-07-11,2008,Jul
3.16,1,Good quality REVIEWED data,2008-07-12,2008,Jul
3.14,1,Good quality REVIEWED data,2008-07-13,2008,Jul
3.14,1,Good quality REVIEWED data,2008-07-14,2008,Jul
3.13,1,Good quality REVIEWED data,2008-07-15,2008,Jul
3.13,1,Good quality REVIEWED data,2008-07-16,2008,Jul
3.11,1,Good quality REVIEWED data,2008-07-17,2008,Jul
3.1,1,Good quality REVIEWED data,2008-07-18,2008,Jul
3.09,1,Good quality REVIEWED data,2008-07-19,2008,Jul
3.09,1,Good quality REVIEWED data,2008-07-20,2008,Jul
3.08,1,Good quality REVIEWED data,2008-07-21,2008,Jul
3.11,1,Good quality REVIEWED data,2008-07-22,2008,Jul
3.16,1,Good quality REVIEWED data,2008-07-23,2008,Jul
3.11,1,Good quality REVIEWED data,2008-07-24,2008,Jul
3.09,1,Good quality REVIEWED data,2008-07-25,2008,Jul
3.06,1,Good quality REVIEWED data,2008-07-26,2008,Jul
3.06,1,Good quality REVIEWED data,2008-07-27,2008,Jul
3.06,1,Good quality REVIEWED data,2008-07-28,2008,Jul
3.05,1,Good quality REVIEWED data,2008-07-29,2008,Jul
3.05,1,Good quality REVIEWED data,2008-07-30,2008,Jul
3.04,1,Good quality REVIEWED data,2008-07-31,2008,Jul
3.04,1,Good quality REVIEWED data,2008-08-01,2008,Aug
3.06,1,Good quality REVIEWED data,2008-08-02,2008,Aug
3.05,1,Good quality REVIEWED data,2008-08-03,2008,Aug
3.04,1,Good quality REVIEWED data,2008-08-04,2008,Aug
3.03,1,Good quality REVIEWED data,2008-08-05,2008,Aug
3.02,1,Good quality REVIEWED data,2008-08-06,2008,Aug
3.04,1,Good quality REVIEWED data,2008-08-07,2008,Aug
3.06,1,Good quality REVIEWED data,2008-08-08,2008,Aug
3.05,1,Good quality REVIEWED data,2008-08-09,2008,Aug
3.03,1,Good quality REVIEWED data,2008-08-10,2008,Aug
3.03,1,Good quality REVIEWED data,2008-08-11,2008,Aug
3.01,1,Good quality REVIEWED data,2008-08-12,2008,Aug
2.98,1,Good quality REVIEWED data,2008-08-13,2008,Aug
2.97,1,Good quality REVIEWED data,2008-08-14,2008,Aug
2.97,1,Good quality REVIEWED data,2008-08-15,2008,Aug
2.96,1,Good quality REVIEWED data,2008-08-16,2008,Aug
2.96,1,Good quality REVIEWED data,2008-08-17,2008,Aug
2.95,1,Good quality REVIEWED data,2008-08-18,2008,Aug
3.01,1,Good quality REVIEWED data,2008-08-19,2008,Aug
3.06,1,Good quality REVIEWED data,2008-08-20,2008,Aug
3.17,1,Good quality REVIEWED data,2008-08-21,2008,Aug
3.13,1,Good quality REVIEWED data,2008-08-22,2008,Aug
3.06,1,Good quality REVIEWED data,2008-08-23,2008,Aug
3.03,1,Good quality REVIEWED data,2008-08-24,2008,Aug
3.03,1,Good quality REVIEWED data,2008-08-25,2008,Aug
3.05,1,Good quality REVIEWED data,2008-08-26,2008,Aug
3.04,1,Good quality REVIEWED data,2008-08-27,2008,Aug
3.03,1,Good quality REVIEWED data,2008-08-28,2008,Aug
3.01,1,Good quality REVIEWED data,2008-08-29,2008,Aug
2.99,1,Good quality REVIEWED data,2008-08-30,2008,Aug
3,1,Good quality REVIEWED data,2008-08-31,2008,Aug
3.01,1,Good quality REVIEWED data,2008-09-01,2008,Sep
3.01,1,Good quality REVIEWED data,2008-09-02,2008,Sep
3.01,1,Good quality REVIEWED data,2008-09-03,2008,Sep
3,1,Good quality REVIEWED data,2008-09-04,2008,Sep
3,1,Good quality REVIEWED data,2008-09-05,2008,Sep
3,1,Good quality REVIEWED data,2008-09-06,2008,Sep
3,1,Good quality REVIEWED data,2008-09-07,2008,Sep
2.99,1,Good quality REVIEWED data,2008-09-08,2008,Sep
3.01,1,Good quality REVIEWED data,2008-09-09,2008,Sep
3,1,Good quality REVIEWED data,2008-09-10,2008,Sep
3,1,Good quality REVIEWED data,2008-09-11,2008,Sep
2.99,1,Good quality REVIEWED data,2008-09-12,2008,Sep
2.99,1,Good quality REVIEWED data,2008-09-13,2008,Sep
3,1,Good quality REVIEWED data,2008-09-14,2008,Sep
2.99,1,Good quality REVIEWED data,2008-09-15,2008,Sep
2.98,1,Good quality REVIEWED data,2008-09-16,2008,Sep
2.97,1,Good quality REVIEWED data,2008-09-17,2008,Sep
2.97,1,Good quality REVIEWED data,2008-09-18,2008,Sep
2.97,1,Good quality REVIEWED data,2008-09-19,2008,Sep
2.99,1,Good quality REVIEWED data,2008-09-20,2008,Sep
3.05,1,Good quality REVIEWED data,2008-09-21,2008,Sep
3.04,1,Good quality REVIEWED data,2008-09-22,2008,Sep
3.07,1,Good quality REVIEWED data,2008-09-23,2008,Sep
3.05,1,Good quality REVIEWED data,2008-09-24,2008,Sep
3.03,1,Good quality REVIEWED data,2008-09-25,2008,Sep
3.03,1,Good quality REVIEWED data,2008-09-26,2008,Sep
3.02,1,Good quality REVIEWED data,2008-09-27,2008,Sep
3.02,1,Good quality REVIEWED data,2008-09-28,2008,Sep
3.01,1,Good quality REVIEWED data,2008-09-29,2008,Sep
3,1,Good quality REVIEWED data,2008-09-30,2008,Sep
3,1,Good quality REVIEWED data,2008-10-01,2008,Oct
3,1,Good quality REVIEWED data,2008-10-02,2008,Oct
3.03,1,Good quality REVIEWED data,2008-10-03,2008,Oct
3.06,1,Good quality REVIEWED data,2008-10-04,2008,Oct
3.1,1,Good quality REVIEWED data,2008-10-05,2008,Oct
3.08,1,Good quality REVIEWED data,2008-10-06,2008,Oct
3.09,1,Good quality REVIEWED data,2008-10-07,2008,Oct
3.1,1,Good quality REVIEWED data,2008-10-08,2008,Oct
3.09,1,Good quality REVIEWED data,2008-10-09,2008,Oct
3.09,1,Good quality REVIEWED data,2008-10-10,2008,Oct
3.09,1,Good quality REVIEWED data,2008-10-11,2008,Oct
3.09,1,Good quality REVIEWED data,2008-10-12,2008,Oct
3.09,1,Good quality REVIEWED data,2008-10-13,2008,Oct
3.09,1,Good quality REVIEWED data,2008-10-14,2008,Oct
3.11,1,Good quality REVIEWED data,2008-10-15,2008,Oct
3.1,1,Good quality REVIEWED data,2008-10-16,2008,Oct
3.09,1,Good quality REVIEWED data,2008-10-17,2008,Oct
3.08,1,Good quality REVIEWED data,2008-10-18,2008,Oct
3.08,1,Good quality REVIEWED data,2008-10-19,2008,Oct
3.08,1,Good quality REVIEWED data,2008-10-20,2008,Oct
3.08,1,Good quality REVIEWED data,2008-10-21,2008,Oct
3.08,1,Good quality REVIEWED data,2008-10-22,2008,Oct
3.07,1,Good quality REVIEWED data,2008-10-23,2008,Oct
3.07,1,Good quality REVIEWED data,2008-10-24,2008,Oct
3.07,1,Good quality REVIEWED data,2008-10-25,2008,Oct
3.06,1,Good quality REVIEWED data,2008-10-26,2008,Oct
3.07,1,Good quality REVIEWED data,2008-10-27,2008,Oct
3.06,1,Good quality REVIEWED data,2008-10-28,2008,Oct
3.07,1,Good quality REVIEWED data,2008-10-29,2008,Oct
3.07,1,Good quality REVIEWED data,2008-10-30,2008,Oct
3.06,1,Good quality REVIEWED data,2008-10-31,2008,Oct
3.07,1,Good quality REVIEWED data,2008-11-01,2008,Nov
3.09,1,Good quality REVIEWED data,2008-11-02,2008,Nov
3.14,1,Good quality REVIEWED data,2008-11-03,2008,Nov
3.18,1,Good quality REVIEWED data,2008-11-04,2008,Nov
3.26,1,Good quality REVIEWED data,2008-11-05,2008,Nov
3.18,1,Good quality REVIEWED data,2008-11-06,2008,Nov
3.18,1,Good quality REVIEWED data,2008-11-07,2008,Nov
3.2,1,Good quality REVIEWED data,2008-11-08,2008,Nov
3.19,1,Good quality REVIEWED data,2008-11-09,2008,Nov
3.18,1,Good quality REVIEWED data,2008-11-10,2008,Nov
3.19,1,Good quality REVIEWED data,2008-11-11,2008,Nov
3.28,1,Good quality REVIEWED data,2008-11-12,2008,Nov
3.84,1,Good quality REVIEWED data,2008-11-13,2008,Nov
3.57,1,Good quality REVIEWED data,2008-11-14,2008,Nov
3.41,1,Good quality REVIEWED data,2008-11-15,2008,Nov
3.34,1,Good quality REVIEWED data,2008-11-16,2008,Nov
3.29,1,Good quality REVIEWED data,2008-11-17,2008,Nov
3.26,1,Good quality REVIEWED data,2008-11-18,2008,Nov
3.23,1,Good quality REVIEWED data,2008-11-19,2008,Nov
3.22,1,Good quality REVIEWED data,2008-11-20,2008,Nov
3.23,1,Good quality REVIEWED data,2008-11-21,2008,Nov
3.22,1,Good quality REVIEWED data,2008-11-22,2008,Nov
3.21,1,Good quality REVIEWED data,2008-11-23,2008,Nov
3.2,1,Good quality REVIEWED data,2008-11-24,2008,Nov
3.19,1,Good quality REVIEWED data,2008-11-25,2008,Nov
3.19,1,Good quality REVIEWED data,2008-11-26,2008,Nov
3.18,1,Good quality REVIEWED data,2008-11-27,2008,Nov
3.18,1,Good quality REVIEWED data,2008-11-28,2008,Nov
3.19,1,Good quality REVIEWED data,2008-11-29,2008,Nov
3.2,1,Good quality REVIEWED data,2008-11-30,2008,Nov
3.19,1,Good quality REVIEWED data,2008-12-01,2008,Dec
3.25,1,Good quality REVIEWED data,2008-12-02,2008,Dec
3.28,1,Good quality REVIEWED data,2008-12-03,2008,Dec
3.25,1,Good quality REVIEWED data,2008-12-04,2008,Dec
3.23,1,Good quality REVIEWED data,2008-12-05,2008,Dec
3.23,1,Good quality REVIEWED data,2008-12-06,2008,Dec
3.24,1,Good quality REVIEWED data,2008-12-07,2008,Dec
3.35,1,Good quality REVIEWED data,2008-12-08,2008,Dec
3.32,1,Good quality REVIEWED data,2008-12-09,2008,Dec
3.29,82,Linear interpolation across gap in records.,2008-12-10,2008,Dec
3.27,50,Estimated data,2008-12-11,2008,Dec
3.27,50,Estimated data,2008-12-12,2008,Dec
3.37,50,Estimated data,2008-12-13,2008,Dec
3.34,50,Estimated data,2008-12-14,2008,Dec
3.32,50,Estimated data,2008-12-15,2008,Dec
3.38,50,Estimated data,2008-12-16,2008,Dec
3.46,50,Estimated data,2008-12-17,2008,Dec
3.39,50,Estimated data,2008-12-18,2008,Dec
3.28,50,Estimated data,2008-12-19,2008,Dec
3.22,50,Estimated data,2008-12-20,2008,Dec
3.21,50,Estimated data,2008-12-21,2008,Dec
3.36,50,Estimated data,2008-12-22,2008,Dec
3.6,50,Estimated data,2008-12-23,2008,Dec
3.72,50,Estimated data,2008-12-24,2008,Dec
3.53,50,Estimated data,2008-12-25,2008,Dec
3.57,50,Estimated data,2008-12-26,2008,Dec
3.58,50,Estimated data,2008-12-27,2008,Dec
4.27,50,Estimated data,2008-12-28,2008,Dec
4.69,50,Estimated data,2008-12-29,2008,Dec
4.53,50,Estimated data,2008-12-30,2008,Dec
4.16,50,Estimated data,2008-12-31,2008,Dec
4.12,50,Estimated data,2009-01-01,2009,Jan
6.42,50,Estimated data,2009-01-02,2009,Jan
5.71,50,Estimated data,2009-01-03,2009,Jan
5.21,50,Estimated data,2009-01-04,2009,Jan
5.03,50,Estimated data,2009-01-05,2009,Jan
5.28,50,Estimated data,2009-01-06,2009,Jan
7.07,77,"Estimated from another station, same variable",2009-01-07,2009,Jan
8.13,77,"Estimated from another station, same variable",2009-01-08,2009,Jan
6.5,77,"Estimated from another station, same variable",2009-01-09,2009,Jan
5.64,77,"Estimated from another station, same variable",2009-01-10,2009,Jan
5.55,77,"Estimated from another station, same variable",2009-01-11,2009,Jan
5.42,77,"Estimated from another station, same variable",2009-01-12,2009,Jan
5.38,77,"Estimated from another station, same variable",2009-01-13,2009,Jan
5.23,77,"Estimated from another station, same variable",2009-01-14,2009,Jan
5.04,77,"Estimated from another station, same variable",2009-01-15,2009,Jan
4.86,77,"Estimated from another station, same variable",2009-01-16,2009,Jan
4.75,77,"Estimated from another station, same variable",2009-01-17,2009,Jan
4.65,77,"Estimated from another station, same variable",2009-01-18,2009,Jan
4.56,77,"Estimated from another station, same variable",2009-01-19,2009,Jan
4.49,77,"Estimated from another station, same variable",2009-01-20,2009,Jan
4.42,77,"Estimated from another station, same variable",2009-01-21,2009,Jan
4.36,77,"Estimated from another station, same variable",2009-01-22,2009,Jan
4.31,77,"Estimated from another station, same variable",2009-01-23,2009,Jan
4.27,77,"Estimated from another station, same variable",2009-01-24,2009,Jan
4.23,77,"Estimated from another station, same variable",2009-01-25,2009,Jan
4.18,77,"Estimated from another station, same variable",2009-01-26,2009,Jan
4.16,77,"Estimated from another station, same variable",2009-01-27,2009,Jan
4.14,77,"Estimated from another station, same variable",2009-01-28,2009,Jan
4.1,77,"Estimated from another station, same variable",2009-01-29,2009,Jan
4.09,77,"Estimated from another station, same variable",2009-01-30,2009,Jan
4.1,77,"Estimated from another station, same variable",2009-01-31,2009,Jan
4.09,77,"Estimated from another station, same variable",2009-02-01,2009,Feb
4.1,77,"Estimated from another station, same variable",2009-02-02,2009,Feb
4.11,77,"Estimated from another station, same variable",2009-02-03,2009,Feb
4.12,77,"Estimated from another station, same variable",2009-02-04,2009,Feb
4.12,77,"Estimated from another station, same variable",2009-02-05,2009,Feb
4.15,77,"Estimated from another station, same variable",2009-02-06,2009,Feb
4.15,77,"Estimated from another station, same variable",2009-02-07,2009,Feb
4.15,77,"Estimated from another station, same variable",2009-02-08,2009,Feb
4.15,77,"Estimated from another station, same variable",2009-02-09,2009,Feb
4.13,77,"Estimated from another station, same variable",2009-02-10,2009,Feb
4.1,77,"Estimated from another station, same variable",2009-02-11,2009,Feb
4.08,77,"Estimated from another station, same variable",2009-02-12,2009,Feb
4.06,77,"Estimated from another station, same variable",2009-02-13,2009,Feb
4.05,77,"Estimated from another station, same variable",2009-02-14,2009,Feb
4.03,77,"Estimated from another station, same variable",2009-02-15,2009,Feb
4.01,77,"Estimated from another station, same variable",2009-02-16,2009,Feb
3.99,77,"Estimated from another station, same variable",2009-02-17,2009,Feb
3.97,77,"Estimated from another station, same variable",2009-02-18,2009,Feb
3.94,1,Good quality REVIEWED data,2009-02-19,2009,Feb
3.93,1,Good quality REVIEWED data,2009-02-20,2009,Feb
3.92,1,Good quality REVIEWED data,2009-02-21,2009,Feb
3.91,1,Good quality REVIEWED data,2009-02-22,2009,Feb
3.93,1,Good quality REVIEWED data,2009-02-23,2009,Feb
4.23,1,Good quality REVIEWED data,2009-02-24,2009,Feb
4.4,1,Good quality REVIEWED data,2009-02-25,2009,Feb
4.62,1,Good quality REVIEWED data,2009-02-26,2009,Feb
4.52,1,Good quality REVIEWED data,2009-02-27,2009,Feb
4.47,1,Good quality REVIEWED data,2009-02-28,2009,Feb
4.5,1,Good quality REVIEWED data,2009-03-01,2009,Mar
4.81,1,Good quality REVIEWED data,2009-03-02,2009,Mar
5.23,1,Good quality REVIEWED data,2009-03-03,2009,Mar
5.2,1,Good quality REVIEWED data,2009-03-04,2009,Mar
5.08,1,Good quality REVIEWED data,2009-03-05,2009,Mar
4.94,1,Good quality REVIEWED data,2009-03-06,2009,Mar
4.8,1,Good quality REVIEWED data,2009-03-07,2009,Mar
4.72,1,Good quality REVIEWED data,2009-03-08,2009,Mar
4.66,1,Good quality REVIEWED data,2009-03-09,2009,Mar
4.59,1,Good quality REVIEWED data,2009-03-10,2009,Mar
4.49,1,Good quality REVIEWED data,2009-03-11,2009,Mar
4.44,1,Good quality REVIEWED data,2009-03-12,2009,Mar
4.42,1,Good quality REVIEWED data,2009-03-13,2009,Mar
4.46,1,Good quality REVIEWED data,2009-03-14,2009,Mar
4.71,1,Good quality REVIEWED data,2009-03-15,2009,Mar
5.59,1,Good quality REVIEWED data,2009-03-16,2009,Mar
5.32,1,Good quality REVIEWED data,2009-03-17,2009,Mar
5.16,1,Good quality REVIEWED data,2009-03-18,2009,Mar
5.15,1,Good quality REVIEWED data,2009-03-19,2009,Mar
5.33,1,Good quality REVIEWED data,2009-03-20,2009,Mar
5.58,1,Good quality REVIEWED data,2009-03-21,2009,Mar
6.05,1,Good quality REVIEWED data,2009-03-22,2009,Mar
5.64,1,Good quality REVIEWED data,2009-03-23,2009,Mar
5.33,1,Good quality REVIEWED data,2009-03-24,2009,Mar
5.27,1,Good quality REVIEWED data,2009-03-25,2009,Mar
5.2,1,Good quality REVIEWED data,2009-03-26,2009,Mar
5.15,1,Good quality REVIEWED data,2009-03-27,2009,Mar
5.3,1,Good quality REVIEWED data,2009-03-28,2009,Mar
6.03,1,Good quality REVIEWED data,2009-03-29,2009,Mar
5.6,1,Good quality REVIEWED data,2009-03-30,2009,Mar
5.5,1,Good quality REVIEWED data,2009-03-31,2009,Mar
5.3,1,Good quality REVIEWED data,2009-04-01,2009,Apr
5.98,1,Good quality REVIEWED data,2009-04-02,2009,Apr
6.1,1,Good quality REVIEWED data,2009-04-03,2009,Apr
5.73,1,Good quality REVIEWED data,2009-04-04,2009,Apr
5.63,1,Good quality REVIEWED data,2009-04-05,2009,Apr
5.8,1,Good quality REVIEWED data,2009-04-06,2009,Apr
5.99,1,Good quality REVIEWED data,2009-04-07,2009,Apr
6.19,1,Good quality REVIEWED data,2009-04-08,2009,Apr
6.03,1,Good quality REVIEWED data,2009-04-09,2009,Apr
5.82,1,Good quality REVIEWED data,2009-04-10,2009,Apr
5.67,1,Good quality REVIEWED data,2009-04-11,2009,Apr
5.53,1,Good quality REVIEWED data,2009-04-12,2009,Apr
5.84,1,Good quality REVIEWED data,2009-04-13,2009,Apr
5.62,1,Good quality REVIEWED data,2009-04-14,2009,Apr
5.23,1,Good quality REVIEWED data,2009-04-15,2009,Apr
5.03,1,Good quality REVIEWED data,2009-04-16,2009,Apr
4.92,1,Good quality REVIEWED data,2009-04-17,2009,Apr
4.89,1,Good quality REVIEWED data,2009-04-18,2009,Apr
4.97,1,Good quality REVIEWED data,2009-04-19,2009,Apr
5.16,1,Good quality REVIEWED data,2009-04-20,2009,Apr
5.39,1,Good quality REVIEWED data,2009-04-21,2009,Apr
5.45,1,Good quality REVIEWED data,2009-04-22,2009,Apr
5.3,1,Good quality REVIEWED data,2009-04-23,2009,Apr
4.91,1,Good quality REVIEWED data,2009-04-24,2009,Apr
4.65,1,Good quality REVIEWED data,2009-04-25,2009,Apr
4.49,1,Good quality REVIEWED data,2009-04-26,2009,Apr
4.38,1,Good quality REVIEWED data,2009-04-27,2009,Apr
4.42,1,Good quality REVIEWED data,2009-04-28,2009,Apr
4.34,1,Good quality REVIEWED data,2009-04-29,2009,Apr
4.26,1,Good quality REVIEWED data,2009-04-30,2009,Apr
4.18,1,Good quality REVIEWED data,2009-05-01,2009,May
4.2,1,Good quality REVIEWED data,2009-05-02,2009,May
4.38,1,Good quality REVIEWED data,2009-05-03,2009,May
4.41,1,Good quality REVIEWED data,2009-05-04,2009,May
4.91,1,Good quality REVIEWED data,2009-05-05,2009,May
5.16,1,Good quality REVIEWED data,2009-05-06,2009,May
5.07,1,Good quality REVIEWED data,2009-05-07,2009,May
4.91,1,Good quality REVIEWED data,2009-05-08,2009,May
4.79,1,Good quality REVIEWED data,2009-05-09,2009,May
4.75,1,Good quality REVIEWED data,2009-05-10,2009,May
4.87,1,Good quality REVIEWED data,2009-05-11,2009,May
4.91,1,Good quality REVIEWED data,2009-05-12,2009,May
4.75,1,Good quality REVIEWED data,2009-05-13,2009,May
4.86,1,Good quality REVIEWED data,2009-05-14,2009,May
5.02,1,Good quality REVIEWED data,2009-05-15,2009,May
4.92,1,Good quality REVIEWED data,2009-05-16,2009,May
4.88,1,Good quality REVIEWED data,2009-05-17,2009,May
4.98,1,Good quality REVIEWED data,2009-05-18,2009,May
5.03,1,Good quality REVIEWED data,2009-05-19,2009,May
4.82,1,Good quality REVIEWED data,2009-05-20,2009,May
4.6,1,Good quality REVIEWED data,2009-05-21,2009,May
4.49,50,Estimated data,2009-05-22,2009,May
4.46,1,Good quality REVIEWED data,2009-05-23,2009,May
4.46,1,Good quality REVIEWED data,2009-05-24,2009,May
4.45,1,Good quality REVIEWED data,2009-05-25,2009,May
4.4,1,Good quality REVIEWED data,2009-05-26,2009,May
4.32,1,Good quality REVIEWED data,2009-05-27,2009,May
4.27,1,Good quality REVIEWED data,2009-05-28,2009,May
4.25,1,Good quality REVIEWED data,2009-05-29,2009,May
4.24,1,Good quality REVIEWED data,2009-05-30,2009,May
4.22,1,Good quality REVIEWED data,2009-05-31,2009,May
4.12,1,Good quality REVIEWED data,2009-06-01,2009,Jun
4.04,1,Good quality REVIEWED data,2009-06-02,2009,Jun
3.99,1,Good quality REVIEWED data,2009-06-03,2009,Jun
3.98,1,Good quality REVIEWED data,2009-06-04,2009,Jun
3.95,1,Good quality REVIEWED data,2009-06-05,2009,Jun
3.95,1,Good quality REVIEWED data,2009-06-06,2009,Jun
3.98,1,Good quality REVIEWED data,2009-06-07,2009,Jun
3.98,1,Good quality REVIEWED data,2009-06-08,2009,Jun
3.91,1,Good quality REVIEWED data,2009-06-09,2009,Jun
3.86,1,Good quality REVIEWED data,2009-06-10,2009,Jun
3.82,1,Good quality REVIEWED data,2009-06-11,2009,Jun
3.78,1,Good quality REVIEWED data,2009-06-12,2009,Jun
3.74,1,Good quality REVIEWED data,2009-06-13,2009,Jun
3.75,1,Good quality REVIEWED data,2009-06-14,2009,Jun
3.75,1,Good quality REVIEWED data,2009-06-15,2009,Jun
3.67,1,Good quality REVIEWED data,2009-06-16,2009,Jun
3.6,1,Good quality REVIEWED data,2009-06-17,2009,Jun
3.57,1,Good quality REVIEWED data,2009-06-18,2009,Jun
3.56,1,Good quality REVIEWED data,2009-06-19,2009,Jun
3.56,1,Good quality REVIEWED data,2009-06-20,2009,Jun
3.56,1,Good quality REVIEWED data,2009-06-21,2009,Jun
3.56,1,Good quality REVIEWED data,2009-06-22,2009,Jun
3.52,1,Good quality REVIEWED data,2009-06-23,2009,Jun
3.48,1,Good quality REVIEWED data,2009-06-24,2009,Jun
3.46,1,Good quality REVIEWED data,2009-06-25,2009,Jun
3.44,1,Good quality REVIEWED data,2009-06-26,2009,Jun
3.42,1,Good quality REVIEWED data,2009-06-27,2009,Jun
3.4,1,Good quality REVIEWED data,2009-06-28,2009,Jun
3.39,1,Good quality REVIEWED data,2009-06-29,2009,Jun
3.37,1,Good quality REVIEWED data,2009-06-30,2009,Jun
3.35,1,Good quality REVIEWED data,2009-07-01,2009,Jul
3.33,1,Good quality REVIEWED data,2009-07-02,2009,Jul
3.32,50,Estimated data,2009-07-03,2009,Jul
3.3,50,Estimated data,2009-07-04,2009,Jul
3.3,50,Estimated data,2009-07-05,2009,Jul
3.31,50,Estimated data,2009-07-06,2009,Jul
3.3,50,Estimated data,2009-07-07,2009,Jul
3.28,50,Estimated data,2009-07-08,2009,Jul
3.27,50,Estimated data,2009-07-09,2009,Jul
3.26,50,Estimated data,2009-07-10,2009,Jul
3.25,50,Estimated data,2009-07-11,2009,Jul
3.24,50,Estimated data,2009-07-12,2009,Jul
3.3,50,Estimated data,2009-07-13,2009,Jul
3.27,50,Estimated data,2009-07-14,2009,Jul
3.23,1,Good quality REVIEWED data,2009-07-15,2009,Jul
3.21,1,Good quality REVIEWED data,2009-07-16,2009,Jul
3.2,1,Good quality REVIEWED data,2009-07-17,2009,Jul
3.19,1,Good quality REVIEWED data,2009-07-18,2009,Jul
3.19,1,Good quality REVIEWED data,2009-07-19,2009,Jul
3.19,1,Good quality REVIEWED data,2009-07-20,2009,Jul
3.18,1,Good quality REVIEWED data,2009-07-21,2009,Jul
3.18,1,Good quality REVIEWED data,2009-07-22,2009,Jul
3.16,1,Good quality REVIEWED data,2009-07-23,2009,Jul
3.16,1,Good quality REVIEWED data,2009-07-24,2009,Jul
3.17,1,Good quality REVIEWED data,2009-07-25,2009,Jul
3.17,1,Good quality REVIEWED data,2009-07-26,2009,Jul
3.17,1,Good quality REVIEWED data,2009-07-27,2009,Jul
3.15,1,Good quality REVIEWED data,2009-07-28,2009,Jul
3.14,1,Good quality REVIEWED data,2009-07-29,2009,Jul
3.13,1,Good quality REVIEWED data,2009-07-30,2009,Jul
3.13,1,Good quality REVIEWED data,2009-07-31,2009,Jul
3.12,1,Good quality REVIEWED data,2009-08-01,2009,Aug
3.11,1,Good quality REVIEWED data,2009-08-02,2009,Aug
3.12,1,Good quality REVIEWED data,2009-08-03,2009,Aug
3.1,1,Good quality REVIEWED data,2009-08-04,2009,Aug
3.1,1,Good quality REVIEWED data,2009-08-05,2009,Aug
3.11,1,Good quality REVIEWED data,2009-08-06,2009,Aug
3.33,1,Good quality REVIEWED data,2009-08-07,2009,Aug
3.28,1,Good quality REVIEWED data,2009-08-08,2009,Aug
3.22,1,Good quality REVIEWED data,2009-08-09,2009,Aug
3.19,1,Good quality REVIEWED data,2009-08-10,2009,Aug
3.18,1,Good quality REVIEWED data,2009-08-11,2009,Aug
3.18,1,Good quality REVIEWED data,2009-08-12,2009,Aug
3.19,1,Good quality REVIEWED data,2009-08-13,2009,Aug
3.18,1,Good quality REVIEWED data,2009-08-14,2009,Aug
3.19,1,Good quality REVIEWED data,2009-08-15,2009,Aug
3.18,1,Good quality REVIEWED data,2009-08-16,2009,Aug
3.17,1,Good quality REVIEWED data,2009-08-17,2009,Aug
3.15,1,Good quality REVIEWED data,2009-08-18,2009,Aug
3.14,1,Good quality REVIEWED data,2009-08-19,2009,Aug
3.13,1,Good quality REVIEWED data,2009-08-20,2009,Aug
3.12,1,Good quality REVIEWED data,2009-08-21,2009,Aug
3.12,1,Good quality REVIEWED data,2009-08-22,2009,Aug
3.12,1,Good quality REVIEWED data,2009-08-23,2009,Aug
3.12,1,Good quality REVIEWED data,2009-08-24,2009,Aug
3.11,1,Good quality REVIEWED data,2009-08-25,2009,Aug
3.12,1,Good quality REVIEWED data,2009-08-26,2009,Aug
3.12,1,Good quality REVIEWED data,2009-08-27,2009,Aug
3.12,1,Good quality REVIEWED data,2009-08-28,2009,Aug
3.12,1,Good quality REVIEWED data,2009-08-29,2009,Aug
3.15,1,Good quality REVIEWED data,2009-08-30,2009,Aug
3.14,1,Good quality REVIEWED data,2009-08-31,2009,Aug
3.13,1,Good quality REVIEWED data,2009-09-01,2009,Sep
3.1,1,Good quality REVIEWED data,2009-09-02,2009,Sep
3.1,1,Good quality REVIEWED data,2009-09-03,2009,Sep
3.11,1,Good quality REVIEWED data,2009-09-04,2009,Sep
3.1,1,Good quality REVIEWED data,2009-09-05,2009,Sep
3.12,1,Good quality REVIEWED data,2009-09-06,2009,Sep
3.13,1,Good quality REVIEWED data,2009-09-07,2009,Sep
3.13,1,Good quality REVIEWED data,2009-09-08,2009,Sep
3.12,1,Good quality REVIEWED data,2009-09-09,2009,Sep
3.11,1,Good quality REVIEWED data,2009-09-10,2009,Sep
3.11,1,Good quality REVIEWED data,2009-09-11,2009,Sep
3.11,50,Estimated data,2009-09-12,2009,Sep
3.09,50,Estimated data,2009-09-13,2009,Sep
3.09,50,Estimated data,2009-09-14,2009,Sep
3.09,50,Estimated data,2009-09-15,2009,Sep
3.09,50,Estimated data,2009-09-16,2009,Sep
3.09,50,Estimated data,2009-09-17,2009,Sep
3.09,50,Estimated data,2009-09-18,2009,Sep
3.1,50,Estimated data,2009-09-19,2009,Sep
3.11,50,Estimated data,2009-09-20,2009,Sep
3.11,1,Good quality REVIEWED data,2009-09-21,2009,Sep
3.1,1,Good quality REVIEWED data,2009-09-22,2009,Sep
3.08,1,Good quality REVIEWED data,2009-09-23,2009,Sep
3.08,1,Good quality REVIEWED data,2009-09-24,2009,Sep
3.07,1,Good quality REVIEWED data,2009-09-25,2009,Sep
3.08,1,Good quality REVIEWED data,2009-09-26,2009,Sep
3.1,1,Good quality REVIEWED data,2009-09-27,2009,Sep
3.09,1,Good quality REVIEWED data,2009-09-28,2009,Sep
3.1,1,Good quality REVIEWED data,2009-09-29,2009,Sep
3.12,1,Good quality REVIEWED data,2009-09-30,2009,Sep
3.14,1,Good quality REVIEWED data,2009-10-01,2009,Oct
3.15,1,Good quality REVIEWED data,2009-10-02,2009,Oct
3.21,1,Good quality REVIEWED data,2009-10-03,2009,Oct
3.32,1,Good quality REVIEWED data,2009-10-04,2009,Oct
3.24,1,Good quality REVIEWED data,2009-10-05,2009,Oct
3.22,1,Good quality REVIEWED data,2009-10-06,2009,Oct
3.2,1,Good quality REVIEWED data,2009-10-07,2009,Oct
3.2,1,Good quality REVIEWED data,2009-10-08,2009,Oct
3.19,1,Good quality REVIEWED data,2009-10-09,2009,Oct
3.19,1,Good quality REVIEWED data,2009-10-10,2009,Oct
3.2,1,Good quality REVIEWED data,2009-10-11,2009,Oct
3.21,1,Good quality REVIEWED data,2009-10-12,2009,Oct
3.22,1,Good quality REVIEWED data,2009-10-13,2009,Oct
3.29,1,Good quality REVIEWED data,2009-10-14,2009,Oct
3.33,1,Good quality REVIEWED data,2009-10-15,2009,Oct
3.27,1,Good quality REVIEWED data,2009-10-16,2009,Oct
3.25,1,Good quality REVIEWED data,2009-10-17,2009,Oct
3.24,1,Good quality REVIEWED data,2009-10-18,2009,Oct
3.23,1,Good quality REVIEWED data,2009-10-19,2009,Oct
3.24,1,Good quality REVIEWED data,2009-10-20,2009,Oct
3.23,1,Good quality REVIEWED data,2009-10-21,2009,Oct
3.24,1,Good quality REVIEWED data,2009-10-22,2009,Oct
3.25,1,Good quality REVIEWED data,2009-10-23,2009,Oct
3.27,1,Good quality REVIEWED data,2009-10-24,2009,Oct
3.26,1,Good quality REVIEWED data,2009-10-25,2009,Oct
3.27,1,Good quality REVIEWED data,2009-10-26,2009,Oct
3.45,1,Good quality REVIEWED data,2009-10-27,2009,Oct
3.35,1,Good quality REVIEWED data,2009-10-28,2009,Oct
3.31,1,Good quality REVIEWED data,2009-10-29,2009,Oct
3.3,1,Good quality REVIEWED data,2009-10-30,2009,Oct
3.35,1,Good quality REVIEWED data,2009-10-31,2009,Oct
3.38,1,Good quality REVIEWED data,2009-11-01,2009,Nov
3.32,1,Good quality REVIEWED data,2009-11-02,2009,Nov
3.29,1,Good quality REVIEWED data,2009-11-03,2009,Nov
3.28,1,Good quality REVIEWED data,2009-11-04,2009,Nov
3.27,1,Good quality REVIEWED data,2009-11-05,2009,Nov
3.3,1,Good quality REVIEWED data,2009-11-06,2009,Nov
3.33,1,Good quality REVIEWED data,2009-11-07,2009,Nov
3.36,1,Good quality REVIEWED data,2009-11-08,2009,Nov
3.35,1,Good quality REVIEWED data,2009-11-09,2009,Nov
3.36,1,Good quality REVIEWED data,2009-11-10,2009,Nov
3.38,1,Good quality REVIEWED data,2009-11-11,2009,Nov
3.39,1,Good quality REVIEWED data,2009-11-12,2009,Nov
3.38,1,Good quality REVIEWED data,2009-11-13,2009,Nov
3.38,50,Estimated data,2009-11-14,2009,Nov
3.36,50,Estimated data,2009-11-15,2009,Nov
3.35,50,Estimated data,2009-11-16,2009,Nov
3.35,1,Good quality REVIEWED data,2009-11-17,2009,Nov
3.37,1,Good quality REVIEWED data,2009-11-18,2009,Nov
3.36,1,Good quality REVIEWED data,2009-11-19,2009,Nov
3.36,1,Good quality REVIEWED data,2009-11-20,2009,Nov
3.41,1,Good quality REVIEWED data,2009-11-21,2009,Nov
3.41,1,Good quality REVIEWED data,2009-11-22,2009,Nov
3.44,1,Good quality REVIEWED data,2009-11-23,2009,Nov
3.41,1,Good quality REVIEWED data,2009-11-24,2009,Nov
3.4,1,Good quality REVIEWED data,2009-11-25,2009,Nov
3.42,1,Good quality REVIEWED data,2009-11-26,2009,Nov
3.53,1,Good quality REVIEWED data,2009-11-27,2009,Nov
3.65,1,Good quality REVIEWED data,2009-11-28,2009,Nov
3.58,1,Good quality REVIEWED data,2009-11-29,2009,Nov
3.53,1,Good quality REVIEWED data,2009-11-30,2009,Nov
3.5,1,Good quality REVIEWED data,2009-12-01,2009,Dec
3.46,1,Good quality REVIEWED data,2009-12-02,2009,Dec
3.43,1,Good quality REVIEWED data,2009-12-03,2009,Dec
3.41,1,Good quality REVIEWED data,2009-12-04,2009,Dec
3.39,50,Estimated data,2009-12-05,2009,Dec
3.36,1,Good quality REVIEWED data,2009-12-06,2009,Dec
3.73,50,Estimated data,2009-12-12,2009,Dec
3.84,50,Estimated data,2009-12-13,2009,Dec
3.82,50,Estimated data,2009-12-14,2009,Dec
3.68,50,Estimated data,2009-12-15,2009,Dec
3.88,50,Estimated data,2009-12-16,2009,Dec
3.75,50,Estimated data,2009-12-17,2009,Dec
3.55,1,Good quality REVIEWED data,2009-12-18,2009,Dec
3.53,1,Good quality REVIEWED data,2009-12-19,2009,Dec
3.6,1,Good quality REVIEWED data,2009-12-20,2009,Dec
3.72,1,Good quality REVIEWED data,2009-12-21,2009,Dec
3.86,1,Good quality REVIEWED data,2009-12-22,2009,Dec
3.75,1,Good quality REVIEWED data,2009-12-23,2009,Dec
3.66,1,Good quality REVIEWED data,2009-12-24,2009,Dec
3.6,1,Good quality REVIEWED data,2009-12-25,2009,Dec
3.54,1,Good quality REVIEWED data,2009-12-26,2009,Dec
3.5,1,Good quality REVIEWED data,2009-12-27,2009,Dec
3.47,1,Good quality REVIEWED data,2009-12-28,2009,Dec
3.45,1,Good quality REVIEWED data,2009-12-29,2009,Dec
3.44,1,Good quality REVIEWED data,2009-12-30,2009,Dec
3.43,1,Good quality REVIEWED data,2009-12-31,2009,Dec
3.53,1,Good quality REVIEWED data,2010-01-01,2010,Jan
3.62,1,Good quality REVIEWED data,2010-01-02,2010,Jan
3.59,1,Good quality REVIEWED data,2010-01-03,2010,Jan
3.59,1,Good quality REVIEWED data,2010-01-04,2010,Jan
4.32,1,Good quality REVIEWED data,2010-01-05,2010,Jan
4.63,1,Good quality REVIEWED data,2010-01-06,2010,Jan
4.22,1,Good quality REVIEWED data,2010-01-07,2010,Jan
4,1,Good quality REVIEWED data,2010-01-08,2010,Jan
3.87,1,Good quality REVIEWED data,2010-01-09,2010,Jan
3.79,1,Good quality REVIEWED data,2010-01-10,2010,Jan
3.73,1,Good quality REVIEWED data,2010-01-11,2010,Jan
3.75,1,Good quality REVIEWED data,2010-01-12,2010,Jan
3.81,1,Good quality REVIEWED data,2010-01-13,2010,Jan
3.94,1,Good quality REVIEWED data,2010-01-14,2010,Jan
3.93,1,Good quality REVIEWED data,2010-01-15,2010,Jan
3.89,1,Good quality REVIEWED data,2010-01-16,2010,Jan
3.83,1,Good quality REVIEWED data,2010-01-17,2010,Jan
3.8,1,Good quality REVIEWED data,2010-01-18,2010,Jan
3.77,1,Good quality REVIEWED data,2010-01-19,2010,Jan
3.73,1,Good quality REVIEWED data,2010-01-20,2010,Jan
3.69,1,Good quality REVIEWED data,2010-01-21,2010,Jan
3.65,1,Good quality REVIEWED data,2010-01-22,2010,Jan
3.68,1,Good quality REVIEWED data,2010-01-23,2010,Jan
3.66,1,Good quality REVIEWED data,2010-01-24,2010,Jan
3.62,1,Good quality REVIEWED data,2010-01-25,2010,Jan
3.66,1,Good quality REVIEWED data,2010-01-26,2010,Jan
3.73,1,Good quality REVIEWED data,2010-01-27,2010,Jan
3.73,1,Good quality REVIEWED data,2010-01-28,2010,Jan
3.72,1,Good quality REVIEWED data,2010-01-29,2010,Jan
3.71,1,Good quality REVIEWED data,2010-01-30,2010,Jan
3.75,1,Good quality REVIEWED data,2010-01-31,2010,Jan
3.76,1,Good quality REVIEWED data,2010-02-01,2010,Feb
3.76,1,Good quality REVIEWED data,2010-02-02,2010,Feb
3.76,1,Good quality REVIEWED data,2010-02-03,2010,Feb
3.75,1,Good quality REVIEWED data,2010-02-04,2010,Feb
3.77,1,Good quality REVIEWED data,2010-02-05,2010,Feb
3.8,1,Good quality REVIEWED data,2010-02-06,2010,Feb
3.76,1,Good quality REVIEWED data,2010-02-07,2010,Feb
3.72,1,Good quality REVIEWED data,2010-02-08,2010,Feb
3.7,1,Good quality REVIEWED data,2010-02-09,2010,Feb
3.68,1,Good quality REVIEWED data,2010-02-10,2010,Feb
3.66,1,Good quality REVIEWED data,2010-02-11,2010,Feb
3.7,1,Good quality REVIEWED data,2010-02-12,2010,Feb
3.71,1,Good quality REVIEWED data,2010-02-13,2010,Feb
3.71,1,Good quality REVIEWED data,2010-02-14,2010,Feb
3.78,1,Good quality REVIEWED data,2010-02-15,2010,Feb
3.8,1,Good quality REVIEWED data,2010-02-16,2010,Feb
3.82,1,Good quality REVIEWED data,2010-02-17,2010,Feb
3.81,1,Good quality REVIEWED data,2010-02-18,2010,Feb
3.78,1,Good quality REVIEWED data,2010-02-19,2010,Feb
3.74,1,Good quality REVIEWED data,2010-02-20,2010,Feb
3.7,1,Good quality REVIEWED data,2010-02-21,2010,Feb
3.66,1,Good quality REVIEWED data,2010-02-22,2010,Feb
3.64,1,Good quality REVIEWED data,2010-02-23,2010,Feb
3.65,1,Good quality REVIEWED data,2010-02-24,2010,Feb
3.66,1,Good quality REVIEWED data,2010-02-25,2010,Feb
3.64,1,Good quality REVIEWED data,2010-02-26,2010,Feb
3.65,1,Good quality REVIEWED data,2010-02-27,2010,Feb
3.64,1,Good quality REVIEWED data,2010-02-28,2010,Feb
3.62,1,Good quality REVIEWED data,2010-03-01,2010,Mar
3.6,1,Good quality REVIEWED data,2010-03-02,2010,Mar
3.61,1,Good quality REVIEWED data,2010-03-03,2010,Mar
3.61,1,Good quality REVIEWED data,2010-03-04,2010,Mar
3.59,1,Good quality REVIEWED data,2010-03-05,2010,Mar
3.57,1,Good quality REVIEWED data,2010-03-06,2010,Mar
3.55,1,Good quality REVIEWED data,2010-03-07,2010,Mar
3.55,1,Good quality REVIEWED data,2010-03-08,2010,Mar
3.53,1,Good quality REVIEWED data,2010-03-09,2010,Mar
3.5,1,Good quality REVIEWED data,2010-03-10,2010,Mar
3.48,1,Good quality REVIEWED data,2010-03-11,2010,Mar
3.48,1,Good quality REVIEWED data,2010-03-12,2010,Mar
3.49,1,Good quality REVIEWED data,2010-03-13,2010,Mar
3.46,1,Good quality REVIEWED data,2010-03-14,2010,Mar
3.44,1,Good quality REVIEWED data,2010-03-15,2010,Mar
3.43,1,Good quality REVIEWED data,2010-03-16,2010,Mar
3.43,1,Good quality REVIEWED data,2010-03-17,2010,Mar
3.43,1,Good quality REVIEWED data,2010-03-18,2010,Mar
3.42,1,Good quality REVIEWED data,2010-03-19,2010,Mar
3.42,1,Good quality REVIEWED data,2010-03-20,2010,Mar
3.43,1,Good quality REVIEWED data,2010-03-21,2010,Mar
3.47,1,Good quality REVIEWED data,2010-03-22,2010,Mar
3.44,1,Good quality REVIEWED data,2010-03-23,2010,Mar
3.43,1,Good quality REVIEWED data,2010-03-24,2010,Mar
3.44,1,Good quality REVIEWED data,2010-03-25,2010,Mar
3.5,1,Good quality REVIEWED data,2010-03-26,2010,Mar
3.5,1,Good quality REVIEWED data,2010-03-27,2010,Mar
3.49,1,Good quality REVIEWED data,2010-03-28,2010,Mar
3.69,1,Good quality REVIEWED data,2010-03-29,2010,Mar
4.58,1,Good quality REVIEWED data,2010-03-30,2010,Mar
4.44,1,Good quality REVIEWED data,2010-03-31,2010,Mar
4.25,1,Good quality REVIEWED data,2010-04-01,2010,Apr
4.12,1,Good quality REVIEWED data,2010-04-02,2010,Apr
4.05,1,Good quality REVIEWED data,2010-04-03,2010,Apr
3.96,1,Good quality REVIEWED data,2010-04-04,2010,Apr
3.92,1,Good quality REVIEWED data,2010-04-05,2010,Apr
3.89,1,Good quality REVIEWED data,2010-04-06,2010,Apr
3.92,1,Good quality REVIEWED data,2010-04-07,2010,Apr
4.12,1,Good quality REVIEWED data,2010-04-08,2010,Apr
4.17,1,Good quality REVIEWED data,2010-04-09,2010,Apr
4.11,1,Good quality REVIEWED data,2010-04-10,2010,Apr
4.03,1,Good quality REVIEWED data,2010-04-11,2010,Apr
4,1,Good quality REVIEWED data,2010-04-12,2010,Apr
3.98,1,Good quality REVIEWED data,2010-04-13,2010,Apr
3.95,1,Good quality REVIEWED data,2010-04-14,2010,Apr
3.9,1,Good quality REVIEWED data,2010-04-15,2010,Apr
3.89,1,Good quality REVIEWED data,2010-04-16,2010,Apr
3.92,1,Good quality REVIEWED data,2010-04-17,2010,Apr
3.99,1,Good quality REVIEWED data,2010-04-18,2010,Apr
4,1,Good quality REVIEWED data,2010-04-19,2010,Apr
4.04,1,Good quality REVIEWED data,2010-04-20,2010,Apr
4.11,1,Good quality REVIEWED data,2010-04-21,2010,Apr
4.05,1,Good quality REVIEWED data,2010-04-22,2010,Apr
3.97,1,Good quality REVIEWED data,2010-04-23,2010,Apr
3.9,1,Good quality REVIEWED data,2010-04-24,2010,Apr
3.82,1,Good quality REVIEWED data,2010-04-25,2010,Apr
3.76,1,Good quality REVIEWED data,2010-04-26,2010,Apr
3.8,1,Good quality REVIEWED data,2010-04-27,2010,Apr
4.34,1,Good quality REVIEWED data,2010-04-28,2010,Apr
4.38,1,Good quality REVIEWED data,2010-04-29,2010,Apr
4.29,1,Good quality REVIEWED data,2010-04-30,2010,Apr
4.24,1,Good quality REVIEWED data,2010-05-01,2010,May
4.22,1,Good quality REVIEWED data,2010-05-02,2010,May
4.26,1,Good quality REVIEWED data,2010-05-03,2010,May
4.39,1,Good quality REVIEWED data,2010-05-04,2010,May
4.32,1,Good quality REVIEWED data,2010-05-05,2010,May
4.22,1,Good quality REVIEWED data,2010-05-06,2010,May
4.11,1,Good quality REVIEWED data,2010-05-07,2010,May
4.04,1,Good quality REVIEWED data,2010-05-08,2010,May
3.98,1,Good quality REVIEWED data,2010-05-09,2010,May
3.93,1,Good quality REVIEWED data,2010-05-10,2010,May
3.89,1,Good quality REVIEWED data,2010-05-11,2010,May
3.85,1,Good quality REVIEWED data,2010-05-12,2010,May
3.82,1,Good quality REVIEWED data,2010-05-13,2010,May
3.81,1,Good quality REVIEWED data,2010-05-14,2010,May
3.8,1,Good quality REVIEWED data,2010-05-15,2010,May
3.83,1,Good quality REVIEWED data,2010-05-16,2010,May
3.86,1,Good quality REVIEWED data,2010-05-17,2010,May
4.02,1,Good quality REVIEWED data,2010-05-18,2010,May
4,1,Good quality REVIEWED data,2010-05-19,2010,May
4.21,1,Good quality REVIEWED data,2010-05-20,2010,May
4.08,1,Good quality REVIEWED data,2010-05-21,2010,May
4.05,1,Good quality REVIEWED data,2010-05-22,2010,May
3.98,1,Good quality REVIEWED data,2010-05-23,2010,May
3.92,1,Good quality REVIEWED data,2010-05-24,2010,May
3.87,1,Good quality REVIEWED data,2010-05-25,2010,May
3.82,1,Good quality REVIEWED data,2010-05-26,2010,May
3.8,1,Good quality REVIEWED data,2010-05-27,2010,May
3.85,1,Good quality REVIEWED data,2010-05-28,2010,May
3.82,1,Good quality REVIEWED data,2010-05-29,2010,May
3.79,1,Good quality REVIEWED data,2010-05-30,2010,May
3.79,1,Good quality REVIEWED data,2010-05-31,2010,May
3.79,1,Good quality REVIEWED data,2010-06-01,2010,Jun
3.95,1,Good quality REVIEWED data,2010-06-02,2010,Jun
5,1,Good quality REVIEWED data,2010-06-03,2010,Jun
4.99,1,Good quality REVIEWED data,2010-06-04,2010,Jun
4.77,1,Good quality REVIEWED data,2010-06-05,2010,Jun
4.52,1,Good quality REVIEWED data,2010-06-06,2010,Jun
4.43,1,Good quality REVIEWED data,2010-06-07,2010,Jun
4.3,1,Good quality REVIEWED data,2010-06-08,2010,Jun
4.22,1,Good quality REVIEWED data,2010-06-09,2010,Jun
4.15,1,Good quality REVIEWED data,2010-06-10,2010,Jun
4.05,1,Good quality REVIEWED data,2010-06-11,2010,Jun
3.95,1,Good quality REVIEWED data,2010-06-12,2010,Jun
3.85,1,Good quality REVIEWED data,2010-06-13,2010,Jun
3.76,1,Good quality REVIEWED data,2010-06-14,2010,Jun
3.68,1,Good quality REVIEWED data,2010-06-15,2010,Jun
3.66,1,Good quality REVIEWED data,2010-06-16,2010,Jun
3.62,1,Good quality REVIEWED data,2010-06-17,2010,Jun
3.56,1,Good quality REVIEWED data,2010-06-18,2010,Jun
3.52,1,Good quality REVIEWED data,2010-06-19,2010,Jun
3.55,1,Good quality REVIEWED data,2010-06-20,2010,Jun
3.51,1,Good quality REVIEWED data,2010-06-21,2010,Jun
3.47,1,Good quality REVIEWED data,2010-06-22,2010,Jun
3.44,1,Good quality REVIEWED data,2010-06-23,2010,Jun
3.41,1,Good quality REVIEWED data,2010-06-24,2010,Jun
3.39,1,Good quality REVIEWED data,2010-06-25,2010,Jun
3.35,1,Good quality REVIEWED data,2010-06-26,2010,Jun
3.32,1,Good quality REVIEWED data,2010-06-27,2010,Jun
3.3,1,Good quality REVIEWED data,2010-06-28,2010,Jun
3.27,1,Good quality REVIEWED data,2010-06-29,2010,Jun
3.25,1,Good quality REVIEWED data,2010-06-30,2010,Jun
3.23,1,Good quality REVIEWED data,2010-07-01,2010,Jul
3.23,1,Good quality REVIEWED data,2010-07-02,2010,Jul
3.23,1,Good quality REVIEWED data,2010-07-03,2010,Jul
3.21,1,Good quality REVIEWED data,2010-07-04,2010,Jul
3.19,1,Good quality REVIEWED data,2010-07-05,2010,Jul
3.17,1,Good quality REVIEWED data,2010-07-06,2010,Jul
3.14,1,Good quality REVIEWED data,2010-07-07,2010,Jul
3.12,1,Good quality REVIEWED data,2010-07-08,2010,Jul
3.11,1,Good quality REVIEWED data,2010-07-09,2010,Jul
3.09,1,Good quality REVIEWED data,2010-07-10,2010,Jul
3.08,1,Good quality REVIEWED data,2010-07-11,2010,Jul
3.07,1,Good quality REVIEWED data,2010-07-12,2010,Jul
3.07,1,Good quality REVIEWED data,2010-07-13,2010,Jul
3.07,1,Good quality REVIEWED data,2010-07-14,2010,Jul
3.06,1,Good quality REVIEWED data,2010-07-15,2010,Jul
3.05,1,Good quality REVIEWED data,2010-07-16,2010,Jul
3.03,1,Good quality REVIEWED data,2010-07-17,2010,Jul
3.04,1,Good quality REVIEWED data,2010-07-18,2010,Jul
3.04,1,Good quality REVIEWED data,2010-07-19,2010,Jul
3.04,1,Good quality REVIEWED data,2010-07-20,2010,Jul
3.03,1,Good quality REVIEWED data,2010-07-21,2010,Jul
3.03,1,Good quality REVIEWED data,2010-07-22,2010,Jul
3.02,1,Good quality REVIEWED data,2010-07-23,2010,Jul
3.02,1,Good quality REVIEWED data,2010-07-24,2010,Jul
3.02,1,Good quality REVIEWED data,2010-07-25,2010,Jul
3,1,Good quality REVIEWED data,2010-07-26,2010,Jul
3,1,Good quality REVIEWED data,2010-07-27,2010,Jul
3.03,1,Good quality REVIEWED data,2010-07-28,2010,Jul
3.06,1,Good quality REVIEWED data,2010-07-29,2010,Jul
3.03,1,Good quality REVIEWED data,2010-07-30,2010,Jul
3.02,1,Good quality REVIEWED data,2010-07-31,2010,Jul
3.02,1,Good quality REVIEWED data,2010-08-01,2010,Aug
3.02,1,Good quality REVIEWED data,2010-08-02,2010,Aug
3,1,Good quality REVIEWED data,2010-08-03,2010,Aug
3.01,1,Good quality REVIEWED data,2010-08-04,2010,Aug
3.01,1,Good quality REVIEWED data,2010-08-05,2010,Aug
3,1,Good quality REVIEWED data,2010-08-06,2010,Aug
3,1,Good quality REVIEWED data,2010-08-07,2010,Aug
3,1,Good quality REVIEWED data,2010-08-08,2010,Aug
3,1,Good quality REVIEWED data,2010-08-09,2010,Aug
3,1,Good quality REVIEWED data,2010-08-10,2010,Aug
3.01,1,Good quality REVIEWED data,2010-08-11,2010,Aug
3.02,1,Good quality REVIEWED data,2010-08-12,2010,Aug
3.01,1,Good quality REVIEWED data,2010-08-13,2010,Aug
3,1,Good quality REVIEWED data,2010-08-14,2010,Aug
2.99,1,Good quality REVIEWED data,2010-08-15,2010,Aug
2.98,1,Good quality REVIEWED data,2010-08-16,2010,Aug
2.97,1,Good quality REVIEWED data,2010-08-17,2010,Aug
2.96,1,Good quality REVIEWED data,2010-08-18,2010,Aug
2.97,1,Good quality REVIEWED data,2010-08-19,2010,Aug
2.96,1,Good quality REVIEWED data,2010-08-20,2010,Aug
2.97,1,Good quality REVIEWED data,2010-08-21,2010,Aug
2.98,1,Good quality REVIEWED data,2010-08-22,2010,Aug
3,1,Good quality REVIEWED data,2010-08-23,2010,Aug
2.99,1,Good quality REVIEWED data,2010-08-24,2010,Aug
2.97,1,Good quality REVIEWED data,2010-08-25,2010,Aug
2.95,1,Good quality REVIEWED data,2010-08-26,2010,Aug
2.96,1,Good quality REVIEWED data,2010-08-27,2010,Aug
2.97,1,Good quality REVIEWED data,2010-08-28,2010,Aug
2.99,1,Good quality REVIEWED data,2010-08-29,2010,Aug
2.99,1,Good quality REVIEWED data,2010-08-30,2010,Aug
3.02,1,Good quality REVIEWED data,2010-08-31,2010,Aug
3.09,1,Good quality REVIEWED data,2010-09-01,2010,Sep
3.07,1,Good quality REVIEWED data,2010-09-02,2010,Sep
3.01,1,Good quality REVIEWED data,2010-09-03,2010,Sep
2.99,1,Good quality REVIEWED data,2010-09-04,2010,Sep
2.98,1,Good quality REVIEWED data,2010-09-05,2010,Sep
2.98,1,Good quality REVIEWED data,2010-09-06,2010,Sep
2.99,1,Good quality REVIEWED data,2010-09-07,2010,Sep
3,1,Good quality REVIEWED data,2010-09-08,2010,Sep
3.04,1,Good quality REVIEWED data,2010-09-09,2010,Sep
3.04,1,Good quality REVIEWED data,2010-09-10,2010,Sep
3.02,1,Good quality REVIEWED data,2010-09-11,2010,Sep
3.01,1,Good quality REVIEWED data,2010-09-12,2010,Sep
2.99,1,Good quality REVIEWED data,2010-09-13,2010,Sep
2.97,1,Good quality REVIEWED data,2010-09-14,2010,Sep
2.97,1,Good quality REVIEWED data,2010-09-15,2010,Sep
2.97,1,Good quality REVIEWED data,2010-09-16,2010,Sep
2.97,1,Good quality REVIEWED data,2010-09-17,2010,Sep
3,1,Good quality REVIEWED data,2010-09-18,2010,Sep
3.04,1,Good quality REVIEWED data,2010-09-19,2010,Sep
3.08,1,Good quality REVIEWED data,2010-09-20,2010,Sep
3.07,1,Good quality REVIEWED data,2010-09-21,2010,Sep
3.04,1,Good quality REVIEWED data,2010-09-22,2010,Sep
3.03,1,Good quality REVIEWED data,2010-09-23,2010,Sep
3.04,1,Good quality REVIEWED data,2010-09-24,2010,Sep
3.03,1,Good quality REVIEWED data,2010-09-25,2010,Sep
3.02,1,Good quality REVIEWED data,2010-09-26,2010,Sep
3.01,1,Good quality REVIEWED data,2010-09-27,2010,Sep
3,1,Good quality REVIEWED data,2010-09-28,2010,Sep
3,1,Good quality REVIEWED data,2010-09-29,2010,Sep
3.01,1,Good quality REVIEWED data,2010-09-30,2010,Sep
3.01,1,Good quality REVIEWED data,2010-10-01,2010,Oct
3,1,Good quality REVIEWED data,2010-10-02,2010,Oct
3,1,Good quality REVIEWED data,2010-10-03,2010,Oct
3.04,1,Good quality REVIEWED data,2010-10-04,2010,Oct
3.04,1,Good quality REVIEWED data,2010-10-05,2010,Oct
3.03,1,Good quality REVIEWED data,2010-10-06,2010,Oct
3.06,1,Good quality REVIEWED data,2010-10-07,2010,Oct
3.1,1,Good quality REVIEWED data,2010-10-08,2010,Oct
3.06,1,Good quality REVIEWED data,2010-10-09,2010,Oct
3.07,1,Good quality REVIEWED data,2010-10-10,2010,Oct
3.13,1,Good quality REVIEWED data,2010-10-11,2010,Oct
3.08,1,Good quality REVIEWED data,2010-10-12,2010,Oct
3.06,1,Good quality REVIEWED data,2010-10-13,2010,Oct
3.06,1,Good quality REVIEWED data,2010-10-14,2010,Oct
3.05,1,Good quality REVIEWED data,2010-10-15,2010,Oct
3.05,1,Good quality REVIEWED data,2010-10-16,2010,Oct
3.06,1,Good quality REVIEWED data,2010-10-17,2010,Oct
3.06,1,Good quality REVIEWED data,2010-10-18,2010,Oct
3.06,82,Linear interpolation across gap in records.,2010-10-19,2010,Oct
3.06,1,Good quality REVIEWED data,2010-10-20,2010,Oct
3.07,1,Good quality REVIEWED data,2010-10-21,2010,Oct
3.07,1,Good quality REVIEWED data,2010-10-22,2010,Oct
3.08,1,Good quality REVIEWED data,2010-10-23,2010,Oct
3.14,1,Good quality REVIEWED data,2010-10-24,2010,Oct
3.31,1,Good quality REVIEWED data,2010-10-25,2010,Oct
3.3,1,Good quality REVIEWED data,2010-10-26,2010,Oct
3.23,1,Good quality REVIEWED data,2010-10-27,2010,Oct
3.2,1,Good quality REVIEWED data,2010-10-28,2010,Oct
3.19,1,Good quality REVIEWED data,2010-10-29,2010,Oct
3.19,1,Good quality REVIEWED data,2010-10-30,2010,Oct
3.23,1,Good quality REVIEWED data,2010-10-31,2010,Oct
3.25,1,Good quality REVIEWED data,2010-11-01,2010,Nov
3.22,1,Good quality REVIEWED data,2010-11-02,2010,Nov
3.21,1,Good quality REVIEWED data,2010-11-03,2010,Nov
3.2,1,Good quality REVIEWED data,2010-11-04,2010,Nov
3.18,1,Good quality REVIEWED data,2010-11-05,2010,Nov
3.17,1,Good quality REVIEWED data,2010-11-06,2010,Nov
3.21,1,Good quality REVIEWED data,2010-11-07,2010,Nov
3.28,1,Good quality REVIEWED data,2010-11-08,2010,Nov
3.22,1,Good quality REVIEWED data,2010-11-09,2010,Nov
3.21,1,Good quality REVIEWED data,2010-11-10,2010,Nov
3.2,1,Good quality REVIEWED data,2010-11-11,2010,Nov
3.19,1,Good quality REVIEWED data,2010-11-12,2010,Nov
3.19,1,Good quality REVIEWED data,2010-11-13,2010,Nov
3.2,1,Good quality REVIEWED data,2010-11-14,2010,Nov
3.22,1,Good quality REVIEWED data,2010-11-15,2010,Nov
3.22,1,Good quality REVIEWED data,2010-11-16,2010,Nov
3.21,1,Good quality REVIEWED data,2010-11-17,2010,Nov
3.26,1,Good quality REVIEWED data,2010-11-18,2010,Nov
3.26,1,Good quality REVIEWED data,2010-11-19,2010,Nov
3.23,1,Good quality REVIEWED data,2010-11-20,2010,Nov
3.22,1,Good quality REVIEWED data,2010-11-21,2010,Nov
3.23,1,Good quality REVIEWED data,2010-11-22,2010,Nov
3.22,1,Good quality REVIEWED data,2010-11-23,2010,Nov
3.23,50,,2010-11-27,2010,Nov
3.21,50,,2010-11-28,2010,Nov
3.2,50,,2010-11-29,2010,Nov
3.21,50,,2010-11-30,2010,Nov
3.44,50,,2010-12-01,2010,Dec
3.57,50,,2010-12-03,2010,Dec
3.49,50,,2010-12-04,2010,Dec
3.43,50,,2010-12-05,2010,Dec
3.39,50,,2010-12-06,2010,Dec
3.36,50,,2010-12-07,2010,Dec
3.38,50,,2010-12-08,2010,Dec
3.56,50,,2010-12-09,2010,Dec
3.86,50,,2010-12-10,2010,Dec
3.79,50,,2010-12-11,2010,Dec
3.86,50,,2010-12-12,2010,Dec
4.37,50,,2010-12-13,2010,Dec
4.69,50,,2010-12-14,2010,Dec
4.49,50,,2010-12-15,2010,Dec
4.16,50,,2010-12-16,2010,Dec
3.95,50,,2010-12-17,2010,Dec
3.82,50,,2010-12-18,2010,Dec
3.71,50,,2010-12-19,2010,Dec
3.63,50,,2010-12-20,2010,Dec
3.55,50,,2010-12-21,2010,Dec
3.49,50,,2010-12-22,2010,Dec
3.46,50,,2010-12-23,2010,Dec
3.42,50,,2010-12-24,2010,Dec
3.41,50,,2010-12-25,2010,Dec
3.43,50,,2010-12-26,2010,Dec
3.45,50,,2010-12-27,2010,Dec
3.81,50,,2010-12-28,2010,Dec
4.66,50,,2010-12-29,2010,Dec
4.28,50,,2010-12-30,2010,Dec
3.99,50,,2010-12-31,2010,Dec
3.85,50,,2011-01-01,2011,Jan
4.01,50,,2011-01-02,2011,Jan
3.86,50,,2011-01-03,2011,Jan
3.75,50,,2011-01-04,2011,Jan
3.64,50,,2011-01-05,2011,Jan
3.61,50,,2011-01-06,2011,Jan
3.9,50,,2011-01-07,2011,Jan
4.12,50,,2011-01-08,2011,Jan
4.05,50,,2011-01-09,2011,Jan
3.93,50,,2011-01-10,2011,Jan
3.81,50,,2011-01-11,2011,Jan
3.77,1,Good quality REVIEWED data,2011-01-12,2011,Jan
3.99,1,Good quality REVIEWED data,2011-01-13,2011,Jan
4.47,1,Good quality REVIEWED data,2011-01-14,2011,Jan
4.7,1,Good quality REVIEWED data,2011-01-15,2011,Jan
5.68,1,Good quality REVIEWED data,2011-01-16,2011,Jan
6.29,1,Good quality REVIEWED data,2011-01-17,2011,Jan
5.53,1,Good quality REVIEWED data,2011-01-18,2011,Jan
5,1,Good quality REVIEWED data,2011-01-19,2011,Jan
4.73,1,Good quality REVIEWED data,2011-01-20,2011,Jan
4.71,1,Good quality REVIEWED data,2011-01-21,2011,Jan
5.26,1,Good quality REVIEWED data,2011-01-22,2011,Jan
5.01,1,Good quality REVIEWED data,2011-01-23,2011,Jan
4.75,1,Good quality REVIEWED data,2011-01-24,2011,Jan
4.61,1,Good quality REVIEWED data,2011-01-25,2011,Jan
4.43,1,Good quality REVIEWED data,2011-01-26,2011,Jan
4.29,1,Good quality REVIEWED data,2011-01-27,2011,Jan
4.2,1,Good quality REVIEWED data,2011-01-28,2011,Jan
4.11,1,Good quality REVIEWED data,2011-01-29,2011,Jan
4.02,1,Good quality REVIEWED data,2011-01-30,2011,Jan
3.93,1,Good quality REVIEWED data,2011-01-31,2011,Jan
3.78,1,Good quality REVIEWED data,2011-02-01,2011,Feb
3.68,1,Good quality REVIEWED data,2011-02-02,2011,Feb
3.64,1,Good quality REVIEWED data,2011-02-03,2011,Feb
3.62,1,Good quality REVIEWED data,2011-02-04,2011,Feb
3.66,1,Good quality REVIEWED data,2011-02-05,2011,Feb
3.65,1,Good quality REVIEWED data,2011-02-06,2011,Feb
3.67,1,Good quality REVIEWED data,2011-02-07,2011,Feb
3.68,1,Good quality REVIEWED data,2011-02-08,2011,Feb
3.57,1,Good quality REVIEWED data,2011-02-09,2011,Feb
3.59,1,Good quality REVIEWED data,2011-02-10,2011,Feb
3.62,1,Good quality REVIEWED data,2011-02-11,2011,Feb
3.64,1,Good quality REVIEWED data,2011-02-12,2011,Feb
3.68,1,Good quality REVIEWED data,2011-02-13,2011,Feb
3.69,1,Good quality REVIEWED data,2011-02-14,2011,Feb
3.86,1,Good quality REVIEWED data,2011-02-15,2011,Feb
4.12,1,Good quality REVIEWED data,2011-02-16,2011,Feb
4.13,1,Good quality REVIEWED data,2011-02-17,2011,Feb
4.1,1,Good quality REVIEWED data,2011-02-18,2011,Feb
4.03,1,Good quality REVIEWED data,2011-02-19,2011,Feb
4,1,Good quality REVIEWED data,2011-02-20,2011,Feb
3.93,1,Good quality REVIEWED data,2011-02-21,2011,Feb
3.85,1,Good quality REVIEWED data,2011-02-22,2011,Feb
3.81,1,Good quality REVIEWED data,2011-02-23,2011,Feb
3.77,1,Good quality REVIEWED data,2011-02-24,2011,Feb
3.7,1,Good quality REVIEWED data,2011-02-25,2011,Feb
3.49,1,Good quality REVIEWED data,2011-02-26,2011,Feb
3.7,1,Good quality REVIEWED data,2011-02-27,2011,Feb
3.69,1,Good quality REVIEWED data,2011-02-28,2011,Feb
3.77,1,Good quality REVIEWED data,2011-03-01,2011,Mar
3.86,1,Good quality REVIEWED data,2011-03-02,2011,Mar
4.38,1,Good quality REVIEWED data,2011-03-03,2011,Mar
4.45,1,Good quality REVIEWED data,2011-03-04,2011,Mar
4.49,1,Good quality REVIEWED data,2011-03-05,2011,Mar
4.66,1,Good quality REVIEWED data,2011-03-06,2011,Mar
4.61,1,Good quality REVIEWED data,2011-03-07,2011,Mar
4.46,1,Good quality REVIEWED data,2011-03-08,2011,Mar
4.51,1,Good quality REVIEWED data,2011-03-09,2011,Mar
5.58,1,Good quality REVIEWED data,2011-03-10,2011,Mar
5.79,1,Good quality REVIEWED data,2011-03-11,2011,Mar
5.22,1,Good quality REVIEWED data,2011-03-12,2011,Mar
5.05,50,,2011-03-13,2011,Mar
5.48,1,Good quality REVIEWED data,2011-03-14,2011,Mar
5.37,1,Good quality REVIEWED data,2011-03-15,2011,Mar
5.83,1,Good quality REVIEWED data,2011-03-16,2011,Mar
5.44,1,Good quality REVIEWED data,2011-03-17,2011,Mar
5.06,1,Good quality REVIEWED data,2011-03-18,2011,Mar
4.85,1,Good quality REVIEWED data,2011-03-19,2011,Mar
4.69,1,Good quality REVIEWED data,2011-03-20,2011,Mar
4.81,1,Good quality REVIEWED data,2011-03-21,2011,Mar
4.77,1,Good quality REVIEWED data,2011-03-22,2011,Mar
4.68,1,Good quality REVIEWED data,2011-03-23,2011,Mar
4.64,1,Good quality REVIEWED data,2011-03-24,2011,Mar
4.51,1,Good quality REVIEWED data,2011-03-25,2011,Mar
4.45,1,Good quality REVIEWED data,2011-03-26,2011,Mar
4.42,1,Good quality REVIEWED data,2011-03-27,2011,Mar
4.44,1,Good quality REVIEWED data,2011-03-28,2011,Mar
4.34,1,Good quality REVIEWED data,2011-03-29,2011,Mar
4.83,1,Good quality REVIEWED data,2011-03-30,2011,Mar
5.23,1,Good quality REVIEWED data,2011-03-31,2011,Mar
5.37,1,Good quality REVIEWED data,2011-04-01,2011,Apr
5.8,1,Good quality REVIEWED data,2011-04-02,2011,Apr
5.71,1,Good quality REVIEWED data,2011-04-03,2011,Apr
5.36,1,Good quality REVIEWED data,2011-04-04,2011,Apr
7,1,Good quality REVIEWED data,2011-04-05,2011,Apr
6.29,1,Good quality REVIEWED data,2011-04-06,2011,Apr
5.69,1,Good quality REVIEWED data,2011-04-07,2011,Apr
5.22,1,Good quality REVIEWED data,2011-04-08,2011,Apr
4.9,1,Good quality REVIEWED data,2011-04-09,2011,Apr
4.69,1,Good quality REVIEWED data,2011-04-10,2011,Apr
4.77,1,Good quality REVIEWED data,2011-04-11,2011,Apr
4.71,1,Good quality REVIEWED data,2011-04-12,2011,Apr
4.61,1,Good quality REVIEWED data,2011-04-13,2011,Apr
4.49,1,Good quality REVIEWED data,2011-04-14,2011,Apr
4.39,1,Good quality REVIEWED data,2011-04-15,2011,Apr
4.49,1,Good quality REVIEWED data,2011-04-16,2011,Apr
4.57,1,Good quality REVIEWED data,2011-04-17,2011,Apr
4.5,1,Good quality REVIEWED data,2011-04-18,2011,Apr
4.36,1,Good quality REVIEWED data,2011-04-19,2011,Apr
4.21,1,Good quality REVIEWED data,2011-04-20,2011,Apr
4.15,1,Good quality REVIEWED data,2011-04-21,2011,Apr
4.06,1,Good quality REVIEWED data,2011-04-22,2011,Apr
3.98,1,Good quality REVIEWED data,2011-04-23,2011,Apr
3.94,1,Good quality REVIEWED data,2011-04-24,2011,Apr
4.04,1,Good quality REVIEWED data,2011-04-25,2011,Apr
4.05,1,Good quality REVIEWED data,2011-04-26,2011,Apr
3.96,1,Good quality REVIEWED data,2011-04-27,2011,Apr
4.04,1,Good quality REVIEWED data,2011-04-28,2011,Apr
4.02,1,Good quality REVIEWED data,2011-04-29,2011,Apr
3.97,1,Good quality REVIEWED data,2011-04-30,2011,Apr
3.93,1,Good quality REVIEWED data,2011-05-01,2011,May
3.92,1,Good quality REVIEWED data,2011-05-02,2011,May
3.96,1,Good quality REVIEWED data,2011-05-03,2011,May
3.88,1,Good quality REVIEWED data,2011-05-04,2011,May
3.87,1,Good quality REVIEWED data,2011-05-05,2011,May
3.95,1,Good quality REVIEWED data,2011-05-06,2011,May
4.13,1,Good quality REVIEWED data,2011-05-07,2011,May
4.17,1,Good quality REVIEWED data,2011-05-08,2011,May
4.12,1,Good quality REVIEWED data,2011-05-09,2011,May
4.02,1,Good quality REVIEWED data,2011-05-10,2011,May
4.02,1,Good quality REVIEWED data,2011-05-11,2011,May
4.15,1,Good quality REVIEWED data,2011-05-12,2011,May
4.1,1,Good quality REVIEWED data,2011-05-13,2011,May
4.24,1,Good quality REVIEWED data,2011-05-14,2011,May
4.68,1,Good quality REVIEWED data,2011-05-15,2011,May
4.93,1,Good quality REVIEWED data,2011-05-16,2011,May
4.79,1,Good quality REVIEWED data,2011-05-17,2011,May
4.57,1,Good quality REVIEWED data,2011-05-18,2011,May
4.35,1,Good quality REVIEWED data,2011-05-19,2011,May
4.24,1,Good quality REVIEWED data,2011-05-20,2011,May
4.2,1,Good quality REVIEWED data,2011-05-21,2011,May
4.17,1,Good quality REVIEWED data,2011-05-22,2011,May
4.1,1,Good quality REVIEWED data,2011-05-23,2011,May
4.03,1,Good quality REVIEWED data,2011-05-24,2011,May
3.94,1,Good quality REVIEWED data,2011-05-25,2011,May
4.64,1,Good quality REVIEWED data,2011-05-26,2011,May
4.5,1,Good quality REVIEWED data,2011-05-27,2011,May
4.35,1,Good quality REVIEWED data,2011-05-28,2011,May
4.2,1,Good quality REVIEWED data,2011-05-29,2011,May
4.08,1,Good quality REVIEWED data,2011-05-30,2011,May
4.04,1,Good quality REVIEWED data,2011-05-31,2011,May
4.02,1,Good quality REVIEWED data,2011-06-01,2011,Jun
4.39,1,Good quality REVIEWED data,2011-06-02,2011,Jun
4.51,1,Good quality REVIEWED data,2011-06-03,2011,Jun
4.37,1,Good quality REVIEWED data,2011-06-04,2011,Jun
4.27,1,Good quality REVIEWED data,2011-06-05,2011,Jun
4.26,1,Good quality REVIEWED data,2011-06-06,2011,Jun
4.19,1,Good quality REVIEWED data,2011-06-07,2011,Jun
4.09,1,Good quality REVIEWED data,2011-06-08,2011,Jun
3.96,1,Good quality REVIEWED data,2011-06-09,2011,Jun
3.86,1,Good quality REVIEWED data,2011-06-10,2011,Jun
3.8,1,Good quality REVIEWED data,2011-06-11,2011,Jun
3.76,1,Good quality REVIEWED data,2011-06-12,2011,Jun
3.72,1,Good quality REVIEWED data,2011-06-13,2011,Jun
3.66,1,Good quality REVIEWED data,2011-06-14,2011,Jun
3.62,1,Good quality REVIEWED data,2011-06-15,2011,Jun
3.57,1,Good quality REVIEWED data,2011-06-16,2011,Jun
3.5,1,Good quality REVIEWED data,2011-06-17,2011,Jun
3.49,1,Good quality REVIEWED data,2011-06-18,2011,Jun
3.48,1,Good quality REVIEWED data,2011-06-19,2011,Jun
3.41,1,Good quality REVIEWED data,2011-06-20,2011,Jun
3.36,1,Good quality REVIEWED data,2011-06-21,2011,Jun
3.31,1,Good quality REVIEWED data,2011-06-22,2011,Jun
3.29,1,Good quality REVIEWED data,2011-06-23,2011,Jun
3.25,1,Good quality REVIEWED data,2011-06-24,2011,Jun
3.2,1,Good quality REVIEWED data,2011-06-25,2011,Jun
3.16,1,Good quality REVIEWED data,2011-06-26,2011,Jun
3.12,1,Good quality REVIEWED data,2011-06-27,2011,Jun
3.08,1,Good quality REVIEWED data,2011-06-28,2011,Jun
3.08,1,Good quality REVIEWED data,2011-06-29,2011,Jun
3.07,1,Good quality REVIEWED data,2011-06-30,2011,Jun
3.04,1,Good quality REVIEWED data,2011-07-01,2011,Jul
3.01,1,Good quality REVIEWED data,2011-07-02,2011,Jul
2.98,1,Good quality REVIEWED data,2011-07-03,2011,Jul
2.95,1,Good quality REVIEWED data,2011-07-04,2011,Jul
2.93,1,Good quality REVIEWED data,2011-07-05,2011,Jul
2.89,1,Good quality REVIEWED data,2011-07-06,2011,Jul
2.87,1,Good quality REVIEWED data,2011-07-07,2011,Jul
2.85,1,Good quality REVIEWED data,2011-07-08,2011,Jul
2.85,1,Good quality REVIEWED data,2011-07-09,2011,Jul
2.83,1,Good quality REVIEWED data,2011-07-10,2011,Jul
2.82,1,Good quality REVIEWED data,2011-07-11,2011,Jul
2.81,1,Good quality REVIEWED data,2011-07-12,2011,Jul
2.84,1,Good quality REVIEWED data,2011-07-13,2011,Jul
2.83,1,Good quality REVIEWED data,2011-07-14,2011,Jul
2.81,1,Good quality REVIEWED data,2011-07-15,2011,Jul
2.83,1,Good quality REVIEWED data,2011-07-16,2011,Jul
2.86,1,Good quality REVIEWED data,2011-07-17,2011,Jul
2.8,1,Good quality REVIEWED data,2011-07-18,2011,Jul
2.78,1,Good quality REVIEWED data,2011-07-19,2011,Jul
2.83,1,Good quality REVIEWED data,2011-07-20,2011,Jul
2.77,1,Good quality REVIEWED data,2011-07-21,2011,Jul
2.74,1,Good quality REVIEWED data,2011-07-22,2011,Jul
2.72,1,Good quality REVIEWED data,2011-07-23,2011,Jul
2.71,1,Good quality REVIEWED data,2011-07-24,2011,Jul
2.69,1,Good quality REVIEWED data,2011-07-25,2011,Jul
2.7,1,Good quality REVIEWED data,2011-07-26,2011,Jul
2.68,1,Good quality REVIEWED data,2011-07-27,2011,Jul
2.66,1,Good quality REVIEWED data,2011-07-28,2011,Jul
2.64,1,Good quality REVIEWED data,2011-07-29,2011,Jul
2.62,1,Good quality REVIEWED data,2011-07-30,2011,Jul
2.62,1,Good quality REVIEWED data,2011-07-31,2011,Jul
2.6,1,Good quality REVIEWED data,2011-08-01,2011,Aug
2.6,1,Good quality REVIEWED data,2011-08-02,2011,Aug
2.58,1,Good quality REVIEWED data,2011-08-03,2011,Aug
2.58,1,Good quality REVIEWED data,2011-08-04,2011,Aug
2.57,1,Good quality REVIEWED data,2011-08-05,2011,Aug
2.56,1,Good quality REVIEWED data,2011-08-06,2011,Aug
2.57,1,Good quality REVIEWED data,2011-08-07,2011,Aug
2.56,1,Good quality REVIEWED data,2011-08-08,2011,Aug
2.55,1,Good quality REVIEWED data,2011-08-09,2011,Aug
2.55,1,Good quality REVIEWED data,2011-08-10,2011,Aug
2.54,1,Good quality REVIEWED data,2011-08-11,2011,Aug
2.54,1,Good quality REVIEWED data,2011-08-12,2011,Aug
2.53,1,Good quality REVIEWED data,2011-08-13,2011,Aug
2.53,1,Good quality REVIEWED data,2011-08-14,2011,Aug
2.53,1,Good quality REVIEWED data,2011-08-15,2011,Aug
2.54,1,Good quality REVIEWED data,2011-08-16,2011,Aug
2.53,1,Good quality REVIEWED data,2011-08-17,2011,Aug
2.51,1,Good quality REVIEWED data,2011-08-18,2011,Aug
2.53,1,Good quality REVIEWED data,2011-08-19,2011,Aug
2.53,1,Good quality REVIEWED data,2011-08-20,2011,Aug
2.52,1,Good quality REVIEWED data,2011-08-21,2011,Aug
2.51,1,Good quality REVIEWED data,2011-08-22,2011,Aug
2.5,1,Good quality REVIEWED data,2011-08-23,2011,Aug
2.51,1,Good quality REVIEWED data,2011-08-24,2011,Aug
2.51,1,Good quality REVIEWED data,2011-08-25,2011,Aug
2.51,1,Good quality REVIEWED data,2011-08-26,2011,Aug
2.5,1,Good quality REVIEWED data,2011-08-27,2011,Aug
2.5,1,Good quality REVIEWED data,2011-08-28,2011,Aug
2.52,1,Good quality REVIEWED data,2011-08-29,2011,Aug
2.51,1,Good quality REVIEWED data,2011-08-30,2011,Aug
2.53,1,Good quality REVIEWED data,2011-08-31,2011,Aug
2.55,1,Good quality REVIEWED data,2011-09-01,2011,Sep
2.53,1,Good quality REVIEWED data,2011-09-02,2011,Sep
2.52,1,Good quality REVIEWED data,2011-09-03,2011,Sep
2.52,1,Good quality REVIEWED data,2011-09-04,2011,Sep
2.52,1,Good quality REVIEWED data,2011-09-05,2011,Sep
2.5,1,Good quality REVIEWED data,2011-09-06,2011,Sep
2.5,1,Good quality REVIEWED data,2011-09-07,2011,Sep
2.48,1,Good quality REVIEWED data,2011-09-08,2011,Sep
2.48,1,Good quality REVIEWED data,2011-09-09,2011,Sep
2.48,1,Good quality REVIEWED data,2011-09-10,2011,Sep
2.49,1,Good quality REVIEWED data,2011-09-11,2011,Sep
2.48,1,Good quality REVIEWED data,2011-09-12,2011,Sep
2.47,1,Good quality REVIEWED data,2011-09-13,2011,Sep
2.47,1,Good quality REVIEWED data,2011-09-14,2011,Sep
2.5,1,Good quality REVIEWED data,2011-09-15,2011,Sep
2.53,1,Good quality REVIEWED data,2011-09-16,2011,Sep
2.54,1,Good quality REVIEWED data,2011-09-17,2011,Sep
2.55,1,Good quality REVIEWED data,2011-09-18,2011,Sep
2.54,1,Good quality REVIEWED data,2011-09-19,2011,Sep
2.55,1,Good quality REVIEWED data,2011-09-20,2011,Sep
2.55,1,Good quality REVIEWED data,2011-09-21,2011,Sep
2.53,1,Good quality REVIEWED data,2011-09-22,2011,Sep
2.52,1,Good quality REVIEWED data,2011-09-23,2011,Sep
2.51,1,Good quality REVIEWED data,2011-09-24,2011,Sep
2.53,1,Good quality REVIEWED data,2011-09-25,2011,Sep
2.56,1,Good quality REVIEWED data,2011-09-26,2011,Sep
2.57,1,Good quality REVIEWED data,2011-09-27,2011,Sep
2.57,1,Good quality REVIEWED data,2011-09-28,2011,Sep
2.56,1,Good quality REVIEWED data,2011-09-29,2011,Sep
2.56,1,Good quality REVIEWED data,2011-09-30,2011,Sep
2.55,1,Good quality REVIEWED data,2011-10-01,2011,Oct
2.55,1,Good quality REVIEWED data,2011-10-02,2011,Oct
2.56,1,Good quality REVIEWED data,2011-10-03,2011,Oct
2.57,1,Good quality REVIEWED data,2011-10-04,2011,Oct
2.62,1,Good quality REVIEWED data,2011-10-05,2011,Oct
2.72,1,Good quality REVIEWED data,2011-10-06,2011,Oct
2.7,1,Good quality REVIEWED data,2011-10-07,2011,Oct
2.65,1,Good quality REVIEWED data,2011-10-08,2011,Oct
2.63,1,Good quality REVIEWED data,2011-10-09,2011,Oct
2.63,1,Good quality REVIEWED data,2011-10-10,2011,Oct
2.74,1,Good quality REVIEWED data,2011-10-11,2011,Oct
2.77,1,Good quality REVIEWED data,2011-10-12,2011,Oct
2.67,1,Good quality REVIEWED data,2011-10-13,2011,Oct
2.67,1,Good quality REVIEWED data,2011-10-14,2011,Oct
2.67,1,Good quality REVIEWED data,2011-10-15,2011,Oct
2.71,1,Good quality REVIEWED data,2011-10-16,2011,Oct
2.71,1,Good quality REVIEWED data,2011-10-17,2011,Oct
2.67,1,Good quality REVIEWED data,2011-10-18,2011,Oct
2.66,1,Good quality REVIEWED data,2011-10-19,2011,Oct
2.65,1,Good quality REVIEWED data,2011-10-20,2011,Oct
2.65,1,Good quality REVIEWED data,2011-10-21,2011,Oct
2.65,1,Good quality REVIEWED data,2011-10-22,2011,Oct
2.65,1,Good quality REVIEWED data,2011-10-23,2011,Oct
2.65,1,Good quality REVIEWED data,2011-10-24,2011,Oct
2.65,1,Good quality REVIEWED data,2011-10-25,2011,Oct
2.67,1,Good quality REVIEWED data,2011-10-26,2011,Oct
2.66,1,Good quality REVIEWED data,2011-10-27,2011,Oct
2.66,1,Good quality REVIEWED data,2011-10-28,2011,Oct
2.67,1,Good quality REVIEWED data,2011-10-29,2011,Oct
2.67,1,Good quality REVIEWED data,2011-10-30,2011,Oct
2.75,1,Good quality REVIEWED data,2011-10-31,2011,Oct
2.73,1,Good quality REVIEWED data,2011-11-01,2011,Nov
2.7,1,Good quality REVIEWED data,2011-11-02,2011,Nov
2.7,1,Good quality REVIEWED data,2011-11-03,2011,Nov
2.74,1,Good quality REVIEWED data,2011-11-04,2011,Nov
2.73,1,Good quality REVIEWED data,2011-11-05,2011,Nov
2.71,1,Good quality REVIEWED data,2011-11-06,2011,Nov
2.71,1,Good quality REVIEWED data,2011-11-07,2011,Nov
2.71,1,Good quality REVIEWED data,2011-11-08,2011,Nov
2.71,1,Good quality REVIEWED data,2011-11-09,2011,Nov
2.71,1,Good quality REVIEWED data,2011-11-10,2011,Nov
2.72,1,Good quality REVIEWED data,2011-11-11,2011,Nov
2.78,1,Good quality REVIEWED data,2011-11-12,2011,Nov
2.82,1,Good quality REVIEWED data,2011-11-13,2011,Nov
2.79,1,Good quality REVIEWED data,2011-11-14,2011,Nov
2.77,1,Good quality REVIEWED data,2011-11-15,2011,Nov
2.75,1,Good quality REVIEWED data,2011-11-16,2011,Nov
2.82,1,Good quality REVIEWED data,2011-11-17,2011,Nov
2.87,1,Good quality REVIEWED data,2011-11-18,2011,Nov
2.83,1,Good quality REVIEWED data,2011-11-19,2011,Nov
2.79,1,Good quality REVIEWED data,2011-11-20,2011,Nov
2.78,1,Good quality REVIEWED data,2011-11-21,2011,Nov
2.83,1,Good quality REVIEWED data,2011-11-22,2011,Nov
2.91,1,Good quality REVIEWED data,2011-11-23,2011,Nov
2.93,1,Good quality REVIEWED data,2011-11-24,2011,Nov
2.93,1,Good quality REVIEWED data,2011-11-25,2011,Nov
2.88,1,Good quality REVIEWED data,2011-11-26,2011,Nov
2.84,1,Good quality REVIEWED data,2011-11-27,2011,Nov
2.85,1,Good quality REVIEWED data,2011-11-28,2011,Nov
2.84,1,Good quality REVIEWED data,2011-11-29,2011,Nov
2.84,1,Good quality REVIEWED data,2011-11-30,2011,Nov
2.82,1,Good quality REVIEWED data,2011-12-01,2011,Dec
2.8,1,Good quality REVIEWED data,2011-12-02,2011,Dec
2.78,1,Good quality REVIEWED data,2011-12-03,2011,Dec
2.78,1,Good quality REVIEWED data,2011-12-04,2011,Dec
2.76,1,Good quality REVIEWED data,2011-12-05,2011,Dec
2.75,1,Good quality REVIEWED data,2011-12-06,2011,Dec
2.75,1,Good quality REVIEWED data,2011-12-07,2011,Dec
2.74,1,Good quality REVIEWED data,2011-12-08,2011,Dec
2.72,1,Good quality REVIEWED data,2011-12-09,2011,Dec
2.72,1,Good quality REVIEWED data,2011-12-10,2011,Dec
2.72,1,Good quality REVIEWED data,2011-12-11,2011,Dec
2.72,82,Linear interpolation across gap in records.,2011-12-12,2011,Dec
2.7,1,Good quality REVIEWED data,2011-12-13,2011,Dec
2.71,1,Good quality REVIEWED data,2011-12-14,2011,Dec
2.72,1,Good quality REVIEWED data,2011-12-15,2011,Dec
2.72,1,Good quality REVIEWED data,2011-12-16,2011,Dec
2.71,1,Good quality REVIEWED data,2011-12-17,2011,Dec
2.72,1,Good quality REVIEWED data,2011-12-18,2011,Dec
2.72,1,Good quality REVIEWED data,2011-12-19,2011,Dec
2.71,1,Good quality REVIEWED data,2011-12-20,2011,Dec
2.72,1,Good quality REVIEWED data,2011-12-21,2011,Dec
2.69,1,Good quality REVIEWED data,2011-12-22,2011,Dec
2.7,1,Good quality REVIEWED data,2011-12-23,2011,Dec
2.71,1,Good quality REVIEWED data,2011-12-24,2011,Dec
2.71,1,Good quality REVIEWED data,2011-12-25,2011,Dec
2.71,1,Good quality REVIEWED data,2011-12-26,2011,Dec
2.71,1,Good quality REVIEWED data,2011-12-27,2011,Dec
2.83,1,Good quality REVIEWED data,2011-12-28,2011,Dec
3.65,1,Good quality REVIEWED data,2011-12-29,2011,Dec
4.39,1,Good quality REVIEWED data,2011-12-30,2011,Dec
4.37,1,Good quality REVIEWED data,2011-12-31,2011,Dec
3.78,1,Good quality REVIEWED data,2012-01-01,2012,Jan
3.5,1,Good quality REVIEWED data,2012-01-02,2012,Jan
3.34,1,Good quality REVIEWED data,2012-01-03,2012,Jan
3.24,1,Good quality REVIEWED data,2012-01-04,2012,Jan
3.18,1,Good quality REVIEWED data,2012-01-05,2012,Jan
3.12,1,Good quality REVIEWED data,2012-01-06,2012,Jan
3.08,1,Good quality REVIEWED data,2012-01-07,2012,Jan
3.04,1,Good quality REVIEWED data,2012-01-08,2012,Jan
3,1,Good quality REVIEWED data,2012-01-09,2012,Jan
3.09,1,Good quality REVIEWED data,2012-01-10,2012,Jan
3.05,1,Good quality REVIEWED data,2012-01-11,2012,Jan
2.99,1,Good quality REVIEWED data,2012-01-12,2012,Jan
2.99,1,Good quality REVIEWED data,2012-01-13,2012,Jan
2.99,1,Good quality REVIEWED data,2012-01-14,2012,Jan
2.98,1,Good quality REVIEWED data,2012-01-15,2012,Jan
2.96,1,Good quality REVIEWED data,2012-01-16,2012,Jan
2.95,1,Good quality REVIEWED data,2012-01-17,2012,Jan
2.98,1,Good quality REVIEWED data,2012-01-18,2012,Jan
3.18,1,Good quality REVIEWED data,2012-01-19,2012,Jan
4.45,1,Good quality REVIEWED data,2012-01-20,2012,Jan
4.93,1,Good quality REVIEWED data,2012-01-21,2012,Jan
4.59,1,Good quality REVIEWED data,2012-01-22,2012,Jan
4.19,1,Good quality REVIEWED data,2012-01-23,2012,Jan
3.9,1,Good quality REVIEWED data,2012-01-24,2012,Jan
4.03,1,Good quality REVIEWED data,2012-01-25,2012,Jan
4.14,1,Good quality REVIEWED data,2012-01-26,2012,Jan
4.14,1,Good quality REVIEWED data,2012-01-27,2012,Jan
3.92,1,Good quality REVIEWED data,2012-01-28,2012,Jan
3.75,1,Good quality REVIEWED data,2012-01-29,2012,Jan
4.61,1,Good quality REVIEWED data,2012-01-30,2012,Jan
4.77,1,Good quality REVIEWED data,2012-01-31,2012,Jan
4.56,1,Good quality REVIEWED data,2012-02-01,2012,Feb
4.52,1,Good quality REVIEWED data,2012-02-02,2012,Feb
4.22,1,Good quality REVIEWED data,2012-02-03,2012,Feb
3.99,1,Good quality REVIEWED data,2012-02-04,2012,Feb
3.8,1,Good quality REVIEWED data,2012-02-05,2012,Feb
3.66,1,Good quality REVIEWED data,2012-02-06,2012,Feb
3.55,1,Good quality REVIEWED data,2012-02-07,2012,Feb
3.46,1,Good quality REVIEWED data,2012-02-08,2012,Feb
3.4,1,Good quality REVIEWED data,2012-02-09,2012,Feb
3.41,1,Good quality REVIEWED data,2012-02-10,2012,Feb
3.49,1,Good quality REVIEWED data,2012-02-11,2012,Feb
3.55,1,Good quality REVIEWED data,2012-02-12,2012,Feb
3.52,1,Good quality REVIEWED data,2012-02-13,2012,Feb
3.47,1,Good quality REVIEWED data,2012-02-14,2012,Feb
3.41,1,Good quality REVIEWED data,2012-02-15,2012,Feb
3.34,1,Good quality REVIEWED data,2012-02-16,2012,Feb
3.29,1,Good quality REVIEWED data,2012-02-17,2012,Feb
3.34,1,Good quality REVIEWED data,2012-02-18,2012,Feb
3.34,1,Good quality REVIEWED data,2012-02-19,2012,Feb
3.31,1,Good quality REVIEWED data,2012-02-20,2012,Feb
4.39,1,Good quality REVIEWED data,2012-02-21,2012,Feb
5.68,1,Good quality REVIEWED data,2012-02-22,2012,Feb
4.96,1,Good quality REVIEWED data,2012-02-23,2012,Feb
4.42,1,Good quality REVIEWED data,2012-02-24,2012,Feb
4.22,1,Good quality REVIEWED data,2012-02-25,2012,Feb
3.97,1,Good quality REVIEWED data,2012-02-26,2012,Feb
3.81,1,Good quality REVIEWED data,2012-02-27,2012,Feb
3.68,1,Good quality REVIEWED data,2012-02-28,2012,Feb
3.62,1,Good quality REVIEWED data,2012-02-29,2012,Feb
3.52,1,Good quality REVIEWED data,2012-03-01,2012,Mar
3.42,1,Good quality REVIEWED data,2012-03-02,2012,Mar
3.36,1,Good quality REVIEWED data,2012-03-03,2012,Mar
3.45,1,Good quality REVIEWED data,2012-03-04,2012,Mar
3.54,1,Good quality REVIEWED data,2012-03-05,2012,Mar
3.79,1,Good quality REVIEWED data,2012-03-06,2012,Mar
3.71,1,Good quality REVIEWED data,2012-03-07,2012,Mar
3.63,1,Good quality REVIEWED data,2012-03-08,2012,Mar
3.57,1,Good quality REVIEWED data,2012-03-09,2012,Mar
3.57,1,Good quality REVIEWED data,2012-03-10,2012,Mar
3.69,1,Good quality REVIEWED data,2012-03-11,2012,Mar
3.76,1,Good quality REVIEWED data,2012-03-12,2012,Mar
3.93,1,Good quality REVIEWED data,2012-03-13,2012,Mar
3.95,1,Good quality REVIEWED data,2012-03-14,2012,Mar
4.22,1,Good quality REVIEWED data,2012-03-15,2012,Mar
5.89,1,Good quality REVIEWED data,2012-03-16,2012,Mar
5.67,1,Good quality REVIEWED data,2012-03-17,2012,Mar
4.93,1,Good quality REVIEWED data,2012-03-18,2012,Mar
4.5,1,Good quality REVIEWED data,2012-03-19,2012,Mar
4.4,1,Good quality REVIEWED data,2012-03-20,2012,Mar
4.85,1,Good quality REVIEWED data,2012-03-21,2012,Mar
5.24,1,Good quality REVIEWED data,2012-03-22,2012,Mar
5.16,1,Good quality REVIEWED data,2012-03-23,2012,Mar
4.94,1,Good quality REVIEWED data,2012-03-24,2012,Mar
4.91,1,Good quality REVIEWED data,2012-03-25,2012,Mar
5.31,1,Good quality REVIEWED data,2012-03-26,2012,Mar
5.29,1,Good quality REVIEWED data,2012-03-27,2012,Mar
5.39,1,Good quality REVIEWED data,2012-03-28,2012,Mar
5.25,1,Good quality REVIEWED data,2012-03-29,2012,Mar
5.67,1,Good quality REVIEWED data,2012-03-30,2012,Mar
6.27,1,Good quality REVIEWED data,2012-03-31,2012,Mar
5.76,1,Good quality REVIEWED data,2012-04-01,2012,Apr
5.29,1,Good quality REVIEWED data,2012-04-02,2012,Apr
4.92,1,Good quality REVIEWED data,2012-04-03,2012,Apr
4.75,1,Good quality REVIEWED data,2012-04-04,2012,Apr
4.6,1,Good quality REVIEWED data,2012-04-05,2012,Apr
4.47,1,Good quality REVIEWED data,2012-04-06,2012,Apr
4.34,1,Good quality REVIEWED data,2012-04-07,2012,Apr
4.25,1,Good quality REVIEWED data,2012-04-08,2012,Apr
4.19,1,Good quality REVIEWED data,2012-04-09,2012,Apr
4.19,1,Good quality REVIEWED data,2012-04-10,2012,Apr
4.27,1,Good quality REVIEWED data,2012-04-11,2012,Apr
4.32,1,Good quality REVIEWED data,2012-04-12,2012,Apr
4.27,1,Good quality REVIEWED data,2012-04-13,2012,Apr
4.13,1,Good quality REVIEWED data,2012-04-14,2012,Apr
4.02,1,Good quality REVIEWED data,2012-04-15,2012,Apr
4.02,1,Good quality REVIEWED data,2012-04-16,2012,Apr
4.13,1,Good quality REVIEWED data,2012-04-17,2012,Apr
4.24,1,Good quality REVIEWED data,2012-04-18,2012,Apr
4.2,1,Good quality REVIEWED data,2012-04-19,2012,Apr
4.26,1,Good quality REVIEWED data,2012-04-20,2012,Apr
4.35,1,Good quality REVIEWED data,2012-04-21,2012,Apr
4.38,1,Good quality REVIEWED data,2012-04-22,2012,Apr
4.6,1,Good quality REVIEWED data,2012-04-23,2012,Apr
4.8,1,Good quality REVIEWED data,2012-04-24,2012,Apr
4.63,1,Good quality REVIEWED data,2012-04-25,2012,Apr
4.83,1,Good quality REVIEWED data,2012-04-26,2012,Apr
4.8,1,Good quality REVIEWED data,2012-04-27,2012,Apr
4.45,1,Good quality REVIEWED data,2012-04-28,2012,Apr
4.2,1,Good quality REVIEWED data,2012-04-29,2012,Apr
4.19,1,Good quality REVIEWED data,2012-04-30,2012,Apr
4.09,1,Good quality REVIEWED data,2012-05-01,2012,May
3.98,1,Good quality REVIEWED data,2012-05-02,2012,May
3.95,1,Good quality REVIEWED data,2012-05-03,2012,May
4.11,1,Good quality REVIEWED data,2012-05-04,2012,May
4.01,1,Good quality REVIEWED data,2012-05-05,2012,May
3.91,1,Good quality REVIEWED data,2012-05-06,2012,May
3.81,1,Good quality REVIEWED data,2012-05-07,2012,May
3.74,1,Good quality REVIEWED data,2012-05-08,2012,May
3.7,1,Good quality REVIEWED data,2012-05-09,2012,May
3.62,1,Good quality REVIEWED data,2012-05-10,2012,May
3.53,1,Good quality REVIEWED data,2012-05-11,2012,May
3.45,1,Good quality REVIEWED data,2012-05-12,2012,May
3.4,1,Good quality REVIEWED data,2012-05-13,2012,May
3.39,1,Good quality REVIEWED data,2012-05-14,2012,May
3.43,1,Good quality REVIEWED data,2012-05-15,2012,May
3.45,1,Good quality REVIEWED data,2012-05-16,2012,May
3.41,1,Good quality REVIEWED data,2012-05-17,2012,May
3.32,1,Good quality REVIEWED data,2012-05-18,2012,May
3.24,1,Good quality REVIEWED data,2012-05-19,2012,May
3.18,1,Good quality REVIEWED data,2012-05-20,2012,May
3.18,1,Good quality REVIEWED data,2012-05-21,2012,May
3.18,1,Good quality REVIEWED data,2012-05-22,2012,May
3.18,1,Good quality REVIEWED data,2012-05-23,2012,May
3.14,1,Good quality REVIEWED data,2012-05-24,2012,May
3.09,1,Good quality REVIEWED data,2012-05-25,2012,May
3.03,1,Good quality REVIEWED data,2012-05-26,2012,May
3,1,Good quality REVIEWED data,2012-05-27,2012,May
2.95,1,Good quality REVIEWED data,2012-05-28,2012,May
2.95,1,Good quality REVIEWED data,2012-05-29,2012,May
2.92,1,Good quality REVIEWED data,2012-05-30,2012,May
2.9,1,Good quality REVIEWED data,2012-05-31,2012,May
2.9,1,Good quality REVIEWED data,2012-06-01,2012,Jun
2.94,1,Good quality REVIEWED data,2012-06-02,2012,Jun
2.92,1,Good quality REVIEWED data,2012-06-03,2012,Jun
2.95,1,Good quality REVIEWED data,2012-06-04,2012,Jun
3.22,1,Good quality REVIEWED data,2012-06-05,2012,Jun
3.09,1,Good quality REVIEWED data,2012-06-06,2012,Jun
3.01,1,Good quality REVIEWED data,2012-06-07,2012,Jun
3.04,1,Good quality REVIEWED data,2012-06-08,2012,Jun
3.01,1,Good quality REVIEWED data,2012-06-09,2012,Jun
3.04,1,Good quality REVIEWED data,2012-06-10,2012,Jun
2.99,1,Good quality REVIEWED data,2012-06-11,2012,Jun
2.94,1,Good quality REVIEWED data,2012-06-12,2012,Jun
2.91,1,Good quality REVIEWED data,2012-06-13,2012,Jun
2.87,1,Good quality REVIEWED data,2012-06-14,2012,Jun
2.84,1,Good quality REVIEWED data,2012-06-15,2012,Jun
2.81,1,Good quality REVIEWED data,2012-06-16,2012,Jun
2.8,1,Good quality REVIEWED data,2012-06-17,2012,Jun
2.8,1,Good quality REVIEWED data,2012-06-18,2012,Jun
2.81,1,Good quality REVIEWED data,2012-06-19,2012,Jun
2.76,1,Good quality REVIEWED data,2012-06-20,2012,Jun
2.73,1,Good quality REVIEWED data,2012-06-21,2012,Jun
2.71,1,Good quality REVIEWED data,2012-06-22,2012,Jun
2.76,1,Good quality REVIEWED data,2012-06-23,2012,Jun
2.72,1,Good quality REVIEWED data,2012-06-24,2012,Jun
2.69,1,Good quality REVIEWED data,2012-06-25,2012,Jun
2.9,1,Good quality REVIEWED data,2012-06-26,2012,Jun
2.99,1,Good quality REVIEWED data,2012-06-27,2012,Jun
2.86,1,Good quality REVIEWED data,2012-06-28,2012,Jun
2.8,1,Good quality REVIEWED data,2012-06-29,2012,Jun
2.76,1,Good quality REVIEWED data,2012-06-30,2012,Jun
2.79,1,Good quality REVIEWED data,2012-07-01,2012,Jul
2.74,1,Good quality REVIEWED data,2012-07-02,2012,Jul
2.7,1,Good quality REVIEWED data,2012-07-03,2012,Jul
2.68,1,Good quality REVIEWED data,2012-07-04,2012,Jul
2.67,1,Good quality REVIEWED data,2012-07-05,2012,Jul
2.64,1,Good quality REVIEWED data,2012-07-06,2012,Jul
2.61,1,Good quality REVIEWED data,2012-07-07,2012,Jul
2.62,1,Good quality REVIEWED data,2012-07-08,2012,Jul
2.6,1,Good quality REVIEWED data,2012-07-09,2012,Jul
2.58,1,Good quality REVIEWED data,2012-07-10,2012,Jul
2.56,1,Good quality REVIEWED data,2012-07-11,2012,Jul
2.54,1,Good quality REVIEWED data,2012-07-12,2012,Jul
2.54,1,Good quality REVIEWED data,2012-07-13,2012,Jul
2.54,1,Good quality REVIEWED data,2012-07-14,2012,Jul
2.56,1,Good quality REVIEWED data,2012-07-15,2012,Jul
2.62,1,Good quality REVIEWED data,2012-07-16,2012,Jul
2.61,1,Good quality REVIEWED data,2012-07-17,2012,Jul
2.57,1,Good quality REVIEWED data,2012-07-18,2012,Jul
2.55,1,Good quality REVIEWED data,2012-07-19,2012,Jul
2.53,1,Good quality REVIEWED data,2012-07-20,2012,Jul
2.55,1,Good quality REVIEWED data,2012-07-21,2012,Jul
2.52,1,Good quality REVIEWED data,2012-07-22,2012,Jul
2.5,1,Good quality REVIEWED data,2012-07-23,2012,Jul
2.49,1,Good quality REVIEWED data,2012-07-24,2012,Jul
2.48,1,Good quality REVIEWED data,2012-07-25,2012,Jul
2.47,1,Good quality REVIEWED data,2012-07-26,2012,Jul
2.46,1,Good quality REVIEWED data,2012-07-27,2012,Jul
2.45,1,Good quality REVIEWED data,2012-07-28,2012,Jul
2.45,1,Good quality REVIEWED data,2012-07-29,2012,Jul
2.45,1,Good quality REVIEWED data,2012-07-30,2012,Jul
2.43,1,Good quality REVIEWED data,2012-07-31,2012,Jul
2.42,1,Good quality REVIEWED data,2012-08-01,2012,Aug
2.41,1,Good quality REVIEWED data,2012-08-02,2012,Aug
2.42,1,Good quality REVIEWED data,2012-08-03,2012,Aug
2.42,1,Good quality REVIEWED data,2012-08-04,2012,Aug
2.4,1,Good quality REVIEWED data,2012-08-05,2012,Aug
2.39,1,Good quality REVIEWED data,2012-08-06,2012,Aug
2.39,1,Good quality REVIEWED data,2012-08-07,2012,Aug
2.38,1,Good quality REVIEWED data,2012-08-08,2012,Aug
2.4,1,Good quality REVIEWED data,2012-08-09,2012,Aug
2.39,1,Good quality REVIEWED data,2012-08-10,2012,Aug
2.39,1,Good quality REVIEWED data,2012-08-11,2012,Aug
2.38,1,Good quality REVIEWED data,2012-08-12,2012,Aug
2.37,1,Good quality REVIEWED data,2012-08-13,2012,Aug
2.37,1,Good quality REVIEWED data,2012-08-14,2012,Aug
2.37,1,Good quality REVIEWED data,2012-08-15,2012,Aug
2.38,1,Good quality REVIEWED data,2012-08-16,2012,Aug
2.38,1,Good quality REVIEWED data,2012-08-17,2012,Aug
2.38,1,Good quality REVIEWED data,2012-08-18,2012,Aug
2.37,1,Good quality REVIEWED data,2012-08-19,2012,Aug
2.36,1,Good quality REVIEWED data,2012-08-20,2012,Aug
2.37,1,Good quality REVIEWED data,2012-08-21,2012,Aug
2.37,1,Good quality REVIEWED data,2012-08-22,2012,Aug
2.37,1,Good quality REVIEWED data,2012-08-23,2012,Aug
2.38,1,Good quality REVIEWED data,2012-08-24,2012,Aug
2.4,1,Good quality REVIEWED data,2012-08-25,2012,Aug
2.39,1,Good quality REVIEWED data,2012-08-26,2012,Aug
2.39,1,Good quality REVIEWED data,2012-08-27,2012,Aug
2.39,1,Good quality REVIEWED data,2012-08-28,2012,Aug
2.38,1,Good quality REVIEWED data,2012-08-29,2012,Aug
2.39,1,Good quality REVIEWED data,2012-08-30,2012,Aug
2.39,1,Good quality REVIEWED data,2012-08-31,2012,Aug
2.39,1,Good quality REVIEWED data,2012-09-01,2012,Sep
2.39,1,Good quality REVIEWED data,2012-09-02,2012,Sep
2.39,1,Good quality REVIEWED data,2012-09-03,2012,Sep
2.38,1,Good quality REVIEWED data,2012-09-04,2012,Sep
2.37,1,Good quality REVIEWED data,2012-09-05,2012,Sep
2.37,1,Good quality REVIEWED data,2012-09-06,2012,Sep
2.38,1,Good quality REVIEWED data,2012-09-07,2012,Sep
2.38,1,Good quality REVIEWED data,2012-09-08,2012,Sep
2.37,1,Good quality REVIEWED data,2012-09-09,2012,Sep
2.38,1,Good quality REVIEWED data,2012-09-10,2012,Sep
2.39,1,Good quality REVIEWED data,2012-09-11,2012,Sep
2.4,1,Good quality REVIEWED data,2012-09-12,2012,Sep
2.4,1,Good quality REVIEWED data,2012-09-13,2012,Sep
2.39,1,Good quality REVIEWED data,2012-09-14,2012,Sep
2.37,1,Good quality REVIEWED data,2012-09-15,2012,Sep
2.38,1,Good quality REVIEWED data,2012-09-16,2012,Sep
2.39,1,Good quality REVIEWED data,2012-09-17,2012,Sep
2.39,1,Good quality REVIEWED data,2012-09-18,2012,Sep
2.39,1,Good quality REVIEWED data,2012-09-19,2012,Sep
2.39,1,Good quality REVIEWED data,2012-09-20,2012,Sep
2.4,1,Good quality REVIEWED data,2012-09-21,2012,Sep
2.41,1,Good quality REVIEWED data,2012-09-22,2012,Sep
2.4,1,Good quality REVIEWED data,2012-09-23,2012,Sep
2.41,1,Good quality REVIEWED data,2012-09-24,2012,Sep
2.41,1,Good quality REVIEWED data,2012-09-25,2012,Sep
2.41,1,Good quality REVIEWED data,2012-09-26,2012,Sep
2.41,1,Good quality REVIEWED data,2012-09-27,2012,Sep
2.41,1,Good quality REVIEWED data,2012-09-28,2012,Sep
2.4,1,Good quality REVIEWED data,2012-09-29,2012,Sep
2.39,1,Good quality REVIEWED data,2012-09-30,2012,Sep
2.4,1,Good quality REVIEWED data,2012-10-01,2012,Oct
2.4,1,Good quality REVIEWED data,2012-10-01,2012,Oct
2.39,1,Good quality REVIEWED data,2012-10-02,2012,Oct
2.4,1,Good quality REVIEWED data,2012-10-03,2012,Oct
2.42,1,Good quality REVIEWED data,2012-10-04,2012,Oct
2.42,1,Good quality REVIEWED data,2012-10-05,2012,Oct
2.43,1,Good quality REVIEWED data,2012-10-06,2012,Oct
2.43,1,Good quality REVIEWED data,2012-10-07,2012,Oct
2.43,1,Good quality REVIEWED data,2012-10-08,2012,Oct
2.44,1,Good quality REVIEWED data,2012-10-09,2012,Oct
2.44,1,Good quality REVIEWED data,2012-10-10,2012,Oct
2.44,1,Good quality REVIEWED data,2012-10-11,2012,Oct
2.45,1,Good quality REVIEWED data,2012-10-12,2012,Oct
2.49,1,Good quality REVIEWED data,2012-10-13,2012,Oct
2.48,1,Good quality REVIEWED data,2012-10-14,2012,Oct
2.52,1,Good quality REVIEWED data,2012-10-15,2012,Oct
2.71,1,Good quality REVIEWED data,2012-10-16,2012,Oct
2.65,1,Good quality REVIEWED data,2012-10-17,2012,Oct
2.54,1,Good quality REVIEWED data,2012-10-18,2012,Oct
2.52,1,Good quality REVIEWED data,2012-10-19,2012,Oct
2.63,1,Good quality REVIEWED data,2012-10-20,2012,Oct
2.64,1,Good quality REVIEWED data,2012-10-21,2012,Oct
2.58,1,Good quality REVIEWED data,2012-10-22,2012,Oct
2.57,1,Good quality REVIEWED data,2012-10-23,2012,Oct
2.55,1,Good quality REVIEWED data,2012-10-24,2012,Oct
2.55,1,Good quality REVIEWED data,2012-10-25,2012,Oct
2.57,1,Good quality REVIEWED data,2012-10-26,2012,Oct
2.58,1,Good quality REVIEWED data,2012-10-27,2012,Oct
2.76,1,Good quality REVIEWED data,2012-10-28,2012,Oct
3.19,1,Good quality REVIEWED data,2012-10-29,2012,Oct
3.09,1,Good quality REVIEWED data,2012-10-30,2012,Oct
2.87,1,Good quality REVIEWED data,2012-10-31,2012,Oct
2.78,1,Good quality REVIEWED data,2012-11-01,2012,Nov
2.8,1,Good quality REVIEWED data,2012-11-02,2012,Nov
2.76,1,Good quality REVIEWED data,2012-11-03,2012,Nov
2.74,1,Good quality REVIEWED data,2012-11-04,2012,Nov
2.71,1,Good quality REVIEWED data,2012-11-05,2012,Nov
2.69,1,Good quality REVIEWED data,2012-11-06,2012,Nov
2.72,1,Good quality REVIEWED data,2012-11-07,2012,Nov
2.71,1,Good quality REVIEWED data,2012-11-08,2012,Nov
2.7,1,Good quality REVIEWED data,2012-11-09,2012,Nov
2.69,1,Good quality REVIEWED data,2012-11-10,2012,Nov
2.68,1,Good quality REVIEWED data,2012-11-11,2012,Nov
2.7,1,Good quality REVIEWED data,2012-11-12,2012,Nov
2.76,1,Good quality REVIEWED data,2012-11-13,2012,Nov
2.79,1,Good quality REVIEWED data,2012-11-14,2012,Nov
2.81,1,Good quality REVIEWED data,2012-11-15,2012,Nov
2.8,1,Good quality REVIEWED data,2012-11-16,2012,Nov
2.79,1,Good quality REVIEWED data,2012-11-17,2012,Nov
2.82,1,Good quality REVIEWED data,2012-11-18,2012,Nov
2.85,1,Good quality REVIEWED data,2012-11-19,2012,Nov
3.2,1,Good quality REVIEWED data,2012-11-20,2012,Nov
3.61,1,Good quality REVIEWED data,2012-11-21,2012,Nov
3.48,1,Good quality REVIEWED data,2012-11-22,2012,Nov
3.29,1,Good quality REVIEWED data,2012-11-23,2012,Nov
3.46,1,Good quality REVIEWED data,2012-11-24,2012,Nov
3.55,1,Good quality REVIEWED data,2012-11-25,2012,Nov
3.4,1,Good quality REVIEWED data,2012-11-26,2012,Nov
3.26,1,Good quality REVIEWED data,2012-11-27,2012,Nov
3.16,1,Good quality REVIEWED data,2012-11-28,2012,Nov
3.08,1,Good quality REVIEWED data,2012-11-29,2012,Nov
3.09,1,Good quality REVIEWED data,2012-11-30,2012,Nov
3.12,1,Good quality REVIEWED data,2012-12-01,2012,Dec
4.11,1,Good quality REVIEWED data,2012-12-02,2012,Dec
4.39,1,Good quality REVIEWED data,2012-12-03,2012,Dec
4.04,1,Good quality REVIEWED data,2012-12-04,2012,Dec
4.24,1,Good quality REVIEWED data,2012-12-05,2012,Dec
4.17,1,Good quality REVIEWED data,2012-12-06,2012,Dec
3.96,1,Good quality REVIEWED data,2012-12-07,2012,Dec
3.79,1,Good quality REVIEWED data,2012-12-08,2012,Dec
3.62,1,Good quality REVIEWED data,2012-12-09,2012,Dec
3.54,1,Good quality REVIEWED data,2012-12-10,2012,Dec
3.53,1,Good quality REVIEWED data,2012-12-11,2012,Dec
3.54,1,Good quality REVIEWED data,2012-12-12,2012,Dec
3.47,1,Good quality REVIEWED data,2012-12-13,2012,Dec
3.4,1,Good quality REVIEWED data,2012-12-14,2012,Dec
3.33,1,Good quality REVIEWED data,2012-12-15,2012,Dec
3.29,1,Good quality REVIEWED data,2012-12-16,2012,Dec
3.29,1,Good quality REVIEWED data,2012-12-17,2012,Dec
3.25,1,Good quality REVIEWED data,2012-12-18,2012,Dec
3.2,1,Good quality REVIEWED data,2012-12-19,2012,Dec
3.16,1,Good quality REVIEWED data,2012-12-20,2012,Dec
3.12,1,Good quality REVIEWED data,2012-12-21,2012,Dec
3.08,1,Good quality REVIEWED data,2012-12-22,2012,Dec
3.06,1,Good quality REVIEWED data,2012-12-23,2012,Dec
3.11,1,Good quality REVIEWED data,2012-12-24,2012,Dec
3.05,1,Good quality REVIEWED data,2012-12-25,2012,Dec
3.03,1,Good quality REVIEWED data,2012-12-26,2012,Dec
3.01,1,Good quality REVIEWED data,2012-12-27,2012,Dec
2.99,1,Good quality REVIEWED data,2012-12-28,2012,Dec
2.97,1,Good quality REVIEWED data,2012-12-29,2012,Dec
2.95,1,Good quality REVIEWED data,2012-12-30,2012,Dec
2.93,1,Good quality REVIEWED data,2012-12-31,2012,Dec
2.92,1,Good quality REVIEWED data,2013-01-01,2013,Jan
2.89,1,Good quality REVIEWED data,2013-01-02,2013,Jan
2.86,1,Good quality REVIEWED data,2013-01-03,2013,Jan
2.89,1,Good quality REVIEWED data,2013-01-04,2013,Jan
2.88,1,Good quality REVIEWED data,2013-01-05,2013,Jan
2.87,1,Good quality REVIEWED data,2013-01-06,2013,Jan
3,1,Good quality REVIEWED data,2013-01-07,2013,Jan
3.54,1,Good quality REVIEWED data,2013-01-08,2013,Jan
4.23,1,Good quality REVIEWED data,2013-01-09,2013,Jan
4.31,1,Good quality REVIEWED data,2013-01-10,2013,Jan
3.95,1,Good quality REVIEWED data,2013-01-11,2013,Jan
3.67,1,Good quality REVIEWED data,2013-01-12,2013,Jan
3.5,1,Good quality REVIEWED data,2013-01-13,2013,Jan
3.37,1,Good quality REVIEWED data,2013-01-14,2013,Jan
3.27,1,Good quality REVIEWED data,2013-01-15,2013,Jan
3.19,1,Good quality REVIEWED data,2013-01-16,2013,Jan
3.12,1,Good quality REVIEWED data,2013-01-17,2013,Jan
3.08,1,Good quality REVIEWED data,2013-01-18,2013,Jan
3.05,1,Good quality REVIEWED data,2013-01-19,2013,Jan
3.01,1,Good quality REVIEWED data,2013-01-20,2013,Jan
2.98,1,Good quality REVIEWED data,2013-01-21,2013,Jan
2.95,1,Good quality REVIEWED data,2013-01-22,2013,Jan
2.95,1,Good quality REVIEWED data,2013-01-23,2013,Jan
2.96,1,Good quality REVIEWED data,2013-01-24,2013,Jan
2.98,1,Good quality REVIEWED data,2013-01-25,2013,Jan
3.27,1,Good quality REVIEWED data,2013-01-26,2013,Jan
3.3,1,Good quality REVIEWED data,2013-01-27,2013,Jan
3.29,1,Good quality REVIEWED data,2013-01-28,2013,Jan
3.27,1,Good quality REVIEWED data,2013-01-29,2013,Jan
3.44,1,Good quality REVIEWED data,2013-01-30,2013,Jan
3.69,1,Good quality REVIEWED data,2013-01-31,2013,Jan
3.78,1,Good quality REVIEWED data,2013-02-01,2013,Feb
3.69,1,Good quality REVIEWED data,2013-02-02,2013,Feb
3.59,1,Good quality REVIEWED data,2013-02-03,2013,Feb
3.51,1,Good quality REVIEWED data,2013-02-04,2013,Feb
3.48,1,Good quality REVIEWED data,2013-02-05,2013,Feb
3.46,1,Good quality REVIEWED data,2013-02-06,2013,Feb
3.41,1,Good quality REVIEWED data,2013-02-07,2013,Feb
3.35,1,Good quality REVIEWED data,2013-02-08,2013,Feb
3.29,1,Good quality REVIEWED data,2013-02-09,2013,Feb
3.23,1,Good quality REVIEWED data,2013-02-10,2013,Feb
3.17,1,Good quality REVIEWED data,2013-02-11,2013,Feb
3.12,1,Good quality REVIEWED data,2013-02-12,2013,Feb
3.09,1,Good quality REVIEWED data,2013-02-13,2013,Feb
3.08,1,Good quality REVIEWED data,2013-02-14,2013,Feb
3.06,1,Good quality REVIEWED data,2013-02-15,2013,Feb
3.06,1,Good quality REVIEWED data,2013-02-16,2013,Feb
3.09,1,Good quality REVIEWED data,2013-02-17,2013,Feb
3.08,1,Good quality REVIEWED data,2013-02-18,2013,Feb
3.09,1,Good quality REVIEWED data,2013-02-19,2013,Feb
3.07,1,Good quality REVIEWED data,2013-02-20,2013,Feb
3.04,1,Good quality REVIEWED data,2013-02-21,2013,Feb
3.06,1,Good quality REVIEWED data,2013-02-22,2013,Feb
3.21,1,Good quality REVIEWED data,2013-02-23,2013,Feb
3.16,1,Good quality REVIEWED data,2013-02-24,2013,Feb
3.18,1,Good quality REVIEWED data,2013-02-25,2013,Feb
3.16,1,Good quality REVIEWED data,2013-02-26,2013,Feb
3.14,1,Good quality REVIEWED data,2013-02-27,2013,Feb
3.24,1,Good quality REVIEWED data,2013-02-28,2013,Feb
4.04,1,Good quality REVIEWED data,2013-03-01,2013,Mar
4.28,1,Good quality REVIEWED data,2013-03-02,2013,Mar
4.59,1,Good quality REVIEWED data,2013-03-03,2013,Mar
4.42,1,Good quality REVIEWED data,2013-03-04,2013,Mar
4.12,1,Good quality REVIEWED data,2013-03-05,2013,Mar
3.93,1,Good quality REVIEWED data,2013-03-06,2013,Mar
3.89,1,Good quality REVIEWED data,2013-03-07,2013,Mar
3.81,1,Good quality REVIEWED data,2013-03-08,2013,Mar
3.74,1,Good quality REVIEWED data,2013-03-09,2013,Mar
3.65,1,Good quality REVIEWED data,2013-03-10,2013,Mar
3.6,1,Good quality REVIEWED data,2013-03-11,2013,Mar
3.57,1,Good quality REVIEWED data,2013-03-12,2013,Mar
3.64,1,Good quality REVIEWED data,2013-03-13,2013,Mar
3.74,1,Good quality REVIEWED data,2013-03-14,2013,Mar
3.86,1,Good quality REVIEWED data,2013-03-15,2013,Mar
3.9,1,Good quality REVIEWED data,2013-03-16,2013,Mar
3.88,1,Good quality REVIEWED data,2013-03-17,2013,Mar
3.72,1,Good quality REVIEWED data,2013-03-18,2013,Mar
3.6,1,Good quality REVIEWED data,2013-03-19,2013,Mar
3.71,1,Good quality REVIEWED data,2013-03-20,2013,Mar
3.99,1,Good quality REVIEWED data,2013-03-21,2013,Mar
3.91,1,Good quality REVIEWED data,2013-03-22,2013,Mar
3.79,1,Good quality REVIEWED data,2013-03-23,2013,Mar
3.69,1,Good quality REVIEWED data,2013-03-24,2013,Mar
3.61,1,Good quality REVIEWED data,2013-03-25,2013,Mar
3.54,1,Good quality REVIEWED data,2013-03-26,2013,Mar
3.51,1,Good quality REVIEWED data,2013-03-27,2013,Mar
3.49,1,Good quality REVIEWED data,2013-03-28,2013,Mar
3.5,1,Good quality REVIEWED data,2013-03-29,2013,Mar
3.52,1,Good quality REVIEWED data,2013-03-30,2013,Mar
3.53,1,Good quality REVIEWED data,2013-03-31,2013,Mar
3.57,1,Good quality REVIEWED data,2013-04-01,2013,Apr
3.61,1,Good quality REVIEWED data,2013-04-02,2013,Apr
3.62,1,Good quality REVIEWED data,2013-04-03,2013,Apr
3.63,1,Good quality REVIEWED data,2013-04-04,2013,Apr
3.81,1,Good quality REVIEWED data,2013-04-05,2013,Apr
3.93,1,Good quality REVIEWED data,2013-04-06,2013,Apr
4.09,1,Good quality REVIEWED data,2013-04-07,2013,Apr
4.07,1,Good quality REVIEWED data,2013-04-08,2013,Apr
3.9,1,Good quality REVIEWED data,2013-04-09,2013,Apr
3.76,1,Good quality REVIEWED data,2013-04-10,2013,Apr
3.7,1,Good quality REVIEWED data,2013-04-11,2013,Apr
3.61,1,Good quality REVIEWED data,2013-04-12,2013,Apr
3.76,1,Good quality REVIEWED data,2013-04-13,2013,Apr
3.68,1,Good quality REVIEWED data,2013-04-14,2013,Apr
3.64,1,Good quality REVIEWED data,2013-04-15,2013,Apr
3.57,1,Good quality REVIEWED data,2013-04-16,2013,Apr
3.49,1,Good quality REVIEWED data,2013-04-17,2013,Apr
3.42,1,Good quality REVIEWED data,2013-04-18,2013,Apr
3.96,1,Good quality REVIEWED data,2013-04-19,2013,Apr
4.88,1,Good quality REVIEWED data,2013-04-20,2013,Apr
4.49,1,Good quality REVIEWED data,2013-04-21,2013,Apr
4.22,1,Good quality REVIEWED data,2013-04-22,2013,Apr
3.98,1,Good quality REVIEWED data,2013-04-23,2013,Apr
3.81,1,Good quality REVIEWED data,2013-04-24,2013,Apr
3.69,1,Good quality REVIEWED data,2013-04-25,2013,Apr
3.59,1,Good quality REVIEWED data,2013-04-26,2013,Apr
3.54,1,Good quality REVIEWED data,2013-04-27,2013,Apr
3.51,1,Good quality REVIEWED data,2013-04-28,2013,Apr
3.51,1,Good quality REVIEWED data,2013-04-29,2013,Apr
3.45,1,Good quality REVIEWED data,2013-04-30,2013,Apr
3.35,1,Good quality REVIEWED data,2013-05-01,2013,May
3.27,1,Good quality REVIEWED data,2013-05-02,2013,May
3.23,1,Good quality REVIEWED data,2013-05-03,2013,May
3.21,1,Good quality REVIEWED data,2013-05-04,2013,May
3.21,1,Good quality REVIEWED data,2013-05-05,2013,May
3.22,1,Good quality REVIEWED data,2013-05-06,2013,May
3.24,1,Good quality REVIEWED data,2013-05-07,2013,May
3.24,1,Good quality REVIEWED data,2013-05-08,2013,May
3.24,1,Good quality REVIEWED data,2013-05-09,2013,May
3.22,1,Good quality REVIEWED data,2013-05-10,2013,May
3.19,1,Good quality REVIEWED data,2013-05-11,2013,May
3.17,1,Good quality REVIEWED data,2013-05-12,2013,May
3.14,1,Good quality REVIEWED data,2013-05-13,2013,May
3.1,1,Good quality REVIEWED data,2013-05-14,2013,May
3.03,1,Good quality REVIEWED data,2013-05-15,2013,May
2.98,1,Good quality REVIEWED data,2013-05-16,2013,May
2.94,1,Good quality REVIEWED data,2013-05-17,2013,May
2.91,1,Good quality REVIEWED data,2013-05-18,2013,May
2.89,1,Good quality REVIEWED data,2013-05-19,2013,May
2.85,1,Good quality REVIEWED data,2013-05-20,2013,May
2.83,1,Good quality REVIEWED data,2013-05-21,2013,May
2.87,1,Good quality REVIEWED data,2013-05-22,2013,May
2.83,1,Good quality REVIEWED data,2013-05-23,2013,May
2.82,1,Good quality REVIEWED data,2013-05-24,2013,May
2.81,1,Good quality REVIEWED data,2013-05-25,2013,May
2.77,1,Good quality REVIEWED data,2013-05-26,2013,May
2.77,1,Good quality REVIEWED data,2013-05-27,2013,May
2.79,1,Good quality REVIEWED data,2013-05-28,2013,May
2.79,1,Good quality REVIEWED data,2013-05-29,2013,May
2.84,1,Good quality REVIEWED data,2013-05-30,2013,May
2.78,1,Good quality REVIEWED data,2013-05-31,2013,May
2.75,1,Good quality REVIEWED data,2013-06-01,2013,Jun
2.73,1,Good quality REVIEWED data,2013-06-02,2013,Jun
2.72,1,Good quality REVIEWED data,2013-06-03,2013,Jun
2.69,1,Good quality REVIEWED data,2013-06-04,2013,Jun
2.66,1,Good quality REVIEWED data,2013-06-05,2013,Jun
2.63,1,Good quality REVIEWED data,2013-06-06,2013,Jun
2.62,1,Good quality REVIEWED data,2013-06-07,2013,Jun
2.61,1,Good quality REVIEWED data,2013-06-08,2013,Jun
2.61,1,Good quality REVIEWED data,2013-06-09,2013,Jun
2.6,1,Good quality REVIEWED data,2013-06-10,2013,Jun
2.58,1,Good quality REVIEWED data,2013-06-11,2013,Jun
2.58,1,Good quality REVIEWED data,2013-06-12,2013,Jun
2.57,1,Good quality REVIEWED data,2013-06-13,2013,Jun
2.57,1,Good quality REVIEWED data,2013-06-14,2013,Jun
2.56,1,Good quality REVIEWED data,2013-06-15,2013,Jun
2.55,1,Good quality REVIEWED data,2013-06-16,2013,Jun
2.53,1,Good quality REVIEWED data,2013-06-17,2013,Jun
2.54,1,Good quality REVIEWED data,2013-06-18,2013,Jun
2.63,1,Good quality REVIEWED data,2013-06-19,2013,Jun
2.79,1,Good quality REVIEWED data,2013-06-20,2013,Jun
2.73,1,Good quality REVIEWED data,2013-06-21,2013,Jun
2.72,1,Good quality REVIEWED data,2013-06-22,2013,Jun
2.66,1,Good quality REVIEWED data,2013-06-23,2013,Jun
2.7,1,Good quality REVIEWED data,2013-06-24,2013,Jun
2.77,1,Good quality REVIEWED data,2013-06-25,2013,Jun
2.79,1,Good quality REVIEWED data,2013-06-26,2013,Jun
2.75,1,Good quality REVIEWED data,2013-06-27,2013,Jun
2.7,1,Good quality REVIEWED data,2013-06-28,2013,Jun
2.67,1,Good quality REVIEWED data,2013-06-29,2013,Jun
2.65,1,Good quality REVIEWED data,2013-06-30,2013,Jun
2.64,1,Good quality REVIEWED data,2013-07-01,2013,Jul
2.64,1,Good quality REVIEWED data,2013-07-02,2013,Jul
2.64,1,Good quality REVIEWED data,2013-07-03,2013,Jul
2.65,1,Good quality REVIEWED data,2013-07-04,2013,Jul
2.68,1,Good quality REVIEWED data,2013-07-05,2013,Jul
2.69,1,Good quality REVIEWED data,2013-07-06,2013,Jul
2.69,1,Good quality REVIEWED data,2013-07-07,2013,Jul
2.66,1,Good quality REVIEWED data,2013-07-08,2013,Jul
2.66,1,Good quality REVIEWED data,2013-07-09,2013,Jul
2.65,1,Good quality REVIEWED data,2013-07-10,2013,Jul
2.63,1,Good quality REVIEWED data,2013-07-11,2013,Jul
2.62,1,Good quality REVIEWED data,2013-07-12,2013,Jul
2.62,1,Good quality REVIEWED data,2013-07-13,2013,Jul
2.61,1,Good quality REVIEWED data,2013-07-14,2013,Jul
2.58,1,Good quality REVIEWED data,2013-07-15,2013,Jul
2.56,1,Good quality REVIEWED data,2013-07-16,2013,Jul
2.58,1,Good quality REVIEWED data,2013-07-17,2013,Jul
2.54,1,Good quality REVIEWED data,2013-07-18,2013,Jul
2.52,1,Good quality REVIEWED data,2013-07-19,2013,Jul
2.5,1,Good quality REVIEWED data,2013-07-20,2013,Jul
2.49,1,Good quality REVIEWED data,2013-07-21,2013,Jul
2.48,1,Good quality REVIEWED data,2013-07-22,2013,Jul
2.47,1,Good quality REVIEWED data,2013-07-23,2013,Jul
2.46,1,Good quality REVIEWED data,2013-07-24,2013,Jul
2.44,1,Good quality REVIEWED data,2013-07-25,2013,Jul
2.44,1,Good quality REVIEWED data,2013-07-26,2013,Jul
2.44,1,Good quality REVIEWED data,2013-07-27,2013,Jul
2.44,1,Good quality REVIEWED data,2013-07-28,2013,Jul
2.44,1,Good quality REVIEWED data,2013-07-29,2013,Jul
2.44,1,Good quality REVIEWED data,2013-07-30,2013,Jul
2.44,1,Good quality REVIEWED data,2013-07-31,2013,Jul
2.47,1,Good quality REVIEWED data,2013-08-01,2013,Aug
2.53,1,Good quality REVIEWED data,2013-08-02,2013,Aug
2.51,1,Good quality REVIEWED data,2013-08-03,2013,Aug
2.49,1,Good quality REVIEWED data,2013-08-04,2013,Aug
2.47,1,Good quality REVIEWED data,2013-08-05,2013,Aug
2.44,1,Good quality REVIEWED data,2013-08-06,2013,Aug
2.43,1,Good quality REVIEWED data,2013-08-07,2013,Aug
2.43,1,Good quality REVIEWED data,2013-08-08,2013,Aug
2.43,1,Good quality REVIEWED data,2013-08-09,2013,Aug
2.43,1,Good quality REVIEWED data,2013-08-10,2013,Aug
2.45,1,Good quality REVIEWED data,2013-08-11,2013,Aug
2.44,1,Good quality REVIEWED data,2013-08-12,2013,Aug
2.42,1,Good quality REVIEWED data,2013-08-13,2013,Aug
2.4,1,Good quality REVIEWED data,2013-08-14,2013,Aug
2.4,1,Good quality REVIEWED data,2013-08-15,2013,Aug
2.39,1,Good quality REVIEWED data,2013-08-16,2013,Aug
2.41,1,Good quality REVIEWED data,2013-08-17,2013,Aug
2.4,1,Good quality REVIEWED data,2013-08-18,2013,Aug
2.38,1,Good quality REVIEWED data,2013-08-19,2013,Aug
2.36,1,Good quality REVIEWED data,2013-08-20,2013,Aug
2.35,1,Good quality REVIEWED data,2013-08-21,2013,Aug
2.35,1,Good quality REVIEWED data,2013-08-22,2013,Aug
2.36,1,Good quality REVIEWED data,2013-08-23,2013,Aug
2.37,1,Good quality REVIEWED data,2013-08-24,2013,Aug
2.38,1,Good quality REVIEWED data,2013-08-25,2013,Aug
2.39,1,Good quality REVIEWED data,2013-08-26,2013,Aug
2.39,1,Good quality REVIEWED data,2013-08-27,2013,Aug
2.37,1,Good quality REVIEWED data,2013-08-28,2013,Aug
2.37,1,Good quality REVIEWED data,2013-08-29,2013,Aug
2.37,1,Good quality REVIEWED data,2013-08-30,2013,Aug
2.37,1,Good quality REVIEWED data,2013-08-31,2013,Aug
2.37,1,Good quality REVIEWED data,2013-09-01,2013,Sep
2.38,1,Good quality REVIEWED data,2013-09-02,2013,Sep
2.42,1,Good quality REVIEWED data,2013-09-03,2013,Sep
2.41,1,Good quality REVIEWED data,2013-09-04,2013,Sep
2.51,1,Good quality REVIEWED data,2013-09-05,2013,Sep
2.54,1,Good quality REVIEWED data,2013-09-06,2013,Sep
2.48,1,Good quality REVIEWED data,2013-09-07,2013,Sep
2.46,1,Good quality REVIEWED data,2013-09-08,2013,Sep
2.45,1,Good quality REVIEWED data,2013-09-09,2013,Sep
2.43,1,Good quality REVIEWED data,2013-09-10,2013,Sep
2.41,1,Good quality REVIEWED data,2013-09-11,2013,Sep
2.4,1,Good quality REVIEWED data,2013-09-12,2013,Sep
2.4,1,Good quality REVIEWED data,2013-09-13,2013,Sep
2.41,1,Good quality REVIEWED data,2013-09-14,2013,Sep
2.41,1,Good quality REVIEWED data,2013-09-15,2013,Sep
2.41,1,Good quality REVIEWED data,2013-09-16,2013,Sep
2.46,1,Good quality REVIEWED data,2013-09-17,2013,Sep
2.56,1,Good quality REVIEWED data,2013-09-18,2013,Sep
2.5,1,Good quality REVIEWED data,2013-09-19,2013,Sep
2.47,1,Good quality REVIEWED data,2013-09-20,2013,Sep
2.46,1,Good quality REVIEWED data,2013-09-21,2013,Sep
2.47,1,Good quality REVIEWED data,2013-09-22,2013,Sep
2.49,1,Good quality REVIEWED data,2013-09-23,2013,Sep
2.51,1,Good quality REVIEWED data,2013-09-24,2013,Sep
2.53,1,Good quality REVIEWED data,2013-09-25,2013,Sep
2.52,1,Good quality REVIEWED data,2013-09-26,2013,Sep
2.51,1,Good quality REVIEWED data,2013-09-27,2013,Sep
2.56,1,Good quality REVIEWED data,2013-09-28,2013,Sep
2.67,1,Good quality REVIEWED data,2013-09-29,2013,Sep
2.78,1,Good quality REVIEWED data,2013-09-30,2013,Sep
2.73,1,Good quality REVIEWED data,2013-10-01,2013,Oct
2.73,1,Good quality REVIEWED data,2013-10-01,2013,Oct
2.67,1,Good quality REVIEWED data,2013-10-02,2013,Oct
2.61,1,Good quality REVIEWED data,2013-10-03,2013,Oct
2.58,1,Good quality REVIEWED data,2013-10-04,2013,Oct
2.56,1,Good quality REVIEWED data,2013-10-05,2013,Oct
2.54,1,Good quality REVIEWED data,2013-10-06,2013,Oct
2.53,1,Good quality REVIEWED data,2013-10-07,2013,Oct
2.54,1,Good quality REVIEWED data,2013-10-08,2013,Oct
2.63,1,Good quality REVIEWED data,2013-10-09,2013,Oct
2.6,1,Good quality REVIEWED data,2013-10-10,2013,Oct
2.57,1,Good quality REVIEWED data,2013-10-11,2013,Oct
2.57,1,Good quality REVIEWED data,2013-10-12,2013,Oct
2.57,1,Good quality REVIEWED data,2013-10-13,2013,Oct
2.56,1,Good quality REVIEWED data,2013-10-14,2013,Oct
2.55,1,Good quality REVIEWED data,2013-10-15,2013,Oct
2.55,1,Good quality REVIEWED data,2013-10-16,2013,Oct
2.54,1,Good quality REVIEWED data,2013-10-17,2013,Oct
2.54,1,Good quality REVIEWED data,2013-10-18,2013,Oct
2.54,1,Good quality REVIEWED data,2013-10-19,2013,Oct
2.54,1,Good quality REVIEWED data,2013-10-20,2013,Oct
2.53,1,Good quality REVIEWED data,2013-10-21,2013,Oct
2.53,1,Good quality REVIEWED data,2013-10-22,2013,Oct
2.53,1,Good quality REVIEWED data,2013-10-23,2013,Oct
2.54,1,Good quality REVIEWED data,2013-10-24,2013,Oct
2.54,1,Good quality REVIEWED data,2013-10-25,2013,Oct
2.54,1,Good quality REVIEWED data,2013-10-26,2013,Oct
2.54,1,Good quality REVIEWED data,2013-10-27,2013,Oct
2.54,1,Good quality REVIEWED data,2013-10-28,2013,Oct
2.55,1,Good quality REVIEWED data,2013-10-29,2013,Oct
2.55,1,Good quality REVIEWED data,2013-10-30,2013,Oct
2.55,1,Good quality REVIEWED data,2013-10-31,2013,Oct
2.56,1,Good quality REVIEWED data,2013-11-01,2013,Nov
2.58,1,Good quality REVIEWED data,2013-11-02,2013,Nov
2.61,1,Good quality REVIEWED data,2013-11-03,2013,Nov
2.6,1,Good quality REVIEWED data,2013-11-04,2013,Nov
2.59,1,Good quality REVIEWED data,2013-11-05,2013,Nov
2.6,1,Good quality REVIEWED data,2013-11-06,2013,Nov
2.64,1,Good quality REVIEWED data,2013-11-07,2013,Nov
2.83,1,Good quality REVIEWED data,2013-11-08,2013,Nov
2.72,1,Good quality REVIEWED data,2013-11-09,2013,Nov
2.67,1,Good quality REVIEWED data,2013-11-10,2013,Nov
2.64,1,Good quality REVIEWED data,2013-11-11,2013,Nov
2.63,1,Good quality REVIEWED data,2013-11-12,2013,Nov
2.62,1,Good quality REVIEWED data,2013-11-13,2013,Nov
2.61,1,Good quality REVIEWED data,2013-11-14,2013,Nov
2.62,1,Good quality REVIEWED data,2013-11-15,2013,Nov
2.71,1,Good quality REVIEWED data,2013-11-16,2013,Nov
2.7,1,Good quality REVIEWED data,2013-11-17,2013,Nov
2.68,1,Good quality REVIEWED data,2013-11-18,2013,Nov
2.7,1,Good quality REVIEWED data,2013-11-19,2013,Nov
2.97,1,Good quality REVIEWED data,2013-11-20,2013,Nov
2.85,1,Good quality REVIEWED data,2013-11-21,2013,Nov
2.77,1,Good quality REVIEWED data,2013-11-22,2013,Nov
2.73,1,Good quality REVIEWED data,2013-11-23,2013,Nov
2.7,1,Good quality REVIEWED data,2013-11-24,2013,Nov
2.68,1,Good quality REVIEWED data,2013-11-25,2013,Nov
2.66,1,Good quality REVIEWED data,2013-11-26,2013,Nov
2.65,1,Good quality REVIEWED data,2013-11-27,2013,Nov
2.64,1,Good quality REVIEWED data,2013-11-28,2013,Nov
2.63,1,Good quality REVIEWED data,2013-11-29,2013,Nov
2.63,1,Good quality REVIEWED data,2013-11-30,2013,Nov
2.78,1,Good quality REVIEWED data,2013-12-01,2013,Dec
4.59,1,Good quality REVIEWED data,2013-12-02,2013,Dec
4.1,1,Good quality REVIEWED data,2013-12-03,2013,Dec
3.55,1,Good quality REVIEWED data,2013-12-04,2013,Dec
2.8,50,Estimated data,2013-12-13,2013,Dec
2.79,50,Estimated data,2013-12-14,2013,Dec
2.8,50,Estimated data,2013-12-15,2013,Dec
2.8,50,Estimated data,2013-12-16,2013,Dec
2.77,50,Estimated data,2013-12-17,2013,Dec
2.78,50,Estimated data,2013-12-18,2013,Dec
2.78,50,Estimated data,2013-12-19,2013,Dec
2.77,50,Estimated data,2013-12-20,2013,Dec
2.84,50,Estimated data,2013-12-21,2013,Dec
2.86,50,Estimated data,2013-12-22,2013,Dec
3,50,Estimated data,2013-12-23,2013,Dec
3.16,50,Estimated data,2013-12-24,2013,Dec
3.13,50,Estimated data,2013-12-25,2013,Dec
3.07,50,Estimated data,2013-12-26,2013,Dec
3.01,50,Estimated data,2013-12-27,2013,Dec
2.96,1,Good quality REVIEWED data,2013-12-28,2013,Dec
2.92,1,Good quality REVIEWED data,2013-12-29,2013,Dec
2.89,1,Good quality REVIEWED data,2013-12-30,2013,Dec
2.9,1,Good quality REVIEWED data,2013-12-31,2013,Dec
2.88,1,Good quality REVIEWED data,2014-01-01,2014,Jan
2.86,1,Good quality REVIEWED data,2014-01-02,2014,Jan
2.91,1,Good quality REVIEWED data,2014-01-03,2014,Jan
2.92,1,Good quality REVIEWED data,2014-01-04,2014,Jan
2.89,1,Good quality REVIEWED data,2014-01-05,2014,Jan
2.87,1,Good quality REVIEWED data,2014-01-06,2014,Jan
2.86,1,Good quality REVIEWED data,2014-01-07,2014,Jan
2.86,1,Good quality REVIEWED data,2014-01-08,2014,Jan
3.05,1,Good quality REVIEWED data,2014-01-09,2014,Jan
3.11,1,Good quality REVIEWED data,2014-01-10,2014,Jan
3.32,1,Good quality REVIEWED data,2014-01-11,2014,Jan
3.62,1,Good quality REVIEWED data,2014-01-12,2014,Jan
3.56,1,Good quality REVIEWED data,2014-01-13,2014,Jan
3.47,1,Good quality REVIEWED data,2014-01-14,2014,Jan
3.36,1,Good quality REVIEWED data,2014-01-15,2014,Jan
3.26,1,Good quality REVIEWED data,2014-01-16,2014,Jan
3.17,1,Good quality REVIEWED data,2014-01-17,2014,Jan
3.1,1,Good quality REVIEWED data,2014-01-18,2014,Jan
3.04,1,Good quality REVIEWED data,2014-01-19,2014,Jan
2.99,1,Good quality REVIEWED data,2014-01-20,2014,Jan
2.95,1,Good quality REVIEWED data,2014-01-21,2014,Jan
2.91,1,Good quality REVIEWED data,2014-01-22,2014,Jan
2.88,1,Good quality REVIEWED data,2014-01-23,2014,Jan
2.85,1,Good quality REVIEWED data,2014-01-24,2014,Jan
2.82,1,Good quality REVIEWED data,2014-01-25,2014,Jan
2.8,1,Good quality REVIEWED data,2014-01-26,2014,Jan
2.79,1,Good quality REVIEWED data,2014-01-27,2014,Jan
2.77,1,Good quality REVIEWED data,2014-01-28,2014,Jan
2.86,1,Good quality REVIEWED data,2014-01-29,2014,Jan
3.13,1,Good quality REVIEWED data,2014-01-30,2014,Jan
3.1,1,Good quality REVIEWED data,2014-01-31,2014,Jan
3.07,1,Good quality REVIEWED data,2014-02-01,2014,Feb
3.05,1,Good quality REVIEWED data,2014-02-02,2014,Feb
3.03,1,Good quality REVIEWED data,2014-02-03,2014,Feb
2.99,1,Good quality REVIEWED data,2014-02-04,2014,Feb
2.89,1,Good quality REVIEWED data,2014-02-05,2014,Feb
2.77,1,Good quality REVIEWED data,2014-02-06,2014,Feb
2.89,1,Good quality REVIEWED data,2014-02-07,2014,Feb
2.93,1,Good quality REVIEWED data,2014-02-08,2014,Feb
2.89,1,Good quality REVIEWED data,2014-02-09,2014,Feb
2.89,1,Good quality REVIEWED data,2014-02-10,2014,Feb
2.97,1,Good quality REVIEWED data,2014-02-11,2014,Feb
3.55,1,Good quality REVIEWED data,2014-02-12,2014,Feb
4.15,1,Good quality REVIEWED data,2014-02-13,2014,Feb
4.15,1,Good quality REVIEWED data,2014-02-14,2014,Feb
4.24,1,Good quality REVIEWED data,2014-02-15,2014,Feb
4.44,1,Good quality REVIEWED data,2014-02-16,2014,Feb
4.21,1,Good quality REVIEWED data,2014-02-17,2014,Feb
3.98,1,Good quality REVIEWED data,2014-02-18,2014,Feb
4.18,1,Good quality REVIEWED data,2014-02-19,2014,Feb
3.97,1,Good quality REVIEWED data,2014-02-20,2014,Feb
3.77,1,Good quality REVIEWED data,2014-02-21,2014,Feb
3.61,1,Good quality REVIEWED data,2014-02-22,2014,Feb
3.5,1,Good quality REVIEWED data,2014-02-23,2014,Feb
3.54,1,Good quality REVIEWED data,2014-02-24,2014,Feb
3.6,1,Good quality REVIEWED data,2014-02-25,2014,Feb
3.53,1,Good quality REVIEWED data,2014-02-26,2014,Feb
3.5,1,Good quality REVIEWED data,2014-02-27,2014,Feb
3.58,1,Good quality REVIEWED data,2014-02-28,2014,Feb
3.74,1,Good quality REVIEWED data,2014-03-01,2014,Mar
3.68,1,Good quality REVIEWED data,2014-03-02,2014,Mar
3.97,1,Good quality REVIEWED data,2014-03-03,2014,Mar
4.34,1,Good quality REVIEWED data,2014-03-04,2014,Mar
4.43,1,Good quality REVIEWED data,2014-03-05,2014,Mar
5.43,1,Good quality REVIEWED data,2014-03-06,2014,Mar
5.23,1,Good quality REVIEWED data,2014-03-07,2014,Mar
4.64,1,Good quality REVIEWED data,2014-03-08,2014,Mar
5.06,1,Good quality REVIEWED data,2014-03-09,2014,Mar
5.77,1,Good quality REVIEWED data,2014-03-10,2014,Mar
5.22,1,Good quality REVIEWED data,2014-03-11,2014,Mar
4.58,1,Good quality REVIEWED data,2014-03-12,2014,Mar
4.23,1,Good quality REVIEWED data,2014-03-13,2014,Mar
4.01,1,Good quality REVIEWED data,2014-03-14,2014,Mar
3.87,1,Good quality REVIEWED data,2014-03-15,2014,Mar
3.74,1,Good quality REVIEWED data,2014-03-16,2014,Mar
4,1,Good quality REVIEWED data,2014-03-17,2014,Mar
3.96,1,Good quality REVIEWED data,2014-03-18,2014,Mar
3.92,1,Good quality REVIEWED data,2014-03-19,2014,Mar
3.86,1,Good quality REVIEWED data,2014-03-20,2014,Mar
3.73,1,Good quality REVIEWED data,2014-03-21,2014,Mar
3.6,1,Good quality REVIEWED data,2014-03-22,2014,Mar
3.48,1,Good quality REVIEWED data,2014-03-23,2014,Mar
3.38,1,Good quality REVIEWED data,2014-03-24,2014,Mar
3.32,1,Good quality REVIEWED data,2014-03-25,2014,Mar
3.3,1,Good quality REVIEWED data,2014-03-26,2014,Mar
3.36,1,Good quality REVIEWED data,2014-03-27,2014,Mar
3.47,1,Good quality REVIEWED data,2014-03-28,2014,Mar
4.61,1,Good quality REVIEWED data,2014-03-29,2014,Mar
4.53,1,Good quality REVIEWED data,2014-03-30,2014,Mar
4.18,1,Good quality REVIEWED data,2014-03-31,2014,Mar
3.92,1,Good quality REVIEWED data,2014-04-01,2014,Apr
3.73,1,Good quality REVIEWED data,2014-04-02,2014,Apr
3.57,1,Good quality REVIEWED data,2014-04-03,2014,Apr
3.55,1,Good quality REVIEWED data,2014-04-04,2014,Apr
3.49,1,Good quality REVIEWED data,2014-04-05,2014,Apr
3.62,1,Good quality REVIEWED data,2014-04-06,2014,Apr
3.64,1,Good quality REVIEWED data,2014-04-07,2014,Apr
3.62,1,Good quality REVIEWED data,2014-04-08,2014,Apr
3.64,1,Good quality REVIEWED data,2014-04-09,2014,Apr
3.61,1,Good quality REVIEWED data,2014-04-10,2014,Apr
3.51,1,Good quality REVIEWED data,2014-04-11,2014,Apr
3.42,1,Good quality REVIEWED data,2014-04-12,2014,Apr
3.33,1,Good quality REVIEWED data,2014-04-13,2014,Apr
3.24,1,Good quality REVIEWED data,2014-04-14,2014,Apr
3.19,1,Good quality REVIEWED data,2014-04-15,2014,Apr
3.14,1,Good quality REVIEWED data,2014-04-16,2014,Apr
3.13,1,Good quality REVIEWED data,2014-04-17,2014,Apr
3.19,1,Good quality REVIEWED data,2014-04-18,2014,Apr
3.13,1,Good quality REVIEWED data,2014-04-19,2014,Apr
3.09,1,Good quality REVIEWED data,2014-04-20,2014,Apr
3.07,1,Good quality REVIEWED data,2014-04-21,2014,Apr
3.1,1,Good quality REVIEWED data,2014-04-22,2014,Apr
3.16,1,Good quality REVIEWED data,2014-04-23,2014,Apr
3.58,1,Good quality REVIEWED data,2014-04-24,2014,Apr
3.78,1,Good quality REVIEWED data,2014-04-25,2014,Apr
3.76,1,Good quality REVIEWED data,2014-04-26,2014,Apr
3.68,1,Good quality REVIEWED data,2014-04-27,2014,Apr
3.55,1,Good quality REVIEWED data,2014-04-28,2014,Apr
3.41,1,Good quality REVIEWED data,2014-04-29,2014,Apr
3.31,1,Good quality REVIEWED data,2014-04-30,2014,Apr
3.25,1,Good quality REVIEWED data,2014-05-01,2014,May
3.23,1,Good quality REVIEWED data,2014-05-02,2014,May
3.23,1,Good quality REVIEWED data,2014-05-03,2014,May
3.24,1,Good quality REVIEWED data,2014-05-04,2014,May
3.23,1,Good quality REVIEWED data,2014-05-05,2014,May
3.17,1,Good quality REVIEWED data,2014-05-06,2014,May
3.12,1,Good quality REVIEWED data,2014-05-07,2014,May
3.07,1,Good quality REVIEWED data,2014-05-08,2014,May
3.26,1,Good quality REVIEWED data,2014-05-09,2014,May
3.21,1,Good quality REVIEWED data,2014-05-10,2014,May
3.13,1,Good quality REVIEWED data,2014-05-11,2014,May
3.06,1,Good quality REVIEWED data,2014-05-12,2014,May
3.01,1,Good quality REVIEWED data,2014-05-13,2014,May
2.98,1,Good quality REVIEWED data,2014-05-14,2014,May
2.99,1,Good quality REVIEWED data,2014-05-15,2014,May
3.01,1,Good quality REVIEWED data,2014-05-16,2014,May
3.01,1,Good quality REVIEWED data,2014-05-17,2014,May
2.99,1,Good quality REVIEWED data,2014-05-18,2014,May
2.95,1,Good quality REVIEWED data,2014-05-19,2014,May
2.91,1,Good quality REVIEWED data,2014-05-20,2014,May
2.9,1,Good quality REVIEWED data,2014-05-21,2014,May
2.89,1,Good quality REVIEWED data,2014-05-22,2014,May
2.88,1,Good quality REVIEWED data,2014-05-23,2014,May
2.9,1,Good quality REVIEWED data,2014-05-24,2014,May
2.85,1,Good quality REVIEWED data,2014-05-25,2014,May
2.8,1,Good quality REVIEWED data,2014-05-26,2014,May
2.74,1,Good quality REVIEWED data,2014-05-27,2014,May
2.71,1,Good quality REVIEWED data,2014-05-28,2014,May
2.66,1,Good quality REVIEWED data,2014-05-29,2014,May
2.62,1,Good quality REVIEWED data,2014-05-30,2014,May
2.6,1,Good quality REVIEWED data,2014-05-31,2014,May
2.58,1,Good quality REVIEWED data,2014-06-01,2014,Jun
2.56,1,Good quality REVIEWED data,2014-06-02,2014,Jun
2.58,1,Good quality REVIEWED data,2014-06-03,2014,Jun
2.54,1,Good quality REVIEWED data,2014-06-04,2014,Jun
2.51,1,Good quality REVIEWED data,2014-06-05,2014,Jun
2.49,1,Good quality REVIEWED data,2014-06-06,2014,Jun
2.47,1,Good quality REVIEWED data,2014-06-07,2014,Jun
2.45,1,Good quality REVIEWED data,2014-06-08,2014,Jun
2.44,1,Good quality REVIEWED data,2014-06-09,2014,Jun
2.43,1,Good quality REVIEWED data,2014-06-10,2014,Jun
2.42,1,Good quality REVIEWED data,2014-06-11,2014,Jun
2.41,1,Good quality REVIEWED data,2014-06-12,2014,Jun
2.42,1,Good quality REVIEWED data,2014-06-13,2014,Jun
2.56,1,Good quality REVIEWED data,2014-06-14,2014,Jun
2.49,1,Good quality REVIEWED data,2014-06-15,2014,Jun
2.45,1,Good quality REVIEWED data,2014-06-16,2014,Jun
2.46,1,Good quality REVIEWED data,2014-06-17,2014,Jun
2.61,1,Good quality REVIEWED data,2014-06-18,2014,Jun
2.52,1,Good quality REVIEWED data,2014-06-19,2014,Jun
2.46,1,Good quality REVIEWED data,2014-06-20,2014,Jun
2.43,1,Good quality REVIEWED data,2014-06-21,2014,Jun
2.42,1,Good quality REVIEWED data,2014-06-22,2014,Jun
2.39,1,Good quality REVIEWED data,2014-06-23,2014,Jun
2.37,1,Good quality REVIEWED data,2014-06-24,2014,Jun
2.37,1,Good quality REVIEWED data,2014-06-25,2014,Jun
2.41,1,Good quality REVIEWED data,2014-06-26,2014,Jun
2.44,1,Good quality REVIEWED data,2014-06-27,2014,Jun
2.42,1,Good quality REVIEWED data,2014-06-28,2014,Jun
2.39,1,Good quality REVIEWED data,2014-06-29,2014,Jun
2.35,1,Good quality REVIEWED data,2014-07-01,2014,Jul
2.33,1,Good quality REVIEWED data,2014-07-02,2014,Jul
2.33,1,Good quality REVIEWED data,2014-07-03,2014,Jul
2.31,1,Good quality REVIEWED data,2014-07-04,2014,Jul
2.3,1,Good quality REVIEWED data,2014-07-05,2014,Jul
2.29,1,Good quality REVIEWED data,2014-07-06,2014,Jul
2.27,1,Good quality REVIEWED data,2014-07-07,2014,Jul
2.27,1,Good quality REVIEWED data,2014-07-08,2014,Jul
2.26,1,Good quality REVIEWED data,2014-07-09,2014,Jul
2.25,1,Good quality REVIEWED data,2014-07-10,2014,Jul
2.24,1,Good quality REVIEWED data,2014-07-11,2014,Jul
2.24,1,Good quality REVIEWED data,2014-07-12,2014,Jul
2.23,1,Good quality REVIEWED data,2014-07-13,2014,Jul
2.23,1,Good quality REVIEWED data,2014-07-14,2014,Jul
2.22,1,Good quality REVIEWED data,2014-07-15,2014,Jul
2.21,1,Good quality REVIEWED data,2014-07-16,2014,Jul
2.2,1,Good quality REVIEWED data,2014-07-17,2014,Jul
2.2,1,Good quality REVIEWED data,2014-07-18,2014,Jul
2.21,1,Good quality REVIEWED data,2014-07-19,2014,Jul
2.21,1,Good quality REVIEWED data,2014-07-20,2014,Jul
2.21,1,Good quality REVIEWED data,2014-07-21,2014,Jul
2.21,1,Good quality REVIEWED data,2014-07-22,2014,Jul
2.3,1,Good quality REVIEWED data,2014-07-23,2014,Jul
2.3,1,Good quality REVIEWED data,2014-07-24,2014,Jul
2.26,1,Good quality REVIEWED data,2014-07-25,2014,Jul
2.24,1,Good quality REVIEWED data,2014-07-26,2014,Jul
2.21,1,Good quality REVIEWED data,2014-07-27,2014,Jul
2.19,1,Good quality REVIEWED data,2014-07-28,2014,Jul
2.18,1,Good quality REVIEWED data,2014-07-29,2014,Jul
2.17,1,Good quality REVIEWED data,2014-07-30,2014,Jul
2.16,1,Good quality REVIEWED data,2014-07-31,2014,Jul
2.17,1,Good quality REVIEWED data,2014-08-01,2014,Aug
2.16,1,Good quality REVIEWED data,2014-08-02,2014,Aug
2.19,1,Good quality REVIEWED data,2014-08-03,2014,Aug
2.16,1,Good quality REVIEWED data,2014-08-04,2014,Aug
2.15,1,Good quality REVIEWED data,2014-08-05,2014,Aug
2.15,1,Good quality REVIEWED data,2014-08-06,2014,Aug
2.14,1,Good quality REVIEWED data,2014-08-07,2014,Aug
2.15,1,Good quality REVIEWED data,2014-08-08,2014,Aug
2.16,1,Good quality REVIEWED data,2014-08-09,2014,Aug
2.15,1,Good quality REVIEWED data,2014-08-10,2014,Aug
2.14,1,Good quality REVIEWED data,2014-08-11,2014,Aug
2.16,1,Good quality REVIEWED data,2014-08-12,2014,Aug
2.2,1,Good quality REVIEWED data,2014-08-13,2014,Aug
2.3,1,Good quality REVIEWED data,2014-08-14,2014,Aug
2.32,1,Good quality REVIEWED data,2014-08-15,2014,Aug
2.26,1,Good quality REVIEWED data,2014-08-16,2014,Aug
2.23,1,Good quality REVIEWED data,2014-08-17,2014,Aug
2.2,1,Good quality REVIEWED data,2014-08-18,2014,Aug
2.19,1,Good quality REVIEWED data,2014-08-19,2014,Aug
2.18,1,Good quality REVIEWED data,2014-08-20,2014,Aug
2.18,1,Good quality REVIEWED data,2014-08-21,2014,Aug
2.18,1,Good quality REVIEWED data,2014-08-22,2014,Aug
2.2,1,Good quality REVIEWED data,2014-08-23,2014,Aug
2.2,1,Good quality REVIEWED data,2014-08-24,2014,Aug
2.24,1,Good quality REVIEWED data,2014-08-25,2014,Aug
2.22,1,Good quality REVIEWED data,2014-08-26,2014,Aug
2.19,1,Good quality REVIEWED data,2014-08-27,2014,Aug
2.18,1,Good quality REVIEWED data,2014-08-28,2014,Aug
2.17,1,Good quality REVIEWED data,2014-08-29,2014,Aug
2.17,1,Good quality REVIEWED data,2014-08-30,2014,Aug
2.19,1,Good quality REVIEWED data,2014-08-31,2014,Aug
2.19,1,Good quality REVIEWED data,2014-09-01,2014,Sep
2.18,1,Good quality REVIEWED data,2014-09-02,2014,Sep
2.19,1,Good quality REVIEWED data,2014-09-03,2014,Sep
2.2,1,Good quality REVIEWED data,2014-09-04,2014,Sep
2.2,1,Good quality REVIEWED data,2014-09-05,2014,Sep
2.19,1,Good quality REVIEWED data,2014-09-06,2014,Sep
2.17,1,Good quality REVIEWED data,2014-09-07,2014,Sep
2.17,1,Good quality REVIEWED data,2014-09-08,2014,Sep
2.17,1,Good quality REVIEWED data,2014-09-09,2014,Sep
2.18,1,Good quality REVIEWED data,2014-09-10,2014,Sep
2.19,1,Good quality REVIEWED data,2014-09-11,2014,Sep
2.2,1,Good quality REVIEWED data,2014-09-12,2014,Sep
2.19,1,Good quality REVIEWED data,2014-09-13,2014,Sep
2.19,1,Good quality REVIEWED data,2014-09-14,2014,Sep
2.18,1,Good quality REVIEWED data,2014-09-15,2014,Sep
2.18,1,Good quality REVIEWED data,2014-09-16,2014,Sep
2.18,1,Good quality REVIEWED data,2014-09-17,2014,Sep
2.19,1,Good quality REVIEWED data,2014-09-18,2014,Sep
2.19,1,Good quality REVIEWED data,2014-09-19,2014,Sep
2.2,1,Good quality REVIEWED data,2014-09-20,2014,Sep
2.19,1,Good quality REVIEWED data,2014-09-21,2014,Sep
2.2,1,Good quality REVIEWED data,2014-09-22,2014,Sep
2.26,1,Good quality REVIEWED data,2014-09-23,2014,Sep
2.25,1,Good quality REVIEWED data,2014-09-24,2014,Sep
2.25,1,Good quality REVIEWED data,2014-09-25,2014,Sep
2.25,1,Good quality REVIEWED data,2014-09-26,2014,Sep
2.26,1,Good quality REVIEWED data,2014-09-27,2014,Sep
2.26,1,Good quality REVIEWED data,2014-09-28,2014,Sep
2.26,1,Good quality REVIEWED data,2014-09-29,2014,Sep
2.29,1,Good quality REVIEWED data,2014-09-30,2014,Sep
2.29,1,Good quality REVIEWED data,2014-10-01,2014,Oct
2.15,1,Good quality REVIEWED data,2015-10-01,2015,Oct
2.14,1,Good quality REVIEWED data,2015-10-02,2015,Oct
2.16,1,Good quality REVIEWED data,2015-10-03,2015,Oct
2.17,1,Good quality REVIEWED data,2015-10-04,2015,Oct
2.17,1,Good quality REVIEWED data,2015-10-05,2015,Oct
2.18,1,Good quality REVIEWED data,2015-10-06,2015,Oct
2.18,1,Good quality REVIEWED data,2015-10-07,2015,Oct
2.21,1,Good quality REVIEWED data,2015-10-08,2015,Oct
2.21,1,Good quality REVIEWED data,2015-10-09,2015,Oct
2.19,1,Good quality REVIEWED data,2015-10-10,2015,Oct
2.21,1,Good quality REVIEWED data,2015-10-11,2015,Oct
2.21,1,Good quality REVIEWED data,2015-10-12,2015,Oct
2.19,1,Good quality REVIEWED data,2015-10-13,2015,Oct
2.19,1,Good quality REVIEWED data,2015-10-14,2015,Oct
2.2,1,Good quality REVIEWED data,2015-10-15,2015,Oct
2.2,1,Good quality REVIEWED data,2015-10-16,2015,Oct
2.21,1,Good quality REVIEWED data,2015-10-17,2015,Oct
2.21,1,Good quality REVIEWED data,2015-10-18,2015,Oct
2.22,1,Good quality REVIEWED data,2015-10-19,2015,Oct
2.21,1,Good quality REVIEWED data,2015-10-20,2015,Oct
2.21,1,Good quality REVIEWED data,2015-10-21,2015,Oct
2.21,1,Good quality REVIEWED data,2015-10-22,2015,Oct
2.22,1,Good quality REVIEWED data,2015-10-23,2015,Oct
2.23,1,Good quality REVIEWED data,2015-10-24,2015,Oct
2.23,1,Good quality REVIEWED data,2015-10-25,2015,Oct
2.23,1,Good quality REVIEWED data,2015-10-26,2015,Oct
2.24,1,Good quality REVIEWED data,2015-10-27,2015,Oct
2.25,1,Good quality REVIEWED data,2015-10-28,2015,Oct
2.27,1,Good quality REVIEWED data,2015-10-29,2015,Oct
2.26,1,Good quality REVIEWED data,2015-10-30,2015,Oct
2.36,1,Good quality REVIEWED data,2015-10-31,2015,Oct
2.65,1,Good quality REVIEWED data,2015-11-01,2015,Nov
2.45,1,Good quality REVIEWED data,2015-11-02,2015,Nov
2.36,1,Good quality REVIEWED data,2015-11-03,2015,Nov
2.35,1,Good quality REVIEWED data,2015-11-04,2015,Nov
2.33,1,Good quality REVIEWED data,2015-11-05,2015,Nov
2.36,1,Good quality REVIEWED data,2015-11-06,2015,Nov
2.34,1,Good quality REVIEWED data,2015-11-07,2015,Nov
2.33,1,Good quality REVIEWED data,2015-11-08,2015,Nov
2.4,1,Good quality REVIEWED data,2015-11-09,2015,Nov
2.42,1,Good quality REVIEWED data,2015-11-10,2015,Nov
2.38,1,Good quality REVIEWED data,2015-11-11,2015,Nov
2.38,1,Good quality REVIEWED data,2015-11-12,2015,Nov
2.37,1,Good quality REVIEWED data,2015-11-13,2015,Nov
2.41,1,Good quality REVIEWED data,2015-11-14,2015,Nov
2.38,1,Good quality REVIEWED data,2015-11-15,2015,Nov
2.36,1,Good quality REVIEWED data,2015-11-16,2015,Nov
2.37,1,Good quality REVIEWED data,2015-11-17,2015,Nov
2.51,1,Good quality REVIEWED data,2015-11-18,2015,Nov
2.48,1,Good quality REVIEWED data,2015-11-19,2015,Nov
2.45,1,Good quality REVIEWED data,2015-11-20,2015,Nov
2.42,1,Good quality REVIEWED data,2015-11-21,2015,Nov
2.4,1,Good quality REVIEWED data,2015-11-22,2015,Nov
2.38,1,Good quality REVIEWED data,2015-11-23,2015,Nov
2.39,1,Good quality REVIEWED data,2015-11-24,2015,Nov
2.38,1,Good quality REVIEWED data,2015-11-25,2015,Nov
2.36,1,Good quality REVIEWED data,2015-11-26,2015,Nov
2.34,1,Good quality REVIEWED data,2015-11-27,2015,Nov
2.33,1,Good quality REVIEWED data,2015-11-28,2015,Nov
2.33,1,Good quality REVIEWED data,2015-11-29,2015,Nov
2.32,1,Good quality REVIEWED data,2015-11-30,2015,Nov
2.32,1,Good quality REVIEWED data,2015-12-01,2015,Dec
2.34,1,Good quality REVIEWED data,2015-12-02,2015,Dec
2.34,1,Good quality REVIEWED data,2015-12-03,2015,Dec
2.38,1,Good quality REVIEWED data,2015-12-04,2015,Dec
2.41,1,Good quality REVIEWED data,2015-12-05,2015,Dec
2.41,1,Good quality REVIEWED data,2015-12-06,2015,Dec
2.77,1,Good quality REVIEWED data,2015-12-07,2015,Dec
3.51,1,Good quality REVIEWED data,2015-12-08,2015,Dec
3.43,1,Good quality REVIEWED data,2015-12-09,2015,Dec
3.48,1,Good quality REVIEWED data,2015-12-10,2015,Dec
3.28,1,Good quality REVIEWED data,2015-12-11,2015,Dec
3.11,1,Good quality REVIEWED data,2015-12-12,2015,Dec
3.13,1,Good quality REVIEWED data,2015-12-13,2015,Dec
3.07,1,Good quality REVIEWED data,2015-12-14,2015,Dec
2.97,1,Good quality REVIEWED data,2015-12-15,2015,Dec
2.89,1,Good quality REVIEWED data,2015-12-16,2015,Dec
2.82,1,Good quality REVIEWED data,2015-12-17,2015,Dec
2.89,1,Good quality REVIEWED data,2015-12-18,2015,Dec
3.14,1,Good quality REVIEWED data,2015-12-19,2015,Dec
3.09,1,Good quality REVIEWED data,2015-12-20,2015,Dec
3.03,1,Good quality REVIEWED data,2015-12-21,2015,Dec
3.13,1,Good quality REVIEWED data,2015-12-22,2015,Dec
3.06,1,Good quality REVIEWED data,2015-12-23,2015,Dec
2.98,1,Good quality REVIEWED data,2015-12-24,2015,Dec
2.89,1,Good quality REVIEWED data,2015-12-25,2015,Dec
2.82,1,Good quality REVIEWED data,2015-12-26,2015,Dec
2.76,1,Good quality REVIEWED data,2015-12-27,2015,Dec
2.73,1,Good quality REVIEWED data,2015-12-28,2015,Dec
2.7,1,Good quality REVIEWED data,2015-12-29,2015,Dec
2.66,1,Good quality REVIEWED data,2015-12-30,2015,Dec
2.61,1,Good quality REVIEWED data,2015-12-31,2015,Dec
2.56,1,Good quality REVIEWED data,2016-01-01,2016,Jan
2.55,1,Good quality REVIEWED data,2016-01-02,2016,Jan
2.56,50,Estimated data,2016-01-05,2016,Jan
2.57,50,Estimated data,2016-01-06,2016,Jan
2.62,50,Estimated data,2016-01-07,2016,Jan
2.67,50,Estimated data,2016-01-08,2016,Jan
2.69,50,Estimated data,2016-01-09,2016,Jan
2.68,50,Estimated data,2016-01-10,2016,Jan
2.66,50,Estimated data,2016-01-11,2016,Jan
2.65,50,Estimated data,2016-01-12,2016,Jan
2.81,50,Estimated data,2016-01-13,2016,Jan
3.41,50,Estimated data,2016-01-14,2016,Jan
3.29,50,Estimated data,2016-01-15,2016,Jan
3.18,50,Estimated data,2016-01-16,2016,Jan
3.27,50,Estimated data,2016-01-17,2016,Jan
3.57,50,Estimated data,2016-01-18,2016,Jan
3.59,50,Estimated data,2016-01-19,2016,Jan
3.82,50,Estimated data,2016-01-20,2016,Jan
3.77,1,Good quality REVIEWED data,2016-01-21,2016,Jan
3.79,1,Good quality REVIEWED data,2016-01-22,2016,Jan
3.81,1,Good quality REVIEWED data,2016-01-23,2016,Jan
3.98,1,Good quality REVIEWED data,2016-01-24,2016,Jan
3.78,1,Good quality REVIEWED data,2016-01-25,2016,Jan
3.53,1,Good quality REVIEWED data,2016-01-26,2016,Jan
3.35,1,Good quality REVIEWED data,2016-01-27,2016,Jan
3.41,1,Good quality REVIEWED data,2016-01-28,2016,Jan
4.26,1,Good quality REVIEWED data,2016-01-29,2016,Jan
4.14,1,Good quality REVIEWED data,2016-01-30,2016,Jan
3.84,1,Good quality REVIEWED data,2016-01-31,2016,Jan
3.6,1,Good quality REVIEWED data,2016-02-01,2016,Feb
3.41,1,Good quality REVIEWED data,2016-02-02,2016,Feb
3.25,1,Good quality REVIEWED data,2016-02-03,2016,Feb
3.19,1,Good quality REVIEWED data,2016-02-04,2016,Feb
3.14,1,Good quality REVIEWED data,2016-02-05,2016,Feb
3.11,1,Good quality REVIEWED data,2016-02-06,2016,Feb
3.07,1,Good quality REVIEWED data,2016-02-07,2016,Feb
3.02,1,Good quality REVIEWED data,2016-02-08,2016,Feb
2.99,1,Good quality REVIEWED data,2016-02-09,2016,Feb
3.03,1,Good quality REVIEWED data,2016-02-10,2016,Feb
3.08,1,Good quality REVIEWED data,2016-02-11,2016,Feb
3.22,1,Good quality REVIEWED data,2016-02-12,2016,Feb
3.45,1,Good quality REVIEWED data,2016-02-13,2016,Feb
3.63,1,Good quality REVIEWED data,2016-02-14,2016,Feb
4.11,1,Good quality REVIEWED data,2016-02-15,2016,Feb
4.17,1,Good quality REVIEWED data,2016-02-16,2016,Feb
3.98,1,Good quality REVIEWED data,2016-02-17,2016,Feb
4.02,1,Good quality REVIEWED data,2016-02-18,2016,Feb
4.11,1,Good quality REVIEWED data,2016-02-19,2016,Feb
4.03,1,Good quality REVIEWED data,2016-02-20,2016,Feb
3.84,1,Good quality REVIEWED data,2016-02-21,2016,Feb
3.66,1,Good quality REVIEWED data,2016-02-22,2016,Feb
3.5,1,Good quality REVIEWED data,2016-02-23,2016,Feb
3.36,1,Good quality REVIEWED data,2016-02-24,2016,Feb
3.25,1,Good quality REVIEWED data,2016-02-25,2016,Feb
3.17,1,Good quality REVIEWED data,2016-02-26,2016,Feb
3.18,1,Good quality REVIEWED data,2016-02-27,2016,Feb
3.32,1,Good quality REVIEWED data,2016-02-28,2016,Feb
3.31,1,Good quality REVIEWED data,2016-02-29,2016,Feb
3.27,1,Good quality REVIEWED data,2016-03-01,2016,Mar
3.31,1,Good quality REVIEWED data,2016-03-02,2016,Mar
3.29,1,Good quality REVIEWED data,2016-03-03,2016,Mar
3.26,1,Good quality REVIEWED data,2016-03-04,2016,Mar
3.26,1,Good quality REVIEWED data,2016-03-05,2016,Mar
3.62,1,Good quality REVIEWED data,2016-03-06,2016,Mar
3.78,1,Good quality REVIEWED data,2016-03-07,2016,Mar
3.65,1,Good quality REVIEWED data,2016-03-08,2016,Mar
3.54,1,Good quality REVIEWED data,2016-03-09,2016,Mar
3.66,1,Good quality REVIEWED data,2016-03-10,2016,Mar
3.79,1,Good quality REVIEWED data,2016-03-11,2016,Mar
3.89,1,Good quality REVIEWED data,2016-03-12,2016,Mar
4.12,1,Good quality REVIEWED data,2016-03-13,2016,Mar
4.49,1,Good quality REVIEWED data,2016-03-14,2016,Mar
4.28,1,Good quality REVIEWED data,2016-03-15,2016,Mar
4.05,1,Good quality REVIEWED data,2016-03-16,2016,Mar
3.84,1,Good quality REVIEWED data,2016-03-17,2016,Mar
3.66,1,Good quality REVIEWED data,2016-03-18,2016,Mar
3.53,1,Good quality REVIEWED data,2016-03-19,2016,Mar
3.43,1,Good quality REVIEWED data,2016-03-20,2016,Mar
3.53,1,Good quality REVIEWED data,2016-03-21,2016,Mar
4.35,1,Good quality REVIEWED data,2016-03-22,2016,Mar
4.88,1,Good quality REVIEWED data,2016-03-23,2016,Mar
5.15,1,Good quality REVIEWED data,2016-03-24,2016,Mar
4.83,1,Good quality REVIEWED data,2016-03-25,2016,Mar
4.42,1,Good quality REVIEWED data,2016-03-26,2016,Mar
4.22,1,Good quality REVIEWED data,2016-03-27,2016,Mar
4.1,1,Good quality REVIEWED data,2016-03-28,2016,Mar
3.93,1,Good quality REVIEWED data,2016-03-29,2016,Mar
3.77,1,Good quality REVIEWED data,2016-03-30,2016,Mar
3.64,1,Good quality REVIEWED data,2016-03-31,2016,Mar
3.56,1,Good quality REVIEWED data,2016-04-01,2016,Apr
3.54,1,Good quality REVIEWED data,2016-04-02,2016,Apr
3.55,1,Good quality REVIEWED data,2016-04-03,2016,Apr
3.56,1,Good quality REVIEWED data,2016-04-04,2016,Apr
3.45,1,Good quality REVIEWED data,2016-04-05,2016,Apr
3.34,1,Good quality REVIEWED data,2016-04-06,2016,Apr
3.27,1,Good quality REVIEWED data,2016-04-07,2016,Apr
3.28,1,Good quality REVIEWED data,2016-04-08,2016,Apr
3.34,1,Good quality REVIEWED data,2016-04-09,2016,Apr
3.35,1,Good quality REVIEWED data,2016-04-10,2016,Apr
3.3,1,Good quality REVIEWED data,2016-04-11,2016,Apr
3.25,1,Good quality REVIEWED data,2016-04-12,2016,Apr
3.19,1,Good quality REVIEWED data,2016-04-13,2016,Apr
3.24,1,Good quality REVIEWED data,2016-04-14,2016,Apr
3.16,1,Good quality REVIEWED data,2016-04-15,2016,Apr
3.06,1,Good quality REVIEWED data,2016-04-16,2016,Apr
3.01,1,Good quality REVIEWED data,2016-04-17,2016,Apr
2.99,1,Good quality REVIEWED data,2016-04-18,2016,Apr
3,1,Good quality REVIEWED data,2016-04-19,2016,Apr
3.03,1,Good quality REVIEWED data,2016-04-20,2016,Apr
3.07,1,Good quality REVIEWED data,2016-04-21,2016,Apr
3.1,1,Good quality REVIEWED data,2016-04-22,2016,Apr
3.08,1,Good quality REVIEWED data,2016-04-23,2016,Apr
3.01,1,Good quality REVIEWED data,2016-04-24,2016,Apr
2.95,1,Good quality REVIEWED data,2016-04-25,2016,Apr
2.89,1,Good quality REVIEWED data,2016-04-26,2016,Apr
2.85,1,Good quality REVIEWED data,2016-04-27,2016,Apr
2.81,1,Good quality REVIEWED data,2016-04-28,2016,Apr
2.85,1,Good quality REVIEWED data,2016-04-29,2016,Apr
2.86,1,Good quality REVIEWED data,2016-04-30,2016,Apr
2.79,1,Good quality REVIEWED data,2016-05-01,2016,May
2.77,1,Good quality REVIEWED data,2016-05-02,2016,May
2.77,1,Good quality REVIEWED data,2016-05-03,2016,May
2.77,1,Good quality REVIEWED data,2016-05-04,2016,May
2.81,1,Good quality REVIEWED data,2016-05-05,2016,May
2.81,1,Good quality REVIEWED data,2016-05-06,2016,May
2.8,1,Good quality REVIEWED data,2016-05-07,2016,May
2.78,1,Good quality REVIEWED data,2016-05-08,2016,May
2.74,1,Good quality REVIEWED data,2016-05-09,2016,May
2.69,1,Good quality REVIEWED data,2016-05-10,2016,May
2.63,1,Good quality REVIEWED data,2016-05-11,2016,May
2.6,1,Good quality REVIEWED data,2016-05-12,2016,May
2.58,1,Good quality REVIEWED data,2016-05-13,2016,May
2.59,1,Good quality REVIEWED data,2016-05-14,2016,May
2.76,1,Good quality REVIEWED data,2016-05-15,2016,May
2.75,1,Good quality REVIEWED data,2016-05-16,2016,May
2.68,1,Good quality REVIEWED data,2016-05-17,2016,May
2.63,1,Good quality REVIEWED data,2016-05-18,2016,May
2.61,1,Good quality REVIEWED data,2016-05-19,2016,May
2.59,1,Good quality REVIEWED data,2016-05-20,2016,May
2.6,1,Good quality REVIEWED data,2016-05-21,2016,May
2.62,1,Good quality REVIEWED data,2016-05-22,2016,May
2.59,1,Good quality REVIEWED data,2016-05-23,2016,May
2.56,1,Good quality REVIEWED data,2016-05-24,2016,May
2.54,1,Good quality REVIEWED data,2016-05-25,2016,May
2.5,1,Good quality REVIEWED data,2016-05-26,2016,May
2.48,1,Good quality REVIEWED data,2016-05-27,2016,May
2.47,1,Good quality REVIEWED data,2016-05-28,2016,May
2.45,1,Good quality REVIEWED data,2016-05-29,2016,May
2.42,1,Good quality REVIEWED data,2016-05-30,2016,May
2.4,1,Good quality REVIEWED data,2016-05-31,2016,May
2.38,1,Good quality REVIEWED data,2016-06-01,2016,Jun
2.37,1,Good quality REVIEWED data,2016-06-02,2016,Jun
2.36,1,Good quality REVIEWED data,2016-06-03,2016,Jun
2.34,1,Good quality REVIEWED data,2016-06-04,2016,Jun
2.32,1,Good quality REVIEWED data,2016-06-05,2016,Jun
2.3,1,Good quality REVIEWED data,2016-06-06,2016,Jun
2.28,1,Good quality REVIEWED data,2016-06-07,2016,Jun
2.28,1,Good quality REVIEWED data,2016-06-08,2016,Jun
2.29,1,Good quality REVIEWED data,2016-06-09,2016,Jun
2.32,1,Good quality REVIEWED data,2016-06-10,2016,Jun
2.37,1,Good quality REVIEWED data,2016-06-11,2016,Jun
2.32,1,Good quality REVIEWED data,2016-06-12,2016,Jun
2.29,1,Good quality REVIEWED data,2016-06-13,2016,Jun
2.29,1,Good quality REVIEWED data,2016-06-14,2016,Jun
2.31,1,Good quality REVIEWED data,2016-06-15,2016,Jun
2.33,1,Good quality REVIEWED data,2016-06-16,2016,Jun
2.32,1,Good quality REVIEWED data,2016-06-17,2016,Jun
2.34,1,Good quality REVIEWED data,2016-06-18,2016,Jun
2.38,1,Good quality REVIEWED data,2016-06-19,2016,Jun
2.31,1,Good quality REVIEWED data,2016-06-20,2016,Jun
2.27,1,Good quality REVIEWED data,2016-06-21,2016,Jun
2.25,1,Good quality REVIEWED data,2016-06-22,2016,Jun
2.23,1,Good quality REVIEWED data,2016-06-23,2016,Jun
2.23,1,Good quality REVIEWED data,2016-06-24,2016,Jun
2.23,1,Good quality REVIEWED data,2016-06-25,2016,Jun
2.21,1,Good quality REVIEWED data,2016-06-26,2016,Jun
2.18,1,Good quality REVIEWED data,2016-06-27,2016,Jun
2.17,1,Good quality REVIEWED data,2016-06-28,2016,Jun
2.15,1,Good quality REVIEWED data,2016-06-29,2016,Jun
2.14,1,Good quality REVIEWED data,2016-06-30,2016,Jun
2.13,1,Good quality REVIEWED data,2016-07-01,2016,Jul
2.14,1,Good quality REVIEWED data,2016-07-02,2016,Jul
2.13,1,Good quality REVIEWED data,2016-07-03,2016,Jul
2.12,1,Good quality REVIEWED data,2016-07-04,2016,Jul
2.13,1,Good quality REVIEWED data,2016-07-05,2016,Jul
2.15,1,Good quality REVIEWED data,2016-07-06,2016,Jul
2.15,1,Good quality REVIEWED data,2016-07-07,2016,Jul
2.18,1,Good quality REVIEWED data,2016-07-08,2016,Jul
2.26,1,Good quality REVIEWED data,2016-07-09,2016,Jul
2.25,1,Good quality REVIEWED data,2016-07-10,2016,Jul
2.3,1,Good quality REVIEWED data,2016-07-11,2016,Jul
2.25,1,Good quality REVIEWED data,2016-07-12,2016,Jul
2.23,1,Good quality REVIEWED data,2016-07-13,2016,Jul
2.2,1,Good quality REVIEWED data,2016-07-14,2016,Jul
2.17,1,Good quality REVIEWED data,2016-07-15,2016,Jul
2.15,1,Good quality REVIEWED data,2016-07-16,2016,Jul
2.16,1,Good quality REVIEWED data,2016-07-17,2016,Jul
2.2,1,Good quality REVIEWED data,2016-07-18,2016,Jul
2.19,1,Good quality REVIEWED data,2016-07-19,2016,Jul
2.18,1,Good quality REVIEWED data,2016-07-20,2016,Jul
2.14,1,Good quality REVIEWED data,2016-07-21,2016,Jul
2.12,1,Good quality REVIEWED data,2016-07-22,2016,Jul
2.12,1,Good quality REVIEWED data,2016-07-23,2016,Jul
2.13,1,Good quality REVIEWED data,2016-07-24,2016,Jul
2.11,1,Good quality REVIEWED data,2016-07-25,2016,Jul
2.09,1,Good quality REVIEWED data,2016-07-26,2016,Jul
2.08,1,Good quality REVIEWED data,2016-07-27,2016,Jul
2.09,1,Good quality REVIEWED data,2016-07-28,2016,Jul
2.08,1,Good quality REVIEWED data,2016-07-29,2016,Jul
2.06,1,Good quality REVIEWED data,2016-07-30,2016,Jul
2.06,1,Good quality REVIEWED data,2016-07-31,2016,Jul
2.07,1,Good quality REVIEWED data,2016-08-01,2016,Aug
2.06,1,Good quality REVIEWED data,2016-08-02,2016,Aug
2.06,1,Good quality REVIEWED data,2016-08-03,2016,Aug
2.06,1,Good quality REVIEWED data,2016-08-04,2016,Aug
2.06,1,Good quality REVIEWED data,2016-08-05,2016,Aug
2.06,1,Good quality REVIEWED data,2016-08-06,2016,Aug
2.06,1,Good quality REVIEWED data,2016-08-07,2016,Aug
2.06,1,Good quality REVIEWED data,2016-08-08,2016,Aug
2.09,1,Good quality REVIEWED data,2016-08-09,2016,Aug
2.1,1,Good quality REVIEWED data,2016-08-10,2016,Aug
2.08,1,Good quality REVIEWED data,2016-08-11,2016,Aug
2.05,1,Good quality REVIEWED data,2016-08-12,2016,Aug
2.05,1,Good quality REVIEWED data,2016-08-13,2016,Aug
2.05,1,Good quality REVIEWED data,2016-08-14,2016,Aug
2.04,1,Good quality REVIEWED data,2016-08-15,2016,Aug
2.04,1,Good quality REVIEWED data,2016-08-16,2016,Aug
2.04,1,Good quality REVIEWED data,2016-08-17,2016,Aug
2.04,1,Good quality REVIEWED data,2016-08-18,2016,Aug
2.03,1,Good quality REVIEWED data,2016-08-19,2016,Aug
2.04,1,Good quality REVIEWED data,2016-08-20,2016,Aug
2.03,1,Good quality REVIEWED data,2016-08-21,2016,Aug
2.04,1,Good quality REVIEWED data,2016-08-22,2016,Aug
2.07,1,Good quality REVIEWED data,2016-08-23,2016,Aug
2.06,1,Good quality REVIEWED data,2016-08-24,2016,Aug
2.05,1,Good quality REVIEWED data,2016-08-25,2016,Aug
2.05,1,Good quality REVIEWED data,2016-08-26,2016,Aug
2.04,1,Good quality REVIEWED data,2016-08-27,2016,Aug
2.05,1,Good quality REVIEWED data,2016-08-28,2016,Aug
2.06,1,Good quality REVIEWED data,2016-08-29,2016,Aug
2.06,1,Good quality REVIEWED data,2016-08-30,2016,Aug
2.08,1,Good quality REVIEWED data,2016-08-31,2016,Aug
2.08,1,Good quality REVIEWED data,2016-09-01,2016,Sep
2.1,1,Good quality REVIEWED data,2016-09-02,2016,Sep
2.1,1,Good quality REVIEWED data,2016-09-03,2016,Sep
2.11,1,Good quality REVIEWED data,2016-09-04,2016,Sep
2.11,1,Good quality REVIEWED data,2016-09-05,2016,Sep
2.14,1,Good quality REVIEWED data,2016-09-06,2016,Sep
2.19,1,Good quality REVIEWED data,2016-09-07,2016,Sep
2.15,1,Good quality REVIEWED data,2016-09-08,2016,Sep
2.14,1,Good quality REVIEWED data,2016-09-09,2016,Sep
2.13,1,Good quality REVIEWED data,2016-09-10,2016,Sep
2.12,1,Good quality REVIEWED data,2016-09-11,2016,Sep
2.13,1,Good quality REVIEWED data,2016-09-12,2016,Sep
2.14,1,Good quality REVIEWED data,2016-09-13,2016,Sep
2.13,1,Good quality REVIEWED data,2016-09-14,2016,Sep
2.13,1,Good quality REVIEWED data,2016-09-15,2016,Sep
2.12,1,Good quality REVIEWED data,2016-09-16,2016,Sep
2.13,1,Good quality REVIEWED data,2016-09-17,2016,Sep
2.2,1,Good quality REVIEWED data,2016-09-18,2016,Sep
2.2,1,Good quality REVIEWED data,2016-09-19,2016,Sep
2.18,1,Good quality REVIEWED data,2016-09-20,2016,Sep
2.17,1,Good quality REVIEWED data,2016-09-21,2016,Sep
2.18,1,Good quality REVIEWED data,2016-09-22,2016,Sep
2.19,1,Good quality REVIEWED data,2016-09-23,2016,Sep
2.19,1,Good quality REVIEWED data,2016-09-24,2016,Sep
2.17,1,Good quality REVIEWED data,2016-09-25,2016,Sep
2.15,1,Good quality REVIEWED data,2016-09-26,2016,Sep
2.14,1,Good quality REVIEWED data,2016-09-27,2016,Sep
2.15,1,Good quality REVIEWED data,2016-09-28,2016,Sep
2.14,1,Good quality REVIEWED data,2016-09-29,2016,Sep
2.15,1,Good quality REVIEWED data,2016-09-30,2016,Sep
2.16,1,Good quality REVIEWED data,2016-10-01,2016,Oct
2.16,1,Good quality REVIEWED data,2016-10-01,2016,Oct
2.17,1,Good quality REVIEWED data,2016-10-02,2016,Oct
2.18,1,Good quality REVIEWED data,2016-10-03,2016,Oct
2.2,1,Good quality REVIEWED data,2016-10-04,2016,Oct
2.23,1,Good quality REVIEWED data,2016-10-05,2016,Oct
2.22,1,Good quality REVIEWED data,2016-10-06,2016,Oct
2.25,1,Good quality REVIEWED data,2016-10-07,2016,Oct
2.4,1,Good quality REVIEWED data,2016-10-08,2016,Oct
2.33,1,Good quality REVIEWED data,2016-10-09,2016,Oct
2.45,1,Good quality REVIEWED data,2016-10-10,2016,Oct
2.38,1,Good quality REVIEWED data,2016-10-11,2016,Oct
2.31,1,Good quality REVIEWED data,2016-10-12,2016,Oct
2.31,1,Good quality REVIEWED data,2016-10-13,2016,Oct
2.49,1,Good quality REVIEWED data,2016-10-14,2016,Oct
2.48,1,Good quality REVIEWED data,2016-10-15,2016,Oct
2.6,1,Good quality REVIEWED data,2016-10-16,2016,Oct
2.63,1,Good quality REVIEWED data,2016-10-17,2016,Oct
2.86,1,Good quality REVIEWED data,2016-10-18,2016,Oct
2.65,1,Good quality REVIEWED data,2016-10-19,2016,Oct
2.55,1,Good quality REVIEWED data,2016-10-20,2016,Oct
2.8,1,Good quality REVIEWED data,2016-10-21,2016,Oct
2.87,1,Good quality REVIEWED data,2016-10-22,2016,Oct
2.77,1,Good quality REVIEWED data,2016-10-23,2016,Oct
2.68,1,Good quality REVIEWED data,2016-10-24,2016,Oct
2.62,1,Good quality REVIEWED data,2016-10-25,2016,Oct
2.63,1,Good quality REVIEWED data,2016-10-26,2016,Oct
2.62,1,Good quality REVIEWED data,2016-10-27,2016,Oct
2.6,1,Good quality REVIEWED data,2016-10-28,2016,Oct
2.59,1,Good quality REVIEWED data,2016-10-29,2016,Oct
2.61,1,Good quality REVIEWED data,2016-10-30,2016,Oct
3,1,Good quality REVIEWED data,2016-10-31,2016,Oct
3.08,1,Good quality REVIEWED data,2016-11-01,2016,Nov
2.94,1,Good quality REVIEWED data,2016-11-02,2016,Nov
2.83,1,Good quality REVIEWED data,2016-11-03,2016,Nov
2.74,1,Good quality REVIEWED data,2016-11-04,2016,Nov
2.67,1,Good quality REVIEWED data,2016-11-05,2016,Nov
2.68,1,Good quality REVIEWED data,2016-11-06,2016,Nov
2.65,1,Good quality REVIEWED data,2016-11-07,2016,Nov
2.6,1,Good quality REVIEWED data,2016-11-08,2016,Nov
2.57,1,Good quality REVIEWED data,2016-11-09,2016,Nov
2.54,1,Good quality REVIEWED data,2016-11-10,2016,Nov
2.52,1,Good quality REVIEWED data,2016-11-11,2016,Nov
2.5,1,Good quality REVIEWED data,2016-11-12,2016,Nov
2.49,1,Good quality REVIEWED data,2016-11-13,2016,Nov
2.5,1,Good quality REVIEWED data,2016-11-14,2016,Nov
2.62,1,Good quality REVIEWED data,2016-11-15,2016,Nov
2.76,1,Good quality REVIEWED data,2016-11-16,2016,Nov
2.73,1,Good quality REVIEWED data,2016-11-17,2016,Nov
2.71,1,Good quality REVIEWED data,2016-11-18,2016,Nov
2.69,1,Good quality REVIEWED data,2016-11-19,2016,Nov
2.67,1,Good quality REVIEWED data,2016-11-20,2016,Nov
2.68,1,Good quality REVIEWED data,2016-11-21,2016,Nov
2.66,1,Good quality REVIEWED data,2016-11-22,2016,Nov
2.71,1,Good quality REVIEWED data,2016-11-23,2016,Nov
2.77,1,Good quality REVIEWED data,2016-11-24,2016,Nov
2.76,1,Good quality REVIEWED data,2016-11-25,2016,Nov
2.75,1,Good quality REVIEWED data,2016-11-26,2016,Nov
2.72,1,Good quality REVIEWED data,2016-11-27,2016,Nov
2.73,1,Good quality REVIEWED data,2016-11-28,2016,Nov
2.71,1,Good quality REVIEWED data,2016-11-29,2016,Nov
2.7,1,Good quality REVIEWED data,2016-11-30,2016,Nov
2.69,1,Good quality REVIEWED data,2016-12-01,2016,Dec
2.67,1,Good quality REVIEWED data,2016-12-02,2016,Dec
2.65,1,Good quality REVIEWED data,2016-12-03,2016,Dec
2.7,1,Good quality REVIEWED data,2016-12-04,2016,Dec
2.77,1,Good quality REVIEWED data,2016-12-05,2016,Dec
2.76,1,Good quality REVIEWED data,2016-12-06,2016,Dec
2.72,1,Good quality REVIEWED data,2016-12-07,2016,Dec
2.68,1,Good quality REVIEWED data,2016-12-08,2016,Dec
2.68,1,Good quality REVIEWED data,2016-12-09,2016,Dec
2.66,1,Good quality REVIEWED data,2016-12-10,2016,Dec
2.66,1,Good quality REVIEWED data,2016-12-11,2016,Dec
2.68,1,Good quality REVIEWED data,2016-12-12,2016,Dec
2.65,1,Good quality REVIEWED data,2016-12-13,2016,Dec
2.64,1,Good quality REVIEWED data,2016-12-14,2016,Dec
2.65,1,Good quality REVIEWED data,2016-12-15,2016,Dec
2.64,1,Good quality REVIEWED data,2016-12-16,2016,Dec
2.54,1,Good quality REVIEWED data,2016-12-17,2016,Dec
2.65,1,Good quality REVIEWED data,2016-12-18,2016,Dec
2.73,1,Good quality REVIEWED data,2016-12-19,2016,Dec
3.04,1,Good quality REVIEWED data,2016-12-20,2016,Dec
3.42,1,Good quality REVIEWED data,2016-12-21,2016,Dec
3.24,1,Good quality REVIEWED data,2016-12-22,2016,Dec
3.14,1,Good quality REVIEWED data,2016-12-23,2016,Dec
3.07,1,Good quality REVIEWED data,2016-12-24,2016,Dec
2.98,1,Good quality REVIEWED data,2016-12-25,2016,Dec
2.9,1,Good quality REVIEWED data,2016-12-26,2016,Dec
2.88,1,Good quality REVIEWED data,2016-12-27,2016,Dec
2.84,1,Good quality REVIEWED data,2016-12-28,2016,Dec
2.79,1,Good quality REVIEWED data,2016-12-29,2016,Dec
2.81,1,Good quality REVIEWED data,2016-12-30,2016,Dec
2.79,1,Good quality REVIEWED data,2016-12-31,2016,Dec
2.78,1,Good quality REVIEWED data,2017-01-01,2017,Jan
2.76,1,Good quality REVIEWED data,2017-01-02,2017,Jan
2.72,1,Good quality REVIEWED data,2017-01-03,2017,Jan
3.45,50,Estimated data,2017-01-21,2017,Jan
3.32,50,Estimated data,2017-01-22,2017,Jan
3.23,50,Estimated data,2017-01-23,2017,Jan
3.12,50,Estimated data,2017-01-24,2017,Jan
3.03,50,Estimated data,2017-01-25,2017,Jan
2.96,50,Estimated data,2017-01-26,2017,Jan
2.9,50,Estimated data,2017-01-27,2017,Jan
2.84,50,Estimated data,2017-01-28,2017,Jan
2.8,50,Estimated data,2017-01-29,2017,Jan
2.77,50,Estimated data,2017-01-30,2017,Jan
2.77,50,Estimated data,2017-01-31,2017,Jan
2.71,1,Good quality REVIEWED data,2017-02-01,2017,Feb
2.69,1,Good quality REVIEWED data,2017-02-02,2017,Feb
2.68,1,Good quality REVIEWED data,2017-02-03,2017,Feb
2.76,1,Good quality REVIEWED data,2017-02-04,2017,Feb
3.2,1,Good quality REVIEWED data,2017-02-05,2017,Feb
3.79,1,Good quality REVIEWED data,2017-02-06,2017,Feb
3.72,1,Good quality REVIEWED data,2017-02-07,2017,Feb
3.51,1,Good quality REVIEWED data,2017-02-08,2017,Feb
4.41,1,Good quality REVIEWED data,2017-02-09,2017,Feb
6.13,1,Good quality REVIEWED data,2017-02-10,2017,Feb
4.88,1,Good quality REVIEWED data,2017-02-11,2017,Feb
4.17,1,Good quality REVIEWED data,2017-02-12,2017,Feb
3.79,1,Good quality REVIEWED data,2017-02-13,2017,Feb
3.55,1,Good quality REVIEWED data,2017-02-14,2017,Feb
3.43,1,Good quality REVIEWED data,2017-02-15,2017,Feb
4.42,1,Good quality REVIEWED data,2017-02-16,2017,Feb
6.24,1,Good quality REVIEWED data,2017-02-17,2017,Feb
5.19,1,Good quality REVIEWED data,2017-02-18,2017,Feb
4.72,1,Good quality REVIEWED data,2017-02-19,2017,Feb
4.5,1,Good quality REVIEWED data,2017-02-20,2017,Feb
4.67,1,Good quality REVIEWED data,2017-02-21,2017,Feb
4.74,1,Good quality REVIEWED data,2017-02-22,2017,Feb
4.42,1,Good quality REVIEWED data,2017-02-23,2017,Feb
4.08,1,Good quality REVIEWED data,2017-02-24,2017,Feb
3.82,1,Good quality REVIEWED data,2017-02-25,2017,Feb
3.66,1,Good quality REVIEWED data,2017-02-26,2017,Feb
3.53,1,Good quality REVIEWED data,2017-02-27,2017,Feb
3.41,1,Good quality REVIEWED data,2017-02-28,2017,Feb
3.27,1,Good quality REVIEWED data,2017-03-01,2017,Mar
3.2,1,Good quality REVIEWED data,2017-03-02,2017,Mar
3.2,1,Good quality REVIEWED data,2017-03-03,2017,Mar
3.42,1,Good quality REVIEWED data,2017-03-04,2017,Mar
3.55,1,Good quality REVIEWED data,2017-03-05,2017,Mar
3.5,1,Good quality REVIEWED data,2017-03-06,2017,Mar
3.43,1,Good quality REVIEWED data,2017-03-07,2017,Mar
4.17,1,Good quality REVIEWED data,2017-03-08,2017,Mar
5.44,1,Good quality REVIEWED data,2017-03-09,2017,Mar
6.96,1,Good quality REVIEWED data,2017-03-10,2017,Mar
6.01,1,Good quality REVIEWED data,2017-03-11,2017,Mar
5.4,1,Good quality REVIEWED data,2017-03-12,2017,Mar
5.03,1,Good quality REVIEWED data,2017-03-13,2017,Mar
5.7,1,Good quality REVIEWED data,2017-03-14,2017,Mar
6.31,1,Good quality REVIEWED data,2017-03-15,2017,Mar
6.81,1,Good quality REVIEWED data,2017-03-16,2017,Mar
5.83,1,Good quality REVIEWED data,2017-03-17,2017,Mar
5.76,1,Good quality REVIEWED data,2017-03-18,2017,Mar
6.44,1,Good quality REVIEWED data,2017-03-19,2017,Mar
5.77,1,Good quality REVIEWED data,2017-03-20,2017,Mar
5.34,1,Good quality REVIEWED data,2017-03-21,2017,Mar
5.16,1,Good quality REVIEWED data,2017-03-22,2017,Mar
4.88,1,Good quality REVIEWED data,2017-03-23,2017,Mar
4.71,1,Good quality REVIEWED data,2017-03-24,2017,Mar
4.77,1,Good quality REVIEWED data,2017-03-25,2017,Mar
4.66,1,Good quality REVIEWED data,2017-03-26,2017,Mar
4.69,1,Good quality REVIEWED data,2017-03-27,2017,Mar
4.54,1,Good quality REVIEWED data,2017-03-28,2017,Mar
4.65,1,Good quality REVIEWED data,2017-03-29,2017,Mar
4.95,1,Good quality REVIEWED data,2017-03-30,2017,Mar
4.84,1,Good quality REVIEWED data,2017-03-31,2017,Mar
4.68,1,Good quality REVIEWED data,2017-04-01,2017,Apr
4.53,1,Good quality REVIEWED data,2017-04-02,2017,Apr
4.35,1,Good quality REVIEWED data,2017-04-03,2017,Apr
4.23,1,Good quality REVIEWED data,2017-04-04,2017,Apr
4.12,1,Good quality REVIEWED data,2017-04-05,2017,Apr
4.09,1,Good quality REVIEWED data,2017-04-06,2017,Apr
4.17,1,Good quality REVIEWED data,2017-04-07,2017,Apr
4.19,1,Good quality REVIEWED data,2017-04-08,2017,Apr
4.07,1,Good quality REVIEWED data,2017-04-09,2017,Apr
4.04,1,Good quality REVIEWED data,2017-04-10,2017,Apr
3.93,1,Good quality REVIEWED data,2017-04-11,2017,Apr
3.91,1,Good quality REVIEWED data,2017-04-12,2017,Apr
3.96,1,Good quality REVIEWED data,2017-04-13,2017,Apr
3.86,1,Good quality REVIEWED data,2017-04-14,2017,Apr
3.81,1,Good quality REVIEWED data,2017-04-15,2017,Apr
3.79,1,Good quality REVIEWED data,2017-04-16,2017,Apr
3.85,1,Good quality REVIEWED data,2017-04-17,2017,Apr
3.84,1,Good quality REVIEWED data,2017-04-18,2017,Apr
3.81,1,Good quality REVIEWED data,2017-04-19,2017,Apr
3.86,1,Good quality REVIEWED data,2017-04-20,2017,Apr
3.88,1,Good quality REVIEWED data,2017-04-21,2017,Apr
3.79,1,Good quality REVIEWED data,2017-04-22,2017,Apr
3.8,1,Good quality REVIEWED data,2017-04-23,2017,Apr
3.86,1,Good quality REVIEWED data,2017-04-24,2017,Apr
3.91,1,Good quality REVIEWED data,2017-04-25,2017,Apr
4.08,1,Good quality REVIEWED data,2017-04-26,2017,Apr
4.37,1,Good quality REVIEWED data,2017-04-27,2017,Apr
4.29,1,Good quality REVIEWED data,2017-04-28,2017,Apr
4.13,1,Good quality REVIEWED data,2017-04-29,2017,Apr
4.03,1,Good quality REVIEWED data,2017-04-30,2017,Apr
3.96,1,Good quality REVIEWED data,2017-05-01,2017,May
3.91,1,Good quality REVIEWED data,2017-05-02,2017,May
3.84,1,Good quality REVIEWED data,2017-05-03,2017,May
3.86,1,Good quality REVIEWED data,2017-05-04,2017,May
4,1,Good quality REVIEWED data,2017-05-05,2017,May
4.07,1,Good quality REVIEWED data,2017-05-06,2017,May
3.91,1,Good quality REVIEWED data,2017-05-07,2017,May
3.76,1,Good quality REVIEWED data,2017-05-08,2017,May
3.67,1,Good quality REVIEWED data,2017-05-09,2017,May
3.66,1,Good quality REVIEWED data,2017-05-10,2017,May
3.72,1,Good quality REVIEWED data,2017-05-11,2017,May
3.73,1,Good quality REVIEWED data,2017-05-12,2017,May
3.66,1,Good quality REVIEWED data,2017-05-13,2017,May
3.58,1,Good quality REVIEWED data,2017-05-14,2017,May
3.52,1,Good quality REVIEWED data,2017-05-15,2017,May
3.59,1,Good quality REVIEWED data,2017-05-16,2017,May
3.71,1,Good quality REVIEWED data,2017-05-17,2017,May
3.67,1,Good quality REVIEWED data,2017-05-18,2017,May
3.65,1,Good quality REVIEWED data,2017-05-19,2017,May
3.62,1,Good quality REVIEWED data,2017-05-20,2017,May
3.6,1,Good quality REVIEWED data,2017-05-21,2017,May
3.59,1,Good quality REVIEWED data,2017-05-22,2017,May
3.61,1,Good quality REVIEWED data,2017-05-23,2017,May
3.64,1,Good quality REVIEWED data,2017-05-24,2017,May
3.6,1,Good quality REVIEWED data,2017-05-25,2017,May
3.52,1,Good quality REVIEWED data,2017-05-26,2017,May
3.46,1,Good quality REVIEWED data,2017-05-27,2017,May
3.43,1,Good quality REVIEWED data,2017-05-28,2017,May
3.41,1,Good quality REVIEWED data,2017-05-29,2017,May
3.4,1,Good quality REVIEWED data,2017-05-30,2017,May
3.39,1,Good quality REVIEWED data,2017-05-31,2017,May
3.38,1,Good quality REVIEWED data,2017-06-01,2017,Jun
3.33,77,"Estimated from another station, same variable",2017-06-02,2017,Jun
3.31,77,"Estimated from another station, same variable",2017-06-03,2017,Jun
3.34,77,"Estimated from another station, same variable",2017-06-04,2017,Jun
3.27,77,"Estimated from another station, same variable",2017-06-05,2017,Jun
3.21,77,"Estimated from another station, same variable",2017-06-06,2017,Jun
3.17,77,"Estimated from another station, same variable",2017-06-07,2017,Jun
3.22,77,"Estimated from another station, same variable",2017-06-08,2017,Jun
3.23,77,"Estimated from another station, same variable",2017-06-09,2017,Jun
3.15,77,"Estimated from another station, same variable",2017-06-10,2017,Jun
3.1,77,"Estimated from another station, same variable",2017-06-11,2017,Jun
3.07,77,"Estimated from another station, same variable",2017-06-12,2017,Jun
3.05,77,"Estimated from another station, same variable",2017-06-13,2017,Jun
3.02,1,Good quality REVIEWED data,2017-06-14,2017,Jun
3.02,1,Good quality REVIEWED data,2017-06-15,2017,Jun
3.06,1,Good quality REVIEWED data,2017-06-16,2017,Jun
3.06,1,Good quality REVIEWED data,2017-06-17,2017,Jun
3,1,Good quality REVIEWED data,2017-06-18,2017,Jun
2.97,1,Good quality REVIEWED data,2017-06-19,2017,Jun
2.94,1,Good quality REVIEWED data,2017-06-20,2017,Jun
2.92,1,Good quality REVIEWED data,2017-06-21,2017,Jun
2.91,1,Good quality REVIEWED data,2017-06-22,2017,Jun
2.89,1,Good quality REVIEWED data,2017-06-23,2017,Jun
2.87,1,Good quality REVIEWED data,2017-06-24,2017,Jun
2.86,1,Good quality REVIEWED data,2017-06-25,2017,Jun
2.85,1,Good quality REVIEWED data,2017-06-26,2017,Jun
2.87,1,Good quality REVIEWED data,2017-06-27,2017,Jun
2.84,1,Good quality REVIEWED data,2017-06-28,2017,Jun
2.83,1,Good quality REVIEWED data,2017-06-29,2017,Jun
2.81,1,Good quality REVIEWED data,2017-06-30,2017,Jun
2.8,1,Good quality REVIEWED data,2017-07-01,2017,Jul
2.79,1,Good quality REVIEWED data,2017-07-02,2017,Jul
2.78,1,Good quality REVIEWED data,2017-07-03,2017,Jul
2.77,1,Good quality REVIEWED data,2017-07-04,2017,Jul
2.76,1,Good quality REVIEWED data,2017-07-05,2017,Jul
2.74,1,Good quality REVIEWED data,2017-07-06,2017,Jul
2.73,1,Good quality REVIEWED data,2017-07-07,2017,Jul
2.72,1,Good quality REVIEWED data,2017-07-08,2017,Jul
2.71,1,Good quality REVIEWED data,2017-07-09,2017,Jul
2.71,1,Good quality REVIEWED data,2017-07-10,2017,Jul
2.7,1,Good quality REVIEWED data,2017-07-11,2017,Jul
2.7,1,Good quality REVIEWED data,2017-07-12,2017,Jul
2.7,1,Good quality REVIEWED data,2017-07-13,2017,Jul
2.69,1,Good quality REVIEWED data,2017-07-14,2017,Jul
2.68,1,Good quality REVIEWED data,2017-07-15,2017,Jul
2.68,1,Good quality REVIEWED data,2017-07-16,2017,Jul
2.69,1,Good quality REVIEWED data,2017-07-17,2017,Jul
2.68,1,Good quality REVIEWED data,2017-07-18,2017,Jul
2.68,1,Good quality REVIEWED data,2017-07-19,2017,Jul
2.67,1,Good quality REVIEWED data,2017-07-20,2017,Jul
2.68,1,Good quality REVIEWED data,2017-07-21,2017,Jul
2.67,1,Good quality REVIEWED data,2017-07-22,2017,Jul
2.66,1,Good quality REVIEWED data,2017-07-23,2017,Jul
2.66,1,Good quality REVIEWED data,2017-07-24,2017,Jul
2.65,1,Good quality REVIEWED data,2017-07-25,2017,Jul
2.65,1,Good quality REVIEWED data,2017-07-26,2017,Jul
2.65,1,Good quality REVIEWED data,2017-07-27,2017,Jul
2.64,1,Good quality REVIEWED data,2017-07-28,2017,Jul
2.64,1,Good quality REVIEWED data,2017-07-29,2017,Jul
2.64,1,Good quality REVIEWED data,2017-07-30,2017,Jul
2.63,1,Good quality REVIEWED data,2017-07-31,2017,Jul
2.62,1,Good quality REVIEWED data,2017-08-01,2017,Aug
2.61,1,Good quality REVIEWED data,2017-08-02,2017,Aug
2.61,1,Good quality REVIEWED data,2017-08-03,2017,Aug
2.6,1,Good quality REVIEWED data,2017-08-04,2017,Aug
2.6,1,Good quality REVIEWED data,2017-08-05,2017,Aug
2.62,1,Good quality REVIEWED data,2017-08-06,2017,Aug
2.61,1,Good quality REVIEWED data,2017-08-07,2017,Aug
2.61,1,Good quality REVIEWED data,2017-08-08,2017,Aug
2.61,1,Good quality REVIEWED data,2017-08-09,2017,Aug
2.61,1,Good quality REVIEWED data,2017-08-10,2017,Aug
2.61,1,Good quality REVIEWED data,2017-08-11,2017,Aug
2.61,1,Good quality REVIEWED data,2017-08-12,2017,Aug
2.64,1,Good quality REVIEWED data,2017-08-13,2017,Aug
2.66,1,Good quality REVIEWED data,2017-08-14,2017,Aug
2.65,1,Good quality REVIEWED data,2017-08-15,2017,Aug
2.63,1,Good quality REVIEWED data,2017-08-16,2017,Aug
2.63,1,Good quality REVIEWED data,2017-08-17,2017,Aug
2.62,1,Good quality REVIEWED data,2017-08-18,2017,Aug
2.61,1,Good quality REVIEWED data,2017-08-19,2017,Aug
2.63,1,Good quality REVIEWED data,2017-08-20,2017,Aug
2.62,1,Good quality REVIEWED data,2017-08-21,2017,Aug
2.63,1,Good quality REVIEWED data,2017-08-22,2017,Aug
2.62,1,Good quality REVIEWED data,2017-08-23,2017,Aug
2.63,1,Good quality REVIEWED data,2017-08-24,2017,Aug
2.64,1,Good quality REVIEWED data,2017-08-25,2017,Aug
2.62,1,Good quality REVIEWED data,2017-08-26,2017,Aug
2.62,1,Good quality REVIEWED data,2017-08-27,2017,Aug
2.61,1,Good quality REVIEWED data,2017-08-28,2017,Aug
2.61,1,Good quality REVIEWED data,2017-08-29,2017,Aug
2.61,1,Good quality REVIEWED data,2017-08-30,2017,Aug
2.6,1,Good quality REVIEWED data,2017-08-31,2017,Aug
2.6,1,Good quality REVIEWED data,2017-09-01,2017,Sep
2.59,1,Good quality REVIEWED data,2017-09-02,2017,Sep
2.59,1,Good quality REVIEWED data,2017-09-03,2017,Sep
2.6,1,Good quality REVIEWED data,2017-09-04,2017,Sep
2.61,1,Good quality REVIEWED data,2017-09-05,2017,Sep
2.63,1,Good quality REVIEWED data,2017-09-06,2017,Sep
2.63,1,Good quality REVIEWED data,2017-09-07,2017,Sep
2.63,1,Good quality REVIEWED data,2017-09-08,2017,Sep
2.64,1,Good quality REVIEWED data,2017-09-09,2017,Sep
2.64,1,Good quality REVIEWED data,2017-09-10,2017,Sep
2.64,1,Good quality REVIEWED data,2017-09-11,2017,Sep
2.64,1,Good quality REVIEWED data,2017-09-12,2017,Sep
2.64,1,Good quality REVIEWED data,2017-09-13,2017,Sep
2.65,1,Good quality REVIEWED data,2017-09-14,2017,Sep
2.67,1,Good quality REVIEWED data,2017-09-15,2017,Sep
2.68,1,Good quality REVIEWED data,2017-09-16,2017,Sep
2.67,1,Good quality REVIEWED data,2017-09-17,2017,Sep
2.72,1,Good quality REVIEWED data,2017-09-18,2017,Sep
2.8,1,Good quality REVIEWED data,2017-09-19,2017,Sep
2.91,1,Good quality REVIEWED data,2017-09-20,2017,Sep
2.9,1,Good quality REVIEWED data,2017-09-21,2017,Sep
2.81,1,Good quality REVIEWED data,2017-09-22,2017,Sep
2.8,1,Good quality REVIEWED data,2017-09-23,2017,Sep
2.78,1,Good quality REVIEWED data,2017-09-24,2017,Sep
2.75,1,Good quality REVIEWED data,2017-09-25,2017,Sep
2.75,1,Good quality REVIEWED data,2017-09-26,2017,Sep
2.73,1,Good quality REVIEWED data,2017-09-27,2017,Sep
2.73,1,Good quality REVIEWED data,2017-09-28,2017,Sep
2.73,1,Good quality REVIEWED data,2017-09-29,2017,Sep
2.72,1,Good quality REVIEWED data,2017-09-30,2017,Sep
2.73,1,Good quality REVIEWED data,2017-10-01,2017,Oct
2.73,1,Good quality REVIEWED data,2017-10-01,2017,Oct
2.76,1,Good quality REVIEWED data,2017-10-02,2017,Oct
2.76,1,Good quality REVIEWED data,2017-10-03,2017,Oct
2.76,1,Good quality REVIEWED data,2017-10-04,2017,Oct
2.75,1,Good quality REVIEWED data,2017-10-05,2017,Oct
2.75,1,Good quality REVIEWED data,2017-10-06,2017,Oct
2.74,1,Good quality REVIEWED data,2017-10-07,2017,Oct
2.76,1,Good quality REVIEWED data,2017-10-08,2017,Oct
2.77,1,Good quality REVIEWED data,2017-10-09,2017,Oct
2.76,1,Good quality REVIEWED data,2017-10-10,2017,Oct
2.76,1,Good quality REVIEWED data,2017-10-11,2017,Oct
2.79,1,Good quality REVIEWED data,2017-10-12,2017,Oct
2.88,1,Good quality REVIEWED data,2017-10-13,2017,Oct
2.86,1,Good quality REVIEWED data,2017-10-14,2017,Oct
2.82,1,Good quality REVIEWED data,2017-10-15,2017,Oct
2.81,1,Good quality REVIEWED data,2017-10-16,2017,Oct
2.8,1,Good quality REVIEWED data,2017-10-17,2017,Oct
2.82,1,Good quality REVIEWED data,2017-10-18,2017,Oct
2.84,1,Good quality REVIEWED data,2017-10-19,2017,Oct
2.9,1,Good quality REVIEWED data,2017-10-20,2017,Oct
2.92,1,Good quality REVIEWED data,2017-10-21,2017,Oct
3.14,1,Good quality REVIEWED data,2017-10-22,2017,Oct
3.16,1,Good quality REVIEWED data,2017-10-23,2017,Oct
2.99,1,Good quality REVIEWED data,2017-10-24,2017,Oct
2.93,1,Good quality REVIEWED data,2017-10-25,2017,Oct
2.9,1,Good quality REVIEWED data,2017-10-26,2017,Oct
2.88,1,Good quality REVIEWED data,2017-10-27,2017,Oct
2.87,1,Good quality REVIEWED data,2017-10-28,2017,Oct
2.86,1,Good quality REVIEWED data,2017-10-29,2017,Oct
2.86,1,Good quality REVIEWED data,2017-10-30,2017,Oct
2.86,1,Good quality REVIEWED data,2017-10-31,2017,Oct
2.86,1,Good quality REVIEWED data,2017-11-01,2017,Nov
2.87,1,Good quality REVIEWED data,2017-11-02,2017,Nov
2.93,1,Good quality REVIEWED data,2017-11-03,2017,Nov
2.93,1,Good quality REVIEWED data,2017-11-04,2017,Nov
2.94,1,Good quality REVIEWED data,2017-11-05,2017,Nov
2.98,1,Good quality REVIEWED data,2017-11-06,2017,Nov
2.94,1,Good quality REVIEWED data,2017-11-07,2017,Nov
2.93,1,Good quality REVIEWED data,2017-11-08,2017,Nov
2.97,1,Good quality REVIEWED data,2017-11-09,2017,Nov
3.04,1,Good quality REVIEWED data,2017-11-10,2017,Nov
3.06,1,Good quality REVIEWED data,2017-11-11,2017,Nov
3.04,1,Good quality REVIEWED data,2017-11-12,2017,Nov
3.04,1,Good quality REVIEWED data,2017-11-13,2017,Nov
3.09,1,Good quality REVIEWED data,2017-11-14,2017,Nov
3.05,1,Good quality REVIEWED data,2017-11-15,2017,Nov
3.1,1,Good quality REVIEWED data,2017-11-16,2017,Nov
3.08,1,Good quality REVIEWED data,2017-11-17,2017,Nov
3.05,1,Good quality REVIEWED data,2017-11-18,2017,Nov
3.03,1,Good quality REVIEWED data,2017-11-19,2017,Nov
3.09,1,Good quality REVIEWED data,2017-11-20,2017,Nov
3.32,1,Good quality REVIEWED data,2017-11-21,2017,Nov
3.47,1,Good quality REVIEWED data,2017-11-22,2017,Nov
3.59,1,Good quality REVIEWED data,2017-11-23,2017,Nov
4.05,1,Good quality REVIEWED data,2017-11-24,2017,Nov
3.77,1,Good quality REVIEWED data,2017-11-25,2017,Nov
3.6,1,Good quality REVIEWED data,2017-11-26,2017,Nov
3.62,1,Good quality REVIEWED data,2017-11-27,2017,Nov
3.53,1,Good quality REVIEWED data,2017-11-28,2017,Nov
3.53,1,Good quality REVIEWED data,2017-11-29,2017,Nov
3.45,1,Good quality REVIEWED data,2017-11-30,2017,Nov
3.39,1,Good quality REVIEWED data,2017-12-01,2017,Dec
3.33,1,Good quality REVIEWED data,2017-12-02,2017,Dec
3.33,1,Good quality REVIEWED data,2017-12-03,2017,Dec
3.29,1,Good quality REVIEWED data,2017-12-04,2017,Dec
3.24,1,Good quality REVIEWED data,2017-12-05,2017,Dec
3.21,1,Good quality REVIEWED data,2017-12-06,2017,Dec
3.18,1,Good quality REVIEWED data,2017-12-07,2017,Dec
3.15,1,Good quality REVIEWED data,2017-12-08,2017,Dec
3.13,1,Good quality REVIEWED data,2017-12-09,2017,Dec
3.1,1,Good quality REVIEWED data,2017-12-10,2017,Dec
3.08,1,Good quality REVIEWED data,2017-12-11,2017,Dec
3.06,1,Good quality REVIEWED data,2017-12-12,2017,Dec
3.05,1,Good quality REVIEWED data,2017-12-13,2017,Dec
3.03,1,Good quality REVIEWED data,2017-12-14,2017,Dec
3.03,1,Good quality REVIEWED data,2017-12-15,2017,Dec
3.03,1,Good quality REVIEWED data,2017-12-16,2017,Dec
3.02,1,Good quality REVIEWED data,2017-12-17,2017,Dec
3.04,1,Good quality REVIEWED data,2017-12-18,2017,Dec
3.33,1,Good quality REVIEWED data,2017-12-19,2017,Dec
3.72,1,Good quality REVIEWED data,2017-12-20,2017,Dec
3.64,1,Good quality REVIEWED data,2017-12-21,2017,Dec
3.56,1,Good quality REVIEWED data,2017-12-22,2017,Dec
3.48,1,Good quality REVIEWED data,2017-12-23,2017,Dec
3.38,1,Good quality REVIEWED data,2017-12-24,2017,Dec
3.36,1,Good quality REVIEWED data,2017-12-25,2017,Dec
3.31,1,Good quality REVIEWED data,2017-12-26,2017,Dec
3.27,1,Good quality REVIEWED data,2017-12-27,2017,Dec
3.27,1,Good quality REVIEWED data,2017-12-28,2017,Dec
5.97,1,Good quality REVIEWED data,2017-12-29,2017,Dec
7.36,1,Good quality REVIEWED data,2017-12-30,2017,Dec
5.55,1,Good quality REVIEWED data,2017-12-31,2017,Dec
4.83,1,Good quality REVIEWED data,2018-01-01,2018,Jan
4.44,1,Good quality REVIEWED data,2018-01-02,2018,Jan
4.21,1,Good quality REVIEWED data,2018-01-03,2018,Jan
4.04,1,Good quality REVIEWED data,2018-01-04,2018,Jan
3.93,1,Good quality REVIEWED data,2018-01-05,2018,Jan
3.93,1,Good quality REVIEWED data,2018-01-06,2018,Jan
3.87,1,Good quality REVIEWED data,2018-01-07,2018,Jan
3.85,1,Good quality REVIEWED data,2018-01-08,2018,Jan
4,1,Good quality REVIEWED data,2018-01-09,2018,Jan
4.66,1,Good quality REVIEWED data,2018-01-10,2018,Jan
4.92,1,Good quality REVIEWED data,2018-01-11,2018,Jan
6.56,1,Good quality REVIEWED data,2018-01-12,2018,Jan
5.8,1,Good quality REVIEWED data,2018-01-13,2018,Jan
5.19,1,Good quality REVIEWED data,2018-01-14,2018,Jan
4.89,1,Good quality REVIEWED data,2018-01-15,2018,Jan
4.7,1,Good quality REVIEWED data,2018-01-16,2018,Jan
4.54,1,Good quality REVIEWED data,2018-01-17,2018,Jan
4.66,1,Good quality REVIEWED data,2018-01-18,2018,Jan
4.88,1,Good quality REVIEWED data,2018-01-19,2018,Jan
4.73,1,Good quality REVIEWED data,2018-01-20,2018,Jan
4.55,1,Good quality REVIEWED data,2018-01-21,2018,Jan
4.41,1,Good quality REVIEWED data,2018-01-22,2018,Jan
4.29,1,Good quality REVIEWED data,2018-01-23,2018,Jan
4.48,1,Good quality REVIEWED data,2018-01-24,2018,Jan
4.6,1,Good quality REVIEWED data,2018-01-25,2018,Jan
4.51,1,Good quality REVIEWED data,2018-01-26,2018,Jan
4.41,1,Good quality REVIEWED data,2018-01-27,2018,Jan
4.47,1,Good quality REVIEWED data,2018-01-28,2018,Jan
4.54,1,Good quality REVIEWED data,2018-01-29,2018,Jan
4.61,1,Good quality REVIEWED data,2018-01-30,2018,Jan
4.53,1,Good quality REVIEWED data,2018-01-31,2018,Jan
4.39,1,Good quality REVIEWED data,2018-02-01,2018,Feb
4.93,1,Good quality REVIEWED data,2018-02-02,2018,Feb
5.34,1,Good quality REVIEWED data,2018-02-03,2018,Feb
5.6,1,Good quality REVIEWED data,2018-02-04,2018,Feb
5.9,1,Good quality REVIEWED data,2018-02-05,2018,Feb
5.35,1,Good quality REVIEWED data,2018-02-06,2018,Feb
4.89,1,Good quality REVIEWED data,2018-02-07,2018,Feb
4.67,1,Good quality REVIEWED data,2018-02-08,2018,Feb
4.49,1,Good quality REVIEWED data,2018-02-09,2018,Feb
4.34,1,Good quality REVIEWED data,2018-02-10,2018,Feb
4.22,1,Good quality REVIEWED data,2018-02-11,2018,Feb
4.11,1,Good quality REVIEWED data,2018-02-12,2018,Feb
4,1,Good quality REVIEWED data,2018-02-13,2018,Feb
3.98,1,Good quality REVIEWED data,2018-02-14,2018,Feb
3.91,1,Good quality REVIEWED data,2018-02-15,2018,Feb
3.85,1,Good quality REVIEWED data,2018-02-16,2018,Feb
3.98,1,Good quality REVIEWED data,2018-02-17,2018,Feb
4.35,1,Good quality REVIEWED data,2018-02-18,2018,Feb
4.22,1,Good quality REVIEWED data,2018-02-19,2018,Feb
4.08,1,Good quality REVIEWED data,2018-02-20,2018,Feb
4.03,1,Good quality REVIEWED data,2018-02-21,2018,Feb
3.95,1,Good quality REVIEWED data,2018-02-22,2018,Feb
3.88,1,Good quality REVIEWED data,2018-02-23,2018,Feb
3.85,1,Good quality REVIEWED data,2018-02-24,2018,Feb
3.83,1,Good quality REVIEWED data,2018-02-25,2018,Feb
3.8,1,Good quality REVIEWED data,2018-02-26,2018,Feb
3.74,1,Good quality REVIEWED data,2018-02-27,2018,Feb
3.71,1,Good quality REVIEWED data,2018-02-28,2018,Feb
3.73,1,Good quality REVIEWED data,2018-03-01,2018,Mar
3.77,1,Good quality REVIEWED data,2018-03-02,2018,Mar
3.74,1,Good quality REVIEWED data,2018-03-03,2018,Mar
3.73,1,Good quality REVIEWED data,2018-03-04,2018,Mar
3.71,1,Good quality REVIEWED data,2018-03-05,2018,Mar
3.7,1,Good quality REVIEWED data,2018-03-06,2018,Mar
3.7,1,Good quality REVIEWED data,2018-03-07,2018,Mar
3.76,1,Good quality REVIEWED data,2018-03-08,2018,Mar
4.25,1,Good quality REVIEWED data,2018-03-09,2018,Mar
4.32,1,Good quality REVIEWED data,2018-03-10,2018,Mar
4.25,1,Good quality REVIEWED data,2018-03-11,2018,Mar
4.24,1,Good quality REVIEWED data,2018-03-12,2018,Mar
4.33,1,Good quality REVIEWED data,2018-03-13,2018,Mar
4.8,1,Good quality REVIEWED data,2018-03-14,2018,Mar
4.8,1,Good quality REVIEWED data,2018-03-15,2018,Mar
4.53,1,Good quality REVIEWED data,2018-03-16,2018,Mar
4.42,1,Good quality REVIEWED data,2018-03-17,2018,Mar
4.35,1,Good quality REVIEWED data,2018-03-18,2018,Mar
4.3,1,Good quality REVIEWED data,2018-03-19,2018,Mar
4.23,1,Good quality REVIEWED data,2018-03-20,2018,Mar
4.18,1,Good quality REVIEWED data,2018-03-21,2018,Mar
4.25,1,Good quality REVIEWED data,2018-03-22,2018,Mar
4.39,1,Good quality REVIEWED data,2018-03-23,2018,Mar
4.36,1,Good quality REVIEWED data,2018-03-24,2018,Mar
4.27,1,Good quality REVIEWED data,2018-03-25,2018,Mar
4.17,1,Good quality REVIEWED data,2018-03-26,2018,Mar
4.09,1,Good quality REVIEWED data,2018-03-27,2018,Mar
4.04,1,Good quality REVIEWED data,2018-03-28,2018,Mar
3.99,1,Good quality REVIEWED data,2018-03-29,2018,Mar
3.95,1,Good quality REVIEWED data,2018-03-30,2018,Mar
3.94,1,Good quality REVIEWED data,2018-03-31,2018,Mar
3.93,1,Good quality REVIEWED data,2018-04-01,2018,Apr
3.99,1,Good quality REVIEWED data,2018-04-02,2018,Apr
3.91,1,Good quality REVIEWED data,2018-04-03,2018,Apr
3.97,1,Good quality REVIEWED data,2018-04-04,2018,Apr
4.26,1,Good quality REVIEWED data,2018-04-05,2018,Apr
4.56,1,Good quality REVIEWED data,2018-04-06,2018,Apr
4.97,1,Good quality REVIEWED data,2018-04-07,2018,Apr
5.7,1,Good quality REVIEWED data,2018-04-08,2018,Apr
6.12,1,Good quality REVIEWED data,2018-04-09,2018,Apr
5.47,1,Good quality REVIEWED data,2018-04-10,2018,Apr
5.17,1,Good quality REVIEWED data,2018-04-11,2018,Apr
5.24,1,Good quality REVIEWED data,2018-04-12,2018,Apr
5.11,1,Good quality REVIEWED data,2018-04-13,2018,Apr
5.01,1,Good quality REVIEWED data,2018-04-14,2018,Apr
4.9,1,Good quality REVIEWED data,2018-04-15,2018,Apr
5.11,1,Good quality REVIEWED data,2018-04-16,2018,Apr
5.02,1,Good quality REVIEWED data,2018-04-17,2018,Apr
4.91,1,Good quality REVIEWED data,2018-04-18,2018,Apr
4.73,1,Good quality REVIEWED data,2018-04-19,2018,Apr
4.59,1,Good quality REVIEWED data,2018-04-20,2018,Apr
4.47,1,Good quality REVIEWED data,2018-04-21,2018,Apr
4.37,1,Good quality REVIEWED data,2018-04-22,2018,Apr
4.27,1,Good quality REVIEWED data,2018-04-23,2018,Apr
4.2,1,Good quality REVIEWED data,2018-04-24,2018,Apr
4.15,1,Good quality REVIEWED data,2018-04-25,2018,Apr
4.13,1,Good quality REVIEWED data,2018-04-26,2018,Apr
4.15,1,Good quality REVIEWED data,2018-04-27,2018,Apr
4.23,1,Good quality REVIEWED data,2018-04-28,2018,Apr
4.18,1,Good quality REVIEWED data,2018-04-29,2018,Apr
4.1,1,Good quality REVIEWED data,2018-04-30,2018,Apr
4.04,1,Good quality REVIEWED data,2018-05-01,2018,May
3.98,1,Good quality REVIEWED data,2018-05-02,2018,May
3.94,1,Good quality REVIEWED data,2018-05-03,2018,May
3.92,1,Good quality REVIEWED data,2018-05-04,2018,May
3.93,1,Good quality REVIEWED data,2018-05-05,2018,May
3.94,1,Good quality REVIEWED data,2018-05-06,2018,May
3.96,1,Good quality REVIEWED data,2018-05-07,2018,May
3.93,1,Good quality REVIEWED data,2018-05-08,2018,May
4.09,1,Good quality REVIEWED data,2018-05-09,2018,May
4.01,1,Good quality REVIEWED data,2018-05-10,2018,May
3.97,1,Good quality REVIEWED data,2018-05-11,2018,May
3.88,1,Good quality REVIEWED data,2018-05-12,2018,May
3.83,1,Good quality REVIEWED data,2018-05-13,2018,May
3.8,1,Good quality REVIEWED data,2018-05-14,2018,May
3.78,1,Good quality REVIEWED data,2018-05-15,2018,May
3.79,1,Good quality REVIEWED data,2018-05-16,2018,May
3.79,1,Good quality REVIEWED data,2018-05-17,2018,May
3.76,1,Good quality REVIEWED data,2018-05-18,2018,May
3.72,1,Good quality REVIEWED data,2018-05-19,2018,May
3.71,1,Good quality REVIEWED data,2018-05-20,2018,May
3.72,1,Good quality REVIEWED data,2018-05-21,2018,May
3.66,1,Good quality REVIEWED data,2018-05-22,2018,May
3.63,1,Good quality REVIEWED data,2018-05-23,2018,May
3.6,1,Good quality REVIEWED data,2018-05-24,2018,May
3.56,1,Good quality REVIEWED data,2018-05-25,2018,May
3.54,1,Good quality REVIEWED data,2018-05-26,2018,May
3.5,1,Good quality REVIEWED data,2018-05-27,2018,May
3.47,1,Good quality REVIEWED data,2018-05-28,2018,May
3.44,1,Good quality REVIEWED data,2018-05-29,2018,May
3.42,1,Good quality REVIEWED data,2018-05-30,2018,May
3.42,1,Good quality REVIEWED data,2018-05-31,2018,May
3.42,1,Good quality REVIEWED data,2018-06-01,2018,Jun
3.38,1,Good quality REVIEWED data,2018-06-02,2018,Jun
3.36,1,Good quality REVIEWED data,2018-06-03,2018,Jun
3.35,1,Good quality REVIEWED data,2018-06-04,2018,Jun
3.34,1,Good quality REVIEWED data,2018-06-05,2018,Jun
3.32,1,Good quality REVIEWED data,2018-06-06,2018,Jun
3.3,1,Good quality REVIEWED data,2018-06-07,2018,Jun
3.28,1,Good quality REVIEWED data,2018-06-08,2018,Jun
3.34,1,Good quality REVIEWED data,2018-06-09,2018,Jun
3.38,1,Good quality REVIEWED data,2018-06-10,2018,Jun
3.34,1,Good quality REVIEWED data,2018-06-11,2018,Jun
3.3,1,Good quality REVIEWED data,2018-06-12,2018,Jun
3.27,1,Good quality REVIEWED data,2018-06-13,2018,Jun
3.25,1,Good quality REVIEWED data,2018-06-14,2018,Jun
3.24,1,Good quality REVIEWED data,2018-06-15,2018,Jun
3.24,1,Good quality REVIEWED data,2018-06-16,2018,Jun
3.25,1,Good quality REVIEWED data,2018-06-17,2018,Jun
3.25,1,Good quality REVIEWED data,2018-06-18,2018,Jun
3.3,1,Good quality REVIEWED data,2018-06-19,2018,Jun
3.24,1,Good quality REVIEWED data,2018-06-20,2018,Jun
3.26,1,Good quality REVIEWED data,2018-06-21,2018,Jun
3.26,1,Good quality REVIEWED data,2018-06-22,2018,Jun
3.22,1,Good quality REVIEWED data,2018-06-23,2018,Jun
3.2,1,Good quality REVIEWED data,2018-06-24,2018,Jun
3.17,1,Good quality REVIEWED data,2018-06-25,2018,Jun
3.16,1,Good quality REVIEWED data,2018-06-26,2018,Jun
3.15,1,Good quality REVIEWED data,2018-06-27,2018,Jun
3.15,1,Good quality REVIEWED data,2018-06-28,2018,Jun
3.14,1,Good quality REVIEWED data,2018-06-29,2018,Jun
3.13,1,Good quality REVIEWED data,2018-06-30,2018,Jun
3.13,1,Good quality REVIEWED data,2018-07-01,2018,Jul
3.12,1,Good quality REVIEWED data,2018-07-02,2018,Jul
3.13,1,Good quality REVIEWED data,2018-07-03,2018,Jul
3.12,1,Good quality REVIEWED data,2018-07-04,2018,Jul
3.11,1,Good quality REVIEWED data,2018-07-05,2018,Jul
3.09,1,Good quality REVIEWED data,2018-07-06,2018,Jul
3.09,1,Good quality REVIEWED data,2018-07-07,2018,Jul
3.07,1,Good quality REVIEWED data,2018-07-08,2018,Jul
3.07,1,Good quality REVIEWED data,2018-07-09,2018,Jul
3.06,77,"Estimated from another station, same variable",2018-07-10,2018,Jul
3.08,77,"Estimated from another station, same variable",2018-07-11,2018,Jul
3.08,77,"Estimated from another station, same variable",2018-07-12,2018,Jul
3.06,77,"Estimated from another station, same variable",2018-07-13,2018,Jul
3.06,77,"Estimated from another station, same variable",2018-07-14,2018,Jul
3.05,77,"Estimated from another station, same variable",2018-07-15,2018,Jul
3.05,77,"Estimated from another station, same variable",2018-07-16,2018,Jul
3.02,77,"Estimated from another station, same variable",2018-07-17,2018,Jul
3.02,77,"Estimated from another station, same variable",2018-07-18,2018,Jul
3.02,77,"Estimated from another station, same variable",2018-07-19,2018,Jul
3.02,77,"Estimated from another station, same variable",2018-07-20,2018,Jul
3.03,77,"Estimated from another station, same variable",2018-07-21,2018,Jul
3.03,77,"Estimated from another station, same variable",2018-07-22,2018,Jul
3.02,77,"Estimated from another station, same variable",2018-07-23,2018,Jul
3.01,77,"Estimated from another station, same variable",2018-07-24,2018,Jul
3,77,"Estimated from another station, same variable",2018-07-25,2018,Jul
2.99,77,"Estimated from another station, same variable",2018-07-26,2018,Jul
2.99,77,"Estimated from another station, same variable",2018-07-27,2018,Jul
2.99,77,"Estimated from another station, same variable",2018-07-28,2018,Jul
2.97,77,"Estimated from another station, same variable",2018-07-29,2018,Jul
2.97,77,"Estimated from another station, same variable",2018-07-30,2018,Jul
2.97,77,"Estimated from another station, same variable",2018-07-31,2018,Jul
2.95,77,"Estimated from another station, same variable",2018-08-01,2018,Aug
2.93,77,"Estimated from another station, same variable",2018-08-02,2018,Aug
2.95,77,"Estimated from another station, same variable",2018-08-03,2018,Aug
2.96,77,"Estimated from another station, same variable",2018-08-04,2018,Aug
2.96,77,"Estimated from another station, same variable",2018-08-05,2018,Aug
2.94,77,"Estimated from another station, same variable",2018-08-06,2018,Aug
2.93,77,"Estimated from another station, same variable",2018-08-07,2018,Aug
2.93,77,"Estimated from another station, same variable",2018-08-08,2018,Aug
2.92,77,"Estimated from another station, same variable",2018-08-09,2018,Aug
2.92,77,"Estimated from another station, same variable",2018-08-10,2018,Aug
2.92,77,"Estimated from another station, same variable",2018-08-11,2018,Aug
2.94,77,"Estimated from another station, same variable",2018-08-12,2018,Aug
2.94,77,"Estimated from another station, same variable",2018-08-13,2018,Aug
2.95,77,"Estimated from another station, same variable",2018-08-14,2018,Aug
2.94,77,"Estimated from another station, same variable",2018-08-15,2018,Aug
2.95,77,"Estimated from another station, same variable",2018-08-16,2018,Aug
2.96,77,"Estimated from another station, same variable",2018-08-17,2018,Aug
2.96,77,"Estimated from another station, same variable",2018-08-18,2018,Aug
2.96,77,"Estimated from another station, same variable",2018-08-19,2018,Aug
2.97,77,"Estimated from another station, same variable",2018-08-20,2018,Aug
2.98,77,"Estimated from another station, same variable",2018-08-21,2018,Aug
2.98,77,"Estimated from another station, same variable",2018-08-22,2018,Aug
2.98,77,"Estimated from another station, same variable",2018-08-23,2018,Aug
3,77,"Estimated from another station, same variable",2018-08-24,2018,Aug
3.02,77,"Estimated from another station, same variable",2018-08-25,2018,Aug
3.06,77,"Estimated from another station, same variable",2018-08-26,2018,Aug
3.17,77,"Estimated from another station, same variable",2018-08-27,2018,Aug
3.11,77,"Estimated from another station, same variable",2018-08-28,2018,Aug
3.05,1,Good quality REVIEWED data,2018-08-29,2018,Aug
3.02,1,Good quality REVIEWED data,2018-08-30,2018,Aug
3.02,1,Good quality REVIEWED data,2018-08-31,2018,Aug
3.02,1,Good quality REVIEWED data,2018-09-01,2018,Sep
3.02,1,Good quality REVIEWED data,2018-09-02,2018,Sep
3.02,1,Good quality REVIEWED data,2018-09-03,2018,Sep
3.02,1,Good quality REVIEWED data,2018-09-04,2018,Sep
3.02,1,Good quality REVIEWED data,2018-09-05,2018,Sep
3.01,1,Good quality REVIEWED data,2018-09-06,2018,Sep
3.01,1,Good quality REVIEWED data,2018-09-07,2018,Sep
3,1,Good quality REVIEWED data,2018-09-08,2018,Sep
3.01,1,Good quality REVIEWED data,2018-09-09,2018,Sep
3.01,1,Good quality REVIEWED data,2018-09-10,2018,Sep
3.01,1,Good quality REVIEWED data,2018-09-11,2018,Sep
3.03,1,Good quality REVIEWED data,2018-09-12,2018,Sep
3.02,1,Good quality REVIEWED data,2018-09-13,2018,Sep
3.03,1,Good quality REVIEWED data,2018-09-14,2018,Sep
3.04,1,Good quality REVIEWED data,2018-09-15,2018,Sep
3.05,1,Good quality REVIEWED data,2018-09-16,2018,Sep
3.04,1,Good quality REVIEWED data,2018-09-17,2018,Sep
3.04,1,Good quality REVIEWED data,2018-09-18,2018,Sep
3.04,1,Good quality REVIEWED data,2018-09-19,2018,Sep
3.03,1,Good quality REVIEWED data,2018-09-20,2018,Sep
3.03,1,Good quality REVIEWED data,2018-09-21,2018,Sep
3.02,1,Good quality REVIEWED data,2018-09-22,2018,Sep
3.05,1,Good quality REVIEWED data,2018-09-23,2018,Sep
3.04,1,Good quality REVIEWED data,2018-09-24,2018,Sep
3.05,1,Good quality REVIEWED data,2018-09-25,2018,Sep
3.04,1,Good quality REVIEWED data,2018-09-26,2018,Sep
3.03,1,Good quality REVIEWED data,2018-09-27,2018,Sep
3.03,1,Good quality REVIEWED data,2018-09-28,2018,Sep
3.04,1,Good quality REVIEWED data,2018-09-29,2018,Sep
3.04,1,Good quality REVIEWED data,2018-09-30,2018,Sep
3.06,1,Good quality REVIEWED data,2018-10-01,2018,Oct
3.06,1,Good quality REVIEWED data,2018-10-01,2018,Oct
3.05,1,Good quality REVIEWED data,2018-10-02,2018,Oct
3.07,1,Good quality REVIEWED data,2018-10-03,2018,Oct
3.07,1,Good quality REVIEWED data,2018-10-04,2018,Oct
3.08,1,Good quality REVIEWED data,2018-10-05,2018,Oct
3.12,1,Good quality REVIEWED data,2018-10-06,2018,Oct
3.16,1,Good quality REVIEWED data,2018-10-07,2018,Oct
3.14,1,Good quality REVIEWED data,2018-10-08,2018,Oct
3.21,1,Good quality REVIEWED data,2018-10-09,2018,Oct
3.25,1,Good quality REVIEWED data,2018-10-10,2018,Oct
3.18,1,Good quality REVIEWED data,2018-10-11,2018,Oct
3.15,1,Good quality REVIEWED data,2018-10-12,2018,Oct
3.14,1,Good quality REVIEWED data,2018-10-13,2018,Oct
3.14,1,Good quality REVIEWED data,2018-10-14,2018,Oct
3.13,1,Good quality REVIEWED data,2018-10-15,2018,Oct
3.13,1,Good quality REVIEWED data,2018-10-16,2018,Oct
3.13,1,Good quality REVIEWED data,2018-10-17,2018,Oct
3.14,1,Good quality REVIEWED data,2018-10-18,2018,Oct
3.13,1,Good quality REVIEWED data,2018-10-19,2018,Oct
3.13,1,Good quality REVIEWED data,2018-10-20,2018,Oct
3.14,1,Good quality REVIEWED data,2018-10-21,2018,Oct
3.14,1,Good quality REVIEWED data,2018-10-22,2018,Oct
3.14,1,Good quality REVIEWED data,2018-10-23,2018,Oct
3.14,1,Good quality REVIEWED data,2018-10-24,2018,Oct
3.14,1,Good quality REVIEWED data,2018-10-25,2018,Oct
3.14,1,Good quality REVIEWED data,2018-10-26,2018,Oct
3.19,1,Good quality REVIEWED data,2018-10-27,2018,Oct
3.21,1,Good quality REVIEWED data,2018-10-28,2018,Oct
3.27,1,Good quality REVIEWED data,2018-10-29,2018,Oct
3.25,1,Good quality REVIEWED data,2018-10-30,2018,Oct
3.21,1,Good quality REVIEWED data,2018-10-31,2018,Oct
3.24,1,Good quality REVIEWED data,2018-11-01,2018,Nov
3.24,1,Good quality REVIEWED data,2018-11-02,2018,Nov
3.26,1,Good quality REVIEWED data,2018-11-03,2018,Nov
3.26,1,Good quality REVIEWED data,2018-11-04,2018,Nov
3.26,1,Good quality REVIEWED data,2018-11-05,2018,Nov
3.26,1,Good quality REVIEWED data,2018-11-06,2018,Nov
3.26,1,Good quality REVIEWED data,2018-11-07,2018,Nov
3.23,1,Good quality REVIEWED data,2018-11-08,2018,Nov
3.21,1,Good quality REVIEWED data,2018-11-09,2018,Nov
3.21,1,Good quality REVIEWED data,2018-11-10,2018,Nov
3.2,1,Good quality REVIEWED data,2018-11-11,2018,Nov
3.2,1,Good quality REVIEWED data,2018-11-12,2018,Nov
3.19,1,Good quality REVIEWED data,2018-11-13,2018,Nov
3.19,1,Good quality REVIEWED data,2018-11-14,2018,Nov
3.19,1,Good quality REVIEWED data,2018-11-15,2018,Nov
3.19,1,Good quality REVIEWED data,2018-11-16,2018,Nov
3.19,1,Good quality REVIEWED data,2018-11-17,2018,Nov
3.19,1,Good quality REVIEWED data,2018-11-18,2018,Nov
3.19,1,Good quality REVIEWED data,2018-11-19,2018,Nov
3.18,1,Good quality REVIEWED data,2018-11-20,2018,Nov
3.18,1,Good quality REVIEWED data,2018-11-21,2018,Nov
3.19,1,Good quality REVIEWED data,2018-11-22,2018,Nov
3.23,1,Good quality REVIEWED data,2018-11-23,2018,Nov
3.33,1,Good quality REVIEWED data,2018-11-24,2018,Nov
3.26,1,Good quality REVIEWED data,2018-11-25,2018,Nov
3.23,1,Good quality REVIEWED data,2018-11-26,2018,Nov
3.25,1,Good quality REVIEWED data,2018-11-27,2018,Nov
3.43,1,Good quality REVIEWED data,2018-11-28,2018,Nov
3.4,1,Good quality REVIEWED data,2018-11-29,2018,Nov
3.34,1,Good quality REVIEWED data,2018-11-30,2018,Nov
3.32,1,Good quality REVIEWED data,2018-12-01,2018,Dec
3.3,1,Good quality REVIEWED data,2018-12-02,2018,Dec
3.29,1,Good quality REVIEWED data,2018-12-03,2018,Dec
3.27,1,Good quality REVIEWED data,2018-12-04,2018,Dec
3.25,1,Good quality REVIEWED data,2018-12-05,2018,Dec
3.23,1,Good quality REVIEWED data,2018-12-06,2018,Dec
3.22,1,Good quality REVIEWED data,2018-12-07,2018,Dec
3.22,1,Good quality REVIEWED data,2018-12-08,2018,Dec
3.23,1,Good quality REVIEWED data,2018-12-09,2018,Dec
3.24,1,Good quality REVIEWED data,2018-12-10,2018,Dec
3.25,1,Good quality REVIEWED data,2018-12-11,2018,Dec
3.44,1,Good quality REVIEWED data,2018-12-12,2018,Dec
3.4,1,Good quality REVIEWED data,2018-12-13,2018,Dec
3.36,1,Good quality REVIEWED data,2018-12-14,2018,Dec
3.35,1,Good quality REVIEWED data,2018-12-15,2018,Dec
3.33,1,Good quality REVIEWED data,2018-12-16,2018,Dec
3.37,1,Good quality REVIEWED data,2018-12-17,2018,Dec
3.74,1,Good quality REVIEWED data,2018-12-18,2018,Dec
4.16,1,Good quality REVIEWED data,2018-12-19,2018,Dec
3.82,1,Good quality REVIEWED data,2018-12-20,2018,Dec
3.8,1,Good quality REVIEWED data,2018-12-21,2018,Dec
3.72,1,Good quality REVIEWED data,2018-12-22,2018,Dec
3.65,1,Good quality REVIEWED data,2018-12-23,2018,Dec
3.68,1,Good quality REVIEWED data,2018-12-24,2018,Dec
3.68,1,Good quality REVIEWED data,2018-12-25,2018,Dec
3.63,1,Good quality REVIEWED data,2018-12-26,2018,Dec
3.58,1,Good quality REVIEWED data,2018-12-27,2018,Dec
3.53,1,Good quality REVIEWED data,2018-12-28,2018,Dec
3.57,1,Good quality REVIEWED data,2018-12-29,2018,Dec
3.86,1,Good quality REVIEWED data,2018-12-30,2018,Dec
3.97,1,Good quality REVIEWED data,2018-12-31,2018,Dec
3.84,1,Good quality REVIEWED data,2019-01-01,2019,Jan
3.73,1,Good quality REVIEWED data,2019-01-02,2019,Jan
3.66,1,Good quality REVIEWED data,2019-01-03,2019,Jan
3.61,1,Good quality REVIEWED data,2019-01-04,2019,Jan
3.57,1,Good quality REVIEWED data,2019-01-05,2019,Jan
3.54,1,Good quality REVIEWED data,2019-01-06,2019,Jan
3.51,1,Good quality REVIEWED data,2019-01-07,2019,Jan
3.48,1,Good quality REVIEWED data,2019-01-08,2019,Jan
3.51,1,Good quality REVIEWED data,2019-01-09,2019,Jan
3.52,1,Good quality REVIEWED data,2019-01-10,2019,Jan
3.55,1,Good quality REVIEWED data,2019-01-11,2019,Jan
3.55,1,Good quality REVIEWED data,2019-01-12,2019,Jan
3.52,1,Good quality REVIEWED data,2019-01-13,2019,Jan
3.48,1,Good quality REVIEWED data,2019-01-14,2019,Jan
3.46,1,Good quality REVIEWED data,2019-01-15,2019,Jan
3.43,1,Good quality REVIEWED data,2019-01-16,2019,Jan
3.44,1,Good quality REVIEWED data,2019-01-17,2019,Jan
3.5,1,Good quality REVIEWED data,2019-01-18,2019,Jan
3.65,1,Good quality REVIEWED data,2019-01-19,2019,Jan
4,1,Good quality REVIEWED data,2019-01-20,2019,Jan
3.99,1,Good quality REVIEWED data,2019-01-21,2019,Jan
3.89,1,Good quality REVIEWED data,2019-01-22,2019,Jan
4.34,1,Good quality REVIEWED data,2019-01-23,2019,Jan
4.56,1,Good quality REVIEWED data,2019-01-24,2019,Jan
4.31,1,Good quality REVIEWED data,2019-01-25,2019,Jan
4.12,1,Good quality REVIEWED data,2019-01-26,2019,Jan
3.98,1,Good quality REVIEWED data,2019-01-27,2019,Jan
3.88,1,Good quality REVIEWED data,2019-01-28,2019,Jan
3.8,1,Good quality REVIEWED data,2019-01-29,2019,Jan
3.74,1,Good quality REVIEWED data,2019-01-30,2019,Jan
3.68,1,Good quality REVIEWED data,2019-01-31,2019,Jan
3.64,1,Good quality REVIEWED data,2019-02-01,2019,Feb
3.65,1,Good quality REVIEWED data,2019-02-02,2019,Feb
3.84,1,Good quality REVIEWED data,2019-02-03,2019,Feb
4.06,1,Good quality REVIEWED data,2019-02-04,2019,Feb
3.99,1,Good quality REVIEWED data,2019-02-05,2019,Feb
3.9,1,Good quality REVIEWED data,2019-02-06,2019,Feb
3.81,1,Good quality REVIEWED data,2019-02-07,2019,Feb
3.79,1,Good quality REVIEWED data,2019-02-08,2019,Feb
3.74,1,Good quality REVIEWED data,2019-02-09,2019,Feb
3.69,1,Good quality REVIEWED data,2019-02-10,2019,Feb
3.67,1,Good quality REVIEWED data,2019-02-11,2019,Feb
3.63,1,Good quality REVIEWED data,2019-02-12,2019,Feb
3.66,1,Good quality REVIEWED data,2019-02-13,2019,Feb
3.61,1,Good quality REVIEWED data,2019-02-14,2019,Feb
3.63,1,Good quality REVIEWED data,2019-02-15,2019,Feb
3.61,1,Good quality REVIEWED data,2019-02-16,2019,Feb
3.6,1,Good quality REVIEWED data,2019-02-17,2019,Feb
3.59,1,Good quality REVIEWED data,2019-02-18,2019,Feb
3.58,1,Good quality REVIEWED data,2019-02-19,2019,Feb
3.61,1,Good quality REVIEWED data,2019-02-20,2019,Feb
3.58,1,Good quality REVIEWED data,2019-02-21,2019,Feb
3.54,1,Good quality REVIEWED data,2019-02-22,2019,Feb
3.56,1,Good quality REVIEWED data,2019-02-23,2019,Feb
3.55,1,Good quality REVIEWED data,2019-02-24,2019,Feb
3.55,1,Good quality REVIEWED data,2019-02-25,2019,Feb
3.53,1,Good quality REVIEWED data,2019-02-26,2019,Feb
3.52,1,Good quality REVIEWED data,2019-02-27,2019,Feb
3.52,1,Good quality REVIEWED data,2019-02-28,2019,Feb
3.5,1,Good quality REVIEWED data,2019-03-01,2019,Mar
3.49,1,Good quality REVIEWED data,2019-03-02,2019,Mar
3.49,1,Good quality REVIEWED data,2019-03-03,2019,Mar
3.46,1,Good quality REVIEWED data,2019-03-04,2019,Mar
3.45,1,Good quality REVIEWED data,2019-03-05,2019,Mar
3.5,1,Good quality REVIEWED data,2019-03-06,2019,Mar
3.52,1,Good quality REVIEWED data,2019-03-07,2019,Mar
3.5,1,Good quality REVIEWED data,2019-03-08,2019,Mar
3.5,1,Good quality REVIEWED data,2019-03-09,2019,Mar
3.51,1,Good quality REVIEWED data,2019-03-10,2019,Mar
3.53,1,Good quality REVIEWED data,2019-03-11,2019,Mar
3.64,1,Good quality REVIEWED data,2019-03-12,2019,Mar
3.69,1,Good quality REVIEWED data,2019-03-13,2019,Mar
3.73,1,Good quality REVIEWED data,2019-03-14,2019,Mar
3.79,1,Good quality REVIEWED data,2019-03-15,2019,Mar
3.9,1,Good quality REVIEWED data,2019-03-16,2019,Mar
4.01,1,Good quality REVIEWED data,2019-03-17,2019,Mar
4.16,1,Good quality REVIEWED data,2019-03-18,2019,Mar
4.32,1,Good quality REVIEWED data,2019-03-19,2019,Mar
4.53,1,Good quality REVIEWED data,2019-03-20,2019,Mar
4.73,1,Good quality REVIEWED data,2019-03-21,2019,Mar
4.92,1,Good quality REVIEWED data,2019-03-22,2019,Mar
5.08,1,Good quality REVIEWED data,2019-03-23,2019,Mar
5.23,1,Good quality REVIEWED data,2019-03-24,2019,Mar
5.09,1,Good quality REVIEWED data,2019-03-25,2019,Mar
4.98,1,Good quality REVIEWED data,2019-03-26,2019,Mar
4.8,1,Good quality REVIEWED data,2019-03-27,2019,Mar
4.68,1,Good quality REVIEWED data,2019-03-28,2019,Mar
4.55,1,Good quality REVIEWED data,2019-03-29,2019,Mar
4.46,1,Good quality REVIEWED data,2019-03-30,2019,Mar
4.33,1,Good quality REVIEWED data,2019-03-31,2019,Mar
4.26,1,Good quality REVIEWED data,2019-04-01,2019,Apr
4.21,1,Good quality REVIEWED data,2019-04-02,2019,Apr
4.23,1,Good quality REVIEWED data,2019-04-03,2019,Apr
4.29,1,Good quality REVIEWED data,2019-04-04,2019,Apr
4.33,1,Good quality REVIEWED data,2019-04-05,2019,Apr
4.61,1,Good quality REVIEWED data,2019-04-06,2019,Apr
5.05,1,Good quality REVIEWED data,2019-04-07,2019,Apr
6.66,1,Good quality REVIEWED data,2019-04-08,2019,Apr
7.55,1,Good quality REVIEWED data,2019-04-09,2019,Apr
7.35,1,Good quality REVIEWED data,2019-04-10,2019,Apr
6.53,1,Good quality REVIEWED data,2019-04-11,2019,Apr
6.73,1,Good quality REVIEWED data,2019-04-12,2019,Apr
6.35,1,Good quality REVIEWED data,2019-04-13,2019,Apr
5.93,1,Good quality REVIEWED data,2019-04-14,2019,Apr
5.54,1,Good quality REVIEWED data,2019-04-15,2019,Apr
5.21,1,Good quality REVIEWED data,2019-04-16,2019,Apr
4.93,1,Good quality REVIEWED data,2019-04-17,2019,Apr
4.75,1,Good quality REVIEWED data,2019-04-18,2019,Apr
4.7,1,Good quality REVIEWED data,2019-04-19,2019,Apr
5.13,1,Good quality REVIEWED data,2019-04-20,2019,Apr
5.08,1,Good quality REVIEWED data,2019-04-21,2019,Apr
4.86,1,Good quality REVIEWED data,2019-04-22,2019,Apr
4.7,1,Good quality REVIEWED data,2019-04-23,2019,Apr
4.67,1,Good quality REVIEWED data,2019-04-24,2019,Apr
4.56,1,Good quality REVIEWED data,2019-04-25,2019,Apr
4.42,1,Good quality REVIEWED data,2019-04-26,2019,Apr
4.3,1,Good quality REVIEWED data,2019-04-27,2019,Apr
4.19,1,Good quality REVIEWED data,2019-04-28,2019,Apr
4.08,1,Good quality REVIEWED data,2019-04-29,2019,Apr
3.99,1,Good quality REVIEWED data,2019-04-30,2019,Apr
3.92,1,Good quality REVIEWED data,2019-05-01,2019,May
3.85,1,Good quality REVIEWED data,2019-05-02,2019,May
3.8,1,Good quality REVIEWED data,2019-05-03,2019,May
3.77,1,Good quality REVIEWED data,2019-05-04,2019,May
3.77,1,Good quality REVIEWED data,2019-05-05,2019,May
3.78,1,Good quality REVIEWED data,2019-05-06,2019,May
3.79,1,Good quality REVIEWED data,2019-05-07,2019,May
3.79,1,Good quality REVIEWED data,2019-05-08,2019,May
3.79,1,Good quality REVIEWED data,2019-05-09,2019,May
3.76,1,Good quality REVIEWED data,2019-05-10,2019,May
3.74,1,Good quality REVIEWED data,2019-05-11,2019,May
3.74,1,Good quality REVIEWED data,2019-05-12,2019,May
3.73,1,Good quality REVIEWED data,2019-05-13,2019,May
3.7,1,Good quality REVIEWED data,2019-05-14,2019,May
3.69,1,Good quality REVIEWED data,2019-05-15,2019,May
3.73,1,Good quality REVIEWED data,2019-05-16,2019,May
3.88,1,Good quality REVIEWED data,2019-05-17,2019,May
3.83,1,Good quality REVIEWED data,2019-05-18,2019,May
3.75,1,Good quality REVIEWED data,2019-05-19,2019,May
3.7,1,Good quality REVIEWED data,2019-05-20,2019,May
3.67,1,Good quality REVIEWED data,2019-05-21,2019,May
3.62,1,Good quality REVIEWED data,2019-05-22,2019,May
3.56,1,Good quality REVIEWED data,2019-05-23,2019,May
3.53,1,Good quality REVIEWED data,2019-05-24,2019,May
3.51,1,Good quality REVIEWED data,2019-05-25,2019,May
3.5,1,Good quality REVIEWED data,2019-05-26,2019,May
3.54,1,Good quality REVIEWED data,2019-05-27,2019,May
3.49,1,Good quality REVIEWED data,2019-05-28,2019,May
3.47,1,Good quality REVIEWED data,2019-05-29,2019,May
3.49,1,Good quality REVIEWED data,2019-05-30,2019,May
3.51,1,Good quality REVIEWED data,2019-05-31,2019,May
3.45,1,Good quality REVIEWED data,2019-06-01,2019,Jun
3.44,1,Good quality REVIEWED data,2019-06-02,2019,Jun
3.38,1,Good quality REVIEWED data,2019-06-03,2019,Jun
3.35,1,Good quality REVIEWED data,2019-06-04,2019,Jun
3.31,1,Good quality REVIEWED data,2019-06-05,2019,Jun
3.31,1,Good quality REVIEWED data,2019-06-06,2019,Jun
3.29,1,Good quality REVIEWED data,2019-06-07,2019,Jun
3.26,1,Good quality REVIEWED data,2019-06-08,2019,Jun
3.23,1,Good quality REVIEWED data,2019-06-09,2019,Jun
3.19,1,Good quality REVIEWED data,2019-06-10,2019,Jun
3.17,1,Good quality REVIEWED data,2019-06-11,2019,Jun
3.14,1,Good quality REVIEWED data,2019-06-12,2019,Jun
3.13,1,Good quality REVIEWED data,2019-06-13,2019,Jun
3.1,1,Good quality REVIEWED data,2019-06-14,2019,Jun
3.09,1,Good quality REVIEWED data,2019-06-15,2019,Jun
3.08,1,Good quality REVIEWED data,2019-06-16,2019,Jun
3.06,1,Good quality REVIEWED data,2019-06-17,2019,Jun
3.04,1,Good quality REVIEWED data,2019-06-18,2019,Jun
3.03,1,Good quality REVIEWED data,2019-06-19,2019,Jun
3.05,1,Good quality REVIEWED data,2019-06-20,2019,Jun
3.09,1,Good quality REVIEWED data,2019-06-21,2019,Jun
3.07,1,Good quality REVIEWED data,2019-06-22,2019,Jun
3.04,1,Good quality REVIEWED data,2019-06-23,2019,Jun
3.03,1,Good quality REVIEWED data,2019-06-24,2019,Jun
3.01,1,Good quality REVIEWED data,2019-06-25,2019,Jun
3.01,1,Good quality REVIEWED data,2019-06-26,2019,Jun
3.07,1,Good quality REVIEWED data,2019-06-27,2019,Jun
3.05,1,Good quality REVIEWED data,2019-06-28,2019,Jun
3.02,1,Good quality REVIEWED data,2019-06-29,2019,Jun
2.99,1,Good quality REVIEWED data,2019-06-30,2019,Jun
2.97,1,Good quality REVIEWED data,2019-07-01,2019,Jul
2.96,1,Good quality REVIEWED data,2019-07-02,2019,Jul
2.96,1,Good quality REVIEWED data,2019-07-03,2019,Jul
2.97,1,Good quality REVIEWED data,2019-07-04,2019,Jul
2.95,1,Good quality REVIEWED data,2019-07-05,2019,Jul
2.93,1,Good quality REVIEWED data,2019-07-06,2019,Jul
2.93,1,Good quality REVIEWED data,2019-07-07,2019,Jul
2.92,1,Good quality REVIEWED data,2019-07-08,2019,Jul
2.92,1,Good quality REVIEWED data,2019-07-09,2019,Jul
2.91,1,Good quality REVIEWED data,2019-07-10,2019,Jul
2.91,1,Good quality REVIEWED data,2019-07-11,2019,Jul
2.9,1,Good quality REVIEWED data,2019-07-12,2019,Jul
2.89,1,Good quality REVIEWED data,2019-07-13,2019,Jul
2.87,1,Good quality REVIEWED data,2019-07-14,2019,Jul
2.87,1,Good quality REVIEWED data,2019-07-15,2019,Jul
2.87,1,Good quality REVIEWED data,2019-07-16,2019,Jul
2.86,1,Good quality REVIEWED data,2019-07-17,2019,Jul
2.86,1,Good quality REVIEWED data,2019-07-18,2019,Jul
2.86,1,Good quality REVIEWED data,2019-07-19,2019,Jul
2.86,1,Good quality REVIEWED data,2019-07-20,2019,Jul
2.85,1,Good quality REVIEWED data,2019-07-21,2019,Jul
2.85,1,Good quality REVIEWED data,2019-07-22,2019,Jul
2.84,1,Good quality REVIEWED data,2019-07-23,2019,Jul
2.84,1,Good quality REVIEWED data,2019-07-24,2019,Jul
2.83,1,Good quality REVIEWED data,2019-07-25,2019,Jul
2.83,1,Good quality REVIEWED data,2019-07-26,2019,Jul
2.82,1,Good quality REVIEWED data,2019-07-27,2019,Jul
2.81,1,Good quality REVIEWED data,2019-07-28,2019,Jul
2.81,1,Good quality REVIEWED data,2019-07-29,2019,Jul
2.81,1,Good quality REVIEWED data,2019-07-30,2019,Jul
2.81,1,Good quality REVIEWED data,2019-07-31,2019,Jul
2.81,1,Good quality REVIEWED data,2019-08-01,2019,Aug
2.8,1,Good quality REVIEWED data,2019-08-02,2019,Aug
2.79,1,Good quality REVIEWED data,2019-08-03,2019,Aug
2.79,1,Good quality REVIEWED data,2019-08-04,2019,Aug
2.79,1,Good quality REVIEWED data,2019-08-05,2019,Aug
2.78,1,Good quality REVIEWED data,2019-08-06,2019,Aug
2.78,1,Good quality REVIEWED data,2019-08-07,2019,Aug
2.77,1,Good quality REVIEWED data,2019-08-08,2019,Aug
2.8,1,Good quality REVIEWED data,2019-08-09,2019,Aug
2.86,1,Good quality REVIEWED data,2019-08-10,2019,Aug
2.95,1,Good quality REVIEWED data,2019-08-11,2019,Aug
2.89,1,Good quality REVIEWED data,2019-08-12,2019,Aug
2.85,1,Good quality REVIEWED data,2019-08-13,2019,Aug
2.83,1,Good quality REVIEWED data,2019-08-14,2019,Aug
2.81,1,Good quality REVIEWED data,2019-08-15,2019,Aug
2.81,1,Good quality REVIEWED data,2019-08-16,2019,Aug
2.81,1,Good quality REVIEWED data,2019-08-17,2019,Aug
2.82,1,Good quality REVIEWED data,2019-08-18,2019,Aug
2.8,1,Good quality REVIEWED data,2019-08-19,2019,Aug
2.8,1,Good quality REVIEWED data,2019-08-20,2019,Aug
2.79,1,Good quality REVIEWED data,2019-08-21,2019,Aug
2.81,1,Good quality REVIEWED data,2019-08-22,2019,Aug
2.81,1,Good quality REVIEWED data,2019-08-23,2019,Aug
2.8,1,Good quality REVIEWED data,2019-08-24,2019,Aug
2.8,1,Good quality REVIEWED data,2019-08-25,2019,Aug
2.8,1,Good quality REVIEWED data,2019-08-26,2019,Aug
2.8,1,Good quality REVIEWED data,2019-08-27,2019,Aug
2.78,1,Good quality REVIEWED data,2019-08-28,2019,Aug
2.79,1,Good quality REVIEWED data,2019-08-29,2019,Aug
2.83,1,Good quality REVIEWED data,2019-08-30,2019,Aug
2.81,1,Good quality REVIEWED data,2019-08-31,2019,Aug
2.8,1,Good quality REVIEWED data,2019-09-01,2019,Sep
2.8,1,Good quality REVIEWED data,2019-09-02,2019,Sep
2.81,1,Good quality REVIEWED data,2019-09-03,2019,Sep
2.8,1,Good quality REVIEWED data,2019-09-04,2019,Sep
2.8,1,Good quality REVIEWED data,2019-09-05,2019,Sep
2.81,1,Good quality REVIEWED data,2019-09-06,2019,Sep
2.82,1,Good quality REVIEWED data,2019-09-07,2019,Sep
2.87,1,Good quality REVIEWED data,2019-09-08,2019,Sep
2.93,1,Good quality REVIEWED data,2019-09-09,2019,Sep
2.93,1,Good quality REVIEWED data,2019-09-10,2019,Sep
2.92,1,Good quality REVIEWED data,2019-09-11,2019,Sep
2.9,1,Good quality REVIEWED data,2019-09-12,2019,Sep
2.87,1,Good quality REVIEWED data,2019-09-13,2019,Sep
2.87,1,Good quality REVIEWED data,2019-09-14,2019,Sep
2.88,1,Good quality REVIEWED data,2019-09-15,2019,Sep
2.9,1,Good quality REVIEWED data,2019-09-16,2019,Sep
2.92,1,Good quality REVIEWED data,2019-09-17,2019,Sep
2.92,1,Good quality REVIEWED data,2019-09-18,2019,Sep
2.94,1,Good quality REVIEWED data,2019-09-19,2019,Sep
2.93,1,Good quality REVIEWED data,2019-09-20,2019,Sep
2.92,1,Good quality REVIEWED data,2019-09-21,2019,Sep
2.91,1,Good quality REVIEWED data,2019-09-22,2019,Sep
2.92,1,Good quality REVIEWED data,2019-09-23,2019,Sep
2.91,1,Good quality REVIEWED data,2019-09-24,2019,Sep
2.89,1,Good quality REVIEWED data,2019-09-25,2019,Sep
2.9,1,Good quality REVIEWED data,2019-09-26,2019,Sep
2.91,1,Good quality REVIEWED data,2019-09-27,2019,Sep
2.93,1,Good quality REVIEWED data,2019-09-28,2019,Sep
3,1,Good quality REVIEWED data,2019-09-29,2019,Sep
2.99,1,Good quality REVIEWED data,2019-09-30,2019,Sep
2.98,1,Good quality REVIEWED data,2019-10-01,2019,Oct
2.98,1,Good quality REVIEWED data,2019-10-01,2019,Oct
2.97,1,Good quality REVIEWED data,2019-10-02,2019,Oct
2.96,1,Good quality REVIEWED data,2019-10-03,2019,Oct
2.96,1,Good quality REVIEWED data,2019-10-04,2019,Oct
2.95,1,Good quality REVIEWED data,2019-10-05,2019,Oct
2.95,1,Good quality REVIEWED data,2019-10-06,2019,Oct
2.94,1,Good quality REVIEWED data,2019-10-07,2019,Oct
2.96,1,Good quality REVIEWED data,2019-10-08,2019,Oct
3.06,1,Good quality REVIEWED data,2019-10-09,2019,Oct
3.02,1,Good quality REVIEWED data,2019-10-10,2019,Oct
3,1,Good quality REVIEWED data,2019-10-11,2019,Oct
2.99,1,Good quality REVIEWED data,2019-10-12,2019,Oct
2.99,1,Good quality REVIEWED data,2019-10-13,2019,Oct
3,1,Good quality REVIEWED data,2019-10-14,2019,Oct
3,1,Good quality REVIEWED data,2019-10-15,2019,Oct
2.99,1,Good quality REVIEWED data,2019-10-16,2019,Oct
3,1,Good quality REVIEWED data,2019-10-17,2019,Oct
3.01,1,Good quality REVIEWED data,2019-10-18,2019,Oct
3.08,1,Good quality REVIEWED data,2019-10-19,2019,Oct
3.47,1,Good quality REVIEWED data,2019-10-20,2019,Oct
3.22,1,Good quality REVIEWED data,2019-10-21,2019,Oct
3.24,1,Good quality REVIEWED data,2019-10-22,2019,Oct
3.26,1,Good quality REVIEWED data,2019-10-23,2019,Oct
3.17,1,Good quality REVIEWED data,2019-10-24,2019,Oct
3.12,1,Good quality REVIEWED data,2019-10-25,2019,Oct
3.1,1,Good quality REVIEWED data,2019-10-26,2019,Oct
3.09,1,Good quality REVIEWED data,2019-10-27,2019,Oct
4.53,1,Good quality REVIEWED data,2020-01-30,2020,Jan
4.37,1,Good quality REVIEWED data,2020-01-31,2020,Jan
4.57,1,Good quality REVIEWED data,2020-02-01,2020,Feb
5.03,1,Good quality REVIEWED data,2020-02-02,2020,Feb
4.59,1,Good quality REVIEWED data,2020-02-03,2020,Feb
4.28,1,Good quality REVIEWED data,2020-02-04,2020,Feb
4.26,1,Good quality REVIEWED data,2020-02-05,2020,Feb
7.31,1,Good quality REVIEWED data,2020-02-06,2020,Feb
10.6,1,Good quality REVIEWED data,2020-02-07,2020,Feb
7.92,1,Good quality REVIEWED data,2020-02-08,2020,Feb
6.27,1,Good quality REVIEWED data,2020-02-09,2020,Feb
5.63,1,Good quality REVIEWED data,2020-02-10,2020,Feb
5.27,1,Good quality REVIEWED data,2020-02-11,2020,Feb
5.05,1,Good quality REVIEWED data,2020-02-12,2020,Feb
4.86,1,Good quality REVIEWED data,2020-02-13,2020,Feb
4.72,1,Good quality REVIEWED data,2020-02-14,2020,Feb
4.61,1,Good quality REVIEWED data,2020-02-15,2020,Feb
4.67,1,Good quality REVIEWED data,2020-02-16,2020,Feb
4.58,1,Good quality REVIEWED data,2020-02-17,2020,Feb
4.48,1,Good quality REVIEWED data,2020-02-18,2020,Feb
4.39,1,Good quality REVIEWED data,2020-02-19,2020,Feb
4.3,1,Good quality REVIEWED data,2020-02-20,2020,Feb
4.23,1,Good quality REVIEWED data,2020-02-21,2020,Feb
4.18,1,Good quality REVIEWED data,2020-02-22,2020,Feb
4.16,1,Good quality REVIEWED data,2020-02-23,2020,Feb
4.14,1,Good quality REVIEWED data,2020-02-24,2020,Feb
4.08,1,Good quality REVIEWED data,2020-02-25,2020,Feb
4.06,1,Good quality REVIEWED data,2020-02-26,2020,Feb
4.06,1,Good quality REVIEWED data,2020-02-27,2020,Feb
4.07,1,Good quality REVIEWED data,2020-02-28,2020,Feb
4.13,1,Good quality REVIEWED data,2020-02-29,2020,Feb
4.14,1,Good quality REVIEWED data,2020-03-01,2020,Mar
4.11,1,Good quality REVIEWED data,2020-03-02,2020,Mar
4.08,1,Good quality REVIEWED data,2020-03-03,2020,Mar
4.1,1,Good quality REVIEWED data,2020-03-04,2020,Mar
4.11,1,Good quality REVIEWED data,2020-03-05,2020,Mar
4.13,1,Good quality REVIEWED data,2020-03-06,2020,Mar
4.18,1,Good quality REVIEWED data,2020-03-07,2020,Mar
4.15,1,Good quality REVIEWED data,2020-03-08,2020,Mar
4.1,1,Good quality REVIEWED data,2020-03-09,2020,Mar
4.05,1,Good quality REVIEWED data,2020-03-10,2020,Mar
4.02,1,Good quality REVIEWED data,2020-03-11,2020,Mar
3.99,1,Good quality REVIEWED data,2020-03-12,2020,Mar
3.98,1,Good quality REVIEWED data,2020-03-13,2020,Mar
4,1,Good quality REVIEWED data,2020-03-14,2020,Mar
3.95,1,Good quality REVIEWED data,2020-03-15,2020,Mar
3.92,1,Good quality REVIEWED data,2020-03-16,2020,Mar
3.9,1,Good quality REVIEWED data,2020-03-17,2020,Mar
3.9,1,Good quality REVIEWED data,2020-03-18,2020,Mar
3.89,1,Good quality REVIEWED data,2020-03-19,2020,Mar
3.87,1,Good quality REVIEWED data,2020-03-20,2020,Mar
3.87,1,Good quality REVIEWED data,2020-03-21,2020,Mar
3.88,1,Good quality REVIEWED data,2020-03-22,2020,Mar
3.91,1,Good quality REVIEWED data,2020-03-23,2020,Mar
3.92,1,Good quality REVIEWED data,2020-03-24,2020,Mar
3.92,1,Good quality REVIEWED data,2020-03-25,2020,Mar
3.91,1,Good quality REVIEWED data,2020-03-26,2020,Mar
3.88,1,Good quality REVIEWED data,2020-03-27,2020,Mar
3.86,1,Good quality REVIEWED data,2020-03-28,2020,Mar
3.91,1,Good quality REVIEWED data,2020-03-29,2020,Mar
4.15,1,Good quality REVIEWED data,2020-03-30,2020,Mar
4.51,1,Good quality REVIEWED data,2020-03-31,2020,Mar
4.49,1,Good quality REVIEWED data,2020-04-01,2020,Apr
4.4,1,Good quality REVIEWED data,2020-04-02,2020,Apr
4.32,1,Good quality REVIEWED data,2020-04-03,2020,Apr
4.24,1,Good quality REVIEWED data,2020-04-04,2020,Apr
4.21,1,Good quality REVIEWED data,2020-04-05,2020,Apr
4.2,1,Good quality REVIEWED data,2020-04-06,2020,Apr
4.17,1,Good quality REVIEWED data,2020-04-07,2020,Apr
4.15,1,Good quality REVIEWED data,2020-04-08,2020,Apr
4.14,1,Good quality REVIEWED data,2020-04-09,2020,Apr
4.18,1,Good quality REVIEWED data,2020-04-10,2020,Apr
4.27,1,Good quality REVIEWED data,2020-04-11,2020,Apr
4.29,1,Good quality REVIEWED data,2020-04-12,2020,Apr
4.21,1,Good quality REVIEWED data,2020-04-13,2020,Apr
4.13,1,Good quality REVIEWED data,2020-04-14,2020,Apr
4.1,1,Good quality REVIEWED data,2020-04-15,2020,Apr
4.09,1,Good quality REVIEWED data,2020-04-16,2020,Apr
4.06,1,Good quality REVIEWED data,2020-04-17,2020,Apr
4.05,1,Good quality REVIEWED data,2020-04-18,2020,Apr
4.06,1,Good quality REVIEWED data,2020-04-19,2020,Apr
4.07,1,Good quality REVIEWED data,2020-04-20,2020,Apr
4.11,1,Good quality REVIEWED data,2020-04-21,2020,Apr
4.15,1,Good quality REVIEWED data,2020-04-22,2020,Apr
4.37,1,Good quality REVIEWED data,2020-04-23,2020,Apr
4.56,1,Good quality REVIEWED data,2020-04-24,2020,Apr
4.45,1,Good quality REVIEWED data,2020-04-25,2020,Apr
4.42,1,Good quality REVIEWED data,2020-04-26,2020,Apr
4.37,1,Good quality REVIEWED data,2020-04-27,2020,Apr
4.34,1,Good quality REVIEWED data,2020-04-28,2020,Apr
4.33,1,Good quality REVIEWED data,2020-04-29,2020,Apr
4.42,1,Good quality REVIEWED data,2020-04-30,2020,Apr
4.37,1,Good quality REVIEWED data,2020-05-01,2020,May
4.27,1,Good quality REVIEWED data,2020-05-02,2020,May
4.3,1,Good quality REVIEWED data,2020-05-03,2020,May
4.2,1,Good quality REVIEWED data,2020-05-04,2020,May
4.12,1,Good quality REVIEWED data,2020-05-05,2020,May
4.17,1,Good quality REVIEWED data,2020-05-06,2020,May
4.12,1,Good quality REVIEWED data,2020-05-07,2020,May
4.06,1,Good quality REVIEWED data,2020-05-08,2020,May
4.03,1,Good quality REVIEWED data,2020-05-09,2020,May
4.03,1,Good quality REVIEWED data,2020-05-10,2020,May
4.07,1,Good quality REVIEWED data,2020-05-11,2020,May
4.09,1,Good quality REVIEWED data,2020-05-12,2020,May
4.06,1,Good quality REVIEWED data,2020-05-13,2020,May
4.05,1,Good quality REVIEWED data,2020-05-14,2020,May
4,1,Good quality REVIEWED data,2020-05-15,2020,May
3.95,1,Good quality REVIEWED data,2020-05-16,2020,May
3.95,1,Good quality REVIEWED data,2020-05-17,2020,May
3.99,1,Good quality REVIEWED data,2020-05-18,2020,May
3.97,1,Good quality REVIEWED data,2020-05-19,2020,May
4.49,1,Good quality REVIEWED data,2020-05-20,2020,May
5.45,1,Good quality REVIEWED data,2020-05-21,2020,May
5.01,1,Good quality REVIEWED data,2020-05-22,2020,May
4.69,1,Good quality REVIEWED data,2020-05-23,2020,May
4.47,1,Good quality REVIEWED data,2020-05-24,2020,May
4.33,1,Good quality REVIEWED data,2020-05-25,2020,May
4.23,1,Good quality REVIEWED data,2020-05-26,2020,May
4.13,1,Good quality REVIEWED data,2020-05-27,2020,May
4.05,1,Good quality REVIEWED data,2020-05-28,2020,May
4,1,Good quality REVIEWED data,2020-05-29,2020,May
3.98,1,Good quality REVIEWED data,2020-05-30,2020,May
4.03,1,Good quality REVIEWED data,2020-05-31,2020,May
3.94,1,Good quality REVIEWED data,2020-06-01,2020,Jun
3.87,1,Good quality REVIEWED data,2020-06-02,2020,Jun
3.81,1,Good quality REVIEWED data,2020-06-03,2020,Jun
3.77,1,Good quality REVIEWED data,2020-06-04,2020,Jun
3.74,1,Good quality REVIEWED data,2020-06-05,2020,Jun
3.75,1,Good quality REVIEWED data,2020-06-06,2020,Jun
3.71,1,Good quality REVIEWED data,2020-06-07,2020,Jun
3.72,1,Good quality REVIEWED data,2020-06-08,2020,Jun
3.68,1,Good quality REVIEWED data,2020-06-09,2020,Jun
3.67,1,Good quality REVIEWED data,2020-06-10,2020,Jun
3.63,1,Good quality REVIEWED data,2020-06-11,2020,Jun
3.61,1,Good quality REVIEWED data,2020-06-12,2020,Jun
3.63,1,Good quality REVIEWED data,2020-06-13,2020,Jun
3.65,1,Good quality REVIEWED data,2020-06-14,2020,Jun
3.62,1,Good quality REVIEWED data,2020-06-15,2020,Jun
3.65,1,Good quality REVIEWED data,2020-06-16,2020,Jun
3.61,1,Good quality REVIEWED data,2020-06-17,2020,Jun
3.57,1,Good quality REVIEWED data,2020-06-18,2020,Jun
3.54,1,Good quality REVIEWED data,2020-06-19,2020,Jun
3.52,1,Good quality REVIEWED data,2020-06-20,2020,Jun
3.5,1,Good quality REVIEWED data,2020-06-21,2020,Jun
3.47,1,Good quality REVIEWED data,2020-06-22,2020,Jun
3.45,1,Good quality REVIEWED data,2020-06-23,2020,Jun
3.43,1,Good quality REVIEWED data,2020-06-24,2020,Jun
3.4,1,Good quality REVIEWED data,2020-06-25,2020,Jun
3.39,1,Good quality REVIEWED data,2020-06-26,2020,Jun
3.37,1,Good quality REVIEWED data,2020-06-27,2020,Jun
3.37,1,Good quality REVIEWED data,2020-06-28,2020,Jun
3.39,1,Good quality REVIEWED data,2020-06-29,2020,Jun
3.38,1,Good quality REVIEWED data,2020-06-30,2020,Jun
3.36,1,Good quality REVIEWED data,2020-07-01,2020,Jul
3.35,1,Good quality REVIEWED data,2020-07-02,2020,Jul
3.33,1,Good quality REVIEWED data,2020-07-03,2020,Jul
3.31,1,Good quality REVIEWED data,2020-07-04,2020,Jul
3.3,1,Good quality REVIEWED data,2020-07-05,2020,Jul
3.29,1,Good quality REVIEWED data,2020-07-06,2020,Jul
3.3,1,Good quality REVIEWED data,2020-07-07,2020,Jul
3.3,1,Good quality REVIEWED data,2020-07-08,2020,Jul
3.28,1,Good quality REVIEWED data,2020-07-09,2020,Jul
3.28,1,Good quality REVIEWED data,2020-07-10,2020,Jul
3.27,1,Good quality REVIEWED data,2020-07-11,2020,Jul
3.25,1,Good quality REVIEWED data,2020-07-12,2020,Jul
3.26,1,Good quality REVIEWED data,2020-07-13,2020,Jul
3.25,1,Good quality REVIEWED data,2020-07-14,2020,Jul
3.23,1,Good quality REVIEWED data,2020-07-15,2020,Jul
3.22,1,Good quality REVIEWED data,2020-07-16,2020,Jul
3.21,1,Good quality REVIEWED data,2020-07-17,2020,Jul
3.21,1,Good quality REVIEWED data,2020-07-18,2020,Jul
3.21,1,Good quality REVIEWED data,2020-07-19,2020,Jul
3.2,1,Good quality REVIEWED data,2020-07-20,2020,Jul
3.18,1,Good quality REVIEWED data,2020-07-21,2020,Jul
3.17,1,Good quality REVIEWED data,2020-07-22,2020,Jul
3.16,1,Good quality REVIEWED data,2020-07-23,2020,Jul
3.16,1,Good quality REVIEWED data,2020-07-24,2020,Jul
3.17,1,Good quality REVIEWED data,2020-07-25,2020,Jul
3.17,1,Good quality REVIEWED data,2020-07-26,2020,Jul
3.15,1,Good quality REVIEWED data,2020-07-27,2020,Jul
3.14,1,Good quality REVIEWED data,2020-07-28,2020,Jul
3.14,1,Good quality REVIEWED data,2020-07-29,2020,Jul
3.13,1,Good quality REVIEWED data,2020-07-30,2020,Jul
3.1,1,Good quality REVIEWED data,2020-07-31,2020,Jul
3.1,1,Good quality REVIEWED data,2020-08-01,2020,Aug
3.11,1,Good quality REVIEWED data,2020-08-02,2020,Aug
3.1,1,Good quality REVIEWED data,2020-08-03,2020,Aug
3.1,1,Good quality REVIEWED data,2020-08-04,2020,Aug
3.1,1,Good quality REVIEWED data,2020-08-05,2020,Aug
3.08,1,Good quality REVIEWED data,2020-08-06,2020,Aug
3.11,1,Good quality REVIEWED data,2020-08-07,2020,Aug
3.11,1,Good quality REVIEWED data,2020-08-08,2020,Aug
3.09,1,Good quality REVIEWED data,2020-08-09,2020,Aug
3.09,1,Good quality REVIEWED data,2020-08-10,2020,Aug
3.08,1,Good quality REVIEWED data,2020-08-11,2020,Aug
3.07,1,Good quality REVIEWED data,2020-08-12,2020,Aug
3.09,1,Good quality REVIEWED data,2020-08-13,2020,Aug
3.08,1,Good quality REVIEWED data,2020-08-14,2020,Aug
3.06,1,Good quality REVIEWED data,2020-08-15,2020,Aug
3.04,1,Good quality REVIEWED data,2020-08-16,2020,Aug
3.03,1,Good quality REVIEWED data,2020-08-17,2020,Aug
3.03,1,Good quality REVIEWED data,2020-08-18,2020,Aug
3.03,1,Good quality REVIEWED data,2020-08-19,2020,Aug
3.05,1,Good quality REVIEWED data,2020-08-20,2020,Aug
3.06,1,Good quality REVIEWED data,2020-08-21,2020,Aug
3.06,1,Good quality REVIEWED data,2020-08-22,2020,Aug
3.07,1,Good quality REVIEWED data,2020-08-23,2020,Aug
3.07,1,Good quality REVIEWED data,2020-08-24,2020,Aug
3.07,1,Good quality REVIEWED data,2020-08-25,2020,Aug
3.08,1,Good quality REVIEWED data,2020-08-26,2020,Aug
3.07,1,Good quality REVIEWED data,2020-08-27,2020,Aug
3.07,1,Good quality REVIEWED data,2020-08-28,2020,Aug
3.05,1,Good quality REVIEWED data,2020-08-29,2020,Aug
3.05,1,Good quality REVIEWED data,2020-08-30,2020,Aug
3.05,1,Good quality REVIEWED data,2020-08-31,2020,Aug
3.07,1,Good quality REVIEWED data,2020-09-01,2020,Sep
3.06,1,Good quality REVIEWED data,2020-09-02,2020,Sep
3.05,1,Good quality REVIEWED data,2020-09-03,2020,Sep
3.04,1,Good quality REVIEWED data,2020-09-04,2020,Sep
3.03,1,Good quality REVIEWED data,2020-09-05,2020,Sep
3.03,1,Good quality REVIEWED data,2020-09-06,2020,Sep
3.03,1,Good quality REVIEWED data,2020-09-07,2020,Sep
3.07,1,Good quality REVIEWED data,2020-09-08,2020,Sep
3.08,1,Good quality REVIEWED data,2020-09-09,2020,Sep
3.08,1,Good quality REVIEWED data,2020-09-10,2020,Sep
3.07,1,Good quality REVIEWED data,2020-09-11,2020,Sep
3.08,1,Good quality REVIEWED data,2020-09-12,2020,Sep
3.1,1,Good quality REVIEWED data,2020-09-13,2020,Sep
3.11,1,Good quality REVIEWED data,2020-09-14,2020,Sep
3.11,1,Good quality REVIEWED data,2020-09-15,2020,Sep
3.11,1,Good quality REVIEWED data,2020-09-16,2020,Sep
3.11,1,Good quality REVIEWED data,2020-09-17,2020,Sep
3.12,1,Good quality REVIEWED data,2020-09-18,2020,Sep
3.15,1,Good quality REVIEWED data,2020-09-19,2020,Sep
3.17,1,Good quality REVIEWED data,2020-09-20,2020,Sep
3.15,1,Good quality REVIEWED data,2020-09-21,2020,Sep
3.14,1,Good quality REVIEWED data,2020-09-22,2020,Sep
3.14,1,Good quality REVIEWED data,2020-09-23,2020,Sep
3.18,1,Good quality REVIEWED data,2020-09-24,2020,Sep
3.2,1,Good quality REVIEWED data,2020-09-25,2020,Sep
3.23,1,Good quality REVIEWED data,2020-09-26,2020,Sep
3.22,1,Good quality REVIEWED data,2020-09-27,2020,Sep
3.2,1,Good quality REVIEWED data,2020-09-28,2020,Sep
3.18,1,Good quality REVIEWED data,2020-09-29,2020,Sep
3.17,1,Good quality REVIEWED data,2020-09-30,2020,Sep
3.16,1,Good quality REVIEWED data,2020-10-01,2020,Oct
3.16,1,Good quality REVIEWED data,2020-10-01,2020,Oct
3.16,1,Good quality REVIEWED data,2020-10-02,2020,Oct
3.16,1,Good quality REVIEWED data,2020-10-03,2020,Oct
3.15,1,Good quality REVIEWED data,2020-10-04,2020,Oct
3.14,1,Good quality REVIEWED data,2020-10-05,2020,Oct
3.14,1,Good quality REVIEWED data,2020-10-06,2020,Oct
3.14,1,Good quality REVIEWED data,2020-10-07,2020,Oct
3.15,1,Good quality REVIEWED data,2020-10-08,2020,Oct
3.15,1,Good quality REVIEWED data,2020-10-09,2020,Oct
3.21,1,Good quality REVIEWED data,2020-10-10,2020,Oct
3.34,1,Good quality REVIEWED data,2020-10-11,2020,Oct
3.32,1,Good quality REVIEWED data,2020-10-12,2020,Oct
3.33,1,Good quality REVIEWED data,2020-10-13,2020,Oct
3.42,1,Good quality REVIEWED data,2020-10-14,2020,Oct
3.3,1,Good quality REVIEWED data,2020-10-15,2020,Oct
3.27,1,Good quality REVIEWED data,2020-10-16,2020,Oct
3.25,1,Good quality REVIEWED data,2020-10-17,2020,Oct
3.24,1,Good quality REVIEWED data,2020-10-18,2020,Oct
3.25,1,Good quality REVIEWED data,2020-10-19,2020,Oct
3.25,1,Good quality REVIEWED data,2020-10-20,2020,Oct
3.26,1,Good quality REVIEWED data,2020-10-21,2020,Oct
3.26,1,Good quality REVIEWED data,2020-10-22,2020,Oct
3.27,1,Good quality REVIEWED data,2020-10-23,2020,Oct
3.42,1,Good quality REVIEWED data,2020-10-24,2020,Oct
3.39,1,Good quality REVIEWED data,2020-10-25,2020,Oct
3.33,1,Good quality REVIEWED data,2020-10-26,2020,Oct
3.31,1,Good quality REVIEWED data,2020-10-27,2020,Oct
3.31,1,Good quality REVIEWED data,2020-10-28,2020,Oct
3.3,1,Good quality REVIEWED data,2020-10-29,2020,Oct
3.3,1,Good quality REVIEWED data,2020-10-30,2020,Oct
3.3,1,Good quality REVIEWED data,2020-10-31,2020,Oct
3.29,1,Good quality REVIEWED data,2020-11-01,2020,Nov
3.29,1,Good quality REVIEWED data,2020-11-02,2020,Nov
3.29,1,Good quality REVIEWED data,2020-11-03,2020,Nov
3.29,1,Good quality REVIEWED data,2020-11-04,2020,Nov
3.29,1,Good quality REVIEWED data,2020-11-05,2020,Nov
3.58,1,Good quality REVIEWED data,2020-11-06,2020,Nov
3.71,1,Good quality REVIEWED data,2020-11-07,2020,Nov
3.53,1,Good quality REVIEWED data,2020-11-08,2020,Nov
3.45,1,Good quality REVIEWED data,2020-11-09,2020,Nov
3.42,1,Good quality REVIEWED data,2020-11-10,2020,Nov
3.47,1,Good quality REVIEWED data,2020-11-11,2020,Nov
3.44,1,Good quality REVIEWED data,2020-11-12,2020,Nov
3.49,1,Good quality REVIEWED data,2020-11-13,2020,Nov
3.61,1,Good quality REVIEWED data,2020-11-14,2020,Nov
3.56,1,Good quality REVIEWED data,2020-11-15,2020,Nov
3.58,1,Good quality REVIEWED data,2020-11-16,2020,Nov
3.63,1,Good quality REVIEWED data,2020-11-17,2020,Nov
3.75,1,Good quality REVIEWED data,2020-11-18,2020,Nov
3.81,1,Good quality REVIEWED data,2020-11-19,2020,Nov
3.76,1,Good quality REVIEWED data,2020-11-20,2020,Nov
3.7,1,Good quality REVIEWED data,2020-11-21,2020,Nov
3.66,1,Good quality REVIEWED data,2020-11-22,2020,Nov
3.61,1,Good quality REVIEWED data,2020-11-23,2020,Nov
3.59,1,Good quality REVIEWED data,2020-11-24,2020,Nov
3.59,1,Good quality REVIEWED data,2020-11-25,2020,Nov
3.58,1,Good quality REVIEWED data,2020-11-26,2020,Nov
3.56,1,Good quality REVIEWED data,2020-11-27,2020,Nov
3.55,1,Good quality REVIEWED data,2020-11-28,2020,Nov
3.53,1,Good quality REVIEWED data,2020-11-29,2020,Nov
3.52,1,Good quality REVIEWED data,2020-11-30,2020,Nov
3.5,1,Good quality REVIEWED data,2020-12-01,2020,Dec
3.47,1,Good quality REVIEWED data,2020-12-02,2020,Dec
3.46,1,Good quality REVIEWED data,2020-12-03,2020,Dec
3.44,1,Good quality REVIEWED data,2020-12-04,2020,Dec
3.43,1,Good quality REVIEWED data,2020-12-05,2020,Dec
3.42,1,Good quality REVIEWED data,2020-12-06,2020,Dec
3.41,1,Good quality REVIEWED data,2020-12-07,2020,Dec
3.4,1,Good quality REVIEWED data,2020-12-08,2020,Dec
3.43,1,Good quality REVIEWED data,2020-12-09,2020,Dec
3.47,1,Good quality REVIEWED data,2020-12-10,2020,Dec
3.46,1,Good quality REVIEWED data,2020-12-11,2020,Dec
3.45,1,Good quality REVIEWED data,2020-12-12,2020,Dec
3.45,1,Good quality REVIEWED data,2020-12-13,2020,Dec
3.44,1,Good quality REVIEWED data,2020-12-14,2020,Dec
3.44,1,Good quality REVIEWED data,2020-12-15,2020,Dec
3.46,1,Good quality REVIEWED data,2020-12-16,2020,Dec
3.51,1,Good quality REVIEWED data,2020-12-17,2020,Dec
3.57,1,Good quality REVIEWED data,2020-12-18,2020,Dec
3.6,1,Good quality REVIEWED data,2020-12-19,2020,Dec
4.09,1,Good quality REVIEWED data,2020-12-20,2020,Dec
4.76,1,Good quality REVIEWED data,2020-12-21,2020,Dec
4.68,1,Good quality REVIEWED data,2020-12-22,2020,Dec
4.39,1,Good quality REVIEWED data,2020-12-23,2020,Dec
4.17,1,Good quality REVIEWED data,2020-12-24,2020,Dec
4.04,1,Good quality REVIEWED data,2020-12-25,2020,Dec
3.99,1,Good quality REVIEWED data,2020-12-26,2020,Dec
3.94,1,Good quality REVIEWED data,2020-12-27,2020,Dec
3.89,1,Good quality REVIEWED data,2020-12-28,2020,Dec
3.84,1,Good quality REVIEWED data,2020-12-29,2020,Dec
3.84,1,Good quality REVIEWED data,2020-12-30,2020,Dec
4.03,1,Good quality REVIEWED data,2020-12-31,2020,Dec
4.36,1,Good quality REVIEWED data,2021-01-01,2021,Jan
4.29,1,Good quality REVIEWED data,2021-01-02,2021,Jan
4.69,1,Good quality REVIEWED data,2021-01-03,2021,Jan
4.84,1,Good quality REVIEWED data,2021-01-04,2021,Jan
5.04,1,Good quality REVIEWED data,2021-01-05,2021,Jan
4.69,1,Good quality REVIEWED data,2021-01-06,2021,Jan
4.43,1,Good quality REVIEWED data,2021-01-07,2021,Jan
4.27,1,Good quality REVIEWED data,2021-01-08,2021,Jan
4.14,1,Good quality REVIEWED data,2021-01-09,2021,Jan
4.05,1,Good quality REVIEWED data,2021-01-10,2021,Jan
3.97,1,Good quality REVIEWED data,2021-01-11,2021,Jan
4.01,1,Good quality REVIEWED data,2021-01-12,2021,Jan
4.88,1,Good quality REVIEWED data,2021-01-13,2021,Jan
5.06,1,Good quality REVIEWED data,2021-01-14,2021,Jan
4.7,1,Good quality REVIEWED data,2021-01-15,2021,Jan
4.5,1,Good quality REVIEWED data,2021-01-16,2021,Jan
4.36,1,Good quality REVIEWED data,2021-01-17,2021,Jan
4.25,1,Good quality REVIEWED data,2021-01-18,2021,Jan
4.15,1,Good quality REVIEWED data,2021-01-19,2021,Jan
4.08,1,Good quality REVIEWED data,2021-01-20,2021,Jan
4.03,1,Good quality REVIEWED data,2021-01-21,2021,Jan
3.97,1,Good quality REVIEWED data,2021-01-22,2021,Jan
3.92,1,Good quality REVIEWED data,2021-01-23,2021,Jan
3.87,1,Good quality REVIEWED data,2021-01-24,2021,Jan
3.85,1,Good quality REVIEWED data,2021-01-25,2021,Jan
3.81,1,Good quality REVIEWED data,2021-01-26,2021,Jan
3.78,1,Good quality REVIEWED data,2021-01-27,2021,Jan
3.76,1,Good quality REVIEWED data,2021-01-28,2021,Jan
3.74,1,Good quality REVIEWED data,2021-01-29,2021,Jan
3.71,1,Good quality REVIEWED data,2021-01-30,2021,Jan
3.68,1,Good quality REVIEWED data,2021-01-31,2021,Jan
3.67,1,Good quality REVIEWED data,2021-02-01,2021,Feb
3.76,1,Good quality REVIEWED data,2021-02-02,2021,Feb
3.87,1,Good quality REVIEWED data,2021-02-03,2021,Feb
3.86,1,Good quality REVIEWED data,2021-02-04,2021,Feb
3.85,1,Good quality REVIEWED data,2021-02-05,2021,Feb
3.86,1,Good quality REVIEWED data,2021-02-06,2021,Feb
3.84,1,Good quality REVIEWED data,2021-02-07,2021,Feb
3.83,1,Good quality REVIEWED data,2021-02-08,2021,Feb
3.8,1,Good quality REVIEWED data,2021-02-09,2021,Feb
3.76,1,Good quality REVIEWED data,2021-02-10,2021,Feb
3.73,1,Good quality REVIEWED data,2021-02-11,2021,Feb
3.73,1,Good quality REVIEWED data,2021-02-12,2021,Feb
3.67,77,"Estimated from another station, same variable",2021-02-13,2021,Feb
3.64,77,"Estimated from another station, same variable",2021-02-14,2021,Feb
3.67,77,"Estimated from another station, same variable",2021-02-15,2021,Feb
3.7,77,"Estimated from another station, same variable",2021-02-16,2021,Feb
3.66,50,Estimated data,2021-02-17,2021,Feb
3.62,50,Estimated data,2021-02-18,2021,Feb
3.66,50,Estimated data,2021-02-19,2021,Feb
3.73,1,Good quality REVIEWED data,2021-02-20,2021,Feb
3.76,1,Good quality REVIEWED data,2021-02-21,2021,Feb
4.23,1,Good quality REVIEWED data,2021-02-22,2021,Feb
5.82,1,Good quality REVIEWED data,2021-02-23,2021,Feb
5.1,1,Good quality REVIEWED data,2021-02-24,2021,Feb
4.78,1,Good quality REVIEWED data,2021-02-25,2021,Feb
4.6,1,Good quality REVIEWED data,2021-02-26,2021,Feb
4.45,1,Good quality REVIEWED data,2021-02-27,2021,Feb
4.33,1,Good quality REVIEWED data,2021-02-28,2021,Feb
4.29,1,Good quality REVIEWED data,2021-03-01,2021,Mar
4.34,1,Good quality REVIEWED data,2021-03-02,2021,Mar
4.47,1,Good quality REVIEWED data,2021-03-03,2021,Mar
4.56,1,Good quality REVIEWED data,2021-03-04,2021,Mar
4.71,1,Good quality REVIEWED data,2021-03-05,2021,Mar
4.87,1,Good quality REVIEWED data,2021-03-06,2021,Mar
4.7,1,Good quality REVIEWED data,2021-03-07,2021,Mar
4.53,1,Good quality REVIEWED data,2021-03-08,2021,Mar
4.4,1,Good quality REVIEWED data,2021-03-09,2021,Mar
4.31,1,Good quality REVIEWED data,2021-03-10,2021,Mar
4.22,1,Good quality REVIEWED data,2021-03-11,2021,Mar
4.16,1,Good quality REVIEWED data,2021-03-12,2021,Mar
4.14,1,Good quality REVIEWED data,2021-03-13,2021,Mar
4.14,1,Good quality REVIEWED data,2021-03-14,2021,Mar
4.2,1,Good quality REVIEWED data,2021-03-15,2021,Mar
4.17,1,Good quality REVIEWED data,2021-03-16,2021,Mar
4.14,1,Good quality REVIEWED data,2021-03-17,2021,Mar
4.14,1,Good quality REVIEWED data,2021-03-18,2021,Mar
4.26,1,Good quality REVIEWED data,2021-03-19,2021,Mar
4.31,1,Good quality REVIEWED data,2021-03-20,2021,Mar
4.25,1,Good quality REVIEWED data,2021-03-21,2021,Mar
4.23,1,Good quality REVIEWED data,2021-03-22,2021,Mar
4.17,1,Good quality REVIEWED data,2021-03-23,2021,Mar
4.14,1,Good quality REVIEWED data,2021-03-24,2021,Mar
4.31,1,Good quality REVIEWED data,2021-03-25,2021,Mar
4.32,1,Good quality REVIEWED data,2021-03-26,2021,Mar
4.28,1,Good quality REVIEWED data,2021-03-27,2021,Mar
4.28,1,Good quality REVIEWED data,2021-03-28,2021,Mar
4.39,1,Good quality REVIEWED data,2021-03-29,2021,Mar
4.33,1,Good quality REVIEWED data,2021-03-30,2021,Mar
4.25,1,Good quality REVIEWED data,2021-03-31,2021,Mar
4.21,1,Good quality REVIEWED data,2021-04-01,2021,Apr
4.24,1,Good quality REVIEWED data,2021-04-02,2021,Apr
4.29,1,Good quality REVIEWED data,2021-04-03,2021,Apr
4.35,1,Good quality REVIEWED data,2021-04-04,2021,Apr
4.41,1,Good quality REVIEWED data,2021-04-05,2021,Apr
4.35,1,Good quality REVIEWED data,2021-04-06,2021,Apr
4.29,1,Good quality REVIEWED data,2021-04-07,2021,Apr
4.26,1,Good quality REVIEWED data,2021-04-08,2021,Apr
4.2,1,Good quality REVIEWED data,2021-04-09,2021,Apr
4.16,1,Good quality REVIEWED data,2021-04-10,2021,Apr
4.09,1,Good quality REVIEWED data,2021-04-11,2021,Apr
4.04,1,Good quality REVIEWED data,2021-04-12,2021,Apr
4,1,Good quality REVIEWED data,2021-04-13,2021,Apr
3.97,1,Good quality REVIEWED data,2021-04-14,2021,Apr
3.97,1,Good quality REVIEWED data,2021-04-15,2021,Apr
3.98,1,Good quality REVIEWED data,2021-04-16,2021,Apr
4.02,1,Good quality REVIEWED data,2021-04-17,2021,Apr
4.08,1,Good quality REVIEWED data,2021-04-18,2021,Apr
4.17,1,Good quality REVIEWED data,2021-04-19,2021,Apr
4.19,1,Good quality REVIEWED data,2021-04-20,2021,Apr
4.16,1,Good quality REVIEWED data,2021-04-21,2021,Apr
4.13,1,Good quality REVIEWED data,2021-04-22,2021,Apr
4.13,1,Good quality REVIEWED data,2021-04-23,2021,Apr
4.14,1,Good quality REVIEWED data,2021-04-24,2021,Apr
4.14,1,Good quality REVIEWED data,2021-04-25,2021,Apr
4.09,1,Good quality REVIEWED data,2021-04-26,2021,Apr
4.05,1,Good quality REVIEWED data,2021-04-27,2021,Apr
4.02,1,Good quality REVIEWED data,2021-04-28,2021,Apr
4.03,1,Good quality REVIEWED data,2021-04-29,2021,Apr
4.12,1,Good quality REVIEWED data,2021-04-30,2021,Apr
4.18,1,Good quality REVIEWED data,2021-05-01,2021,May
4.19,1,Good quality REVIEWED data,2021-05-02,2021,May
4.12,1,Good quality REVIEWED data,2021-05-03,2021,May
4.07,1,Good quality REVIEWED data,2021-05-04,2021,May
4.03,1,Good quality REVIEWED data,2021-05-05,2021,May
4.01,1,Good quality REVIEWED data,2021-05-06,2021,May
4.04,1,Good quality REVIEWED data,2021-05-07,2021,May
4,1,Good quality REVIEWED data,2021-05-08,2021,May
3.94,1,Good quality REVIEWED data,2021-05-09,2021,May
3.9,1,Good quality REVIEWED data,2021-05-10,2021,May
3.86,1,Good quality REVIEWED data,2021-05-11,2021,May
3.84,1,Good quality REVIEWED data,2021-05-12,2021,May
3.84,1,Good quality REVIEWED data,2021-05-13,2021,May
3.85,1,Good quality REVIEWED data,2021-05-14,2021,May
3.86,1,Good quality REVIEWED data,2021-05-15,2021,May
3.87,1,Good quality REVIEWED data,2021-05-16,2021,May
3.87,1,Good quality REVIEWED data,2021-05-17,2021,May
3.87,1,Good quality REVIEWED data,2021-05-18,2021,May
3.84,1,Good quality REVIEWED data,2021-05-19,2021,May
3.8,1,Good quality REVIEWED data,2021-05-20,2021,May
3.76,1,Good quality REVIEWED data,2021-05-21,2021,May
3.72,1,Good quality REVIEWED data,2021-05-22,2021,May
3.7,1,Good quality REVIEWED data,2021-05-23,2021,May
3.67,1,Good quality REVIEWED data,2021-05-24,2021,May
3.67,1,Good quality REVIEWED data,2021-05-25,2021,May
3.7,1,Good quality REVIEWED data,2021-05-26,2021,May
3.65,1,Good quality REVIEWED data,2021-05-27,2021,May
3.65,1,Good quality REVIEWED data,2021-05-28,2021,May
3.62,1,Good quality REVIEWED data,2021-05-29,2021,May
3.59,1,Good quality REVIEWED data,2021-05-30,2021,May
3.57,1,Good quality REVIEWED data,2021-05-31,2021,May
3.55,1,Good quality REVIEWED data,2021-06-01,2021,Jun
3.54,1,Good quality REVIEWED data,2021-06-02,2021,Jun
3.53,1,Good quality REVIEWED data,2021-06-03,2021,Jun
3.51,1,Good quality REVIEWED data,2021-06-04,2021,Jun
3.49,1,Good quality REVIEWED data,2021-06-05,2021,Jun
3.49,1,Good quality REVIEWED data,2021-06-06,2021,Jun
3.49,1,Good quality REVIEWED data,2021-06-07,2021,Jun
3.47,1,Good quality REVIEWED data,2021-06-08,2021,Jun
3.44,1,Good quality REVIEWED data,2021-06-09,2021,Jun
3.43,1,Good quality REVIEWED data,2021-06-10,2021,Jun
3.41,1,Good quality REVIEWED data,2021-06-11,2021,Jun
3.42,1,Good quality REVIEWED data,2021-06-12,2021,Jun
3.39,1,Good quality REVIEWED data,2021-06-13,2021,Jun
3.36,1,Good quality REVIEWED data,2021-06-14,2021,Jun
3.44,1,Good quality REVIEWED data,2021-06-15,2021,Jun
3.46,1,Good quality REVIEWED data,2021-06-16,2021,Jun
3.39,1,Good quality REVIEWED data,2021-06-17,2021,Jun
3.35,1,Good quality REVIEWED data,2021-06-18,2021,Jun
3.32,1,Good quality REVIEWED data,2021-06-19,2021,Jun
3.31,1,Good quality REVIEWED data,2021-06-20,2021,Jun
3.29,1,Good quality REVIEWED data,2021-06-21,2021,Jun
3.26,1,Good quality REVIEWED data,2021-06-22,2021,Jun
3.24,1,Good quality REVIEWED data,2021-06-23,2021,Jun
3.23,1,Good quality REVIEWED data,2021-06-24,2021,Jun
3.22,1,Good quality REVIEWED data,2021-06-25,2021,Jun
3.21,1,Good quality REVIEWED data,2021-06-26,2021,Jun
3.2,1,Good quality REVIEWED data,2021-06-27,2021,Jun
3.17,1,Good quality REVIEWED data,2021-06-28,2021,Jun
3.15,1,Good quality REVIEWED data,2021-06-29,2021,Jun
3.15,1,Good quality REVIEWED data,2021-06-30,2021,Jun
3.14,1,Good quality REVIEWED data,2021-07-01,2021,Jul
3.14,1,Good quality REVIEWED data,2021-07-02,2021,Jul
3.14,1,Good quality REVIEWED data,2021-07-03,2021,Jul
3.13,1,Good quality REVIEWED data,2021-07-04,2021,Jul
3.12,1,Good quality REVIEWED data,2021-07-05,2021,Jul
3.09,1,Good quality REVIEWED data,2021-07-06,2021,Jul
3.09,1,Good quality REVIEWED data,2021-07-07,2021,Jul
3.09,1,Good quality REVIEWED data,2021-07-08,2021,Jul
3.1,1,Good quality REVIEWED data,2021-07-09,2021,Jul
3.1,1,Good quality REVIEWED data,2021-07-10,2021,Jul
3.1,1,Good quality REVIEWED data,2021-07-11,2021,Jul
3.1,1,Good quality REVIEWED data,2021-07-12,2021,Jul
3.09,1,Good quality REVIEWED data,2021-07-13,2021,Jul
3.09,1,Good quality REVIEWED data,2021-07-14,2021,Jul
3.07,1,Good quality REVIEWED data,2021-07-15,2021,Jul
3.07,1,Good quality REVIEWED data,2021-07-16,2021,Jul
3.07,1,Good quality REVIEWED data,2021-07-17,2021,Jul
3.07,1,Good quality REVIEWED data,2021-07-18,2021,Jul
3.08,1,Good quality REVIEWED data,2021-07-19,2021,Jul
3.08,1,Good quality REVIEWED data,2021-07-20,2021,Jul
3.08,1,Good quality REVIEWED data,2021-07-21,2021,Jul
3.08,1,Good quality REVIEWED data,2021-07-22,2021,Jul
3.09,1,Good quality REVIEWED data,2021-07-23,2021,Jul
3.07,1,Good quality REVIEWED data,2021-07-24,2021,Jul
3.05,1,Good quality REVIEWED data,2021-07-25,2021,Jul
3.06,1,Good quality REVIEWED data,2021-07-26,2021,Jul
3.08,1,Good quality REVIEWED data,2021-07-27,2021,Jul
3.09,1,Good quality REVIEWED data,2021-07-28,2021,Jul
3.06,1,Good quality REVIEWED data,2021-07-29,2021,Jul
3.05,1,Good quality REVIEWED data,2021-07-30,2021,Jul
3.04,1,Good quality REVIEWED data,2021-07-31,2021,Jul
3.07,1,Good quality REVIEWED data,2021-08-01,2021,Aug
3.13,1,Good quality REVIEWED data,2021-08-02,2021,Aug
3.08,1,Good quality REVIEWED data,2021-08-03,2021,Aug
3.05,1,Good quality REVIEWED data,2021-08-04,2021,Aug
3.06,1,Good quality REVIEWED data,2021-08-05,2021,Aug
3.09,1,Good quality REVIEWED data,2021-08-06,2021,Aug
3.08,1,Good quality REVIEWED data,2021-08-07,2021,Aug
3.08,1,Good quality REVIEWED data,2021-08-08,2021,Aug
3.1,1,Good quality REVIEWED data,2021-08-09,2021,Aug
3.08,1,Good quality REVIEWED data,2021-08-10,2021,Aug
3.06,1,Good quality REVIEWED data,2021-08-11,2021,Aug
3.05,1,Good quality REVIEWED data,2021-08-12,2021,Aug
3.04,1,Good quality REVIEWED data,2021-08-13,2021,Aug
3.06,1,Good quality REVIEWED data,2021-08-14,2021,Aug
3.06,1,Good quality REVIEWED data,2021-08-15,2021,Aug
3.05,1,Good quality REVIEWED data,2021-08-16,2021,Aug
3.04,1,Good quality REVIEWED data,2021-08-17,2021,Aug
3.07,1,Good quality REVIEWED data,2021-08-18,2021,Aug
3.09,1,Good quality REVIEWED data,2021-08-19,2021,Aug
3.09,1,Good quality REVIEWED data,2021-08-20,2021,Aug
3.14,1,Good quality REVIEWED data,2021-08-21,2021,Aug
3.17,1,Good quality REVIEWED data,2021-08-22,2021,Aug
3.13,1,Good quality REVIEWED data,2021-08-23,2021,Aug
3.13,1,Good quality REVIEWED data,2021-08-24,2021,Aug
3.11,1,Good quality REVIEWED data,2021-08-25,2021,Aug
3.11,1,Good quality REVIEWED data,2021-08-26,2021,Aug
3.1,1,Good quality REVIEWED data,2021-08-27,2021,Aug
3.11,1,Good quality REVIEWED data,2021-08-28,2021,Aug
3.1,1,Good quality REVIEWED data,2021-08-29,2021,Aug
3.08,1,Good quality REVIEWED data,2021-08-30,2021,Aug
3.07,1,Good quality REVIEWED data,2021-08-31,2021,Aug
3.1,1,Good quality REVIEWED data,2021-09-01,2021,Sep
3.1,1,Good quality REVIEWED data,2021-09-02,2021,Sep
3.08,1,Good quality REVIEWED data,2021-09-03,2021,Sep
3.08,1,Good quality REVIEWED data,2021-09-04,2021,Sep
3.08,1,Good quality REVIEWED data,2021-09-05,2021,Sep
3.07,1,Good quality REVIEWED data,2021-09-06,2021,Sep
3.07,1,Good quality REVIEWED data,2021-09-07,2021,Sep
3.06,1,Good quality REVIEWED data,2021-09-08,2021,Sep
3.07,1,Good quality REVIEWED data,2021-09-09,2021,Sep
3.1,1,Good quality REVIEWED data,2021-09-10,2021,Sep
3.16,1,Good quality REVIEWED data,2021-09-11,2021,Sep
3.14,1,Good quality REVIEWED data,2021-09-12,2021,Sep
3.13,1,Good quality REVIEWED data,2021-09-13,2021,Sep
3.13,1,Good quality REVIEWED data,2021-09-14,2021,Sep
3.12,1,Good quality REVIEWED data,2021-09-15,2021,Sep
3.12,1,Good quality REVIEWED data,2021-09-16,2021,Sep
3.13,1,Good quality REVIEWED data,2021-09-17,2021,Sep
3.15,1,Good quality REVIEWED data,2021-09-18,2021,Sep
3.24,1,Good quality REVIEWED data,2021-09-19,2021,Sep
3.22,1,Good quality REVIEWED data,2021-09-20,2021,Sep
3.17,1,Good quality REVIEWED data,2021-09-21,2021,Sep
3.15,1,Good quality REVIEWED data,2021-09-22,2021,Sep
3.14,1,Good quality REVIEWED data,2021-09-23,2021,Sep
3.15,1,Good quality REVIEWED data,2021-09-24,2021,Sep
3.14,1,Good quality REVIEWED data,2021-09-25,2021,Sep
3.14,1,Good quality REVIEWED data,2021-09-26,2021,Sep
3.16,1,Good quality REVIEWED data,2021-09-27,2021,Sep
3.25,1,Good quality REVIEWED data,2021-09-28,2021,Sep
3.23,1,Good quality REVIEWED data,2021-09-29,2021,Sep
3.21,1,Good quality REVIEWED data,2021-09-30,2021,Sep
3.19,1,Good quality REVIEWED data,2021-10-01,2021,Oct
3.19,1,Good quality REVIEWED data,2021-10-01,2021,Oct
3.2,1,Good quality REVIEWED data,2021-10-02,2021,Oct
3.19,1,Good quality REVIEWED data,2021-10-03,2021,Oct
3.18,1,Good quality REVIEWED data,2021-10-04,2021,Oct
3.17,1,Good quality REVIEWED data,2021-10-05,2021,Oct
3.18,1,Good quality REVIEWED data,2021-10-06,2021,Oct
3.2,1,Good quality REVIEWED data,2021-10-07,2021,Oct
3.21,1,Good quality REVIEWED data,2021-10-08,2021,Oct
3.22,1,Good quality REVIEWED data,2021-10-09,2021,Oct
3.21,1,Good quality REVIEWED data,2021-10-10,2021,Oct
3.22,1,Good quality REVIEWED data,2021-10-11,2021,Oct
3.23,1,Good quality REVIEWED data,2021-10-12,2021,Oct
3.25,1,Good quality REVIEWED data,2021-10-13,2021,Oct
3.26,1,Good quality REVIEWED data,2021-10-14,2021,Oct
3.26,1,Good quality REVIEWED data,2021-10-15,2021,Oct
3.25,1,Good quality REVIEWED data,2021-10-16,2021,Oct
3.23,1,Good quality REVIEWED data,2021-10-17,2021,Oct
3.23,1,Good quality REVIEWED data,2021-10-18,2021,Oct
3.23,1,Good quality REVIEWED data,2021-10-19,2021,Oct
3.25,1,Good quality REVIEWED data,2021-10-20,2021,Oct
3.25,1,Good quality REVIEWED data,2021-10-21,2021,Oct
3.26,1,Good quality REVIEWED data,2021-10-22,2021,Oct
3.31,1,Good quality REVIEWED data,2021-10-23,2021,Oct
3.3,1,Good quality REVIEWED data,2021-10-24,2021,Oct
3.38,1,Good quality REVIEWED data,2021-10-25,2021,Oct
3.34,1,Good quality REVIEWED data,2021-10-26,2021,Oct
3.33,1,Good quality REVIEWED data,2021-10-27,2021,Oct
3.32,1,Good quality REVIEWED data,2021-10-28,2021,Oct
3.41,1,Good quality REVIEWED data,2021-10-29,2021,Oct
3.54,1,Good quality REVIEWED data,2021-10-30,2021,Oct
3.4,1,Good quality REVIEWED data,2021-10-31,2021,Oct
3.35,1,Good quality REVIEWED data,2021-11-01,2021,Nov
3.33,1,Good quality REVIEWED data,2021-11-02,2021,Nov
3.32,1,Good quality REVIEWED data,2021-11-03,2021,Nov
3.33,1,Good quality REVIEWED data,2021-11-04,2021,Nov
3.43,1,Good quality REVIEWED data,2021-11-05,2021,Nov
3.41,1,Good quality REVIEWED data,2021-11-06,2021,Nov
3.4,1,Good quality REVIEWED data,2021-11-07,2021,Nov
3.37,1,Good quality REVIEWED data,2021-11-08,2021,Nov
3.39,1,Good quality REVIEWED data,2021-11-09,2021,Nov
3.48,1,Good quality REVIEWED data,2021-11-10,2021,Nov
3.45,1,Good quality REVIEWED data,2021-11-11,2021,Nov
3.71,1,Good quality REVIEWED data,2021-11-12,2021,Nov
4.01,1,Good quality REVIEWED data,2021-11-13,2021,Nov
3.75,1,Good quality REVIEWED data,2021-11-14,2021,Nov
3.63,1,Good quality REVIEWED data,2021-11-15,2021,Nov
3.56,1,Good quality REVIEWED data,2021-11-16,2021,Nov
3.51,1,Good quality REVIEWED data,2021-11-17,2021,Nov
3.48,1,Good quality REVIEWED data,2021-11-18,2021,Nov
3.51,1,Good quality REVIEWED data,2021-11-19,2021,Nov
3.56,1,Good quality REVIEWED data,2021-11-20,2021,Nov
3.51,1,Good quality REVIEWED data,2021-11-21,2021,Nov
3.49,1,Good quality REVIEWED data,2021-11-22,2021,Nov
3.5,1,Good quality REVIEWED data,2021-11-23,2021,Nov
3.54,1,Good quality REVIEWED data,2021-11-24,2021,Nov
3.51,1,Good quality REVIEWED data,2021-11-25,2021,Nov
3.5,1,Good quality REVIEWED data,2021-11-26,2021,Nov
3.5,1,Good quality REVIEWED data,2021-11-27,2021,Nov
3.5,1,Good quality REVIEWED data,2021-11-28,2021,Nov
3.51,1,Good quality REVIEWED data,2021-11-29,2021,Nov
3.53,1,Good quality REVIEWED data,2021-11-30,2021,Nov
3.51,1,Good quality REVIEWED data,2021-12-01,2021,Dec
3.49,1,Good quality REVIEWED data,2021-12-02,2021,Dec
3.47,1,Good quality REVIEWED data,2021-12-03,2021,Dec
3.46,1,Good quality REVIEWED data,2021-12-04,2021,Dec
3.51,1,Good quality REVIEWED data,2021-12-05,2021,Dec
3.51,1,Good quality REVIEWED data,2021-12-06,2021,Dec
3.55,1,Good quality REVIEWED data,2021-12-07,2021,Dec
3.6,1,Good quality REVIEWED data,2021-12-08,2021,Dec
3.62,1,Good quality REVIEWED data,2021-12-09,2021,Dec
3.62,1,Good quality REVIEWED data,2021-12-10,2021,Dec
3.61,1,Good quality REVIEWED data,2021-12-11,2021,Dec
3.82,1,Good quality REVIEWED data,2021-12-12,2021,Dec
3.9,1,Good quality REVIEWED data,2021-12-13,2021,Dec
3.99,1,Good quality REVIEWED data,2021-12-14,2021,Dec
3.93,1,Good quality REVIEWED data,2021-12-15,2021,Dec
3.85,1,Good quality REVIEWED data,2021-12-16,2021,Dec
3.78,1,Good quality REVIEWED data,2021-12-17,2021,Dec
3.72,1,Good quality REVIEWED data,2021-12-18,2021,Dec
3.81,1,Good quality REVIEWED data,2021-12-19,2021,Dec
3.85,1,Good quality REVIEWED data,2021-12-20,2021,Dec
3.84,1,Good quality REVIEWED data,2021-12-21,2021,Dec
3.84,1,Good quality REVIEWED data,2021-12-22,2021,Dec
3.97,1,Good quality REVIEWED data,2021-12-23,2021,Dec
4.06,1,Good quality REVIEWED data,2021-12-24,2021,Dec
4.02,1,Good quality REVIEWED data,2021-12-25,2021,Dec
3.97,1,Good quality REVIEWED data,2021-12-26,2021,Dec
3.9,1,Good quality REVIEWED data,2021-12-27,2021,Dec
3.83,1,Good quality REVIEWED data,2021-12-28,2021,Dec
3.65,50,Estimated data,2022-01-04,2022,Jan
3.65,50,Estimated data,2022-01-05,2022,Jan
3.7,50,Estimated data,2022-01-06,2022,Jan
5,50,Estimated data,2022-01-07,2022,Jan
5.17,1,Good quality REVIEWED data,2022-01-08,2022,Jan
4.67,1,Good quality REVIEWED data,2022-01-09,2022,Jan
4.42,1,Good quality REVIEWED data,2022-01-10,2022,Jan
4.28,1,Good quality REVIEWED data,2022-01-11,2022,Jan
4.47,1,Good quality REVIEWED data,2022-01-12,2022,Jan
4.74,1,Good quality REVIEWED data,2022-01-13,2022,Jan
4.61,1,Good quality REVIEWED data,2022-01-14,2022,Jan
4.48,1,Good quality REVIEWED data,2022-01-15,2022,Jan
4.35,1,Good quality REVIEWED data,2022-01-16,2022,Jan
4.25,1,Good quality REVIEWED data,2022-01-17,2022,Jan
4.18,1,Good quality REVIEWED data,2022-01-18,2022,Jan
4.18,1,Good quality REVIEWED data,2022-01-19,2022,Jan
4.62,1,Good quality REVIEWED data,2022-01-20,2022,Jan
5.42,1,Good quality REVIEWED data,2022-01-21,2022,Jan
4.89,1,Good quality REVIEWED data,2022-01-22,2022,Jan
4.6,1,Good quality REVIEWED data,2022-01-23,2022,Jan
4.43,1,Good quality REVIEWED data,2022-01-24,2022,Jan
4.29,1,Good quality REVIEWED data,2022-01-25,2022,Jan
4.19,1,Good quality REVIEWED data,2022-01-26,2022,Jan
4.09,1,Good quality REVIEWED data,2022-01-27,2022,Jan
4.02,1,Good quality REVIEWED data,2022-01-28,2022,Jan
3.96,1,Good quality REVIEWED data,2022-01-29,2022,Jan
3.91,1,Good quality REVIEWED data,2022-01-30,2022,Jan
3.92,1,Good quality REVIEWED data,2022-01-31,2022,Jan
3.86,1,Good quality REVIEWED data,2022-02-01,2022,Feb
3.82,1,Good quality REVIEWED data,2022-02-02,2022,Feb
3.8,1,Good quality REVIEWED data,2022-02-03,2022,Feb
3.77,1,Good quality REVIEWED data,2022-02-04,2022,Feb
3.76,1,Good quality REVIEWED data,2022-02-05,2022,Feb
3.75,1,Good quality REVIEWED data,2022-02-06,2022,Feb
3.74,1,Good quality REVIEWED data,2022-02-07,2022,Feb
3.77,1,Good quality REVIEWED data,2022-02-08,2022,Feb
3.79,1,Good quality REVIEWED data,2022-02-09,2022,Feb
3.86,1,Good quality REVIEWED data,2022-02-10,2022,Feb
4.03,1,Good quality REVIEWED data,2022-02-11,2022,Feb
4.06,1,Good quality REVIEWED data,2022-02-12,2022,Feb
4.02,1,Good quality REVIEWED data,2022-02-13,2022,Feb
4,1,Good quality REVIEWED data,2022-02-14,2022,Feb
4.02,1,Good quality REVIEWED data,2022-02-15,2022,Feb
3.98,1,Good quality REVIEWED data,2022-02-16,2022,Feb
3.95,1,Good quality REVIEWED data,2022-02-17,2022,Feb
3.92,1,Good quality REVIEWED data,2022-02-18,2022,Feb
3.92,1,Good quality REVIEWED data,2022-02-19,2022,Feb
3.98,1,Good quality REVIEWED data,2022-02-20,2022,Feb
4.01,1,Good quality REVIEWED data,2022-02-21,2022,Feb
3.97,1,Good quality REVIEWED data,2022-02-22,2022,Feb
3.86,1,Good quality REVIEWED data,2022-02-23,2022,Feb
3.89,1,Good quality REVIEWED data,2022-02-24,2022,Feb
3.87,1,Good quality REVIEWED data,2022-02-25,2022,Feb
3.83,1,Good quality REVIEWED data,2022-02-26,2022,Feb
3.82,1,Good quality REVIEWED data,2022-02-27,2022,Feb
4.17,1,Good quality REVIEWED data,2022-02-28,2022,Feb
5.59,1,Good quality REVIEWED data,2022-03-01,2022,Mar
5.69,1,Good quality REVIEWED data,2022-03-02,2022,Mar
5.61,1,Good quality REVIEWED data,2022-03-03,2022,Mar
5.4,1,Good quality REVIEWED data,2022-03-04,2022,Mar
5.03,1,Good quality REVIEWED data,2022-03-05,2022,Mar
4.75,1,Good quality REVIEWED data,2022-03-06,2022,Mar
4.57,1,Good quality REVIEWED data,2022-03-07,2022,Mar
4.46,1,Good quality REVIEWED data,2022-03-08,2022,Mar
4.37,1,Good quality REVIEWED data,2022-03-09,2022,Mar
4.28,1,Good quality REVIEWED data,2022-03-10,2022,Mar
4.22,1,Good quality REVIEWED data,2022-03-11,2022,Mar
4.17,1,Good quality REVIEWED data,2022-03-12,2022,Mar
4.19,1,Good quality REVIEWED data,2022-03-13,2022,Mar
4.18,1,Good quality REVIEWED data,2022-03-14,2022,Mar
4.5,1,Good quality REVIEWED data,2022-03-15,2022,Mar
4.69,1,Good quality REVIEWED data,2022-03-16,2022,Mar
4.6,1,Good quality REVIEWED data,2022-03-17,2022,Mar
4.52,1,Good quality REVIEWED data,2022-03-18,2022,Mar
4.48,1,Good quality REVIEWED data,2022-03-19,2022,Mar
4.43,1,Good quality REVIEWED data,2022-03-20,2022,Mar
4.36,1,Good quality REVIEWED data,2022-03-21,2022,Mar
4.3,1,Good quality REVIEWED data,2022-03-22,2022,Mar
4.29,1,Good quality REVIEWED data,2022-03-23,2022,Mar
4.36,1,Good quality REVIEWED data,2022-03-24,2022,Mar
4.37,1,Good quality REVIEWED data,2022-03-25,2022,Mar
4.34,1,Good quality REVIEWED data,2022-03-26,2022,Mar
4.32,1,Good quality REVIEWED data,2022-03-27,2022,Mar
4.35,1,Good quality REVIEWED data,2022-03-28,2022,Mar
4.34,1,Good quality REVIEWED data,2022-03-29,2022,Mar
4.3,1,Good quality REVIEWED data,2022-03-30,2022,Mar
4.24,1,Good quality REVIEWED data,2022-03-31,2022,Mar
4.17,1,Good quality REVIEWED data,2022-04-01,2022,Apr
4.16,1,Good quality REVIEWED data,2022-04-02,2022,Apr
4.1,1,Good quality REVIEWED data,2022-04-03,2022,Apr
4.16,1,Good quality REVIEWED data,2022-04-04,2022,Apr
4.2,1,Good quality REVIEWED data,2022-04-05,2022,Apr
4.13,1,Good quality REVIEWED data,2022-04-06,2022,Apr
4.1,1,Good quality REVIEWED data,2022-04-07,2022,Apr
4.09,1,Good quality REVIEWED data,2022-04-08,2022,Apr
4.09,1,Good quality REVIEWED data,2022-04-09,2022,Apr
4.1,1,Good quality REVIEWED data,2022-04-10,2022,Apr
4.09,1,Good quality REVIEWED data,2022-04-11,2022,Apr
4.09,1,Good quality REVIEWED data,2022-04-12,2022,Apr
4.06,1,Good quality REVIEWED data,2022-04-13,2022,Apr
4.07,1,Good quality REVIEWED data,2022-04-14,2022,Apr
4.07,1,Good quality REVIEWED data,2022-04-15,2022,Apr
4.11,1,Good quality REVIEWED data,2022-04-16,2022,Apr
4.11,1,Good quality REVIEWED data,2022-04-17,2022,Apr
4.27,1,Good quality REVIEWED data,2022-04-18,2022,Apr
5.09,1,Good quality REVIEWED data,2022-04-19,2022,Apr
5.17,1,Good quality REVIEWED data,2022-04-20,2022,Apr
5.25,1,Good quality REVIEWED data,2022-04-21,2022,Apr
5.1,1,Good quality REVIEWED data,2022-04-22,2022,Apr
4.88,1,Good quality REVIEWED data,2022-04-23,2022,Apr
4.73,1,Good quality REVIEWED data,2022-04-24,2022,Apr
4.63,1,Good quality REVIEWED data,2022-04-25,2022,Apr
4.62,1,Good quality REVIEWED data,2022-04-26,2022,Apr
4.52,1,Good quality REVIEWED data,2022-04-27,2022,Apr
4.42,1,Good quality REVIEWED data,2022-04-28,2022,Apr
4.33,1,Good quality REVIEWED data,2022-04-29,2022,Apr
4.35,1,Good quality REVIEWED data,2022-04-30,2022,Apr
4.79,1,Good quality REVIEWED data,2022-05-01,2022,May
4.65,1,Good quality REVIEWED data,2022-05-02,2022,May
4.57,1,Good quality REVIEWED data,2022-05-03,2022,May
4.49,1,Good quality REVIEWED data,2022-05-04,2022,May
4.51,1,Good quality REVIEWED data,2022-05-05,2022,May
5.01,1,Good quality REVIEWED data,2022-05-06,2022,May
6.47,1,Good quality REVIEWED data,2022-05-07,2022,May
6.57,1,Good quality REVIEWED data,2022-05-08,2022,May
5.7,1,Good quality REVIEWED data,2022-05-09,2022,May
5.22,1,Good quality REVIEWED data,2022-05-10,2022,May
4.91,1,Good quality REVIEWED data,2022-05-11,2022,May
4.72,1,Good quality REVIEWED data,2022-05-12,2022,May
4.76,1,Good quality REVIEWED data,2022-05-13,2022,May
4.99,1,Good quality REVIEWED data,2022-05-14,2022,May
5.17,1,Good quality REVIEWED data,2022-05-15,2022,May
5.3,1,Good quality REVIEWED data,2022-05-16,2022,May
5.12,1,Good quality REVIEWED data,2022-05-17,2022,May
4.94,1,Good quality REVIEWED data,2022-05-18,2022,May
4.76,1,Good quality REVIEWED data,2022-05-19,2022,May
4.58,1,Good quality REVIEWED data,2022-05-20,2022,May
4.45,1,Good quality REVIEWED data,2022-05-21,2022,May
4.35,1,Good quality REVIEWED data,2022-05-22,2022,May
4.27,1,Good quality REVIEWED data,2022-05-23,2022,May
4.23,1,Good quality REVIEWED data,2022-05-24,2022,May
4.19,1,Good quality REVIEWED data,2022-05-25,2022,May
4.17,1,Good quality REVIEWED data,2022-05-26,2022,May
4.2,1,Good quality REVIEWED data,2022-05-27,2022,May
4.19,1,Good quality REVIEWED data,2022-05-28,2022,May
4.42,1,Good quality REVIEWED data,2022-05-29,2022,May
4.55,1,Good quality REVIEWED data,2022-05-30,2022,May
4.46,1,Good quality REVIEWED data,2022-05-31,2022,May
4.38,1,Good quality REVIEWED data,2022-06-01,2022,Jun
4.34,1,Good quality REVIEWED data,2022-06-02,2022,Jun
4.46,1,Good quality REVIEWED data,2022-06-03,2022,Jun
4.89,1,Good quality REVIEWED data,2022-06-04,2022,Jun
5.11,1,Good quality REVIEWED data,2022-06-05,2022,Jun
5.04,1,Good quality REVIEWED data,2022-06-06,2022,Jun
4.85,1,Good quality REVIEWED data,2022-06-07,2022,Jun
4.65,1,Good quality REVIEWED data,2022-06-08,2022,Jun
4.49,1,Good quality REVIEWED data,2022-06-09,2022,Jun
4.48,1,Good quality REVIEWED data,2022-06-10,2022,Jun
4.7,1,Good quality REVIEWED data,2022-06-11,2022,Jun
4.76,1,Good quality REVIEWED data,2022-06-12,2022,Jun
6.98,1,Good quality REVIEWED data,2022-06-13,2022,Jun
6.65,1,Good quality REVIEWED data,2022-06-14,2022,Jun
5.62,1,Good quality REVIEWED data,2022-06-15,2022,Jun
5.07,1,Good quality REVIEWED data,2022-06-16,2022,Jun
4.76,1,Good quality REVIEWED data,2022-06-17,2022,Jun
4.55,1,Good quality REVIEWED data,2022-06-18,2022,Jun
4.4,1,Good quality REVIEWED data,2022-06-19,2022,Jun
4.3,1,Good quality REVIEWED data,2022-06-20,2022,Jun
4.18,1,Good quality REVIEWED data,2022-06-21,2022,Jun
4.08,1,Good quality REVIEWED data,2022-06-22,2022,Jun
4,1,Good quality REVIEWED data,2022-06-23,2022,Jun
3.93,1,Good quality REVIEWED data,2022-06-24,2022,Jun
3.87,1,Good quality REVIEWED data,2022-06-25,2022,Jun
3.81,1,Good quality REVIEWED data,2022-06-26,2022,Jun
3.76,1,Good quality REVIEWED data,2022-06-27,2022,Jun
3.71,1,Good quality REVIEWED data,2022-06-28,2022,Jun
3.67,1,Good quality REVIEWED data,2022-06-29,2022,Jun
3.64,1,Good quality REVIEWED data,2022-06-30,2022,Jun
3.61,1,Good quality REVIEWED data,2022-07-01,2022,Jul
3.59,1,Good quality REVIEWED data,2022-07-02,2022,Jul
3.61,1,Good quality REVIEWED data,2022-07-03,2022,Jul
3.61,1,Good quality REVIEWED data,2022-07-04,2022,Jul
3.57,1,Good quality REVIEWED data,2022-07-05,2022,Jul
3.55,1,Good quality REVIEWED data,2022-07-06,2022,Jul
3.52,1,Good quality REVIEWED data,2022-07-07,2022,Jul
3.51,1,Good quality REVIEWED data,2022-07-08,2022,Jul
3.48,1,Good quality REVIEWED data,2022-07-09,2022,Jul
3.45,1,Good quality REVIEWED data,2022-07-10,2022,Jul
3.43,1,Good quality REVIEWED data,2022-07-11,2022,Jul
3.41,1,Good quality REVIEWED data,2022-07-12,2022,Jul
3.39,1,Good quality REVIEWED data,2022-07-13,2022,Jul
3.38,1,Good quality REVIEWED data,2022-07-14,2022,Jul
3.36,1,Good quality REVIEWED data,2022-07-15,2022,Jul
3.34,1,Good quality REVIEWED data,2022-07-16,2022,Jul
3.33,1,Good quality REVIEWED data,2022-07-17,2022,Jul
3.32,1,Good quality REVIEWED data,2022-07-18,2022,Jul
3.32,1,Good quality REVIEWED data,2022-07-19,2022,Jul
3.3,1,Good quality REVIEWED data,2022-07-20,2022,Jul
3.28,1,Good quality REVIEWED data,2022-07-21,2022,Jul
3.27,1,Good quality REVIEWED data,2022-07-22,2022,Jul
3.28,1,Good quality REVIEWED data,2022-07-23,2022,Jul
3.27,1,Good quality REVIEWED data,2022-07-24,2022,Jul
3.26,1,Good quality REVIEWED data,2022-07-25,2022,Jul
3.25,1,Good quality REVIEWED data,2022-07-26,2022,Jul
3.24,1,Good quality REVIEWED data,2022-07-27,2022,Jul
3.23,1,Good quality REVIEWED data,2022-07-28,2022,Jul
3.21,1,Good quality REVIEWED data,2022-07-29,2022,Jul
3.2,1,Good quality REVIEWED data,2022-07-30,2022,Jul
3.19,1,Good quality REVIEWED data,2022-07-31,2022,Jul
3.19,1,Good quality REVIEWED data,2022-08-01,2022,Aug
3.2,1,Good quality REVIEWED data,2022-08-02,2022,Aug
3.18,1,Good quality REVIEWED data,2022-08-03,2022,Aug
3.17,1,Good quality REVIEWED data,2022-08-04,2022,Aug
3.18,1,Good quality REVIEWED data,2022-08-05,2022,Aug
3.18,1,Good quality REVIEWED data,2022-08-06,2022,Aug
3.18,1,Good quality REVIEWED data,2022-08-07,2022,Aug
3.17,1,Good quality REVIEWED data,2022-08-08,2022,Aug
3.16,1,Good quality REVIEWED data,2022-08-09,2022,Aug
3.2,1,Good quality REVIEWED data,2022-08-10,2022,Aug
3.33,1,Good quality REVIEWED data,2022-08-11,2022,Aug
3.23,1,Good quality REVIEWED data,2022-08-12,2022,Aug
3.19,1,Good quality REVIEWED data,2022-08-13,2022,Aug
3.19,1,Good quality REVIEWED data,2022-08-14,2022,Aug
3.17,1,Good quality REVIEWED data,2022-08-15,2022,Aug
3.16,1,Good quality REVIEWED data,2022-08-16,2022,Aug
3.15,1,Good quality REVIEWED data,2022-08-17,2022,Aug
3.14,1,Good quality REVIEWED data,2022-08-18,2022,Aug
3.14,1,Good quality REVIEWED data,2022-08-19,2022,Aug
3.15,1,Good quality REVIEWED data,2022-08-20,2022,Aug
3.14,1,Good quality REVIEWED data,2022-08-21,2022,Aug
3.14,1,Good quality REVIEWED data,2022-08-22,2022,Aug
3.14,1,Good quality REVIEWED data,2022-08-23,2022,Aug
3.13,1,Good quality REVIEWED data,2022-08-24,2022,Aug
3.12,1,Good quality REVIEWED data,2022-08-25,2022,Aug
3.12,1,Good quality REVIEWED data,2022-08-26,2022,Aug
3.11,1,Good quality REVIEWED data,2022-08-27,2022,Aug
3.13,1,Good quality REVIEWED data,2022-08-28,2022,Aug
3.13,1,Good quality REVIEWED data,2022-08-29,2022,Aug
3.12,1,Good quality REVIEWED data,2022-08-30,2022,Aug
3.1,1,Good quality REVIEWED data,2022-08-31,2022,Aug
3.08,1,Good quality REVIEWED data,2022-09-01,2022,Sep
3.09,1,Good quality REVIEWED data,2022-09-02,2022,Sep
3.09,1,Good quality REVIEWED data,2022-09-03,2022,Sep
3.1,1,Good quality REVIEWED data,2022-09-04,2022,Sep
3.1,1,Good quality REVIEWED data,2022-09-05,2022,Sep
3.11,1,Good quality REVIEWED data,2022-09-06,2022,Sep
3.11,1,Good quality REVIEWED data,2022-09-07,2022,Sep
3.11,1,Good quality REVIEWED data,2022-09-08,2022,Sep
3.12,1,Good quality REVIEWED data,2022-09-09,2022,Sep
3.13,1,Good quality REVIEWED data,2022-09-10,2022,Sep
3.13,1,Good quality REVIEWED data,2022-09-11,2022,Sep
3.13,1,Good quality REVIEWED data,2022-09-12,2022,Sep
3.15,1,Good quality REVIEWED data,2022-09-13,2022,Sep
3.17,1,Good quality REVIEWED data,2022-09-14,2022,Sep
3.17,1,Good quality REVIEWED data,2022-09-15,2022,Sep
3.18,1,Good quality REVIEWED data,2022-09-16,2022,Sep
3.17,1,Good quality REVIEWED data,2022-09-17,2022,Sep
3.19,1,Good quality REVIEWED data,2022-09-18,2022,Sep
3.21,1,Good quality REVIEWED data,2022-09-19,2022,Sep
3.18,1,Good quality REVIEWED data,2022-09-20,2022,Sep
3.17,1,Good quality REVIEWED data,2022-09-21,2022,Sep
3.18,1,Good quality REVIEWED data,2022-09-22,2022,Sep
3.18,1,Good quality REVIEWED data,2022-09-23,2022,Sep
3.17,1,Good quality REVIEWED data,2022-09-24,2022,Sep
3.17,1,Good quality REVIEWED data,2022-09-25,2022,Sep
3.16,1,Good quality REVIEWED data,2022-09-26,2022,Sep
3.15,1,Good quality REVIEWED data,2022-09-27,2022,Sep
3.14,1,Good quality REVIEWED data,2022-09-28,2022,Sep
3.17,1,Good quality REVIEWED data,2022-09-29,2022,Sep
3.23,1,Good quality REVIEWED data,2022-09-30,2022,Sep
3.22,1,Good quality REVIEWED data,2022-10-01,2022,Oct
3.22,1,Good quality REVIEWED data,2022-10-01,2022,Oct
3.2,1,Good quality REVIEWED data,2022-10-02,2022,Oct
3.19,1,Good quality REVIEWED data,2022-10-03,2022,Oct
3.17,1,Good quality REVIEWED data,2022-10-04,2022,Oct
3.16,1,Good quality REVIEWED data,2022-10-05,2022,Oct
3.16,1,Good quality REVIEWED data,2022-10-06,2022,Oct
3.16,1,Good quality REVIEWED data,2022-10-07,2022,Oct
3.17,1,Good quality REVIEWED data,2022-10-08,2022,Oct
3.16,1,Good quality REVIEWED data,2022-10-09,2022,Oct
3.16,1,Good quality REVIEWED data,2022-10-10,2022,Oct
3.16,1,Good quality REVIEWED data,2022-10-11,2022,Oct
3.16,1,Good quality REVIEWED data,2022-10-12,2022,Oct
3.16,1,Good quality REVIEWED data,2022-10-13,2022,Oct
3.15,1,Good quality REVIEWED data,2022-10-14,2022,Oct
3.16,1,Good quality REVIEWED data,2022-10-15,2022,Oct
3.16,1,Good quality REVIEWED data,2022-10-16,2022,Oct
3.16,1,Good quality REVIEWED data,2022-10-17,2022,Oct
3.17,1,Good quality REVIEWED data,2022-10-18,2022,Oct
3.17,1,Good quality REVIEWED data,2022-10-19,2022,Oct
3.18,1,Good quality REVIEWED data,2022-10-20,2022,Oct
3.18,1,Good quality REVIEWED data,2022-10-21,2022,Oct
3.38,1,Good quality REVIEWED data,2022-10-22,2022,Oct
3.33,1,Good quality REVIEWED data,2022-10-23,2022,Oct
3.28,1,Good quality REVIEWED data,2022-10-24,2022,Oct
3.33,1,Good quality REVIEWED data,2022-10-25,2022,Oct
3.33,1,Good quality REVIEWED data,2022-10-26,2022,Oct
3.32,1,Good quality REVIEWED data,2022-10-27,2022,Oct
3.27,1,Good quality REVIEWED data,2022-10-28,2022,Oct
3.26,1,Good quality REVIEWED data,2022-10-29,2022,Oct
3.26,1,Good quality REVIEWED data,2022-10-30,2022,Oct
3.3,1,Good quality REVIEWED data,2022-10-31,2022,Oct
3.55,1,Good quality REVIEWED data,2022-11-01,2022,Nov
3.55,1,Good quality REVIEWED data,2022-11-02,2022,Nov
3.44,1,Good quality REVIEWED data,2022-11-03,2022,Nov
3.6,1,Good quality REVIEWED data,2022-11-04,2022,Nov
4.49,1,Good quality REVIEWED data,2022-11-05,2022,Nov
3.98,1,Good quality REVIEWED data,2022-11-06,2022,Nov
3.81,1,Good quality REVIEWED data,2022-11-07,2022,Nov
3.7,1,Good quality REVIEWED data,2022-11-08,2022,Nov
3.64,1,Good quality REVIEWED data,2022-11-09,2022,Nov
3.58,1,Good quality REVIEWED data,2022-11-10,2022,Nov
3.54,1,Good quality REVIEWED data,2022-11-11,2022,Nov
3.51,1,Good quality REVIEWED data,2022-11-12,2022,Nov
3.48,1,Good quality REVIEWED data,2022-11-13,2022,Nov
3.45,1,Good quality REVIEWED data,2022-11-14,2022,Nov
3.43,1,Good quality REVIEWED data,2022-11-15,2022,Nov
3.41,1,Good quality REVIEWED data,2022-11-16,2022,Nov
3.4,1,Good quality REVIEWED data,2022-11-17,2022,Nov
3.38,1,Good quality REVIEWED data,2022-11-18,2022,Nov
3.37,1,Good quality REVIEWED data,2022-11-19,2022,Nov
3.36,1,Good quality REVIEWED data,2022-11-20,2022,Nov
3.36,1,Good quality REVIEWED data,2022-11-21,2022,Nov
3.36,1,Good quality REVIEWED data,2022-11-22,2022,Nov
3.44,1,Good quality REVIEWED data,2022-11-23,2022,Nov
3.4,1,Good quality REVIEWED data,2022-11-24,2022,Nov
3.38,1,Good quality REVIEWED data,2022-11-25,2022,Nov
3.42,1,Good quality REVIEWED data,2022-11-26,2022,Nov
3.43,1,Good quality REVIEWED data,2022-11-27,2022,Nov
3.46,1,Good quality REVIEWED data,2022-11-28,2022,Nov
3.45,1,Good quality REVIEWED data,2022-11-29,2022,Nov
3.46,1,Good quality REVIEWED data,2022-11-30,2022,Nov
3.6,1,Good quality REVIEWED data,2022-12-01,2022,Dec
3.56,1,Good quality REVIEWED data,2022-12-02,2022,Dec
3.53,1,Good quality REVIEWED data,2022-12-03,2022,Dec
3.52,1,Good quality REVIEWED data,2022-12-04,2022,Dec
3.52,1,Good quality REVIEWED data,2022-12-05,2022,Dec
3.5,1,Good quality REVIEWED data,2022-12-06,2022,Dec
3.49,1,Good quality REVIEWED data,2022-12-07,2022,Dec
3.47,1,Good quality REVIEWED data,2022-12-08,2022,Dec
3.49,1,Good quality REVIEWED data,2022-12-09,2022,Dec
3.53,1,Good quality REVIEWED data,2022-12-10,2022,Dec
3.65,1,Good quality REVIEWED data,2022-12-11,2022,Dec
3.68,1,Good quality REVIEWED data,2022-12-12,2022,Dec
3.67,1,Good quality REVIEWED data,2022-12-13,2022,Dec
3.66,1,Good quality REVIEWED data,2022-12-14,2022,Dec
3.62,1,Good quality REVIEWED data,2022-12-15,2022,Dec
3.59,1,Good quality REVIEWED data,2022-12-16,2022,Dec
3.56,1,Good quality REVIEWED data,2022-12-17,2022,Dec
3.55,1,Good quality REVIEWED data,2022-12-18,2022,Dec
3.52,1,Good quality REVIEWED data,2022-12-19,2022,Dec
5.06,1,Good quality REVIEWED data,2022-12-28,2022,Dec
4.54,1,Good quality REVIEWED data,2022-12-29,2022,Dec
4.31,1,Good quality REVIEWED data,2022-12-30,2022,Dec
4.2,1,Good quality REVIEWED data,2022-12-31,2022,Dec
4.08,1,Good quality REVIEWED data,2023-01-01,2023,Jan
3.98,1,Good quality REVIEWED data,2023-01-02,2023,Jan
3.9,1,Good quality REVIEWED data,2023-01-03,2023,Jan
3.82,1,Good quality REVIEWED data,2023-01-04,2023,Jan
3.77,1,Good quality REVIEWED data,2023-01-05,2023,Jan
3.72,1,Good quality REVIEWED data,2023-01-06,2023,Jan
3.67,1,Good quality REVIEWED data,2023-01-07,2023,Jan
3.66,1,Good quality REVIEWED data,2023-01-08,2023,Jan
3.71,1,Good quality REVIEWED data,2023-01-09,2023,Jan
3.76,1,Good quality REVIEWED data,2023-01-10,2023,Jan
3.75,1,Good quality REVIEWED data,2023-01-11,2023,Jan
3.75,1,Good quality REVIEWED data,2023-01-12,2023,Jan
3.97,1,Good quality REVIEWED data,2023-01-13,2023,Jan
4.04,1,Good quality REVIEWED data,2023-01-14,2023,Jan
4.03,1,Good quality REVIEWED data,2023-01-15,2023,Jan
3.95,1,Good quality REVIEWED data,2023-01-16,2023,Jan
3.87,1,Good quality REVIEWED data,2023-01-17,2023,Jan
3.8,1,Good quality REVIEWED data,2023-01-18,2023,Jan
3.76,1,Good quality REVIEWED data,2023-01-19,2023,Jan
3.69,1,Good quality REVIEWED data,2023-01-20,2023,Jan
3.64,1,Good quality REVIEWED data,2023-01-21,2023,Jan
3.64,1,Good quality REVIEWED data,2023-01-22,2023,Jan
3.59,1,Good quality REVIEWED data,2023-01-23,2023,Jan
3.57,1,Good quality REVIEWED data,2023-01-24,2023,Jan
3.55,1,Good quality REVIEWED data,2023-01-25,2023,Jan
3.53,1,Good quality REVIEWED data,2023-01-26,2023,Jan
3.6,1,Good quality REVIEWED data,2023-01-27,2023,Jan
3.65,1,Good quality REVIEWED data,2023-01-28,2023,Jan
3.6,1,Good quality REVIEWED data,2023-01-29,2023,Jan
3.6,50,Estimated data,2023-01-31,2023,Jan
3.58,1,Good quality REVIEWED data,2023-02-01,2023,Feb
3.55,1,Good quality REVIEWED data,2023-02-02,2023,Feb
3.53,1,Good quality REVIEWED data,2023-02-03,2023,Feb
3.53,1,Good quality REVIEWED data,2023-02-04,2023,Feb
3.62,1,Good quality REVIEWED data,2023-02-05,2023,Feb
3.92,1,Good quality REVIEWED data,2023-02-06,2023,Feb
3.94,1,Good quality REVIEWED data,2023-02-07,2023,Feb
4.18,1,Good quality REVIEWED data,2023-02-08,2023,Feb
4.07,1,Good quality REVIEWED data,2023-02-09,2023,Feb
4,1,Good quality REVIEWED data,2023-02-10,2023,Feb
3.92,1,Good quality REVIEWED data,2023-02-11,2023,Feb
3.86,1,Good quality REVIEWED data,2023-02-12,2023,Feb
3.83,1,Good quality REVIEWED data,2023-02-13,2023,Feb
3.82,1,Good quality REVIEWED data,2023-02-14,2023,Feb
3.77,1,Good quality REVIEWED data,2023-02-15,2023,Feb
3.73,1,Good quality REVIEWED data,2023-02-16,2023,Feb
3.72,1,Good quality REVIEWED data,2023-02-17,2023,Feb
3.71,1,Good quality REVIEWED data,2023-02-18,2023,Feb
3.71,1,Good quality REVIEWED data,2023-02-19,2023,Feb
3.74,1,Good quality REVIEWED data,2023-02-20,2023,Feb
3.85,1,Good quality REVIEWED data,2023-02-21,2023,Feb
3.85,1,Good quality REVIEWED data,2023-02-22,2023,Feb
3.81,1,Good quality REVIEWED data,2023-02-23,2023,Feb
3.75,1,Good quality REVIEWED data,2023-02-24,2023,Feb
3.71,1,Good quality REVIEWED data,2023-02-25,2023,Feb
3.74,1,Good quality REVIEWED data,2023-02-26,2023,Feb
3.71,1,Good quality REVIEWED data,2023-02-27,2023,Feb
3.69,1,Good quality REVIEWED data,2023-02-28,2023,Feb
3.66,1,Good quality REVIEWED data,2023-03-01,2023,Mar
3.64,1,Good quality REVIEWED data,2023-03-02,2023,Mar
3.63,1,Good quality REVIEWED data,2023-03-03,2023,Mar
3.61,1,Good quality REVIEWED data,2023-03-04,2023,Mar
3.62,1,Good quality REVIEWED data,2023-03-05,2023,Mar
3.61,1,Good quality REVIEWED data,2023-03-06,2023,Mar
3.6,1,Good quality REVIEWED data,2023-03-07,2023,Mar
3.59,1,Good quality REVIEWED data,2023-03-08,2023,Mar
3.59,1,Good quality REVIEWED data,2023-03-09,2023,Mar
3.65,1,Good quality REVIEWED data,2023-03-10,2023,Mar
3.65,1,Good quality REVIEWED data,2023-03-11,2023,Mar
3.64,1,Good quality REVIEWED data,2023-03-12,2023,Mar
3.76,1,Good quality REVIEWED data,2023-03-13,2023,Mar
4.21,1,Good quality REVIEWED data,2023-03-14,2023,Mar
4.16,1,Good quality REVIEWED data,2023-03-15,2023,Mar
4.09,1,Good quality REVIEWED data,2023-03-16,2023,Mar
4.02,1,Good quality REVIEWED data,2023-03-17,2023,Mar
3.98,1,Good quality REVIEWED data,2023-03-18,2023,Mar
3.96,1,Good quality REVIEWED data,2023-03-19,2023,Mar
4.03,1,Good quality REVIEWED data,2023-03-20,2023,Mar
4.32,1,Good quality REVIEWED data,2023-03-21,2023,Mar
4.31,1,Good quality REVIEWED data,2023-03-22,2023,Mar
4.24,1,Good quality REVIEWED data,2023-03-23,2023,Mar
4.19,1,Good quality REVIEWED data,2023-03-24,2023,Mar
4.12,1,Good quality REVIEWED data,2023-03-25,2023,Mar
4.05,1,Good quality REVIEWED data,2023-03-26,2023,Mar
3.98,1,Good quality REVIEWED data,2023-03-27,2023,Mar
3.94,1,Good quality REVIEWED data,2023-03-28,2023,Mar
3.91,1,Good quality REVIEWED data,2023-03-29,2023,Mar
3.9,1,Good quality REVIEWED data,2023-03-30,2023,Mar
3.9,1,Good quality REVIEWED data,2023-03-31,2023,Mar
4.06,1,Good quality REVIEWED data,2023-04-01,2023,Apr
4.12,1,Good quality REVIEWED data,2023-04-02,2023,Apr
4.1,1,Good quality REVIEWED data,2023-04-03,2023,Apr
4.05,1,Good quality REVIEWED data,2023-04-04,2023,Apr
4,1,Good quality REVIEWED data,2023-04-05,2023,Apr
3.97,1,Good quality REVIEWED data,2023-04-06,2023,Apr
3.99,1,Good quality REVIEWED data,2023-04-07,2023,Apr
4.06,1,Good quality REVIEWED data,2023-04-08,2023,Apr
4.09,1,Good quality REVIEWED data,2023-04-09,2023,Apr
4.29,1,Good quality REVIEWED data,2023-04-10,2023,Apr
4.65,1,Good quality REVIEWED data,2023-04-11,2023,Apr
4.5,1,Good quality REVIEWED data,2023-04-12,2023,Apr
4.3,1,Good quality REVIEWED data,2023-04-13,2023,Apr
4.15,1,Good quality REVIEWED data,2023-04-14,2023,Apr
4.05,1,Good quality REVIEWED data,2023-04-15,2023,Apr
4,1,Good quality REVIEWED data,2023-04-16,2023,Apr
4.07,1,Good quality REVIEWED data,2023-04-17,2023,Apr
4.11,1,Good quality REVIEWED data,2023-04-18,2023,Apr
4.05,1,Good quality REVIEWED data,2023-04-19,2023,Apr
3.99,1,Good quality REVIEWED data,2023-04-20,2023,Apr
3.97,1,Good quality REVIEWED data,2023-04-21,2023,Apr
3.93,1,Good quality REVIEWED data,2023-04-22,2023,Apr
3.93,1,Good quality REVIEWED data,2023-04-23,2023,Apr
4,1,Good quality REVIEWED data,2023-04-24,2023,Apr
4.04,1,Good quality REVIEWED data,2023-04-25,2023,Apr
4.04,1,Good quality REVIEWED data,2023-04-26,2023,Apr
4.1,1,Good quality REVIEWED data,2023-04-27,2023,Apr
4.18,1,Good quality REVIEWED data,2023-04-28,2023,Apr
4.23,1,Good quality REVIEWED data,2023-04-29,2023,Apr
4.38,1,Good quality REVIEWED data,2023-04-30,2023,Apr
4.43,1,Good quality REVIEWED data,2023-05-01,2023,May
4.32,1,Good quality REVIEWED data,2023-05-02,2023,May
4.27,1,Good quality REVIEWED data,2023-05-03,2023,May
4.3,1,Good quality REVIEWED data,2023-05-04,2023,May
4.3,1,Good quality REVIEWED data,2023-05-05,2023,May
4.2,1,Good quality REVIEWED data,2023-05-06,2023,May
4.08,1,Good quality REVIEWED data,2023-05-07,2023,May
4.02,1,Good quality REVIEWED data,2023-05-08,2023,May
4,1,Good quality REVIEWED data,2023-05-09,2023,May
3.97,1,Good quality REVIEWED data,2023-05-10,2023,May
3.95,1,Good quality REVIEWED data,2023-05-11,2023,May
3.91,1,Good quality REVIEWED data,2023-05-12,2023,May
3.9,1,Good quality REVIEWED data,2023-05-13,2023,May
3.92,1,Good quality REVIEWED data,2023-05-14,2023,May
3.93,1,Good quality REVIEWED data,2023-05-15,2023,May
3.92,1,Good quality REVIEWED data,2023-05-16,2023,May
3.9,1,Good quality REVIEWED data,2023-05-17,2023,May
3.9,1,Good quality REVIEWED data,2023-05-18,2023,May
3.86,1,Good quality REVIEWED data,2023-05-19,2023,May
3.82,1,Good quality REVIEWED data,2023-05-20,2023,May
3.81,1,Good quality REVIEWED data,2023-05-21,2023,May
3.75,1,Good quality REVIEWED data,2023-05-22,2023,May
3.68,1,Good quality REVIEWED data,2023-05-23,2023,May
3.63,1,Good quality REVIEWED data,2023-05-24,2023,May
3.58,1,Good quality REVIEWED data,2023-05-25,2023,May
3.54,1,Good quality REVIEWED data,2023-05-26,2023,May
3.54,1,Good quality REVIEWED data,2023-05-27,2023,May
3.51,1,Good quality REVIEWED data,2023-05-28,2023,May
3.47,1,Good quality REVIEWED data,2023-05-29,2023,May
3.44,1,Good quality REVIEWED data,2023-05-30,2023,May
3.41,1,Good quality REVIEWED data,2023-05-31,2023,May
3.39,1,Good quality REVIEWED data,2023-06-01,2023,Jun
3.38,1,Good quality REVIEWED data,2023-06-02,2023,Jun
3.37,1,Good quality REVIEWED data,2023-06-03,2023,Jun
3.35,1,Good quality REVIEWED data,2023-06-04,2023,Jun
3.33,1,Good quality REVIEWED data,2023-06-05,2023,Jun
3.31,1,Good quality REVIEWED data,2023-06-06,2023,Jun
3.3,1,Good quality REVIEWED data,2023-06-07,2023,Jun
3.29,1,Good quality REVIEWED data,2023-06-08,2023,Jun
3.31,1,Good quality REVIEWED data,2023-06-09,2023,Jun
3.36,1,Good quality REVIEWED data,2023-06-10,2023,Jun
3.3,1,Good quality REVIEWED data,2023-06-11,2023,Jun
3.27,1,Good quality REVIEWED data,2023-06-12,2023,Jun
3.25,1,Good quality REVIEWED data,2023-06-13,2023,Jun
3.24,1,Good quality REVIEWED data,2023-06-14,2023,Jun
3.24,1,Good quality REVIEWED data,2023-06-15,2023,Jun
3.23,1,Good quality REVIEWED data,2023-06-16,2023,Jun
3.22,1,Good quality REVIEWED data,2023-06-17,2023,Jun
3.22,1,Good quality REVIEWED data,2023-06-18,2023,Jun
3.23,1,Good quality REVIEWED data,2023-06-19,2023,Jun
3.23,1,Good quality REVIEWED data,2023-06-20,2023,Jun
3.24,1,Good quality REVIEWED data,2023-06-21,2023,Jun
3.22,1,Good quality REVIEWED data,2023-06-22,2023,Jun
3.19,1,Good quality REVIEWED data,2023-06-23,2023,Jun
3.18,1,Good quality REVIEWED data,2023-06-24,2023,Jun
3.18,1,Good quality REVIEWED data,2023-06-25,2023,Jun
3.15,1,Good quality REVIEWED data,2023-06-26,2023,Jun
3.17,1,Good quality REVIEWED data,2023-06-27,2023,Jun
3.17,1,Good quality REVIEWED data,2023-06-28,2023,Jun
3.12,1,Good quality REVIEWED data,2023-06-29,2023,Jun
3.09,1,Good quality REVIEWED data,2023-06-30,2023,Jun
3.08,1,Good quality REVIEWED data,2023-07-01,2023,Jul
3.07,1,Good quality REVIEWED data,2023-07-02,2023,Jul
3.06,1,Good quality REVIEWED data,2023-07-03,2023,Jul
3.04,1,Good quality REVIEWED data,2023-07-04,2023,Jul
3.03,1,Good quality REVIEWED data,2023-07-05,2023,Jul
3.01,1,Good quality REVIEWED data,2023-07-06,2023,Jul
3,1,Good quality REVIEWED data,2023-07-07,2023,Jul
3.02,1,Good quality REVIEWED data,2023-07-08,2023,Jul
3.01,1,Good quality REVIEWED data,2023-07-09,2023,Jul
3,1,Good quality REVIEWED data,2023-07-10,2023,Jul
2.99,1,Good quality REVIEWED data,2023-07-11,2023,Jul
2.99,1,Good quality REVIEWED data,2023-07-12,2023,Jul
2.98,1,Good quality REVIEWED data,2023-07-13,2023,Jul
2.97,1,Good quality REVIEWED data,2023-07-14,2023,Jul
2.97,1,Good quality REVIEWED data,2023-07-15,2023,Jul
2.97,1,Good quality REVIEWED data,2023-07-16,2023,Jul
2.95,1,Good quality REVIEWED data,2023-07-17,2023,Jul
2.94,1,Good quality REVIEWED data,2023-07-18,2023,Jul
2.94,1,Good quality REVIEWED data,2023-07-19,2023,Jul
2.92,1,Good quality REVIEWED data,2023-07-20,2023,Jul
2.91,1,Good quality REVIEWED data,2023-07-21,2023,Jul
2.92,1,Good quality REVIEWED data,2023-07-22,2023,Jul
2.92,1,Good quality REVIEWED data,2023-07-23,2023,Jul
2.92,1,Good quality REVIEWED data,2023-07-24,2023,Jul
2.91,1,Good quality REVIEWED data,2023-07-25,2023,Jul
2.91,1,Good quality REVIEWED data,2023-07-26,2023,Jul
2.93,1,Good quality REVIEWED data,2023-07-27,2023,Jul
2.92,1,Good quality REVIEWED data,2023-07-28,2023,Jul
2.93,1,Good quality REVIEWED data,2023-07-29,2023,Jul
2.92,1,Good quality REVIEWED data,2023-07-30,2023,Jul
2.91,1,Good quality REVIEWED data,2023-07-31,2023,Jul
2.9,1,Good quality REVIEWED data,2023-08-01,2023,Aug
2.9,1,Good quality REVIEWED data,2023-08-02,2023,Aug
2.89,1,Good quality REVIEWED data,2023-08-03,2023,Aug
2.9,1,Good quality REVIEWED data,2023-08-04,2023,Aug
2.93,1,Good quality REVIEWED data,2023-08-05,2023,Aug
2.95,1,Good quality REVIEWED data,2023-08-06,2023,Aug
2.97,1,Good quality REVIEWED data,2023-08-07,2023,Aug
3.04,1,Good quality REVIEWED data,2023-08-08,2023,Aug
2.98,1,Good quality REVIEWED data,2023-08-09,2023,Aug
2.95,1,Good quality REVIEWED data,2023-08-10,2023,Aug
2.93,1,Good quality REVIEWED data,2023-08-11,2023,Aug
2.92,1,Good quality REVIEWED data,2023-08-12,2023,Aug
2.91,1,Good quality REVIEWED data,2023-08-13,2023,Aug
2.89,1,Good quality REVIEWED data,2023-08-14,2023,Aug
2.86,1,Good quality REVIEWED data,2023-08-15,2023,Aug
2.85,1,Good quality REVIEWED data,2023-08-16,2023,Aug
2.85,1,Good quality REVIEWED data,2023-08-17,2023,Aug
2.85,1,Good quality REVIEWED data,2023-08-18,2023,Aug
2.88,1,Good quality REVIEWED data,2023-08-19,2023,Aug
2.9,1,Good quality REVIEWED data,2023-08-20,2023,Aug
2.92,1,Good quality REVIEWED data,2023-08-21,2023,Aug
2.98,1,Good quality REVIEWED data,2023-08-22,2023,Aug
3.02,1,Good quality REVIEWED data,2023-08-23,2023,Aug
2.96,1,Good quality REVIEWED data,2023-08-24,2023,Aug
2.94,1,Good quality REVIEWED data,2023-08-25,2023,Aug
2.94,1,Good quality REVIEWED data,2023-08-26,2023,Aug
2.93,1,Good quality REVIEWED data,2023-08-27,2023,Aug
2.9,1,Good quality REVIEWED data,2023-08-28,2023,Aug
2.9,1,Good quality REVIEWED data,2023-08-29,2023,Aug
2.95,1,Good quality REVIEWED data,2023-08-30,2023,Aug
2.96,1,Good quality REVIEWED data,2023-08-31,2023,Aug
2.99,1,Good quality REVIEWED data,2023-09-01,2023,Sep
2.99,1,Good quality REVIEWED data,2023-09-02,2023,Sep
2.98,1,Good quality REVIEWED data,2023-09-03,2023,Sep
2.97,1,Good quality REVIEWED data,2023-09-04,2023,Sep
2.95,1,Good quality REVIEWED data,2023-09-05,2023,Sep
2.94,1,Good quality REVIEWED data,2023-09-06,2023,Sep
2.94,1,Good quality REVIEWED data,2023-09-07,2023,Sep
2.96,1,Good quality REVIEWED data,2023-09-08,2023,Sep
2.97,1,Good quality REVIEWED data,2023-09-09,2023,Sep
2.96,1,Good quality REVIEWED data,2023-09-10,2023,Sep
2.95,1,Good quality REVIEWED data,2023-09-11,2023,Sep
2.93,1,Good quality REVIEWED data,2023-09-12,2023,Sep
2.94,1,Good quality REVIEWED data,2023-09-13,2023,Sep
2.94,1,Good quality REVIEWED data,2023-09-14,2023,Sep
2.93,1,Good quality REVIEWED data,2023-09-15,2023,Sep
2.94,1,Good quality REVIEWED data,2023-09-16,2023,Sep
2.94,1,Good quality REVIEWED data,2023-09-17,2023,Sep
2.92,1,Good quality REVIEWED data,2023-09-18,2023,Sep
2.93,1,Good quality REVIEWED data,2023-09-19,2023,Sep
2.95,1,Good quality REVIEWED data,2023-09-20,2023,Sep
3.05,1,Good quality REVIEWED data,2023-09-21,2023,Sep
3.08,1,Good quality REVIEWED data,2023-09-22,2023,Sep
3.06,1,Good quality REVIEWED data,2023-09-23,2023,Sep
3.04,1,Good quality REVIEWED data,2023-09-24,2023,Sep
3.03,1,Good quality REVIEWED data,2023-09-25,2023,Sep
3.06,1,Good quality REVIEWED data,2023-09-26,2023,Sep
3.08,1,Good quality REVIEWED data,2023-09-27,2023,Sep
3.08,1,Good quality REVIEWED data,2023-09-28,2023,Sep
3.06,2,Good quality provisional data,2023-09-29,2023,Sep
3.09,2,Good quality provisional data,2023-09-30,2023,Sep
3.08,2,Good quality provisional data,2023-10-01,2023,Oct
3.08,2,Good quality provisional data,2023-10-01,2023,Oct
3.07,2,Good quality provisional data,2023-10-02,2023,Oct
3.17,2,Good quality provisional data,2023-10-03,2023,Oct
3.16,2,Good quality provisional data,2023-10-04,2023,Oct
3.1,2,Good quality provisional data,2023-10-05,2023,Oct
3.08,2,Good quality provisional data,2023-10-06,2023,Oct
3.08,2,Good quality provisional data,2023-10-07,2023,Oct
3.07,2,Good quality provisional data,2023-10-08,2023,Oct
3.07,2,Good quality provisional data,2023-10-09,2023,Oct
3.08,2,Good quality provisional data,2023-10-10,2023,Oct
3.16,2,Good quality provisional data,2023-10-11,2023,Oct
3.15,2,Good quality provisional data,2023-10-12,2023,Oct
3.13,2,Good quality provisional data,2023-10-13,2023,Oct
3.11,2,Good quality provisional data,2023-10-14,2023,Oct
3.1,2,Good quality provisional data,2023-10-15,2023,Oct
3.11,2,Good quality provisional data,2023-10-16,2023,Oct
3.12,2,Good quality provisional data,2023-10-17,2023,Oct
3.11,2,Good quality provisional data,2023-10-18,2023,Oct
3.11,2,Good quality provisional data,2023-10-19,2023,Oct
3.1,2,Good quality provisional data,2023-10-20,2023,Oct
3.1,2,Good quality provisional data,2023-10-21,2023,Oct
3.11,2,Good quality provisional data,2023-10-22,2023,Oct
3.12,2,Good quality provisional data,2023-10-23,2023,Oct
3.12,2,Good quality provisional data,2023-10-24,2023,Oct
3.2,2,Good quality provisional data,2023-10-25,2023,Oct
3.2,2,Good quality provisional data,2023-10-26,2023,Oct
3.18,2,Good quality provisional data,2023-10-27,2023,Oct
3.16,2,Good quality provisional data,2023-10-28,2023,Oct
3.15,2,Good quality provisional data,2023-10-29,2023,Oct
3.15,2,Good quality provisional data,2023-10-30,2023,Oct
3.15,2,Good quality provisional data,2023-10-31,2023,Oct
3.15,2,Good quality provisional data,2023-11-01,2023,Nov
3.21,2,Good quality provisional data,2023-11-02,2023,Nov
3.26,2,Good quality provisional data,2023-11-03,2023,Nov
3.27,2,Good quality provisional data,2023-11-04,2023,Nov
3.64,2,Good quality provisional data,2023-11-05,2023,Nov
3.44,2,Good quality provisional data,2023-11-06,2023,Nov
3.5,2,Good quality provisional data,2023-11-07,2023,Nov
3.65,2,Good quality provisional data,2023-11-08,2023,Nov
3.46,2,Good quality provisional data,2023-11-09,2023,Nov
3.38,2,Good quality provisional data,2023-11-10,2023,Nov
3.34,2,Good quality provisional data,2023-11-11,2023,Nov
3.31,2,Good quality provisional data,2023-11-12,2023,Nov
3.3,2,Good quality provisional data,2023-11-13,2023,Nov
3.29,2,Good quality provisional data,2023-11-14,2023,Nov
3.27,2,Good quality provisional data,2023-11-15,2023,Nov
3.33,2,Good quality provisional data,2023-11-16,2023,Nov
3.32,2,Good quality provisional data,2023-11-17,2023,Nov
3.31,2,Good quality provisional data,2023-11-18,2023,Nov
3.33,2,Good quality provisional data,2023-11-19,2023,Nov
3.35,2,Good quality provisional data,2023-11-20,2023,Nov
3.33,2,Good quality provisional data,2023-11-21,2023,Nov
3.32,2,Good quality provisional data,2023-11-22,2023,Nov
3.32,2,Good quality provisional data,2023-11-23,2023,Nov
3.31,2,Good quality provisional data,2023-11-24,2023,Nov
3.29,2,Good quality provisional data,2023-11-25,2023,Nov
3.27,2,Good quality provisional data,2023-11-26,2023,Nov
3.26,2,Good quality provisional data,2023-11-27,2023,Nov
3.25,2,Good quality provisional data,2023-11-28,2023,Nov
3.24,2,Good quality provisional data,2023-11-29,2023,Nov
3.23,2,Good quality provisional data,2023-11-30,2023,Nov
3.25,2,Good quality provisional data,2023-12-01,2023,Dec
3.3,2,Good quality provisional data,2023-12-02,2023,Dec
3.39,2,Good quality provisional data,2023-12-03,2023,Dec
3.77,2,Good quality provisional data,2023-12-04,2023,Dec
3.83,2,Good quality provisional data,2023-12-05,2023,Dec
3.78,2,Good quality provisional data,2023-12-06,2023,Dec
3.82,2,Good quality provisional data,2023-12-07,2023,Dec
3.85,2,Good quality provisional data,2023-12-08,2023,Dec
3.76,2,Good quality provisional data,2023-12-09,2023,Dec
4.01,2,Good quality provisional data,2023-12-10,2023,Dec
4.4,2,Good quality provisional data,2023-12-11,2023,Dec
4.24,2,Good quality provisional data,2023-12-12,2023,Dec
4.05,2,Good quality provisional data,2023-12-13,2023,Dec
3.91,2,Good quality provisional data,2023-12-14,2023,Dec
3.79,2,Good quality provisional data,2023-12-15,2023,Dec
3.71,2,Good quality provisional data,2023-12-16,2023,Dec
3.64,2,Good quality provisional data,2023-12-17,2023,Dec
3.59,2,Good quality provisional data,2023-12-18,2023,Dec
3.57,2,Good quality provisional data,2023-12-19,2023,Dec
3.54,2,Good quality provisional data,2023-12-20,2023,Dec
3.51,2,Good quality provisional data,2023-12-21,2023,Dec
3.5,2,Good quality provisional data,2023-12-22,2023,Dec
3.53,2,Good quality provisional data,2023-12-23,2023,Dec
3.48,2,Good quality provisional data,2023-12-24,2023,Dec
3.45,2,Good quality provisional data,2023-12-25,2023,Dec
3.45,2,Good quality provisional data,2023-12-26,2023,Dec
3.45,2,Good quality provisional data,2023-12-27,2023,Dec
3.45,2,Good quality provisional data,2023-12-28,2023,Dec
3.44,2,Good quality provisional data,2023-12-29,2023,Dec
3.44,2,Good quality provisional data,2023-12-30,2023,Dec
3.44,2,Good quality provisional data,2023-12-31,2023,Dec
3.43,2,Good quality provisional data,2024-01-01,2024,Jan
3.41,2,Good quality provisional data,2024-01-02,2024,Jan
3.41,2,Good quality provisional data,2024-01-03,2024,Jan
3.4,2,Good quality provisional data,2024-01-04,2024,Jan
3.43,2,Good quality provisional data,2024-01-05,2024,Jan
3.45,2,Good quality provisional data,2024-01-06,2024,Jan
3.46,2,Good quality provisional data,2024-01-07,2024,Jan
3.44,2,Good quality provisional data,2024-01-08,2024,Jan
3.55,2,Good quality provisional data,2024-01-09,2024,Jan
3.67,2,Good quality provisional data,2024-01-10,2024,Jan
3.66,2,Good quality provisional data,2024-01-11,2024,Jan
4.3,50,Estimated data,2024-01-23,2024,Jan
4.37,2,Good quality provisional data,2024-01-24,2024,Jan
4.44,2,Good quality provisional data,2024-01-25,2024,Jan
4.31,2,Good quality provisional data,2024-01-26,2024,Jan
4.24,2,Good quality provisional data,2024-01-27,2024,Jan
4.3,2,Good quality provisional data,2024-01-28,2024,Jan
4.3,2,Good quality provisional data,2024-01-29,2024,Jan
4.24,2,Good quality provisional data,2024-01-30,2024,Jan
4.17,2,Good quality provisional data,2024-01-31,2024,Jan
4.1,2,Good quality provisional data,2024-02-01,2024,Feb
4.04,2,Good quality provisional data,2024-02-02,2024,Feb
3.95,2,Good quality provisional data,2024-02-03,2024,Feb
3.87,2,Good quality provisional data,2024-02-04,2024,Feb
3.81,2,Good quality provisional data,2024-02-05,2024,Feb
3.77,2,Good quality provisional data,2024-02-06,2024,Feb
3.72,2,Good quality provisional data,2024-02-07,2024,Feb
3.69,2,Good quality provisional data,2024-02-08,2024,Feb
3.66,2,Good quality provisional data,2024-02-09,2024,Feb
3.63,2,Good quality provisional data,2024-02-10,2024,Feb
3.6,2,Good quality provisional data,2024-02-11,2024,Feb
3.61,2,Good quality provisional data,2024-02-12,2024,Feb
3.65,2,Good quality provisional data,2024-02-13,2024,Feb
3.64,2,Good quality provisional data,2024-02-14,2024,Feb
3.64,2,Good quality provisional data,2024-02-15,2024,Feb
3.62,2,Good quality provisional data,2024-02-16,2024,Feb
3.59,2,Good quality provisional data,2024-02-17,2024,Feb
3.59,2,Good quality provisional data,2024-02-18,2024,Feb
3.59,2,Good quality provisional data,2024-02-19,2024,Feb
3.58,2,Good quality provisional data,2024-02-20,2024,Feb
3.59,2,Good quality provisional data,2024-02-21,2024,Feb
3.58,2,Good quality provisional data,2024-02-22,2024,Feb
3.57,2,Good quality provisional data,2024-02-23,2024,Feb
3.56,2,Good quality provisional data,2024-02-24,2024,Feb
3.56,2,Good quality provisional data,2024-02-25,2024,Feb
4.35,2,Good quality provisional data,2024-02-26,2024,Feb
4.52,2,Good quality provisional data,2024-02-27,2024,Feb
4.4,2,Good quality provisional data,2024-02-28,2024,Feb
4.55,2,Good quality provisional data,2024-02-29,2024,Feb
4.57,2,Good quality provisional data,2024-03-01,2024,Mar
4.45,2,Good quality provisional data,2024-03-02,2024,Mar
4.3,2,Good quality provisional data,2024-03-03,2024,Mar
4.18,2,Good quality provisional data,2024-03-04,2024,Mar
4.07,2,Good quality provisional data,2024-03-05,2024,Mar
3.99,2,Good quality provisional data,2024-03-06,2024,Mar
3.92,2,Good quality provisional data,2024-03-07,2024,Mar
3.86,2,Good quality provisional data,2024-03-08,2024,Mar
3.83,2,Good quality provisional data,2024-03-09,2024,Mar
3.88,2,Good quality provisional data,2024-03-10,2024,Mar
4.03,2,Good quality provisional data,2024-03-11,2024,Mar
4.15,2,Good quality provisional data,2024-03-12,2024,Mar
4.24,2,Good quality provisional data,2024-03-13,2024,Mar
4.16,2,Good quality provisional data,2024-03-14,2024,Mar
4.08,2,Good quality provisional data,2024-03-15,2024,Mar
4.02,2,Good quality provisional data,2024-03-16,2024,Mar
3.99,2,Good quality provisional data,2024-03-17,2024,Mar
4.02,2,Good quality provisional data,2024-03-18,2024,Mar
4.07,2,Good quality provisional data,2024-03-19,2024,Mar
4.11,2,Good quality provisional data,2024-03-20,2024,Mar
4.08,2,Good quality provisional data,2024-03-21,2024,Mar
4.03,2,Good quality provisional data,2024-03-22,2024,Mar
4,2,Good quality provisional data,2024-03-23,2024,Mar
3.97,2,Good quality provisional data,2024-03-24,2024,Mar
3.92,2,Good quality provisional data,2024-03-25,2024,Mar
3.87,2,Good quality provisional data,2024-03-26,2024,Mar
3.85,2,Good quality provisional data,2024-03-27,2024,Mar
3.99,2,Good quality provisional data,2024-03-28,2024,Mar
3.98,2,Good quality provisional data,2024-03-29,2024,Mar
3.97,2,Good quality provisional data,2024-03-30,2024,Mar
3.94,2,Good quality provisional data,2024-03-31,2024,Mar
3.89,2,Good quality provisional data,2024-04-01,2024,Apr
3.83,2,Good quality provisional data,2024-04-02,2024,Apr
3.82,2,Good quality provisional data,2024-04-03,2024,Apr
3.83,2,Good quality provisional data,2024-04-04,2024,Apr
3.87,2,Good quality provisional data,2024-04-05,2024,Apr
3.88,2,Good quality provisional data,2024-04-06,2024,Apr
3.87,2,Good quality provisional data,2024-04-07,2024,Apr
3.85,2,Good quality provisional data,2024-04-08,2024,Apr
3.86,2,Good quality provisional data,2024-04-09,2024,Apr
3.87,2,Good quality provisional data,2024-04-10,2024,Apr
3.85,2,Good quality provisional data,2024-04-11,2024,Apr
3.85,2,Good quality provisional data,2024-04-12,2024,Apr
3.86,2,Good quality provisional data,2024-04-13,2024,Apr
3.86,2,Good quality provisional data,2024-04-14,2024,Apr
3.86,2,Good quality provisional data,2024-04-15,2024,Apr
3.81,2,Good quality provisional data,2024-04-16,2024,Apr
3.75,2,Good quality provisional data,2024-04-17,2024,Apr
3.7,2,Good quality provisional data,2024-04-18,2024,Apr
3.66,2,Good quality provisional data,2024-04-19,2024,Apr
3.63,2,Good quality provisional data,2024-04-20,2024,Apr
3.6,2,Good quality provisional data,2024-04-21,2024,Apr
3.57,2,Good quality provisional data,2024-04-22,2024,Apr
3.55,2,Good quality provisional data,2024-04-23,2024,Apr
3.53,2,Good quality provisional data,2024-04-24,2024,Apr
3.52,2,Good quality provisional data,2024-04-25,2024,Apr
3.54,2,Good quality provisional data,2024-04-26,2024,Apr
3.53,2,Good quality provisional data,2024-04-27,2024,Apr
3.51,2,Good quality provisional data,2024-04-28,2024,Apr
3.5,2,Good quality provisional data,2024-04-29,2024,Apr
3.49,2,Good quality provisional data,2024-04-30,2024,Apr
3.46,2,Good quality provisional data,2024-05-01,2024,May
3.44,2,Good quality provisional data,2024-05-02,2024,May
3.42,2,Good quality provisional data,2024-05-03,2024,May
3.41,2,Good quality provisional data,2024-05-04,2024,May
3.47,2,Good quality provisional data,2024-05-05,2024,May
3.67,2,Good quality provisional data,2024-05-06,2024,May
3.68,2,Good quality provisional data,2024-05-07,2024,May
3.63,2,Good quality provisional data,2024-05-08,2024,May
3.58,2,Good quality provisional data,2024-05-09,2024,May
3.55,2,Good quality provisional data,2024-05-10,2024,May
3.54,2,Good quality provisional data,2024-05-11,2024,May
3.55,2,Good quality provisional data,2024-05-12,2024,May
3.55,2,Good quality provisional data,2024-05-13,2024,May
3.54,2,Good quality provisional data,2024-05-14,2024,May
3.52,2,Good quality provisional data,2024-05-15,2024,May
3.5,2,Good quality provisional data,2024-05-16,2024,May
3.5,2,Good quality provisional data,2024-05-17,2024,May
3.48,2,Good quality provisional data,2024-05-18,2024,May
3.45,2,Good quality provisional data,2024-05-19,2024,May
3.4,2,Good quality provisional data,2024-05-20,2024,May
3.37,2,Good quality provisional data,2024-05-21,2024,May
3.49,2,Good quality provisional data,2024-05-22,2024,May
3.54,2,Good quality provisional data,2024-05-23,2024,May
3.47,2,Good quality provisional data,2024-05-24,2024,May
3.45,2,Good quality provisional data,2024-05-25,2024,May
3.42,2,Good quality provisional data,2024-05-26,2024,May
3.38,2,Good quality provisional data,2024-05-27,2024,May
3.36,2,Good quality provisional data,2024-05-28,2024,May
3.35,2,Good quality provisional data,2024-05-29,2024,May
3.34,2,Good quality provisional data,2024-05-30,2024,May
3.31,2,Good quality provisional data,2024-05-31,2024,May
3.3,2,Good quality provisional data,2024-06-01,2024,Jun
3.3,2,Good quality provisional data,2024-06-02,2024,Jun
3.64,2,Good quality provisional data,2024-06-03,2024,Jun
3.81,2,Good quality provisional data,2024-06-04,2024,Jun
3.7,2,Good quality provisional data,2024-06-05,2024,Jun
3.6,2,Good quality provisional data,2024-06-06,2024,Jun
3.53,2,Good quality provisional data,2024-06-07,2024,Jun
3.47,2,Good quality provisional data,2024-06-08,2024,Jun
3.42,2,Good quality provisional data,2024-06-09,2024,Jun
3.38,2,Good quality provisional data,2024-06-10,2024,Jun
3.33,2,Good quality provisional data,2024-06-11,2024,Jun
3.29,2,Good quality provisional data,2024-06-12,2024,Jun
3.27,2,Good quality provisional data,2024-06-13,2024,Jun
3.24,2,Good quality provisional data,2024-06-14,2024,Jun
3.25,2,Good quality provisional data,2024-06-15,2024,Jun
3.24,2,Good quality provisional data,2024-06-16,2024,Jun
3.22,2,Good quality provisional data,2024-06-17,2024,Jun
3.21,2,Good quality provisional data,2024-06-18,2024,Jun
3.19,2,Good quality provisional data,2024-06-19,2024,Jun
3.16,2,Good quality provisional data,2024-06-20,2024,Jun
3.13,2,Good quality provisional data,2024-06-21,2024,Jun
3.11,2,Good quality provisional data,2024-06-22,2024,Jun
3.09,2,Good quality provisional data,2024-06-23,2024,Jun
3.09,2,Good quality provisional data,2024-06-24,2024,Jun
3.06,2,Good quality provisional data,2024-06-25,2024,Jun
3.05,2,Good quality provisional data,2024-06-26,2024,Jun
3.04,2,Good quality provisional data,2024-06-27,2024,Jun
3.04,2,Good quality provisional data,2024-06-28,2024,Jun
3.06,2,Good quality provisional data,2024-06-29,2024,Jun
3.07,2,Good quality provisional data,2024-06-30,2024,Jun
3.05,2,Good quality provisional data,2024-07-01,2024,Jul
3.03,2,Good quality provisional data,2024-07-02,2024,Jul
3.01,2,Good quality provisional data,2024-07-03,2024,Jul
3,2,Good quality provisional data,2024-07-04,2024,Jul
2.98,2,Good quality provisional data,2024-07-05,2024,Jul
2.97,2,Good quality provisional data,2024-07-06,2024,Jul
2.96,2,Good quality provisional data,2024-07-07,2024,Jul
2.95,2,Good quality provisional data,2024-07-08,2024,Jul
2.92,2,Good quality provisional data,2024-07-09,2024,Jul
2.9,2,Good quality provisional data,2024-07-11,2024,Jul
2.9,2,Good quality provisional data,2024-07-12,2024,Jul
2.91,2,Good quality provisional data,2024-07-13,2024,Jul
2.92,2,Good quality provisional data,2024-07-14,2024,Jul
2.9,2,Good quality provisional data,2024-07-15,2024,Jul
2.88,2,Good quality provisional data,2024-07-16,2024,Jul
2.88,2,Good quality provisional data,2024-07-17,2024,Jul
2.89,2,Good quality provisional data,2024-07-18,2024,Jul
2.9,2,Good quality provisional data,2024-07-19,2024,Jul
2.92,2,Good quality provisional data,2024-07-20,2024,Jul
2.97,2,Good quality provisional data,2024-07-21,2024,Jul
2.96,2,Good quality provisional data,2024-07-22,2024,Jul
2.9,2,Good quality provisional data,2024-07-23,2024,Jul
2.89,2,Good quality provisional data,2024-07-24,2024,Jul
2.91,2,Good quality provisional data,2024-07-25,2024,Jul
2.92,2,Good quality provisional data,2024-07-26,2024,Jul
2.97,2,Good quality provisional data,2024-07-27,2024,Jul
2.96,2,Good quality provisional data,2024-07-28,2024,Jul
2.95,2,Good quality provisional data,2024-07-29,2024,Jul
2.93,2,Good quality provisional data,2024-07-30,2024,Jul
2.92,2,Good quality provisional data,2024-07-31,2024,Jul
2.91,2,Good quality provisional data,2024-08-01,2024,Aug
2.93,2,Good quality provisional data,2024-08-02,2024,Aug
2.93,2,Good quality provisional data,2024-08-03,2024,Aug
2.94,2,Good quality provisional data,2024-08-04,2024,Aug
2.93,2,Good quality provisional data,2024-08-05,2024,Aug
2.92,2,Good quality provisional data,2024-08-06,2024,Aug
2.9,2,Good quality provisional data,2024-08-07,2024,Aug
2.9,2,Good quality provisional data,2024-08-08,2024,Aug
2.9,2,Good quality provisional data,2024-08-09,2024,Aug
2.91,2,Good quality provisional data,2024-08-10,2024,Aug
2.89,2,Good quality provisional data,2024-08-11,2024,Aug
2.9,2,Good quality provisional data,2024-08-12,2024,Aug
2.9,2,Good quality provisional data,2024-08-13,2024,Aug
2.91,2,Good quality provisional data,2024-08-14,2024,Aug
2.91,2,Good quality provisional data,2024-08-15,2024,Aug
2.94,2,Good quality provisional data,2024-08-16,2024,Aug
2.94,2,Good quality provisional data,2024-08-17,2024,Aug
2.92,2,Good quality provisional data,2024-08-18,2024,Aug
2.91,2,Good quality provisional data,2024-08-19,2024,Aug
2.88,2,Good quality provisional data,2024-08-20,2024,Aug
2.89,2,Good quality provisional data,2024-08-21,2024,Aug
2.9,2,Good quality provisional data,2024-08-22,2024,Aug
2.91,2,Good quality provisional data,2024-08-23,2024,Aug
2.98,2,Good quality provisional data,2024-08-24,2024,Aug
2.95,2,Good quality provisional data,2024-08-25,2024,Aug
2.94,2,Good quality provisional data,2024-08-26,2024,Aug
2.9,2,Good quality provisional data,2024-08-27,2024,Aug
2.9,2,Good quality provisional data,2024-08-28,2024,Aug
2.9,2,Good quality provisional data,2024-08-29,2024,Aug
2.89,2,Good quality provisional data,2024-08-30,2024,Aug
2.88,2,Good quality provisional data,2024-08-31,2024,Aug
2.89,2,Good quality provisional data,2024-09-01,2024,Sep
2.87,2,Good quality provisional data,2024-09-02,2024,Sep
2.88,2,Good quality provisional data,2024-09-03,2024,Sep
2.89,2,Good quality provisional data,2024-09-04,2024,Sep
2.85,2,Good quality provisional data,2024-09-05,2024,Sep
2.85,2,Good quality provisional data,2024-09-06,2024,Sep
2.85,2,Good quality provisional data,2024-09-07,2024,Sep
2.87,2,Good quality provisional data,2024-09-08,2024,Sep
2.88,2,Good quality provisional data,2024-09-09,2024,Sep
2.85,2,Good quality provisional data,2024-09-10,2024,Sep
2.87,2,Good quality provisional data,2024-09-11,2024,Sep
3.04,2,Good quality provisional data,2024-09-12,2024,Sep
3.01,2,Good quality provisional data,2024-09-13,2024,Sep
2.99,2,Good quality provisional data,2024-09-14,2024,Sep
2.98,2,Good quality provisional data,2024-09-15,2024,Sep
3,2,Good quality provisional data,2024-09-16,2024,Sep
3,2,Good quality provisional data,2024-09-17,2024,Sep
3.01,2,Good quality provisional data,2024-09-18,2024,Sep
2.98,2,Good quality provisional data,2024-09-19,2024,Sep
2.96,2,Good quality provisional data,2024-09-20,2024,Sep
2.97,2,Good quality provisional data,2024-09-21,2024,Sep
2.97,2,Good quality provisional data,2024-09-22,2024,Sep
2.96,2,Good quality provisional data,2024-09-23,2024,Sep
2.94,2,Good quality provisional data,2024-09-24,2024,Sep
2.94,2,Good quality provisional data,2024-09-25,2024,Sep
2.97,2,Good quality provisional data,2024-09-26,2024,Sep
2.98,2,Good quality provisional data,2024-09-27,2024,Sep
2.97,2,Good quality provisional data,2024-09-28,2024,Sep
2.96,2,Good quality provisional data,2024-09-29,2024,Sep
2.97,2,Good quality provisional data,2024-09-30,2024,Sep
2.97,2,Good quality provisional data,2024-10-01,2024,Oct
2.97,2,Good quality provisional data,2024-10-01,2024,Oct
2.96,2,Good quality provisional data,2024-10-02,2024,Oct
2.97,2,Good quality provisional data,2024-10-03,2024,Oct
2.97,2,Good quality provisional data,2024-10-04,2024,Oct
3,2,Good quality provisional data,2024-10-05,2024,Oct
3.01,2,Good quality provisional data,2024-10-06,2024,Oct
2.99,2,Good quality provisional data,2024-10-07,2024,Oct
2.98,2,Good quality provisional data,2024-10-08,2024,Oct
2.96,2,Good quality provisional data,2024-10-09,2024,Oct
2.96,2,Good quality provisional data,2024-10-10,2024,Oct
2.98,2,Good quality provisional data,2024-10-11,2024,Oct
3,2,Good quality provisional data,2024-10-12,2024,Oct
3,2,Good quality provisional data,2024-10-13,2024,Oct
2.99,2,Good quality provisional data,2024-10-14,2024,Oct
2.98,2,Good quality provisional data,2024-10-15,2024,Oct
3.02,2,Good quality provisional data,2024-10-16,2024,Oct
3.04,2,Good quality provisional data,2024-10-17,2024,Oct
3.04,2,Good quality provisional data,2024-10-18,2024,Oct
3.04,2,Good quality provisional data,2024-10-19,2024,Oct
3.03,2,Good quality provisional data,2024-10-20,2024,Oct
3.08,2,Good quality provisional data,2024-10-21,2024,Oct
3.14,2,Good quality provisional data,2024-10-22,2024,Oct
3.09,2,Good quality provisional data,2024-10-23,2024,Oct
3.08,2,Good quality provisional data,2024-10-24,2024,Oct
3.07,2,Good quality provisional data,2024-10-25,2024,Oct
3.07,2,Good quality provisional data,2024-10-26,2024,Oct
3.07,2,Good quality provisional data,2024-10-27,2024,Oct
3.11,2,Good quality provisional data,2024-10-28,2024,Oct
3.11,2,Good quality provisional data,2024-10-29,2024,Oct
3.1,2,Good quality provisional data,2024-10-30,2024,Oct
3.12,2,Good quality provisional data,2024-10-31,2024,Oct
3.15,2,Good quality provisional data,2024-11-01,2024,Nov
3.2,2,Good quality provisional data,2024-11-02,2024,Nov
3.23,2,Good quality provisional data,2024-11-03,2024,Nov
3.17,2,Good quality provisional data,2024-11-04,2024,Nov
3.19,2,Good quality provisional data,2024-11-05,2024,Nov
3.15,2,Good quality provisional data,2024-11-06,2024,Nov
3.13,2,Good quality provisional data,2024-11-07,2024,Nov
3.12,2,Good quality provisional data,2024-11-08,2024,Nov
3.12,2,Good quality provisional data,2024-11-09,2024,Nov
3.13,2,Good quality provisional data,2024-11-10,2024,Nov
3.14,2,Good quality provisional data,2024-11-11,2024,Nov
3.14,2,Good quality provisional data,2024-11-12,2024,Nov
3.15,2,Good quality provisional data,2024-11-13,2024,Nov
3.22,2,Good quality provisional data,2024-11-14,2024,Nov
3.2,2,Good quality provisional data,2024-11-15,2024,Nov
3.17,2,Good quality provisional data,2024-11-16,2024,Nov
3.19,2,Good quality provisional data,2024-11-17,2024,Nov
3.4,2,Good quality provisional data,2024-11-18,2024,Nov
3.29,2,Good quality provisional data,2024-11-19,2024,Nov
3.26,2,Good quality provisional data,2024-11-20,2024,Nov
3.25,2,Good quality provisional data,2024-11-21,2024,Nov
3.33,2,Good quality provisional data,2024-11-22,2024,Nov
3.6,2,Good quality provisional data,2024-11-23,2024,Nov
3.52,2,Good quality provisional data,2024-11-24,2024,Nov
3.42,2,Good quality provisional data,2024-11-25,2024,Nov
3.37,2,Good quality provisional data,2024-11-26,2024,Nov
3.33,2,Good quality provisional data,2024-11-27,2024,Nov
3.29,2,Good quality provisional data,2024-11-28,2024,Nov
3.26,2,Good quality provisional data,2024-11-29,2024,Nov
3.25,2,Good quality provisional data,2024-11-30,2024,Nov
3.23,2,Good quality provisional data,2024-12-01,2024,Dec
3.21,2,Good quality provisional data,2024-12-02,2024,Dec
3.2,2,Good quality provisional data,2024-12-03,2024,Dec
3.18,2,Good quality provisional data,2024-12-04,2024,Dec
3.16,2,Good quality provisional data,2024-12-05,2024,Dec
3.15,2,Good quality provisional data,2024-12-06,2024,Dec
3.15,2,Good quality provisional data,2024-12-07,2024,Dec
3.23,2,Good quality provisional data,2024-12-08,2024,Dec
3.23,2,Good quality provisional data,2024-12-09,2024,Dec
3.21,2,Good quality provisional data,2024-12-10,2024,Dec
3.21,2,Good quality provisional data,2024-12-11,2024,Dec
3.21,2,Good quality provisional data,2024-12-12,2024,Dec
3.22,2,Good quality provisional data,2024-12-13,2024,Dec
3.24,2,Good quality provisional data,2024-12-14,2024,Dec
3.31,2,Good quality provisional data,2024-12-15,2024,Dec
3.35,2,Good quality provisional data,2024-12-16,2024,Dec
3.38,2,Good quality provisional data,2024-12-17,2024,Dec
3.47,2,Good quality provisional data,2024-12-18,2024,Dec
3.55,2,Good quality provisional data,2024-12-19,2024,Dec
3.5,2,Good quality provisional data,2024-12-20,2024,Dec
3.46,2,Good quality provisional data,2024-12-21,2024,Dec
3.49,2,Good quality provisional data,2024-12-22,2024,Dec
3.56,2,Good quality provisional data,2024-12-23,2024,Dec
3.74,2,Good quality provisional data,2024-12-24,2024,Dec
3.95,2,Good quality provisional data,2024-12-25,2024,Dec
3.99,2,Good quality provisional data,2024-12-26,2024,Dec
3.97,2,Good quality provisional data,2024-12-27,2024,Dec
4.01,2,Good quality provisional data,2024-12-28,2024,Dec
4.06,2,Good quality provisional data,2024-12-29,2024,Dec
4.18,2,Good quality provisional data,2024-12-30,2024,Dec
4.03,2,Good quality provisional data,2024-12-31,2024,Dec
3.89,2,Good quality provisional data,2025-01-01,2025,Jan
3.79,2,Good quality provisional data,2025-01-02,2025,Jan
3.81,2,Good quality provisional data,2025-01-03,2025,Jan
4.04,2,Good quality provisional data,2025-01-04,2025,Jan
4.39,2,Good quality provisional data,2025-01-05,2025,Jan
4.57,2,Good quality provisional data,2025-01-06,2025,Jan
4.28,2,Good quality provisional data,2025-01-07,2025,Jan
4.09,2,Good quality provisional data,2025-01-08,2025,Jan
3.95,2,Good quality provisional data,2025-01-09,2025,Jan
3.86,2,Good quality provisional data,2025-01-10,2025,Jan
3.85,2,Good quality provisional data,2025-01-11,2025,Jan
3.78,2,Good quality provisional data,2025-01-12,2025,Jan
3.73,2,Good quality provisional data,2025-01-13,2025,Jan
3.68,2,Good quality provisional data,2025-01-14,2025,Jan
3.62,2,Good quality provisional data,2025-01-15,2025,Jan
3.58,2,Good quality provisional data,2025-01-16,2025,Jan
3.54,2,Good quality provisional data,2025-01-17,2025,Jan
3.5,2,Good quality provisional data,2025-01-18,2025,Jan
3.45,2,Good quality provisional data,2025-01-19,2025,Jan
3.41,2,Good quality provisional data,2025-01-20,2025,Jan
3.38,2,Good quality provisional data,2025-01-21,2025,Jan
3.36,2,Good quality provisional data,2025-01-22,2025,Jan
3.34,2,Good quality provisional data,2025-01-23,2025,Jan
3.32,2,Good quality provisional data,2025-01-24,2025,Jan
3.29,2,Good quality provisional data,2025-01-25,2025,Jan
3.27,2,Good quality provisional data,2025-01-26,2025,Jan
3.26,2,Good quality provisional data,2025-01-27,2025,Jan
3.25,2,Good quality provisional data,2025-01-28,2025,Jan
3.25,2,Good quality provisional data,2025-01-29,2025,Jan
3.24,2,Good quality provisional data,2025-01-30,2025,Jan
3.26,2,Good quality provisional data,2025-01-31,2025,Jan
3.41,2,Good quality provisional data,2025-02-01,2025,Feb
3.39,2,Good quality provisional data,2025-02-02,2025,Feb
3.36,2,Good quality provisional data,2025-02-03,2025,Feb
3.37,2,Good quality provisional data,2025-02-04,2025,Feb
3.38,2,Good quality provisional data,2025-02-05,2025,Feb
3.36,2,Good quality provisional data,2025-02-06,2025,Feb
3.35,2,Good quality provisional data,2025-02-07,2025,Feb
3.34,2,Good quality provisional data,2025-02-08,2025,Feb
3.34,2,Good quality provisional data,2025-02-09,2025,Feb
3.31,2,Good quality provisional data,2025-02-10,2025,Feb
3.42,50,Estimated data,2025-02-17,2025,Feb
3.73,50,Estimated data,2025-02-18,2025,Feb
3.9,2,Good quality provisional data,2025-02-19,2025,Feb
4.37,2,Good quality provisional data,2025-02-20,2025,Feb
4.29,2,Good quality provisional data,2025-02-21,2025,Feb
4.27,2,Good quality provisional data,2025-02-22,2025,Feb
6.03,2,Good quality provisional data,2025-02-23,2025,Feb
7.23,2,Good quality provisional data,2025-02-24,2025,Feb
5.99,2,Good quality provisional data,2025-02-25,2025,Feb
5.05,2,Good quality provisional data,2025-02-26,2025,Feb
4.6,2,Good quality provisional data,2025-02-27,2025,Feb
4.36,2,Good quality provisional data,2025-02-28,2025,Feb
4.23,2,Good quality provisional data,2025-03-01,2025,Mar
4.15,2,Good quality provisional data,2025-03-02,2025,Mar
4.07,2,Good quality provisional data,2025-03-03,2025,Mar
3.98,2,Good quality provisional data,2025-03-04,2025,Mar
3.91,2,Good quality provisional data,2025-03-05,2025,Mar
3.84,2,Good quality provisional data,2025-03-06,2025,Mar
3.76,2,Good quality provisional data,2025-03-07,2025,Mar
3.69,2,Good quality provisional data,2025-03-08,2025,Mar
3.63,2,Good quality provisional data,2025-03-09,2025,Mar
3.6,2,Good quality provisional data,2025-03-10,2025,Mar
3.6,2,Good quality provisional data,2025-03-11,2025,Mar
3.65,2,Good quality provisional data,2025-03-12,2025,Mar
3.77,2,Good quality provisional data,2025-03-13,2025,Mar
3.78,2,Good quality provisional data,2025-03-14,2025,Mar
3.81,2,Good quality provisional data,2025-03-15,2025,Mar
4.1,2,Good quality provisional data,2025-03-16,2025,Mar
4.41,2,Good quality provisional data,2025-03-17,2025,Mar
4.25,2,Good quality provisional data,2025-03-18,2025,Mar
4.09,2,Good quality provisional data,2025-03-19,2025,Mar
4.03,2,Good quality provisional data,2025-03-20,2025,Mar
4.18,2,Good quality provisional data,2025-03-21,2025,Mar
5.11,2,Good quality provisional data,2025-03-22,2025,Mar
4.81,2,Good quality provisional data,2025-03-23,2025,Mar
4.84,2,Good quality provisional data,2025-03-24,2025,Mar
4.87,2,Good quality provisional data,2025-03-25,2025,Mar
4.73,2,Good quality provisional data,2025-03-26,2025,Mar
4.67,2,Good quality provisional data,2025-03-27,2025,Mar
4.59,2,Good quality provisional data,2025-03-28,2025,Mar
4.48,2,Good quality provisional data,2025-03-29,2025,Mar
4.32,2,Good quality provisional data,2025-03-30,2025,Mar
4.27,2,Good quality provisional data,2025-03-31,2025,Mar
4.2,2,Good quality provisional data,2025-04-01,2025,Apr
4.11,2,Good quality provisional data,2025-04-02,2025,Apr
4.02,2,Good quality provisional data,2025-04-03,2025,Apr
3.91,2,Good quality provisional data,2025-04-04,2025,Apr
3.81,2,Good quality provisional data,2025-04-05,2025,Apr
3.75,2,Good quality provisional data,2025-04-06,2025,Apr
3.84,2,Good quality provisional data,2025-04-07,2025,Apr
4.06,2,Good quality provisional data,2025-04-08,2025,Apr
4.19,2,Good quality provisional data,2025-04-09,2025,Apr
4.21,2,Good quality provisional data,2025-04-10,2025,Apr
4.17,2,Good quality provisional data,2025-04-11,2025,Apr
4.1,2,Good quality provisional data,2025-04-12,2025,Apr
3.97,2,Good quality provisional data,2025-04-13,2025,Apr
3.86,2,Good quality provisional data,2025-04-14,2025,Apr
3.78,2,Good quality provisional data,2025-04-15,2025,Apr
3.73,2,Good quality provisional data,2025-04-16,2025,Apr
3.68,2,Good quality provisional data,2025-04-17,2025,Apr
3.62,2,Good quality provisional data,2025-04-18,2025,Apr
3.57,2,Good quality provisional data,2025-04-19,2025,Apr
3.53,2,Good quality provisional data,2025-04-20,2025,Apr
3.51,2,Good quality provisional data,2025-04-21,2025,Apr
3.47,2,Good quality provisional data,2025-04-22,2025,Apr
3.43,2,Good quality provisional data,2025-04-23,2025,Apr
3.4,2,Good quality provisional data,2025-04-24,2025,Apr
3.38,2,Good quality provisional data,2025-04-25,2025,Apr
3.38,2,Good quality provisional data,2025-04-26,2025,Apr
3.39,2,Good quality provisional data,2025-04-27,2025,Apr
3.39,2,Good quality provisional data,2025-04-28,2025,Apr
3.4,2,Good quality provisional data,2025-04-29,2025,Apr
3.39,2,Good quality provisional data,2025-04-30,2025,Apr
3.37,2,Good quality provisional data,2025-05-01,2025,May
3.36,2,Good quality provisional data,2025-05-02,2025,May
3.39,2,Good quality provisional data,2025-05-03,2025,May
3.39,2,Good quality provisional data,2025-05-04,2025,May
3.34,2,Good quality provisional data,2025-05-05,2025,May
3.31,2,Good quality provisional data,2025-05-06,2025,May
3.29,2,Good quality provisional data,2025-05-07,2025,May
3.29,2,Good quality provisional data,2025-05-08,2025,May
3.29,2,Good quality provisional data,2025-05-09,2025,May
3.3,2,Good quality provisional data,2025-05-10,2025,May
3.33,2,Good quality provisional data,2025-05-11,2025,May
3.39,140,Data not yet checked,2025-05-12,2025,May
3.32,140,Data not yet checked,2025-05-13,2025,May
3.28,140,Data not yet checked,2025-05-14,2025,May
3.22,140,Data not yet checked,2025-05-15,2025,May
3.18,140,Data not yet checked,2025-05-16,2025,May
3.17,140,Data not yet checked,2025-05-17,2025,May
3.25,140,Data not yet checked,2025-05-18,2025,May
3.2,140,Data not yet checked,2025-05-19,2025,May
3.16,140,Data not yet checked,2025-05-20,2025,May
3.12,140,Data not yet checked,2025-05-21,2025,May
3.07,140,Data not yet checked,2025-05-24,2025,May
3.05,140,Data not yet checked,2025-05-25,2025,May
3.07,140,Data not yet checked,2025-05-26,2025,May
3.06,140,Data not yet checked,2025-05-27,2025,May
3.03,140,Data not yet checked,2025-05-28,2025,May
3.02,140,Data not yet checked,2025-05-29,2025,May
3,140,Data not yet checked,2025-05-30,2025,May
2.98,140,Data not yet checked,2025-05-31,2025,May
2.96,140,Data not yet checked,2025-06-01,2025,Jun
2.93,140,Data not yet checked,2025-06-02,2025,Jun
2.9,140,Data not yet checked,2025-06-03,2025,Jun
2.88,140,Data not yet checked,2025-06-04,2025,Jun
