"","ID","name","crop","crop_name","n_pixels","acres","swcd_name","huc12","acres_in_huc","huc_level","tnmid","metasourceid","sourcedatadesc","sourceoriginator","sourcefeatureid","loaddate","gnis_id","areaacres","areasqkm","states","hutype","humod","tohuc","noncontributingareaacres","noncontributingareasqkm","globalid","FID","OBJECTI","CNSVDST","PERIMET","Reg_Mng","Shp__Ar","WACD_Ar","Shp_Lng","Shp__Ln"
"1",1,"Dry Hollow-Pataha Creek",1,"Corn",2,0.444788,"Columbia","170601070506",14492.1884903596,"huc12","{C0E4B759-030F-403B-99A9-55356D458191}",NA,NA,NA,NA,2013-01-17 23:09:21,NA,18431.98,74.59,"WA","S","TF","170601070701",0,0,"{AAC0794D-E29C-11E2-8094-0021280458E6}",74,74,"Columbia CD",2261472697.5,"Southeast",2261472697.49992,"Southeast",242550.867209,242550.867208701
"2",1,"Dry Hollow-Pataha Creek",5,"Soybeans",1,0.222394,"Columbia","170601070506",14492.1884903596,"huc12","{C0E4B759-030F-403B-99A9-55356D458191}",NA,NA,NA,NA,2013-01-17 23:09:21,NA,18431.98,74.59,"WA","S","TF","170601070701",0,0,"{AAC0794D-E29C-11E2-8094-0021280458E6}",74,74,"Columbia CD",2261472697.5,"Southeast",2261472697.49992,"Southeast",242550.867209,242550.867208701
"3",1,"Dry Hollow-Pataha Creek",21,"Barley",495,110.08503,"Columbia","170601070506",14492.1884903596,"huc12","{C0E4B759-030F-403B-99A9-55356D458191}",NA,NA,NA,NA,2013-01-17 23:09:21,NA,18431.98,74.59,"WA","S","TF","170601070701",0,0,"{AAC0794D-E29C-11E2-8094-0021280458E6}",74,74,"Columbia CD",2261472697.5,"Southeast",2261472697.49992,"Southeast",242550.867209,242550.867208701
"4",1,"Dry Hollow-Pataha Creek",23,"Spring Wheat",2580,573.77652,"Columbia","170601070506",14492.1884903596,"huc12","{C0E4B759-030F-403B-99A9-55356D458191}",NA,NA,NA,NA,2013-01-17 23:09:21,NA,18431.98,74.59,"WA","S","TF","170601070701",0,0,"{AAC0794D-E29C-11E2-8094-0021280458E6}",74,74,"Columbia CD",2261472697.5,"Southeast",2261472697.49992,"Southeast",242550.867209,242550.867208701
"5",1,"Dry Hollow-Pataha Creek",24,"Winter Wheat",2346,521.736324,"Columbia","170601070506",14492.1884903596,"huc12","{C0E4B759-030F-403B-99A9-55356D458191}",NA,NA,NA,NA,2013-01-17 23:09:21,NA,18431.98,74.59,"WA","S","TF","170601070701",0,0,"{AAC0794D-E29C-11E2-8094-0021280458E6}",74,74,"Columbia CD",2261472697.5,"Southeast",2261472697.49992,"Southeast",242550.867209,242550.867208701
"6",1,"Dry Hollow-Pataha Creek",31,"Canola",234,52.040196,"Columbia","170601070506",14492.1884903596,"huc12","{C0E4B759-030F-403B-99A9-55356D458191}",NA,NA,NA,NA,2013-01-17 23:09:21,NA,18431.98,74.59,"WA","S","TF","170601070701",0,0,"{AAC0794D-E29C-11E2-8094-0021280458E6}",74,74,"Columbia CD",2261472697.5,"Southeast",2261472697.49992,"Southeast",242550.867209,242550.867208701
"7",1,"Dry Hollow-Pataha Creek",36,"Alfalfa",332,73.834808,"Columbia","170601070506",14492.1884903596,"huc12","{C0E4B759-030F-403B-99A9-55356D458191}",NA,NA,NA,NA,2013-01-17 23:09:21,NA,18431.98,74.59,"WA","S","TF","170601070701",0,0,"{AAC0794D-E29C-11E2-8094-0021280458E6}",74,74,"Columbia CD",2261472697.5,"Southeast",2261472697.49992,"Southeast",242550.867209,242550.867208701
"8",1,"Dry Hollow-Pataha Creek",37,"Other Hay/Non Alfalfa",2,0.444788,"Columbia","170601070506",14492.1884903596,"huc12","{C0E4B759-030F-403B-99A9-55356D458191}",NA,NA,NA,NA,2013-01-17 23:09:21,NA,18431.98,74.59,"WA","S","TF","170601070701",0,0,"{AAC0794D-E29C-11E2-8094-0021280458E6}",74,74,"Columbia CD",2261472697.5,"Southeast",2261472697.49992,"Southeast",242550.867209,242550.867208701
"9",1,"Dry Hollow-Pataha Creek",51,"Chick Peas",3,0.667182,"Columbia","170601070506",14492.1884903596,"huc12","{C0E4B759-030F-403B-99A9-55356D458191}",NA,NA,NA,NA,2013-01-17 23:09:21,NA,18431.98,74.59,"WA","S","TF","170601070701",0,0,"{AAC0794D-E29C-11E2-8094-0021280458E6}",74,74,"Columbia CD",2261472697.5,"Southeast",2261472697.49992,"Southeast",242550.867209,242550.867208701
"10",1,"Dry Hollow-Pataha Creek",53,"Peas",270,60.04638,"Columbia","170601070506",14492.1884903596,"huc12","{C0E4B759-030F-403B-99A9-55356D458191}",NA,NA,NA,NA,2013-01-17 23:09:21,NA,18431.98,74.59,"WA","S","TF","170601070701",0,0,"{AAC0794D-E29C-11E2-8094-0021280458E6}",74,74,"Columbia CD",2261472697.5,"Southeast",2261472697.49992,"Southeast",242550.867209,242550.867208701
"11",1,"Dry Hollow-Pataha Creek",61,"Fallow/Idle Cropland",4443,988.096542,"Columbia","170601070506",14492.1884903596,"huc12","{C0E4B759-030F-403B-99A9-55356D458191}",NA,NA,NA,NA,2013-01-17 23:09:21,NA,18431.98,74.59,"WA","S","TF","170601070701",0,0,"{AAC0794D-E29C-11E2-8094-0021280458E6}",74,74,"Columbia CD",2261472697.5,"Southeast",2261472697.49992,"Southeast",242550.867209,242550.867208701
"12",1,"Dry Hollow-Pataha Creek",67,"Peaches",7,1.556758,"Columbia","170601070506",14492.1884903596,"huc12","{C0E4B759-030F-403B-99A9-55356D458191}",NA,NA,NA,NA,2013-01-17 23:09:21,NA,18431.98,74.59,"WA","S","TF","170601070701",0,0,"{AAC0794D-E29C-11E2-8094-0021280458E6}",74,74,"Columbia CD",2261472697.5,"Southeast",2261472697.49992,"Southeast",242550.867209,242550.867208701
"13",1,"Dry Hollow-Pataha Creek",68,"Apples",8,1.779152,"Columbia","170601070506",14492.1884903596,"huc12","{C0E4B759-030F-403B-99A9-55356D458191}",NA,NA,NA,NA,2013-01-17 23:09:21,NA,18431.98,74.59,"WA","S","TF","170601070701",0,0,"{AAC0794D-E29C-11E2-8094-0021280458E6}",74,74,"Columbia CD",2261472697.5,"Southeast",2261472697.49992,"Southeast",242550.867209,242550.867208701
"14",1,"Dry Hollow-Pataha Creek",69,"Grapes",1,0.222394,"Columbia","170601070506",14492.1884903596,"huc12","{C0E4B759-030F-403B-99A9-55356D458191}",NA,NA,NA,NA,2013-01-17 23:09:21,NA,18431.98,74.59,"WA","S","TF","170601070701",0,0,"{AAC0794D-E29C-11E2-8094-0021280458E6}",74,74,"Columbia CD",2261472697.5,"Southeast",2261472697.49992,"Southeast",242550.867209,242550.867208701
"15",1,"Dry Hollow-Pataha Creek",70,"Christmas Trees",7,1.556758,"Columbia","170601070506",14492.1884903596,"huc12","{C0E4B759-030F-403B-99A9-55356D458191}",NA,NA,NA,NA,2013-01-17 23:09:21,NA,18431.98,74.59,"WA","S","TF","170601070701",0,0,"{AAC0794D-E29C-11E2-8094-0021280458E6}",74,74,"Columbia CD",2261472697.5,"Southeast",2261472697.49992,"Southeast",242550.867209,242550.867208701
"16",1,"Dry Hollow-Pataha Creek",121,"Developed/Open Space",393,87.400842,"Columbia","170601070506",14492.1884903596,"huc12","{C0E4B759-030F-403B-99A9-55356D458191}",NA,NA,NA,NA,2013-01-17 23:09:21,NA,18431.98,74.59,"WA","S","TF","170601070701",0,0,"{AAC0794D-E29C-11E2-8094-0021280458E6}",74,74,"Columbia CD",2261472697.5,"Southeast",2261472697.49992,"Southeast",242550.867209,242550.867208701
"17",1,"Dry Hollow-Pataha Creek",122,"Developed/Low Intensity",131,29.133614,"Columbia","170601070506",14492.1884903596,"huc12","{C0E4B759-030F-403B-99A9-55356D458191}",NA,NA,NA,NA,2013-01-17 23:09:21,NA,18431.98,74.59,"WA","S","TF","170601070701",0,0,"{AAC0794D-E29C-11E2-8094-0021280458E6}",74,74,"Columbia CD",2261472697.5,"Southeast",2261472697.49992,"Southeast",242550.867209,242550.867208701
"18",1,"Dry Hollow-Pataha Creek",123,"Developed/Med Intensity",15,3.33591,"Columbia","170601070506",14492.1884903596,"huc12","{C0E4B759-030F-403B-99A9-55356D458191}",NA,NA,NA,NA,2013-01-17 23:09:21,NA,18431.98,74.59,"WA","S","TF","170601070701",0,0,"{AAC0794D-E29C-11E2-8094-0021280458E6}",74,74,"Columbia CD",2261472697.5,"Southeast",2261472697.49992,"Southeast",242550.867209,242550.867208701
"19",1,"Dry Hollow-Pataha Creek",124,"Developed/High Intensity",5,1.11197,"Columbia","170601070506",14492.1884903596,"huc12","{C0E4B759-030F-403B-99A9-55356D458191}",NA,NA,NA,NA,2013-01-17 23:09:21,NA,18431.98,74.59,"WA","S","TF","170601070701",0,0,"{AAC0794D-E29C-11E2-8094-0021280458E6}",74,74,"Columbia CD",2261472697.5,"Southeast",2261472697.49992,"Southeast",242550.867209,242550.867208701
"20",1,"Dry Hollow-Pataha Creek",142,"Evergreen Forest",31,6.894214,"Columbia","170601070506",14492.1884903596,"huc12","{C0E4B759-030F-403B-99A9-55356D458191}",NA,NA,NA,NA,2013-01-17 23:09:21,NA,18431.98,74.59,"WA","S","TF","170601070701",0,0,"{AAC0794D-E29C-11E2-8094-0021280458E6}",74,74,"Columbia CD",2261472697.5,"Southeast",2261472697.49992,"Southeast",242550.867209,242550.867208701
"21",1,"Dry Hollow-Pataha Creek",143,"Mixed Forest",3,0.667182,"Columbia","170601070506",14492.1884903596,"huc12","{C0E4B759-030F-403B-99A9-55356D458191}",NA,NA,NA,NA,2013-01-17 23:09:21,NA,18431.98,74.59,"WA","S","TF","170601070701",0,0,"{AAC0794D-E29C-11E2-8094-0021280458E6}",74,74,"Columbia CD",2261472697.5,"Southeast",2261472697.49992,"Southeast",242550.867209,242550.867208701
"22",1,"Dry Hollow-Pataha Creek",152,"Shrubland",1080,240.18552,"Columbia","170601070506",14492.1884903596,"huc12","{C0E4B759-030F-403B-99A9-55356D458191}",NA,NA,NA,NA,2013-01-17 23:09:21,NA,18431.98,74.59,"WA","S","TF","170601070701",0,0,"{AAC0794D-E29C-11E2-8094-0021280458E6}",74,74,"Columbia CD",2261472697.5,"Southeast",2261472697.49992,"Southeast",242550.867209,242550.867208701
"23",1,"Dry Hollow-Pataha Creek",176,"Grassland/Pasture",52767,11735.064198,"Columbia","170601070506",14492.1884903596,"huc12","{C0E4B759-030F-403B-99A9-55356D458191}",NA,NA,NA,NA,2013-01-17 23:09:21,NA,18431.98,74.59,"WA","S","TF","170601070701",0,0,"{AAC0794D-E29C-11E2-8094-0021280458E6}",74,74,"Columbia CD",2261472697.5,"Southeast",2261472697.49992,"Southeast",242550.867209,242550.867208701
"24",1,"Dry Hollow-Pataha Creek",190,"Woody Wetlands",14,3.113516,"Columbia","170601070506",14492.1884903596,"huc12","{C0E4B759-030F-403B-99A9-55356D458191}",NA,NA,NA,NA,2013-01-17 23:09:21,NA,18431.98,74.59,"WA","S","TF","170601070701",0,0,"{AAC0794D-E29C-11E2-8094-0021280458E6}",74,74,"Columbia CD",2261472697.5,"Southeast",2261472697.49992,"Southeast",242550.867209,242550.867208701
"25",2,"Headwaters Tucannon River",121,"Developed/Open Space",5,1.11197,"Columbia","170601070601",9100.03412526308,"huc12","{D62E2CB5-5ABD-479A-80AB-6B2F7CD54A92}",NA,NA,NA,NA,2013-01-17 23:09:21,NA,24508.49,99.18,"WA","S","TF","170601070603",0,0,"{AAC09039-E29C-11E2-8094-0021280458E6}",74,74,"Columbia CD",2261472697.5,"Southeast",2261472697.49992,"Southeast",242550.867209,242550.867208701
"26",2,"Headwaters Tucannon River",122,"Developed/Low Intensity",3,0.667182,"Columbia","170601070601",9100.03412526308,"huc12","{D62E2CB5-5ABD-479A-80AB-6B2F7CD54A92}",NA,NA,NA,NA,2013-01-17 23:09:21,NA,24508.49,99.18,"WA","S","TF","170601070603",0,0,"{AAC09039-E29C-11E2-8094-0021280458E6}",74,74,"Columbia CD",2261472697.5,"Southeast",2261472697.49992,"Southeast",242550.867209,242550.867208701
"27",2,"Headwaters Tucannon River",142,"Evergreen Forest",25323,5631.683262,"Columbia","170601070601",9100.03412526308,"huc12","{D62E2CB5-5ABD-479A-80AB-6B2F7CD54A92}",NA,NA,NA,NA,2013-01-17 23:09:21,NA,24508.49,99.18,"WA","S","TF","170601070603",0,0,"{AAC09039-E29C-11E2-8094-0021280458E6}",74,74,"Columbia CD",2261472697.5,"Southeast",2261472697.49992,"Southeast",242550.867209,242550.867208701
"28",2,"Headwaters Tucannon River",152,"Shrubland",9934,2209.261996,"Columbia","170601070601",9100.03412526308,"huc12","{D62E2CB5-5ABD-479A-80AB-6B2F7CD54A92}",NA,NA,NA,NA,2013-01-17 23:09:21,NA,24508.49,99.18,"WA","S","TF","170601070603",0,0,"{AAC09039-E29C-11E2-8094-0021280458E6}",74,74,"Columbia CD",2261472697.5,"Southeast",2261472697.49992,"Southeast",242550.867209,242550.867208701
"29",2,"Headwaters Tucannon River",176,"Grassland/Pasture",5660,1258.75004,"Columbia","170601070601",9100.03412526308,"huc12","{D62E2CB5-5ABD-479A-80AB-6B2F7CD54A92}",NA,NA,NA,NA,2013-01-17 23:09:21,NA,24508.49,99.18,"WA","S","TF","170601070603",0,0,"{AAC09039-E29C-11E2-8094-0021280458E6}",74,74,"Columbia CD",2261472697.5,"Southeast",2261472697.49992,"Southeast",242550.867209,242550.867208701
"30",3,"Panjab Creek",121,"Developed/Open Space",11,2.446334,"Columbia","170601070602",16264.5398303351,"huc12","{13458BD7-8808-469D-AED7-A749E79BBEDC}",NA,NA,NA,NA,2013-01-17 23:09:21,NA,16264.6,65.82,"WA","S","TF","170601070603",0,0,"{AAC0AE5D-E29C-11E2-8094-0021280458E6}",74,74,"Columbia CD",2261472697.5,"Southeast",2261472697.49992,"Southeast",242550.867209,242550.867208701
"31",3,"Panjab Creek",122,"Developed/Low Intensity",7,1.556758,"Columbia","170601070602",16264.5398303351,"huc12","{13458BD7-8808-469D-AED7-A749E79BBEDC}",NA,NA,NA,NA,2013-01-17 23:09:21,NA,16264.6,65.82,"WA","S","TF","170601070603",0,0,"{AAC0AE5D-E29C-11E2-8094-0021280458E6}",74,74,"Columbia CD",2261472697.5,"Southeast",2261472697.49992,"Southeast",242550.867209,242550.867208701
"32",3,"Panjab Creek",123,"Developed/Med Intensity",1,0.222394,"Columbia","170601070602",16264.5398303351,"huc12","{13458BD7-8808-469D-AED7-A749E79BBEDC}",NA,NA,NA,NA,2013-01-17 23:09:21,NA,16264.6,65.82,"WA","S","TF","170601070603",0,0,"{AAC0AE5D-E29C-11E2-8094-0021280458E6}",74,74,"Columbia CD",2261472697.5,"Southeast",2261472697.49992,"Southeast",242550.867209,242550.867208701
"33",3,"Panjab Creek",124,"Developed/High Intensity",1,0.222394,"Columbia","170601070602",16264.5398303351,"huc12","{13458BD7-8808-469D-AED7-A749E79BBEDC}",NA,NA,NA,NA,2013-01-17 23:09:21,NA,16264.6,65.82,"WA","S","TF","170601070603",0,0,"{AAC0AE5D-E29C-11E2-8094-0021280458E6}",74,74,"Columbia CD",2261472697.5,"Southeast",2261472697.49992,"Southeast",242550.867209,242550.867208701
"34",3,"Panjab Creek",142,"Evergreen Forest",55069,12247.015186,"Columbia","170601070602",16264.5398303351,"huc12","{13458BD7-8808-469D-AED7-A749E79BBEDC}",NA,NA,NA,NA,2013-01-17 23:09:21,NA,16264.6,65.82,"WA","S","TF","170601070603",0,0,"{AAC0AE5D-E29C-11E2-8094-0021280458E6}",74,74,"Columbia CD",2261472697.5,"Southeast",2261472697.49992,"Southeast",242550.867209,242550.867208701
"35",3,"Panjab Creek",152,"Shrubland",11472,2551.303968,"Columbia","170601070602",16264.5398303351,"huc12","{13458BD7-8808-469D-AED7-A749E79BBEDC}",NA,NA,NA,NA,2013-01-17 23:09:21,NA,16264.6,65.82,"WA","S","TF","170601070603",0,0,"{AAC0AE5D-E29C-11E2-8094-0021280458E6}",74,74,"Columbia CD",2261472697.5,"Southeast",2261472697.49992,"Southeast",242550.867209,242550.867208701
"36",3,"Panjab Creek",176,"Grassland/Pasture",6572,1461.573368,"Columbia","170601070602",16264.5398303351,"huc12","{13458BD7-8808-469D-AED7-A749E79BBEDC}",NA,NA,NA,NA,2013-01-17 23:09:21,NA,16264.6,65.82,"WA","S","TF","170601070603",0,0,"{AAC0AE5D-E29C-11E2-8094-0021280458E6}",74,74,"Columbia CD",2261472697.5,"Southeast",2261472697.49992,"Southeast",242550.867209,242550.867208701
"37",4,"Little Tucannon River-Tucannon River",24,"Winter Wheat",4,0.889576,"Columbia","170601070603",22089.6064349784,"huc12","{526A5BA0-2F8F-4F5C-9B5B-9C03C4C8B752}",NA,NA,NA,NA,2013-01-17 23:09:21,NA,22089.68,89.39,"WA","S","TF","170601070606",0,0,"{AAC0C5C8-E29C-11E2-8094-0021280458E6}",74,74,"Columbia CD",2261472697.5,"Southeast",2261472697.49992,"Southeast",242550.867209,242550.867208701
"38",4,"Little Tucannon River-Tucannon River",67,"Peaches",3,0.667182,"Columbia","170601070603",22089.6064349784,"huc12","{526A5BA0-2F8F-4F5C-9B5B-9C03C4C8B752}",NA,NA,NA,NA,2013-01-17 23:09:21,NA,22089.68,89.39,"WA","S","TF","170601070606",0,0,"{AAC0C5C8-E29C-11E2-8094-0021280458E6}",74,74,"Columbia CD",2261472697.5,"Southeast",2261472697.49992,"Southeast",242550.867209,242550.867208701
"39",4,"Little Tucannon River-Tucannon River",68,"Apples",13,2.891122,"Columbia","170601070603",22089.6064349784,"huc12","{526A5BA0-2F8F-4F5C-9B5B-9C03C4C8B752}",NA,NA,NA,NA,2013-01-17 23:09:21,NA,22089.68,89.39,"WA","S","TF","170601070606",0,0,"{AAC0C5C8-E29C-11E2-8094-0021280458E6}",74,74,"Columbia CD",2261472697.5,"Southeast",2261472697.49992,"Southeast",242550.867209,242550.867208701
"40",4,"Little Tucannon River-Tucannon River",71,"Other Tree Crops",1,0.222394,"Columbia","170601070603",22089.6064349784,"huc12","{526A5BA0-2F8F-4F5C-9B5B-9C03C4C8B752}",NA,NA,NA,NA,2013-01-17 23:09:21,NA,22089.68,89.39,"WA","S","TF","170601070606",0,0,"{AAC0C5C8-E29C-11E2-8094-0021280458E6}",74,74,"Columbia CD",2261472697.5,"Southeast",2261472697.49992,"Southeast",242550.867209,242550.867208701
"41",4,"Little Tucannon River-Tucannon River",77,"Pears",6,1.334364,"Columbia","170601070603",22089.6064349784,"huc12","{526A5BA0-2F8F-4F5C-9B5B-9C03C4C8B752}",NA,NA,NA,NA,2013-01-17 23:09:21,NA,22089.68,89.39,"WA","S","TF","170601070606",0,0,"{AAC0C5C8-E29C-11E2-8094-0021280458E6}",74,74,"Columbia CD",2261472697.5,"Southeast",2261472697.49992,"Southeast",242550.867209,242550.867208701
"42",4,"Little Tucannon River-Tucannon River",111,"Open Water",72,16.012368,"Columbia","170601070603",22089.6064349784,"huc12","{526A5BA0-2F8F-4F5C-9B5B-9C03C4C8B752}",NA,NA,NA,NA,2013-01-17 23:09:21,NA,22089.68,89.39,"WA","S","TF","170601070606",0,0,"{AAC0C5C8-E29C-11E2-8094-0021280458E6}",74,74,"Columbia CD",2261472697.5,"Southeast",2261472697.49992,"Southeast",242550.867209,242550.867208701
"43",4,"Little Tucannon River-Tucannon River",121,"Developed/Open Space",122,27.132068,"Columbia","170601070603",22089.6064349784,"huc12","{526A5BA0-2F8F-4F5C-9B5B-9C03C4C8B752}",NA,NA,NA,NA,2013-01-17 23:09:21,NA,22089.68,89.39,"WA","S","TF","170601070606",0,0,"{AAC0C5C8-E29C-11E2-8094-0021280458E6}",74,74,"Columbia CD",2261472697.5,"Southeast",2261472697.49992,"Southeast",242550.867209,242550.867208701
"44",4,"Little Tucannon River-Tucannon River",122,"Developed/Low Intensity",60,13.34364,"Columbia","170601070603",22089.6064349784,"huc12","{526A5BA0-2F8F-4F5C-9B5B-9C03C4C8B752}",NA,NA,NA,NA,2013-01-17 23:09:21,NA,22089.68,89.39,"WA","S","TF","170601070606",0,0,"{AAC0C5C8-E29C-11E2-8094-0021280458E6}",74,74,"Columbia CD",2261472697.5,"Southeast",2261472697.49992,"Southeast",242550.867209,242550.867208701
"45",4,"Little Tucannon River-Tucannon River",123,"Developed/Med Intensity",3,0.667182,"Columbia","170601070603",22089.6064349784,"huc12","{526A5BA0-2F8F-4F5C-9B5B-9C03C4C8B752}",NA,NA,NA,NA,2013-01-17 23:09:21,NA,22089.68,89.39,"WA","S","TF","170601070606",0,0,"{AAC0C5C8-E29C-11E2-8094-0021280458E6}",74,74,"Columbia CD",2261472697.5,"Southeast",2261472697.49992,"Southeast",242550.867209,242550.867208701
"46",4,"Little Tucannon River-Tucannon River",124,"Developed/High Intensity",1,0.222394,"Columbia","170601070603",22089.6064349784,"huc12","{526A5BA0-2F8F-4F5C-9B5B-9C03C4C8B752}",NA,NA,NA,NA,2013-01-17 23:09:21,NA,22089.68,89.39,"WA","S","TF","170601070606",0,0,"{AAC0C5C8-E29C-11E2-8094-0021280458E6}",74,74,"Columbia CD",2261472697.5,"Southeast",2261472697.49992,"Southeast",242550.867209,242550.867208701
"47",4,"Little Tucannon River-Tucannon River",142,"Evergreen Forest",34322,7633.006868,"Columbia","170601070603",22089.6064349784,"huc12","{526A5BA0-2F8F-4F5C-9B5B-9C03C4C8B752}",NA,NA,NA,NA,2013-01-17 23:09:21,NA,22089.68,89.39,"WA","S","TF","170601070606",0,0,"{AAC0C5C8-E29C-11E2-8094-0021280458E6}",74,74,"Columbia CD",2261472697.5,"Southeast",2261472697.49992,"Southeast",242550.867209,242550.867208701
"48",4,"Little Tucannon River-Tucannon River",152,"Shrubland",36461,8108.707634,"Columbia","170601070603",22089.6064349784,"huc12","{526A5BA0-2F8F-4F5C-9B5B-9C03C4C8B752}",NA,NA,NA,NA,2013-01-17 23:09:21,NA,22089.68,89.39,"WA","S","TF","170601070606",0,0,"{AAC0C5C8-E29C-11E2-8094-0021280458E6}",74,74,"Columbia CD",2261472697.5,"Southeast",2261472697.49992,"Southeast",242550.867209,242550.867208701
"49",4,"Little Tucannon River-Tucannon River",176,"Grassland/Pasture",28255,6283.74247,"Columbia","170601070603",22089.6064349784,"huc12","{526A5BA0-2F8F-4F5C-9B5B-9C03C4C8B752}",NA,NA,NA,NA,2013-01-17 23:09:21,NA,22089.68,89.39,"WA","S","TF","170601070606",0,0,"{AAC0C5C8-E29C-11E2-8094-0021280458E6}",74,74,"Columbia CD",2261472697.5,"Southeast",2261472697.49992,"Southeast",242550.867209,242550.867208701
"50",4,"Little Tucannon River-Tucannon River",190,"Woody Wetlands",1,0.222394,"Columbia","170601070603",22089.6064349784,"huc12","{526A5BA0-2F8F-4F5C-9B5B-9C03C4C8B752}",NA,NA,NA,NA,2013-01-17 23:09:21,NA,22089.68,89.39,"WA","S","TF","170601070606",0,0,"{AAC0C5C8-E29C-11E2-8094-0021280458E6}",74,74,"Columbia CD",2261472697.5,"Southeast",2261472697.49992,"Southeast",242550.867209,242550.867208701
"51",4,"Little Tucannon River-Tucannon River",195,"Herbaceous Wetlands",2,0.444788,"Columbia","170601070603",22089.6064349784,"huc12","{526A5BA0-2F8F-4F5C-9B5B-9C03C4C8B752}",NA,NA,NA,NA,2013-01-17 23:09:21,NA,22089.68,89.39,"WA","S","TF","170601070606",0,0,"{AAC0C5C8-E29C-11E2-8094-0021280458E6}",74,74,"Columbia CD",2261472697.5,"Southeast",2261472697.49992,"Southeast",242550.867209,242550.867208701
"52",5,"Cummings Creek",121,"Developed/Open Space",39,8.673366,"Columbia","170601070604",7510.23880229902,"huc12","{B8F6813A-3547-4908-8168-A37957DF3808}",NA,NA,NA,NA,2013-01-17 23:09:21,NA,12727.02,51.5,"WA","S","TF","170601070606",0,0,"{AAC0E498-E29C-11E2-8094-0021280458E6}",74,74,"Columbia CD",2261472697.5,"Southeast",2261472697.49992,"Southeast",242550.867209,242550.867208701
"53",5,"Cummings Creek",142,"Evergreen Forest",9098,2023.340612,"Columbia","170601070604",7510.23880229902,"huc12","{B8F6813A-3547-4908-8168-A37957DF3808}",NA,NA,NA,NA,2013-01-17 23:09:21,NA,12727.02,51.5,"WA","S","TF","170601070606",0,0,"{AAC0E498-E29C-11E2-8094-0021280458E6}",74,74,"Columbia CD",2261472697.5,"Southeast",2261472697.49992,"Southeast",242550.867209,242550.867208701
"54",5,"Cummings Creek",152,"Shrubland",11480,2553.08312,"Columbia","170601070604",7510.23880229902,"huc12","{B8F6813A-3547-4908-8168-A37957DF3808}",NA,NA,NA,NA,2013-01-17 23:09:21,NA,12727.02,51.5,"WA","S","TF","170601070606",0,0,"{AAC0E498-E29C-11E2-8094-0021280458E6}",74,74,"Columbia CD",2261472697.5,"Southeast",2261472697.49992,"Southeast",242550.867209,242550.867208701
"55",5,"Cummings Creek",176,"Grassland/Pasture",13166,2928.039404,"Columbia","170601070604",7510.23880229902,"huc12","{B8F6813A-3547-4908-8168-A37957DF3808}",NA,NA,NA,NA,2013-01-17 23:09:21,NA,12727.02,51.5,"WA","S","TF","170601070606",0,0,"{AAC0E498-E29C-11E2-8094-0021280458E6}",74,74,"Columbia CD",2261472697.5,"Southeast",2261472697.49992,"Southeast",242550.867209,242550.867208701
"56",6,"Tumalum Creek",68,"Apples",11,2.446334,"Columbia","170601070605",709.270636812645,"huc12","{7026625D-A926-4D8C-9281-8E1CCCDC0ACC}",NA,NA,NA,NA,2013-01-17 23:09:21,NA,10276.34,41.59,"WA","S","TF","170601070606",0,0,"{AAC0FC13-E29C-11E2-8094-0021280458E6}",74,74,"Columbia CD",2261472697.5,"Southeast",2261472697.49992,"Southeast",242550.867209,242550.867208701
"57",6,"Tumalum Creek",69,"Grapes",1,0.222394,"Columbia","170601070605",709.270636812645,"huc12","{7026625D-A926-4D8C-9281-8E1CCCDC0ACC}",NA,NA,NA,NA,2013-01-17 23:09:21,NA,10276.34,41.59,"WA","S","TF","170601070606",0,0,"{AAC0FC13-E29C-11E2-8094-0021280458E6}",74,74,"Columbia CD",2261472697.5,"Southeast",2261472697.49992,"Southeast",242550.867209,242550.867208701
"58",6,"Tumalum Creek",121,"Developed/Open Space",7,1.556758,"Columbia","170601070605",709.270636812645,"huc12","{7026625D-A926-4D8C-9281-8E1CCCDC0ACC}",NA,NA,NA,NA,2013-01-17 23:09:21,NA,10276.34,41.59,"WA","S","TF","170601070606",0,0,"{AAC0FC13-E29C-11E2-8094-0021280458E6}",74,74,"Columbia CD",2261472697.5,"Southeast",2261472697.49992,"Southeast",242550.867209,242550.867208701
"59",6,"Tumalum Creek",122,"Developed/Low Intensity",28,6.227032,"Columbia","170601070605",709.270636812645,"huc12","{7026625D-A926-4D8C-9281-8E1CCCDC0ACC}",NA,NA,NA,NA,2013-01-17 23:09:21,NA,10276.34,41.59,"WA","S","TF","170601070606",0,0,"{AAC0FC13-E29C-11E2-8094-0021280458E6}",74,74,"Columbia CD",2261472697.5,"Southeast",2261472697.49992,"Southeast",242550.867209,242550.867208701
"60",6,"Tumalum Creek",123,"Developed/Med Intensity",1,0.222394,"Columbia","170601070605",709.270636812645,"huc12","{7026625D-A926-4D8C-9281-8E1CCCDC0ACC}",NA,NA,NA,NA,2013-01-17 23:09:21,NA,10276.34,41.59,"WA","S","TF","170601070606",0,0,"{AAC0FC13-E29C-11E2-8094-0021280458E6}",74,74,"Columbia CD",2261472697.5,"Southeast",2261472697.49992,"Southeast",242550.867209,242550.867208701
"61",6,"Tumalum Creek",142,"Evergreen Forest",294,65.383836,"Columbia","170601070605",709.270636812645,"huc12","{7026625D-A926-4D8C-9281-8E1CCCDC0ACC}",NA,NA,NA,NA,2013-01-17 23:09:21,NA,10276.34,41.59,"WA","S","TF","170601070606",0,0,"{AAC0FC13-E29C-11E2-8094-0021280458E6}",74,74,"Columbia CD",2261472697.5,"Southeast",2261472697.49992,"Southeast",242550.867209,242550.867208701
"62",6,"Tumalum Creek",152,"Shrubland",1094,243.299036,"Columbia","170601070605",709.270636812645,"huc12","{7026625D-A926-4D8C-9281-8E1CCCDC0ACC}",NA,NA,NA,NA,2013-01-17 23:09:21,NA,10276.34,41.59,"WA","S","TF","170601070606",0,0,"{AAC0FC13-E29C-11E2-8094-0021280458E6}",74,74,"Columbia CD",2261472697.5,"Southeast",2261472697.49992,"Southeast",242550.867209,242550.867208701
"63",6,"Tumalum Creek",176,"Grassland/Pasture",1757,390.746258,"Columbia","170601070605",709.270636812645,"huc12","{7026625D-A926-4D8C-9281-8E1CCCDC0ACC}",NA,NA,NA,NA,2013-01-17 23:09:21,NA,10276.34,41.59,"WA","S","TF","170601070606",0,0,"{AAC0FC13-E29C-11E2-8094-0021280458E6}",74,74,"Columbia CD",2261472697.5,"Southeast",2261472697.49992,"Southeast",242550.867209,242550.867208701
"64",7,"Hartsock Grade-Tucannon River",1,"Corn",3,0.667182,"Columbia","170601070606",11425.8359196857,"huc12","{1FB4C6B4-B924-4FE9-B9D4-6B88602DB43F}",NA,NA,NA,NA,2013-01-17 23:09:21,NA,12709.37,51.43,"WA","S","TF","170601070608",0,0,"{AAC11AEF-E29C-11E2-8094-0021280458E6}",74,74,"Columbia CD",2261472697.5,"Southeast",2261472697.49992,"Southeast",242550.867209,242550.867208701
"65",7,"Hartsock Grade-Tucannon River",21,"Barley",603,134.103582,"Columbia","170601070606",11425.8359196857,"huc12","{1FB4C6B4-B924-4FE9-B9D4-6B88602DB43F}",NA,NA,NA,NA,2013-01-17 23:09:21,NA,12709.37,51.43,"WA","S","TF","170601070608",0,0,"{AAC11AEF-E29C-11E2-8094-0021280458E6}",74,74,"Columbia CD",2261472697.5,"Southeast",2261472697.49992,"Southeast",242550.867209,242550.867208701
"66",7,"Hartsock Grade-Tucannon River",23,"Spring Wheat",739,164.349166,"Columbia","170601070606",11425.8359196857,"huc12","{1FB4C6B4-B924-4FE9-B9D4-6B88602DB43F}",NA,NA,NA,NA,2013-01-17 23:09:21,NA,12709.37,51.43,"WA","S","TF","170601070608",0,0,"{AAC11AEF-E29C-11E2-8094-0021280458E6}",74,74,"Columbia CD",2261472697.5,"Southeast",2261472697.49992,"Southeast",242550.867209,242550.867208701
"67",7,"Hartsock Grade-Tucannon River",24,"Winter Wheat",5248,1167.123712,"Columbia","170601070606",11425.8359196857,"huc12","{1FB4C6B4-B924-4FE9-B9D4-6B88602DB43F}",NA,NA,NA,NA,2013-01-17 23:09:21,NA,12709.37,51.43,"WA","S","TF","170601070608",0,0,"{AAC11AEF-E29C-11E2-8094-0021280458E6}",74,74,"Columbia CD",2261472697.5,"Southeast",2261472697.49992,"Southeast",242550.867209,242550.867208701
"68",7,"Hartsock Grade-Tucannon River",31,"Canola",1906,423.882964,"Columbia","170601070606",11425.8359196857,"huc12","{1FB4C6B4-B924-4FE9-B9D4-6B88602DB43F}",NA,NA,NA,NA,2013-01-17 23:09:21,NA,12709.37,51.43,"WA","S","TF","170601070608",0,0,"{AAC11AEF-E29C-11E2-8094-0021280458E6}",74,74,"Columbia CD",2261472697.5,"Southeast",2261472697.49992,"Southeast",242550.867209,242550.867208701
"69",7,"Hartsock Grade-Tucannon River",36,"Alfalfa",279,62.047926,"Columbia","170601070606",11425.8359196857,"huc12","{1FB4C6B4-B924-4FE9-B9D4-6B88602DB43F}",NA,NA,NA,NA,2013-01-17 23:09:21,NA,12709.37,51.43,"WA","S","TF","170601070608",0,0,"{AAC11AEF-E29C-11E2-8094-0021280458E6}",74,74,"Columbia CD",2261472697.5,"Southeast",2261472697.49992,"Southeast",242550.867209,242550.867208701
"70",7,"Hartsock Grade-Tucannon River",37,"Other Hay/Non Alfalfa",72,16.012368,"Columbia","170601070606",11425.8359196857,"huc12","{1FB4C6B4-B924-4FE9-B9D4-6B88602DB43F}",NA,NA,NA,NA,2013-01-17 23:09:21,NA,12709.37,51.43,"WA","S","TF","170601070608",0,0,"{AAC11AEF-E29C-11E2-8094-0021280458E6}",74,74,"Columbia CD",2261472697.5,"Southeast",2261472697.49992,"Southeast",242550.867209,242550.867208701
"71",7,"Hartsock Grade-Tucannon River",43,"Potatoes",15,3.33591,"Columbia","170601070606",11425.8359196857,"huc12","{1FB4C6B4-B924-4FE9-B9D4-6B88602DB43F}",NA,NA,NA,NA,2013-01-17 23:09:21,NA,12709.37,51.43,"WA","S","TF","170601070608",0,0,"{AAC11AEF-E29C-11E2-8094-0021280458E6}",74,74,"Columbia CD",2261472697.5,"Southeast",2261472697.49992,"Southeast",242550.867209,242550.867208701
"72",7,"Hartsock Grade-Tucannon River",51,"Chick Peas",1026,228.176244,"Columbia","170601070606",11425.8359196857,"huc12","{1FB4C6B4-B924-4FE9-B9D4-6B88602DB43F}",NA,NA,NA,NA,2013-01-17 23:09:21,NA,12709.37,51.43,"WA","S","TF","170601070608",0,0,"{AAC11AEF-E29C-11E2-8094-0021280458E6}",74,74,"Columbia CD",2261472697.5,"Southeast",2261472697.49992,"Southeast",242550.867209,242550.867208701
"73",7,"Hartsock Grade-Tucannon River",52,"Lentils",774,172.132956,"Columbia","170601070606",11425.8359196857,"huc12","{1FB4C6B4-B924-4FE9-B9D4-6B88602DB43F}",NA,NA,NA,NA,2013-01-17 23:09:21,NA,12709.37,51.43,"WA","S","TF","170601070608",0,0,"{AAC11AEF-E29C-11E2-8094-0021280458E6}",74,74,"Columbia CD",2261472697.5,"Southeast",2261472697.49992,"Southeast",242550.867209,242550.867208701
"74",7,"Hartsock Grade-Tucannon River",53,"Peas",2522,560.877668,"Columbia","170601070606",11425.8359196857,"huc12","{1FB4C6B4-B924-4FE9-B9D4-6B88602DB43F}",NA,NA,NA,NA,2013-01-17 23:09:21,NA,12709.37,51.43,"WA","S","TF","170601070608",0,0,"{AAC11AEF-E29C-11E2-8094-0021280458E6}",74,74,"Columbia CD",2261472697.5,"Southeast",2261472697.49992,"Southeast",242550.867209,242550.867208701
"75",7,"Hartsock Grade-Tucannon River",61,"Fallow/Idle Cropland",12,2.668728,"Columbia","170601070606",11425.8359196857,"huc12","{1FB4C6B4-B924-4FE9-B9D4-6B88602DB43F}",NA,NA,NA,NA,2013-01-17 23:09:21,NA,12709.37,51.43,"WA","S","TF","170601070608",0,0,"{AAC11AEF-E29C-11E2-8094-0021280458E6}",74,74,"Columbia CD",2261472697.5,"Southeast",2261472697.49992,"Southeast",242550.867209,242550.867208701
"76",7,"Hartsock Grade-Tucannon River",66,"Cherries",14,3.113516,"Columbia","170601070606",11425.8359196857,"huc12","{1FB4C6B4-B924-4FE9-B9D4-6B88602DB43F}",NA,NA,NA,NA,2013-01-17 23:09:21,NA,12709.37,51.43,"WA","S","TF","170601070608",0,0,"{AAC11AEF-E29C-11E2-8094-0021280458E6}",74,74,"Columbia CD",2261472697.5,"Southeast",2261472697.49992,"Southeast",242550.867209,242550.867208701
"77",7,"Hartsock Grade-Tucannon River",67,"Peaches",20,4.44788,"Columbia","170601070606",11425.8359196857,"huc12","{1FB4C6B4-B924-4FE9-B9D4-6B88602DB43F}",NA,NA,NA,NA,2013-01-17 23:09:21,NA,12709.37,51.43,"WA","S","TF","170601070608",0,0,"{AAC11AEF-E29C-11E2-8094-0021280458E6}",74,74,"Columbia CD",2261472697.5,"Southeast",2261472697.49992,"Southeast",242550.867209,242550.867208701
"78",7,"Hartsock Grade-Tucannon River",68,"Apples",100,22.2394,"Columbia","170601070606",11425.8359196857,"huc12","{1FB4C6B4-B924-4FE9-B9D4-6B88602DB43F}",NA,NA,NA,NA,2013-01-17 23:09:21,NA,12709.37,51.43,"WA","S","TF","170601070608",0,0,"{AAC11AEF-E29C-11E2-8094-0021280458E6}",74,74,"Columbia CD",2261472697.5,"Southeast",2261472697.49992,"Southeast",242550.867209,242550.867208701
"79",7,"Hartsock Grade-Tucannon River",69,"Grapes",27,6.004638,"Columbia","170601070606",11425.8359196857,"huc12","{1FB4C6B4-B924-4FE9-B9D4-6B88602DB43F}",NA,NA,NA,NA,2013-01-17 23:09:21,NA,12709.37,51.43,"WA","S","TF","170601070608",0,0,"{AAC11AEF-E29C-11E2-8094-0021280458E6}",74,74,"Columbia CD",2261472697.5,"Southeast",2261472697.49992,"Southeast",242550.867209,242550.867208701
"80",7,"Hartsock Grade-Tucannon River",70,"Christmas Trees",4,0.889576,"Columbia","170601070606",11425.8359196857,"huc12","{1FB4C6B4-B924-4FE9-B9D4-6B88602DB43F}",NA,NA,NA,NA,2013-01-17 23:09:21,NA,12709.37,51.43,"WA","S","TF","170601070608",0,0,"{AAC11AEF-E29C-11E2-8094-0021280458E6}",74,74,"Columbia CD",2261472697.5,"Southeast",2261472697.49992,"Southeast",242550.867209,242550.867208701
"81",7,"Hartsock Grade-Tucannon River",77,"Pears",11,2.446334,"Columbia","170601070606",11425.8359196857,"huc12","{1FB4C6B4-B924-4FE9-B9D4-6B88602DB43F}",NA,NA,NA,NA,2013-01-17 23:09:21,NA,12709.37,51.43,"WA","S","TF","170601070608",0,0,"{AAC11AEF-E29C-11E2-8094-0021280458E6}",74,74,"Columbia CD",2261472697.5,"Southeast",2261472697.49992,"Southeast",242550.867209,242550.867208701
"82",7,"Hartsock Grade-Tucannon River",111,"Open Water",19,4.225486,"Columbia","170601070606",11425.8359196857,"huc12","{1FB4C6B4-B924-4FE9-B9D4-6B88602DB43F}",NA,NA,NA,NA,2013-01-17 23:09:21,NA,12709.37,51.43,"WA","S","TF","170601070608",0,0,"{AAC11AEF-E29C-11E2-8094-0021280458E6}",74,74,"Columbia CD",2261472697.5,"Southeast",2261472697.49992,"Southeast",242550.867209,242550.867208701
"83",7,"Hartsock Grade-Tucannon River",121,"Developed/Open Space",495,110.08503,"Columbia","170601070606",11425.8359196857,"huc12","{1FB4C6B4-B924-4FE9-B9D4-6B88602DB43F}",NA,NA,NA,NA,2013-01-17 23:09:21,NA,12709.37,51.43,"WA","S","TF","170601070608",0,0,"{AAC11AEF-E29C-11E2-8094-0021280458E6}",74,74,"Columbia CD",2261472697.5,"Southeast",2261472697.49992,"Southeast",242550.867209,242550.867208701
"84",7,"Hartsock Grade-Tucannon River",122,"Developed/Low Intensity",264,58.712016,"Columbia","170601070606",11425.8359196857,"huc12","{1FB4C6B4-B924-4FE9-B9D4-6B88602DB43F}",NA,NA,NA,NA,2013-01-17 23:09:21,NA,12709.37,51.43,"WA","S","TF","170601070608",0,0,"{AAC11AEF-E29C-11E2-8094-0021280458E6}",74,74,"Columbia CD",2261472697.5,"Southeast",2261472697.49992,"Southeast",242550.867209,242550.867208701
"85",7,"Hartsock Grade-Tucannon River",123,"Developed/Med Intensity",13,2.891122,"Columbia","170601070606",11425.8359196857,"huc12","{1FB4C6B4-B924-4FE9-B9D4-6B88602DB43F}",NA,NA,NA,NA,2013-01-17 23:09:21,NA,12709.37,51.43,"WA","S","TF","170601070608",0,0,"{AAC11AEF-E29C-11E2-8094-0021280458E6}",74,74,"Columbia CD",2261472697.5,"Southeast",2261472697.49992,"Southeast",242550.867209,242550.867208701
"86",7,"Hartsock Grade-Tucannon River",124,"Developed/High Intensity",3,0.667182,"Columbia","170601070606",11425.8359196857,"huc12","{1FB4C6B4-B924-4FE9-B9D4-6B88602DB43F}",NA,NA,NA,NA,2013-01-17 23:09:21,NA,12709.37,51.43,"WA","S","TF","170601070608",0,0,"{AAC11AEF-E29C-11E2-8094-0021280458E6}",74,74,"Columbia CD",2261472697.5,"Southeast",2261472697.49992,"Southeast",242550.867209,242550.867208701
"87",7,"Hartsock Grade-Tucannon River",131,"Barren",6,1.334364,"Columbia","170601070606",11425.8359196857,"huc12","{1FB4C6B4-B924-4FE9-B9D4-6B88602DB43F}",NA,NA,NA,NA,2013-01-17 23:09:21,NA,12709.37,51.43,"WA","S","TF","170601070608",0,0,"{AAC11AEF-E29C-11E2-8094-0021280458E6}",74,74,"Columbia CD",2261472697.5,"Southeast",2261472697.49992,"Southeast",242550.867209,242550.867208701
"88",7,"Hartsock Grade-Tucannon River",142,"Evergreen Forest",2616,581.782704,"Columbia","170601070606",11425.8359196857,"huc12","{1FB4C6B4-B924-4FE9-B9D4-6B88602DB43F}",NA,NA,NA,NA,2013-01-17 23:09:21,NA,12709.37,51.43,"WA","S","TF","170601070608",0,0,"{AAC11AEF-E29C-11E2-8094-0021280458E6}",74,74,"Columbia CD",2261472697.5,"Southeast",2261472697.49992,"Southeast",242550.867209,242550.867208701
"89",7,"Hartsock Grade-Tucannon River",143,"Mixed Forest",148,32.914312,"Columbia","170601070606",11425.8359196857,"huc12","{1FB4C6B4-B924-4FE9-B9D4-6B88602DB43F}",NA,NA,NA,NA,2013-01-17 23:09:21,NA,12709.37,51.43,"WA","S","TF","170601070608",0,0,"{AAC11AEF-E29C-11E2-8094-0021280458E6}",74,74,"Columbia CD",2261472697.5,"Southeast",2261472697.49992,"Southeast",242550.867209,242550.867208701
"90",7,"Hartsock Grade-Tucannon River",152,"Shrubland",7271,1617.026774,"Columbia","170601070606",11425.8359196857,"huc12","{1FB4C6B4-B924-4FE9-B9D4-6B88602DB43F}",NA,NA,NA,NA,2013-01-17 23:09:21,NA,12709.37,51.43,"WA","S","TF","170601070608",0,0,"{AAC11AEF-E29C-11E2-8094-0021280458E6}",74,74,"Columbia CD",2261472697.5,"Southeast",2261472697.49992,"Southeast",242550.867209,242550.867208701
"91",7,"Hartsock Grade-Tucannon River",176,"Grassland/Pasture",26909,5984.400146,"Columbia","170601070606",11425.8359196857,"huc12","{1FB4C6B4-B924-4FE9-B9D4-6B88602DB43F}",NA,NA,NA,NA,2013-01-17 23:09:21,NA,12709.37,51.43,"WA","S","TF","170601070608",0,0,"{AAC11AEF-E29C-11E2-8094-0021280458E6}",74,74,"Columbia CD",2261472697.5,"Southeast",2261472697.49992,"Southeast",242550.867209,242550.867208701
"92",7,"Hartsock Grade-Tucannon River",190,"Woody Wetlands",67,14.900398,"Columbia","170601070606",11425.8359196857,"huc12","{1FB4C6B4-B924-4FE9-B9D4-6B88602DB43F}",NA,NA,NA,NA,2013-01-17 23:09:21,NA,12709.37,51.43,"WA","S","TF","170601070608",0,0,"{AAC11AEF-E29C-11E2-8094-0021280458E6}",74,74,"Columbia CD",2261472697.5,"Southeast",2261472697.49992,"Southeast",242550.867209,242550.867208701
"93",7,"Hartsock Grade-Tucannon River",195,"Herbaceous Wetlands",57,12.676458,"Columbia","170601070606",11425.8359196857,"huc12","{1FB4C6B4-B924-4FE9-B9D4-6B88602DB43F}",NA,NA,NA,NA,2013-01-17 23:09:21,NA,12709.37,51.43,"WA","S","TF","170601070608",0,0,"{AAC11AEF-E29C-11E2-8094-0021280458E6}",74,74,"Columbia CD",2261472697.5,"Southeast",2261472697.49992,"Southeast",242550.867209,242550.867208701
"94",7,"Hartsock Grade-Tucannon River",205,"Triticale",128,28.466432,"Columbia","170601070606",11425.8359196857,"huc12","{1FB4C6B4-B924-4FE9-B9D4-6B88602DB43F}",NA,NA,NA,NA,2013-01-17 23:09:21,NA,12709.37,51.43,"WA","S","TF","170601070608",0,0,"{AAC11AEF-E29C-11E2-8094-0021280458E6}",74,74,"Columbia CD",2261472697.5,"Southeast",2261472697.49992,"Southeast",242550.867209,242550.867208701
"95",7,"Hartsock Grade-Tucannon River",242,"Blueberries",2,0.444788,"Columbia","170601070606",11425.8359196857,"huc12","{1FB4C6B4-B924-4FE9-B9D4-6B88602DB43F}",NA,NA,NA,NA,2013-01-17 23:09:21,NA,12709.37,51.43,"WA","S","TF","170601070608",0,0,"{AAC11AEF-E29C-11E2-8094-0021280458E6}",74,74,"Columbia CD",2261472697.5,"Southeast",2261472697.49992,"Southeast",242550.867209,242550.867208701
"96",8,"Willow Creek",1,"Corn",1,0.222394,"Columbia","170601070607",19131.3377015236,"huc12","{D86BCF53-34A3-4B59-9B19-65FD99869F06}",NA,NA,NA,NA,2013-01-17 23:09:21,NA,19131.41,77.42,"WA","S","TF","170601070608",0,0,"{AAC13268-E29C-11E2-8094-0021280458E6}",74,74,"Columbia CD",2261472697.5,"Southeast",2261472697.49992,"Southeast",242550.867209,242550.867208701
"97",8,"Willow Creek",21,"Barley",1294,287.777836,"Columbia","170601070607",19131.3377015236,"huc12","{D86BCF53-34A3-4B59-9B19-65FD99869F06}",NA,NA,NA,NA,2013-01-17 23:09:21,NA,19131.41,77.42,"WA","S","TF","170601070608",0,0,"{AAC13268-E29C-11E2-8094-0021280458E6}",74,74,"Columbia CD",2261472697.5,"Southeast",2261472697.49992,"Southeast",242550.867209,242550.867208701
"98",8,"Willow Creek",23,"Spring Wheat",10706,2380.950164,"Columbia","170601070607",19131.3377015236,"huc12","{D86BCF53-34A3-4B59-9B19-65FD99869F06}",NA,NA,NA,NA,2013-01-17 23:09:21,NA,19131.41,77.42,"WA","S","TF","170601070608",0,0,"{AAC13268-E29C-11E2-8094-0021280458E6}",74,74,"Columbia CD",2261472697.5,"Southeast",2261472697.49992,"Southeast",242550.867209,242550.867208701
"99",8,"Willow Creek",24,"Winter Wheat",19483,4332.902302,"Columbia","170601070607",19131.3377015236,"huc12","{D86BCF53-34A3-4B59-9B19-65FD99869F06}",NA,NA,NA,NA,2013-01-17 23:09:21,NA,19131.41,77.42,"WA","S","TF","170601070608",0,0,"{AAC13268-E29C-11E2-8094-0021280458E6}",74,74,"Columbia CD",2261472697.5,"Southeast",2261472697.49992,"Southeast",242550.867209,242550.867208701
"100",8,"Willow Creek",31,"Canola",534,118.758396,"Columbia","170601070607",19131.3377015236,"huc12","{D86BCF53-34A3-4B59-9B19-65FD99869F06}",NA,NA,NA,NA,2013-01-17 23:09:21,NA,19131.41,77.42,"WA","S","TF","170601070608",0,0,"{AAC13268-E29C-11E2-8094-0021280458E6}",74,74,"Columbia CD",2261472697.5,"Southeast",2261472697.49992,"Southeast",242550.867209,242550.867208701
"101",8,"Willow Creek",36,"Alfalfa",13,2.891122,"Columbia","170601070607",19131.3377015236,"huc12","{D86BCF53-34A3-4B59-9B19-65FD99869F06}",NA,NA,NA,NA,2013-01-17 23:09:21,NA,19131.41,77.42,"WA","S","TF","170601070608",0,0,"{AAC13268-E29C-11E2-8094-0021280458E6}",74,74,"Columbia CD",2261472697.5,"Southeast",2261472697.49992,"Southeast",242550.867209,242550.867208701
"102",8,"Willow Creek",37,"Other Hay/Non Alfalfa",1,0.222394,"Columbia","170601070607",19131.3377015236,"huc12","{D86BCF53-34A3-4B59-9B19-65FD99869F06}",NA,NA,NA,NA,2013-01-17 23:09:21,NA,19131.41,77.42,"WA","S","TF","170601070608",0,0,"{AAC13268-E29C-11E2-8094-0021280458E6}",74,74,"Columbia CD",2261472697.5,"Southeast",2261472697.49992,"Southeast",242550.867209,242550.867208701
"103",8,"Willow Creek",43,"Potatoes",10,2.22394,"Columbia","170601070607",19131.3377015236,"huc12","{D86BCF53-34A3-4B59-9B19-65FD99869F06}",NA,NA,NA,NA,2013-01-17 23:09:21,NA,19131.41,77.42,"WA","S","TF","170601070608",0,0,"{AAC13268-E29C-11E2-8094-0021280458E6}",74,74,"Columbia CD",2261472697.5,"Southeast",2261472697.49992,"Southeast",242550.867209,242550.867208701
"104",8,"Willow Creek",51,"Chick Peas",816,181.473504,"Columbia","170601070607",19131.3377015236,"huc12","{D86BCF53-34A3-4B59-9B19-65FD99869F06}",NA,NA,NA,NA,2013-01-17 23:09:21,NA,19131.41,77.42,"WA","S","TF","170601070608",0,0,"{AAC13268-E29C-11E2-8094-0021280458E6}",74,74,"Columbia CD",2261472697.5,"Southeast",2261472697.49992,"Southeast",242550.867209,242550.867208701
"105",8,"Willow Creek",53,"Peas",6454,1435.330876,"Columbia","170601070607",19131.3377015236,"huc12","{D86BCF53-34A3-4B59-9B19-65FD99869F06}",NA,NA,NA,NA,2013-01-17 23:09:21,NA,19131.41,77.42,"WA","S","TF","170601070608",0,0,"{AAC13268-E29C-11E2-8094-0021280458E6}",74,74,"Columbia CD",2261472697.5,"Southeast",2261472697.49992,"Southeast",242550.867209,242550.867208701
"106",8,"Willow Creek",61,"Fallow/Idle Cropland",7010,1558.98194,"Columbia","170601070607",19131.3377015236,"huc12","{D86BCF53-34A3-4B59-9B19-65FD99869F06}",NA,NA,NA,NA,2013-01-17 23:09:21,NA,19131.41,77.42,"WA","S","TF","170601070608",0,0,"{AAC13268-E29C-11E2-8094-0021280458E6}",74,74,"Columbia CD",2261472697.5,"Southeast",2261472697.49992,"Southeast",242550.867209,242550.867208701
"107",8,"Willow Creek",67,"Peaches",1,0.222394,"Columbia","170601070607",19131.3377015236,"huc12","{D86BCF53-34A3-4B59-9B19-65FD99869F06}",NA,NA,NA,NA,2013-01-17 23:09:21,NA,19131.41,77.42,"WA","S","TF","170601070608",0,0,"{AAC13268-E29C-11E2-8094-0021280458E6}",74,74,"Columbia CD",2261472697.5,"Southeast",2261472697.49992,"Southeast",242550.867209,242550.867208701
"108",8,"Willow Creek",68,"Apples",14,3.113516,"Columbia","170601070607",19131.3377015236,"huc12","{D86BCF53-34A3-4B59-9B19-65FD99869F06}",NA,NA,NA,NA,2013-01-17 23:09:21,NA,19131.41,77.42,"WA","S","TF","170601070608",0,0,"{AAC13268-E29C-11E2-8094-0021280458E6}",74,74,"Columbia CD",2261472697.5,"Southeast",2261472697.49992,"Southeast",242550.867209,242550.867208701
"109",8,"Willow Creek",69,"Grapes",3,0.667182,"Columbia","170601070607",19131.3377015236,"huc12","{D86BCF53-34A3-4B59-9B19-65FD99869F06}",NA,NA,NA,NA,2013-01-17 23:09:21,NA,19131.41,77.42,"WA","S","TF","170601070608",0,0,"{AAC13268-E29C-11E2-8094-0021280458E6}",74,74,"Columbia CD",2261472697.5,"Southeast",2261472697.49992,"Southeast",242550.867209,242550.867208701
"110",8,"Willow Creek",70,"Christmas Trees",7,1.556758,"Columbia","170601070607",19131.3377015236,"huc12","{D86BCF53-34A3-4B59-9B19-65FD99869F06}",NA,NA,NA,NA,2013-01-17 23:09:21,NA,19131.41,77.42,"WA","S","TF","170601070608",0,0,"{AAC13268-E29C-11E2-8094-0021280458E6}",74,74,"Columbia CD",2261472697.5,"Southeast",2261472697.49992,"Southeast",242550.867209,242550.867208701
"111",8,"Willow Creek",77,"Pears",2,0.444788,"Columbia","170601070607",19131.3377015236,"huc12","{D86BCF53-34A3-4B59-9B19-65FD99869F06}",NA,NA,NA,NA,2013-01-17 23:09:21,NA,19131.41,77.42,"WA","S","TF","170601070608",0,0,"{AAC13268-E29C-11E2-8094-0021280458E6}",74,74,"Columbia CD",2261472697.5,"Southeast",2261472697.49992,"Southeast",242550.867209,242550.867208701
"112",8,"Willow Creek",121,"Developed/Open Space",629,139.885826,"Columbia","170601070607",19131.3377015236,"huc12","{D86BCF53-34A3-4B59-9B19-65FD99869F06}",NA,NA,NA,NA,2013-01-17 23:09:21,NA,19131.41,77.42,"WA","S","TF","170601070608",0,0,"{AAC13268-E29C-11E2-8094-0021280458E6}",74,74,"Columbia CD",2261472697.5,"Southeast",2261472697.49992,"Southeast",242550.867209,242550.867208701
"113",8,"Willow Creek",122,"Developed/Low Intensity",323,71.833262,"Columbia","170601070607",19131.3377015236,"huc12","{D86BCF53-34A3-4B59-9B19-65FD99869F06}",NA,NA,NA,NA,2013-01-17 23:09:21,NA,19131.41,77.42,"WA","S","TF","170601070608",0,0,"{AAC13268-E29C-11E2-8094-0021280458E6}",74,74,"Columbia CD",2261472697.5,"Southeast",2261472697.49992,"Southeast",242550.867209,242550.867208701
"114",8,"Willow Creek",123,"Developed/Med Intensity",30,6.67182,"Columbia","170601070607",19131.3377015236,"huc12","{D86BCF53-34A3-4B59-9B19-65FD99869F06}",NA,NA,NA,NA,2013-01-17 23:09:21,NA,19131.41,77.42,"WA","S","TF","170601070608",0,0,"{AAC13268-E29C-11E2-8094-0021280458E6}",74,74,"Columbia CD",2261472697.5,"Southeast",2261472697.49992,"Southeast",242550.867209,242550.867208701
"115",8,"Willow Creek",124,"Developed/High Intensity",11,2.446334,"Columbia","170601070607",19131.3377015236,"huc12","{D86BCF53-34A3-4B59-9B19-65FD99869F06}",NA,NA,NA,NA,2013-01-17 23:09:21,NA,19131.41,77.42,"WA","S","TF","170601070608",0,0,"{AAC13268-E29C-11E2-8094-0021280458E6}",74,74,"Columbia CD",2261472697.5,"Southeast",2261472697.49992,"Southeast",242550.867209,242550.867208701
"116",8,"Willow Creek",131,"Barren",8,1.779152,"Columbia","170601070607",19131.3377015236,"huc12","{D86BCF53-34A3-4B59-9B19-65FD99869F06}",NA,NA,NA,NA,2013-01-17 23:09:21,NA,19131.41,77.42,"WA","S","TF","170601070608",0,0,"{AAC13268-E29C-11E2-8094-0021280458E6}",74,74,"Columbia CD",2261472697.5,"Southeast",2261472697.49992,"Southeast",242550.867209,242550.867208701
"117",8,"Willow Creek",142,"Evergreen Forest",145,32.24713,"Columbia","170601070607",19131.3377015236,"huc12","{D86BCF53-34A3-4B59-9B19-65FD99869F06}",NA,NA,NA,NA,2013-01-17 23:09:21,NA,19131.41,77.42,"WA","S","TF","170601070608",0,0,"{AAC13268-E29C-11E2-8094-0021280458E6}",74,74,"Columbia CD",2261472697.5,"Southeast",2261472697.49992,"Southeast",242550.867209,242550.867208701
"118",8,"Willow Creek",152,"Shrubland",1486,330.477484,"Columbia","170601070607",19131.3377015236,"huc12","{D86BCF53-34A3-4B59-9B19-65FD99869F06}",NA,NA,NA,NA,2013-01-17 23:09:21,NA,19131.41,77.42,"WA","S","TF","170601070608",0,0,"{AAC13268-E29C-11E2-8094-0021280458E6}",74,74,"Columbia CD",2261472697.5,"Southeast",2261472697.49992,"Southeast",242550.867209,242550.867208701
"119",8,"Willow Creek",176,"Grassland/Pasture",37040,8237.47376,"Columbia","170601070607",19131.3377015236,"huc12","{D86BCF53-34A3-4B59-9B19-65FD99869F06}",NA,NA,NA,NA,2013-01-17 23:09:21,NA,19131.41,77.42,"WA","S","TF","170601070608",0,0,"{AAC13268-E29C-11E2-8094-0021280458E6}",74,74,"Columbia CD",2261472697.5,"Southeast",2261472697.49992,"Southeast",242550.867209,242550.867208701
"120",8,"Willow Creek",195,"Herbaceous Wetlands",1,0.222394,"Columbia","170601070607",19131.3377015236,"huc12","{D86BCF53-34A3-4B59-9B19-65FD99869F06}",NA,NA,NA,NA,2013-01-17 23:09:21,NA,19131.41,77.42,"WA","S","TF","170601070608",0,0,"{AAC13268-E29C-11E2-8094-0021280458E6}",74,74,"Columbia CD",2261472697.5,"Southeast",2261472697.49992,"Southeast",242550.867209,242550.867208701
"121",9,"Town of Marengo-Tucannon River",1,"Corn",172,38.251768,"Columbia","170601070608",21183.27763852,"huc12","{955C3936-4D7A-4F9B-862C-6C7AA0DF986C}",NA,NA,NA,NA,2013-01-17 23:09:21,NA,23039.65,93.24,"WA","S","TF","170601070701",0,0,"{AAC15144-E29C-11E2-8094-0021280458E6}",74,74,"Columbia CD",2261472697.5,"Southeast",2261472697.49992,"Southeast",242550.867209,242550.867208701
"122",9,"Town of Marengo-Tucannon River",5,"Soybeans",8,1.779152,"Columbia","170601070608",21183.27763852,"huc12","{955C3936-4D7A-4F9B-862C-6C7AA0DF986C}",NA,NA,NA,NA,2013-01-17 23:09:21,NA,23039.65,93.24,"WA","S","TF","170601070701",0,0,"{AAC15144-E29C-11E2-8094-0021280458E6}",74,74,"Columbia CD",2261472697.5,"Southeast",2261472697.49992,"Southeast",242550.867209,242550.867208701
"123",9,"Town of Marengo-Tucannon River",21,"Barley",5,1.11197,"Columbia","170601070608",21183.27763852,"huc12","{955C3936-4D7A-4F9B-862C-6C7AA0DF986C}",NA,NA,NA,NA,2013-01-17 23:09:21,NA,23039.65,93.24,"WA","S","TF","170601070701",0,0,"{AAC15144-E29C-11E2-8094-0021280458E6}",74,74,"Columbia CD",2261472697.5,"Southeast",2261472697.49992,"Southeast",242550.867209,242550.867208701
"124",9,"Town of Marengo-Tucannon River",23,"Spring Wheat",1799,400.086806,"Columbia","170601070608",21183.27763852,"huc12","{955C3936-4D7A-4F9B-862C-6C7AA0DF986C}",NA,NA,NA,NA,2013-01-17 23:09:21,NA,23039.65,93.24,"WA","S","TF","170601070701",0,0,"{AAC15144-E29C-11E2-8094-0021280458E6}",74,74,"Columbia CD",2261472697.5,"Southeast",2261472697.49992,"Southeast",242550.867209,242550.867208701
"125",9,"Town of Marengo-Tucannon River",24,"Winter Wheat",6025,1339.92385,"Columbia","170601070608",21183.27763852,"huc12","{955C3936-4D7A-4F9B-862C-6C7AA0DF986C}",NA,NA,NA,NA,2013-01-17 23:09:21,NA,23039.65,93.24,"WA","S","TF","170601070701",0,0,"{AAC15144-E29C-11E2-8094-0021280458E6}",74,74,"Columbia CD",2261472697.5,"Southeast",2261472697.49992,"Southeast",242550.867209,242550.867208701
"126",9,"Town of Marengo-Tucannon River",28,"Oats",1,0.222394,"Columbia","170601070608",21183.27763852,"huc12","{955C3936-4D7A-4F9B-862C-6C7AA0DF986C}",NA,NA,NA,NA,2013-01-17 23:09:21,NA,23039.65,93.24,"WA","S","TF","170601070701",0,0,"{AAC15144-E29C-11E2-8094-0021280458E6}",74,74,"Columbia CD",2261472697.5,"Southeast",2261472697.49992,"Southeast",242550.867209,242550.867208701
"127",9,"Town of Marengo-Tucannon River",31,"Canola",1,0.222394,"Columbia","170601070608",21183.27763852,"huc12","{955C3936-4D7A-4F9B-862C-6C7AA0DF986C}",NA,NA,NA,NA,2013-01-17 23:09:21,NA,23039.65,93.24,"WA","S","TF","170601070701",0,0,"{AAC15144-E29C-11E2-8094-0021280458E6}",74,74,"Columbia CD",2261472697.5,"Southeast",2261472697.49992,"Southeast",242550.867209,242550.867208701
"128",9,"Town of Marengo-Tucannon River",36,"Alfalfa",2639,586.897766,"Columbia","170601070608",21183.27763852,"huc12","{955C3936-4D7A-4F9B-862C-6C7AA0DF986C}",NA,NA,NA,NA,2013-01-17 23:09:21,NA,23039.65,93.24,"WA","S","TF","170601070701",0,0,"{AAC15144-E29C-11E2-8094-0021280458E6}",74,74,"Columbia CD",2261472697.5,"Southeast",2261472697.49992,"Southeast",242550.867209,242550.867208701
"129",9,"Town of Marengo-Tucannon River",37,"Other Hay/Non Alfalfa",78,17.346732,"Columbia","170601070608",21183.27763852,"huc12","{955C3936-4D7A-4F9B-862C-6C7AA0DF986C}",NA,NA,NA,NA,2013-01-17 23:09:21,NA,23039.65,93.24,"WA","S","TF","170601070701",0,0,"{AAC15144-E29C-11E2-8094-0021280458E6}",74,74,"Columbia CD",2261472697.5,"Southeast",2261472697.49992,"Southeast",242550.867209,242550.867208701
"130",9,"Town of Marengo-Tucannon River",43,"Potatoes",4,0.889576,"Columbia","170601070608",21183.27763852,"huc12","{955C3936-4D7A-4F9B-862C-6C7AA0DF986C}",NA,NA,NA,NA,2013-01-17 23:09:21,NA,23039.65,93.24,"WA","S","TF","170601070701",0,0,"{AAC15144-E29C-11E2-8094-0021280458E6}",74,74,"Columbia CD",2261472697.5,"Southeast",2261472697.49992,"Southeast",242550.867209,242550.867208701
"131",9,"Town of Marengo-Tucannon River",51,"Chick Peas",329,73.167626,"Columbia","170601070608",21183.27763852,"huc12","{955C3936-4D7A-4F9B-862C-6C7AA0DF986C}",NA,NA,NA,NA,2013-01-17 23:09:21,NA,23039.65,93.24,"WA","S","TF","170601070701",0,0,"{AAC15144-E29C-11E2-8094-0021280458E6}",74,74,"Columbia CD",2261472697.5,"Southeast",2261472697.49992,"Southeast",242550.867209,242550.867208701
"132",9,"Town of Marengo-Tucannon River",53,"Peas",1722,382.962468,"Columbia","170601070608",21183.27763852,"huc12","{955C3936-4D7A-4F9B-862C-6C7AA0DF986C}",NA,NA,NA,NA,2013-01-17 23:09:21,NA,23039.65,93.24,"WA","S","TF","170601070701",0,0,"{AAC15144-E29C-11E2-8094-0021280458E6}",74,74,"Columbia CD",2261472697.5,"Southeast",2261472697.49992,"Southeast",242550.867209,242550.867208701
"133",9,"Town of Marengo-Tucannon River",59,"Sod/Grass Seed",2,0.444788,"Columbia","170601070608",21183.27763852,"huc12","{955C3936-4D7A-4F9B-862C-6C7AA0DF986C}",NA,NA,NA,NA,2013-01-17 23:09:21,NA,23039.65,93.24,"WA","S","TF","170601070701",0,0,"{AAC15144-E29C-11E2-8094-0021280458E6}",74,74,"Columbia CD",2261472697.5,"Southeast",2261472697.49992,"Southeast",242550.867209,242550.867208701
"134",9,"Town of Marengo-Tucannon River",61,"Fallow/Idle Cropland",7242,1610.577348,"Columbia","170601070608",21183.27763852,"huc12","{955C3936-4D7A-4F9B-862C-6C7AA0DF986C}",NA,NA,NA,NA,2013-01-17 23:09:21,NA,23039.65,93.24,"WA","S","TF","170601070701",0,0,"{AAC15144-E29C-11E2-8094-0021280458E6}",74,74,"Columbia CD",2261472697.5,"Southeast",2261472697.49992,"Southeast",242550.867209,242550.867208701
"135",9,"Town of Marengo-Tucannon River",66,"Cherries",50,11.1197,"Columbia","170601070608",21183.27763852,"huc12","{955C3936-4D7A-4F9B-862C-6C7AA0DF986C}",NA,NA,NA,NA,2013-01-17 23:09:21,NA,23039.65,93.24,"WA","S","TF","170601070701",0,0,"{AAC15144-E29C-11E2-8094-0021280458E6}",74,74,"Columbia CD",2261472697.5,"Southeast",2261472697.49992,"Southeast",242550.867209,242550.867208701
"136",9,"Town of Marengo-Tucannon River",67,"Peaches",245,54.48653,"Columbia","170601070608",21183.27763852,"huc12","{955C3936-4D7A-4F9B-862C-6C7AA0DF986C}",NA,NA,NA,NA,2013-01-17 23:09:21,NA,23039.65,93.24,"WA","S","TF","170601070701",0,0,"{AAC15144-E29C-11E2-8094-0021280458E6}",74,74,"Columbia CD",2261472697.5,"Southeast",2261472697.49992,"Southeast",242550.867209,242550.867208701
"137",9,"Town of Marengo-Tucannon River",68,"Apples",203,45.145982,"Columbia","170601070608",21183.27763852,"huc12","{955C3936-4D7A-4F9B-862C-6C7AA0DF986C}",NA,NA,NA,NA,2013-01-17 23:09:21,NA,23039.65,93.24,"WA","S","TF","170601070701",0,0,"{AAC15144-E29C-11E2-8094-0021280458E6}",74,74,"Columbia CD",2261472697.5,"Southeast",2261472697.49992,"Southeast",242550.867209,242550.867208701
"138",9,"Town of Marengo-Tucannon River",69,"Grapes",100,22.2394,"Columbia","170601070608",21183.27763852,"huc12","{955C3936-4D7A-4F9B-862C-6C7AA0DF986C}",NA,NA,NA,NA,2013-01-17 23:09:21,NA,23039.65,93.24,"WA","S","TF","170601070701",0,0,"{AAC15144-E29C-11E2-8094-0021280458E6}",74,74,"Columbia CD",2261472697.5,"Southeast",2261472697.49992,"Southeast",242550.867209,242550.867208701
"139",9,"Town of Marengo-Tucannon River",70,"Christmas Trees",28,6.227032,"Columbia","170601070608",21183.27763852,"huc12","{955C3936-4D7A-4F9B-862C-6C7AA0DF986C}",NA,NA,NA,NA,2013-01-17 23:09:21,NA,23039.65,93.24,"WA","S","TF","170601070701",0,0,"{AAC15144-E29C-11E2-8094-0021280458E6}",74,74,"Columbia CD",2261472697.5,"Southeast",2261472697.49992,"Southeast",242550.867209,242550.867208701
"140",9,"Town of Marengo-Tucannon River",77,"Pears",40,8.89576,"Columbia","170601070608",21183.27763852,"huc12","{955C3936-4D7A-4F9B-862C-6C7AA0DF986C}",NA,NA,NA,NA,2013-01-17 23:09:21,NA,23039.65,93.24,"WA","S","TF","170601070701",0,0,"{AAC15144-E29C-11E2-8094-0021280458E6}",74,74,"Columbia CD",2261472697.5,"Southeast",2261472697.49992,"Southeast",242550.867209,242550.867208701
"141",9,"Town of Marengo-Tucannon River",111,"Open Water",2,0.444788,"Columbia","170601070608",21183.27763852,"huc12","{955C3936-4D7A-4F9B-862C-6C7AA0DF986C}",NA,NA,NA,NA,2013-01-17 23:09:21,NA,23039.65,93.24,"WA","S","TF","170601070701",0,0,"{AAC15144-E29C-11E2-8094-0021280458E6}",74,74,"Columbia CD",2261472697.5,"Southeast",2261472697.49992,"Southeast",242550.867209,242550.867208701
"142",9,"Town of Marengo-Tucannon River",121,"Developed/Open Space",841,187.033354,"Columbia","170601070608",21183.27763852,"huc12","{955C3936-4D7A-4F9B-862C-6C7AA0DF986C}",NA,NA,NA,NA,2013-01-17 23:09:21,NA,23039.65,93.24,"WA","S","TF","170601070701",0,0,"{AAC15144-E29C-11E2-8094-0021280458E6}",74,74,"Columbia CD",2261472697.5,"Southeast",2261472697.49992,"Southeast",242550.867209,242550.867208701
"143",9,"Town of Marengo-Tucannon River",122,"Developed/Low Intensity",279,62.047926,"Columbia","170601070608",21183.27763852,"huc12","{955C3936-4D7A-4F9B-862C-6C7AA0DF986C}",NA,NA,NA,NA,2013-01-17 23:09:21,NA,23039.65,93.24,"WA","S","TF","170601070701",0,0,"{AAC15144-E29C-11E2-8094-0021280458E6}",74,74,"Columbia CD",2261472697.5,"Southeast",2261472697.49992,"Southeast",242550.867209,242550.867208701
"144",9,"Town of Marengo-Tucannon River",123,"Developed/Med Intensity",36,8.006184,"Columbia","170601070608",21183.27763852,"huc12","{955C3936-4D7A-4F9B-862C-6C7AA0DF986C}",NA,NA,NA,NA,2013-01-17 23:09:21,NA,23039.65,93.24,"WA","S","TF","170601070701",0,0,"{AAC15144-E29C-11E2-8094-0021280458E6}",74,74,"Columbia CD",2261472697.5,"Southeast",2261472697.49992,"Southeast",242550.867209,242550.867208701
"145",9,"Town of Marengo-Tucannon River",124,"Developed/High Intensity",9,2.001546,"Columbia","170601070608",21183.27763852,"huc12","{955C3936-4D7A-4F9B-862C-6C7AA0DF986C}",NA,NA,NA,NA,2013-01-17 23:09:21,NA,23039.65,93.24,"WA","S","TF","170601070701",0,0,"{AAC15144-E29C-11E2-8094-0021280458E6}",74,74,"Columbia CD",2261472697.5,"Southeast",2261472697.49992,"Southeast",242550.867209,242550.867208701
"146",9,"Town of Marengo-Tucannon River",131,"Barren",1,0.222394,"Columbia","170601070608",21183.27763852,"huc12","{955C3936-4D7A-4F9B-862C-6C7AA0DF986C}",NA,NA,NA,NA,2013-01-17 23:09:21,NA,23039.65,93.24,"WA","S","TF","170601070701",0,0,"{AAC15144-E29C-11E2-8094-0021280458E6}",74,74,"Columbia CD",2261472697.5,"Southeast",2261472697.49992,"Southeast",242550.867209,242550.867208701
"147",9,"Town of Marengo-Tucannon River",142,"Evergreen Forest",2106,468.361764,"Columbia","170601070608",21183.27763852,"huc12","{955C3936-4D7A-4F9B-862C-6C7AA0DF986C}",NA,NA,NA,NA,2013-01-17 23:09:21,NA,23039.65,93.24,"WA","S","TF","170601070701",0,0,"{AAC15144-E29C-11E2-8094-0021280458E6}",74,74,"Columbia CD",2261472697.5,"Southeast",2261472697.49992,"Southeast",242550.867209,242550.867208701
"148",9,"Town of Marengo-Tucannon River",143,"Mixed Forest",621,138.106674,"Columbia","170601070608",21183.27763852,"huc12","{955C3936-4D7A-4F9B-862C-6C7AA0DF986C}",NA,NA,NA,NA,2013-01-17 23:09:21,NA,23039.65,93.24,"WA","S","TF","170601070701",0,0,"{AAC15144-E29C-11E2-8094-0021280458E6}",74,74,"Columbia CD",2261472697.5,"Southeast",2261472697.49992,"Southeast",242550.867209,242550.867208701
"149",9,"Town of Marengo-Tucannon River",152,"Shrubland",3538,786.829972,"Columbia","170601070608",21183.27763852,"huc12","{955C3936-4D7A-4F9B-862C-6C7AA0DF986C}",NA,NA,NA,NA,2013-01-17 23:09:21,NA,23039.65,93.24,"WA","S","TF","170601070701",0,0,"{AAC15144-E29C-11E2-8094-0021280458E6}",74,74,"Columbia CD",2261472697.5,"Southeast",2261472697.49992,"Southeast",242550.867209,242550.867208701
"150",9,"Town of Marengo-Tucannon River",176,"Grassland/Pasture",66256,14734.936864,"Columbia","170601070608",21183.27763852,"huc12","{955C3936-4D7A-4F9B-862C-6C7AA0DF986C}",NA,NA,NA,NA,2013-01-17 23:09:21,NA,23039.65,93.24,"WA","S","TF","170601070701",0,0,"{AAC15144-E29C-11E2-8094-0021280458E6}",74,74,"Columbia CD",2261472697.5,"Southeast",2261472697.49992,"Southeast",242550.867209,242550.867208701
"151",9,"Town of Marengo-Tucannon River",190,"Woody Wetlands",457,101.634058,"Columbia","170601070608",21183.27763852,"huc12","{955C3936-4D7A-4F9B-862C-6C7AA0DF986C}",NA,NA,NA,NA,2013-01-17 23:09:21,NA,23039.65,93.24,"WA","S","TF","170601070701",0,0,"{AAC15144-E29C-11E2-8094-0021280458E6}",74,74,"Columbia CD",2261472697.5,"Southeast",2261472697.49992,"Southeast",242550.867209,242550.867208701
"152",9,"Town of Marengo-Tucannon River",195,"Herbaceous Wetlands",19,4.225486,"Columbia","170601070608",21183.27763852,"huc12","{955C3936-4D7A-4F9B-862C-6C7AA0DF986C}",NA,NA,NA,NA,2013-01-17 23:09:21,NA,23039.65,93.24,"WA","S","TF","170601070701",0,0,"{AAC15144-E29C-11E2-8094-0021280458E6}",74,74,"Columbia CD",2261472697.5,"Southeast",2261472697.49992,"Southeast",242550.867209,242550.867208701
"153",9,"Town of Marengo-Tucannon River",205,"Triticale",384,85.399296,"Columbia","170601070608",21183.27763852,"huc12","{955C3936-4D7A-4F9B-862C-6C7AA0DF986C}",NA,NA,NA,NA,2013-01-17 23:09:21,NA,23039.65,93.24,"WA","S","TF","170601070701",0,0,"{AAC15144-E29C-11E2-8094-0021280458E6}",74,74,"Columbia CD",2261472697.5,"Southeast",2261472697.49992,"Southeast",242550.867209,242550.867208701
"154",9,"Town of Marengo-Tucannon River",242,"Blueberries",20,4.44788,"Columbia","170601070608",21183.27763852,"huc12","{955C3936-4D7A-4F9B-862C-6C7AA0DF986C}",NA,NA,NA,NA,2013-01-17 23:09:21,NA,23039.65,93.24,"WA","S","TF","170601070701",0,0,"{AAC15144-E29C-11E2-8094-0021280458E6}",74,74,"Columbia CD",2261472697.5,"Southeast",2261472697.49992,"Southeast",242550.867209,242550.867208701
"155",10,"Smith Hollow-Tucannon River",1,"Corn",4,0.889576,"Columbia","170601070701",16708.2681788243,"huc12","{48656F59-BFB7-4FA2-B2DB-F324466FE938}",NA,NA,NA,NA,2013-01-17 23:09:21,NA,16708.35,67.62,"WA","S","TF","170601070703",0,0,"{AAC168B0-E29C-11E2-8094-0021280458E6}",74,74,"Columbia CD",2261472697.5,"Southeast",2261472697.49992,"Southeast",242550.867209,242550.867208701
"156",10,"Smith Hollow-Tucannon River",5,"Soybeans",5,1.11197,"Columbia","170601070701",16708.2681788243,"huc12","{48656F59-BFB7-4FA2-B2DB-F324466FE938}",NA,NA,NA,NA,2013-01-17 23:09:21,NA,16708.35,67.62,"WA","S","TF","170601070703",0,0,"{AAC168B0-E29C-11E2-8094-0021280458E6}",74,74,"Columbia CD",2261472697.5,"Southeast",2261472697.49992,"Southeast",242550.867209,242550.867208701
"157",10,"Smith Hollow-Tucannon River",21,"Barley",18,4.003092,"Columbia","170601070701",16708.2681788243,"huc12","{48656F59-BFB7-4FA2-B2DB-F324466FE938}",NA,NA,NA,NA,2013-01-17 23:09:21,NA,16708.35,67.62,"WA","S","TF","170601070703",0,0,"{AAC168B0-E29C-11E2-8094-0021280458E6}",74,74,"Columbia CD",2261472697.5,"Southeast",2261472697.49992,"Southeast",242550.867209,242550.867208701
"158",10,"Smith Hollow-Tucannon River",23,"Spring Wheat",3525,783.93885,"Columbia","170601070701",16708.2681788243,"huc12","{48656F59-BFB7-4FA2-B2DB-F324466FE938}",NA,NA,NA,NA,2013-01-17 23:09:21,NA,16708.35,67.62,"WA","S","TF","170601070703",0,0,"{AAC168B0-E29C-11E2-8094-0021280458E6}",74,74,"Columbia CD",2261472697.5,"Southeast",2261472697.49992,"Southeast",242550.867209,242550.867208701
"159",10,"Smith Hollow-Tucannon River",24,"Winter Wheat",16453,3659.048482,"Columbia","170601070701",16708.2681788243,"huc12","{48656F59-BFB7-4FA2-B2DB-F324466FE938}",NA,NA,NA,NA,2013-01-17 23:09:21,NA,16708.35,67.62,"WA","S","TF","170601070703",0,0,"{AAC168B0-E29C-11E2-8094-0021280458E6}",74,74,"Columbia CD",2261472697.5,"Southeast",2261472697.49992,"Southeast",242550.867209,242550.867208701
"160",10,"Smith Hollow-Tucannon River",31,"Canola",63,14.010822,"Columbia","170601070701",16708.2681788243,"huc12","{48656F59-BFB7-4FA2-B2DB-F324466FE938}",NA,NA,NA,NA,2013-01-17 23:09:21,NA,16708.35,67.62,"WA","S","TF","170601070703",0,0,"{AAC168B0-E29C-11E2-8094-0021280458E6}",74,74,"Columbia CD",2261472697.5,"Southeast",2261472697.49992,"Southeast",242550.867209,242550.867208701
"161",10,"Smith Hollow-Tucannon River",36,"Alfalfa",396,88.068024,"Columbia","170601070701",16708.2681788243,"huc12","{48656F59-BFB7-4FA2-B2DB-F324466FE938}",NA,NA,NA,NA,2013-01-17 23:09:21,NA,16708.35,67.62,"WA","S","TF","170601070703",0,0,"{AAC168B0-E29C-11E2-8094-0021280458E6}",74,74,"Columbia CD",2261472697.5,"Southeast",2261472697.49992,"Southeast",242550.867209,242550.867208701
"162",10,"Smith Hollow-Tucannon River",37,"Other Hay/Non Alfalfa",1,0.222394,"Columbia","170601070701",16708.2681788243,"huc12","{48656F59-BFB7-4FA2-B2DB-F324466FE938}",NA,NA,NA,NA,2013-01-17 23:09:21,NA,16708.35,67.62,"WA","S","TF","170601070703",0,0,"{AAC168B0-E29C-11E2-8094-0021280458E6}",74,74,"Columbia CD",2261472697.5,"Southeast",2261472697.49992,"Southeast",242550.867209,242550.867208701
"163",10,"Smith Hollow-Tucannon River",43,"Potatoes",2,0.444788,"Columbia","170601070701",16708.2681788243,"huc12","{48656F59-BFB7-4FA2-B2DB-F324466FE938}",NA,NA,NA,NA,2013-01-17 23:09:21,NA,16708.35,67.62,"WA","S","TF","170601070703",0,0,"{AAC168B0-E29C-11E2-8094-0021280458E6}",74,74,"Columbia CD",2261472697.5,"Southeast",2261472697.49992,"Southeast",242550.867209,242550.867208701
"164",10,"Smith Hollow-Tucannon River",51,"Chick Peas",129,28.688826,"Columbia","170601070701",16708.2681788243,"huc12","{48656F59-BFB7-4FA2-B2DB-F324466FE938}",NA,NA,NA,NA,2013-01-17 23:09:21,NA,16708.35,67.62,"WA","S","TF","170601070703",0,0,"{AAC168B0-E29C-11E2-8094-0021280458E6}",74,74,"Columbia CD",2261472697.5,"Southeast",2261472697.49992,"Southeast",242550.867209,242550.867208701
"165",10,"Smith Hollow-Tucannon River",52,"Lentils",1,0.222394,"Columbia","170601070701",16708.2681788243,"huc12","{48656F59-BFB7-4FA2-B2DB-F324466FE938}",NA,NA,NA,NA,2013-01-17 23:09:21,NA,16708.35,67.62,"WA","S","TF","170601070703",0,0,"{AAC168B0-E29C-11E2-8094-0021280458E6}",74,74,"Columbia CD",2261472697.5,"Southeast",2261472697.49992,"Southeast",242550.867209,242550.867208701
"166",10,"Smith Hollow-Tucannon River",53,"Peas",5634,1252.967796,"Columbia","170601070701",16708.2681788243,"huc12","{48656F59-BFB7-4FA2-B2DB-F324466FE938}",NA,NA,NA,NA,2013-01-17 23:09:21,NA,16708.35,67.62,"WA","S","TF","170601070703",0,0,"{AAC168B0-E29C-11E2-8094-0021280458E6}",74,74,"Columbia CD",2261472697.5,"Southeast",2261472697.49992,"Southeast",242550.867209,242550.867208701
"167",10,"Smith Hollow-Tucannon River",59,"Sod/Grass Seed",1,0.222394,"Columbia","170601070701",16708.2681788243,"huc12","{48656F59-BFB7-4FA2-B2DB-F324466FE938}",NA,NA,NA,NA,2013-01-17 23:09:21,NA,16708.35,67.62,"WA","S","TF","170601070703",0,0,"{AAC168B0-E29C-11E2-8094-0021280458E6}",74,74,"Columbia CD",2261472697.5,"Southeast",2261472697.49992,"Southeast",242550.867209,242550.867208701
"168",10,"Smith Hollow-Tucannon River",61,"Fallow/Idle Cropland",8253,1835.417682,"Columbia","170601070701",16708.2681788243,"huc12","{48656F59-BFB7-4FA2-B2DB-F324466FE938}",NA,NA,NA,NA,2013-01-17 23:09:21,NA,16708.35,67.62,"WA","S","TF","170601070703",0,0,"{AAC168B0-E29C-11E2-8094-0021280458E6}",74,74,"Columbia CD",2261472697.5,"Southeast",2261472697.49992,"Southeast",242550.867209,242550.867208701
"169",10,"Smith Hollow-Tucannon River",66,"Cherries",3,0.667182,"Columbia","170601070701",16708.2681788243,"huc12","{48656F59-BFB7-4FA2-B2DB-F324466FE938}",NA,NA,NA,NA,2013-01-17 23:09:21,NA,16708.35,67.62,"WA","S","TF","170601070703",0,0,"{AAC168B0-E29C-11E2-8094-0021280458E6}",74,74,"Columbia CD",2261472697.5,"Southeast",2261472697.49992,"Southeast",242550.867209,242550.867208701
"170",10,"Smith Hollow-Tucannon River",67,"Peaches",77,17.124338,"Columbia","170601070701",16708.2681788243,"huc12","{48656F59-BFB7-4FA2-B2DB-F324466FE938}",NA,NA,NA,NA,2013-01-17 23:09:21,NA,16708.35,67.62,"WA","S","TF","170601070703",0,0,"{AAC168B0-E29C-11E2-8094-0021280458E6}",74,74,"Columbia CD",2261472697.5,"Southeast",2261472697.49992,"Southeast",242550.867209,242550.867208701
"171",10,"Smith Hollow-Tucannon River",68,"Apples",43,9.562942,"Columbia","170601070701",16708.2681788243,"huc12","{48656F59-BFB7-4FA2-B2DB-F324466FE938}",NA,NA,NA,NA,2013-01-17 23:09:21,NA,16708.35,67.62,"WA","S","TF","170601070703",0,0,"{AAC168B0-E29C-11E2-8094-0021280458E6}",74,74,"Columbia CD",2261472697.5,"Southeast",2261472697.49992,"Southeast",242550.867209,242550.867208701
"172",10,"Smith Hollow-Tucannon River",69,"Grapes",85,18.90349,"Columbia","170601070701",16708.2681788243,"huc12","{48656F59-BFB7-4FA2-B2DB-F324466FE938}",NA,NA,NA,NA,2013-01-17 23:09:21,NA,16708.35,67.62,"WA","S","TF","170601070703",0,0,"{AAC168B0-E29C-11E2-8094-0021280458E6}",74,74,"Columbia CD",2261472697.5,"Southeast",2261472697.49992,"Southeast",242550.867209,242550.867208701
"173",10,"Smith Hollow-Tucannon River",70,"Christmas Trees",38,8.450972,"Columbia","170601070701",16708.2681788243,"huc12","{48656F59-BFB7-4FA2-B2DB-F324466FE938}",NA,NA,NA,NA,2013-01-17 23:09:21,NA,16708.35,67.62,"WA","S","TF","170601070703",0,0,"{AAC168B0-E29C-11E2-8094-0021280458E6}",74,74,"Columbia CD",2261472697.5,"Southeast",2261472697.49992,"Southeast",242550.867209,242550.867208701
"174",10,"Smith Hollow-Tucannon River",77,"Pears",19,4.225486,"Columbia","170601070701",16708.2681788243,"huc12","{48656F59-BFB7-4FA2-B2DB-F324466FE938}",NA,NA,NA,NA,2013-01-17 23:09:21,NA,16708.35,67.62,"WA","S","TF","170601070703",0,0,"{AAC168B0-E29C-11E2-8094-0021280458E6}",74,74,"Columbia CD",2261472697.5,"Southeast",2261472697.49992,"Southeast",242550.867209,242550.867208701
"175",10,"Smith Hollow-Tucannon River",121,"Developed/Open Space",498,110.752212,"Columbia","170601070701",16708.2681788243,"huc12","{48656F59-BFB7-4FA2-B2DB-F324466FE938}",NA,NA,NA,NA,2013-01-17 23:09:21,NA,16708.35,67.62,"WA","S","TF","170601070703",0,0,"{AAC168B0-E29C-11E2-8094-0021280458E6}",74,74,"Columbia CD",2261472697.5,"Southeast",2261472697.49992,"Southeast",242550.867209,242550.867208701
"176",10,"Smith Hollow-Tucannon River",122,"Developed/Low Intensity",272,60.491168,"Columbia","170601070701",16708.2681788243,"huc12","{48656F59-BFB7-4FA2-B2DB-F324466FE938}",NA,NA,NA,NA,2013-01-17 23:09:21,NA,16708.35,67.62,"WA","S","TF","170601070703",0,0,"{AAC168B0-E29C-11E2-8094-0021280458E6}",74,74,"Columbia CD",2261472697.5,"Southeast",2261472697.49992,"Southeast",242550.867209,242550.867208701
"177",10,"Smith Hollow-Tucannon River",123,"Developed/Med Intensity",21,4.670274,"Columbia","170601070701",16708.2681788243,"huc12","{48656F59-BFB7-4FA2-B2DB-F324466FE938}",NA,NA,NA,NA,2013-01-17 23:09:21,NA,16708.35,67.62,"WA","S","TF","170601070703",0,0,"{AAC168B0-E29C-11E2-8094-0021280458E6}",74,74,"Columbia CD",2261472697.5,"Southeast",2261472697.49992,"Southeast",242550.867209,242550.867208701
"178",10,"Smith Hollow-Tucannon River",124,"Developed/High Intensity",5,1.11197,"Columbia","170601070701",16708.2681788243,"huc12","{48656F59-BFB7-4FA2-B2DB-F324466FE938}",NA,NA,NA,NA,2013-01-17 23:09:21,NA,16708.35,67.62,"WA","S","TF","170601070703",0,0,"{AAC168B0-E29C-11E2-8094-0021280458E6}",74,74,"Columbia CD",2261472697.5,"Southeast",2261472697.49992,"Southeast",242550.867209,242550.867208701
"179",10,"Smith Hollow-Tucannon River",142,"Evergreen Forest",548,121.871912,"Columbia","170601070701",16708.2681788243,"huc12","{48656F59-BFB7-4FA2-B2DB-F324466FE938}",NA,NA,NA,NA,2013-01-17 23:09:21,NA,16708.35,67.62,"WA","S","TF","170601070703",0,0,"{AAC168B0-E29C-11E2-8094-0021280458E6}",74,74,"Columbia CD",2261472697.5,"Southeast",2261472697.49992,"Southeast",242550.867209,242550.867208701
"180",10,"Smith Hollow-Tucannon River",143,"Mixed Forest",5,1.11197,"Columbia","170601070701",16708.2681788243,"huc12","{48656F59-BFB7-4FA2-B2DB-F324466FE938}",NA,NA,NA,NA,2013-01-17 23:09:21,NA,16708.35,67.62,"WA","S","TF","170601070703",0,0,"{AAC168B0-E29C-11E2-8094-0021280458E6}",74,74,"Columbia CD",2261472697.5,"Southeast",2261472697.49992,"Southeast",242550.867209,242550.867208701
"181",10,"Smith Hollow-Tucannon River",152,"Shrubland",362,80.506628,"Columbia","170601070701",16708.2681788243,"huc12","{48656F59-BFB7-4FA2-B2DB-F324466FE938}",NA,NA,NA,NA,2013-01-17 23:09:21,NA,16708.35,67.62,"WA","S","TF","170601070703",0,0,"{AAC168B0-E29C-11E2-8094-0021280458E6}",74,74,"Columbia CD",2261472697.5,"Southeast",2261472697.49992,"Southeast",242550.867209,242550.867208701
"182",10,"Smith Hollow-Tucannon River",176,"Grassland/Pasture",38424,8545.267056,"Columbia","170601070701",16708.2681788243,"huc12","{48656F59-BFB7-4FA2-B2DB-F324466FE938}",NA,NA,NA,NA,2013-01-17 23:09:21,NA,16708.35,67.62,"WA","S","TF","170601070703",0,0,"{AAC168B0-E29C-11E2-8094-0021280458E6}",74,74,"Columbia CD",2261472697.5,"Southeast",2261472697.49992,"Southeast",242550.867209,242550.867208701
"183",10,"Smith Hollow-Tucannon River",190,"Woody Wetlands",126,28.021644,"Columbia","170601070701",16708.2681788243,"huc12","{48656F59-BFB7-4FA2-B2DB-F324466FE938}",NA,NA,NA,NA,2013-01-17 23:09:21,NA,16708.35,67.62,"WA","S","TF","170601070703",0,0,"{AAC168B0-E29C-11E2-8094-0021280458E6}",74,74,"Columbia CD",2261472697.5,"Southeast",2261472697.49992,"Southeast",242550.867209,242550.867208701
"184",10,"Smith Hollow-Tucannon River",195,"Herbaceous Wetlands",5,1.11197,"Columbia","170601070701",16708.2681788243,"huc12","{48656F59-BFB7-4FA2-B2DB-F324466FE938}",NA,NA,NA,NA,2013-01-17 23:09:21,NA,16708.35,67.62,"WA","S","TF","170601070703",0,0,"{AAC168B0-E29C-11E2-8094-0021280458E6}",74,74,"Columbia CD",2261472697.5,"Southeast",2261472697.49992,"Southeast",242550.867209,242550.867208701
"185",10,"Smith Hollow-Tucannon River",205,"Triticale",97,21.572218,"Columbia","170601070701",16708.2681788243,"huc12","{48656F59-BFB7-4FA2-B2DB-F324466FE938}",NA,NA,NA,NA,2013-01-17 23:09:21,NA,16708.35,67.62,"WA","S","TF","170601070703",0,0,"{AAC168B0-E29C-11E2-8094-0021280458E6}",74,74,"Columbia CD",2261472697.5,"Southeast",2261472697.49992,"Southeast",242550.867209,242550.867208701
"186",11,"Kellogg Creek",1,"Corn",5,1.11197,"Columbia","170601070702",22102.34304913,"huc12","{9675C129-9858-4905-BE81-A9DC3D43FF09}","{140A8DBC-2B30-4291-97E8-972BD34A119B}",NA,NA,NA,2016-03-22 09:51:56,NA,22102.41,89.45,"WA","S","TF","170601070704",0,0,"{AAC1880A-E29C-11E2-8094-0021280458E6}",74,74,"Columbia CD",2261472697.5,"Southeast",2261472697.49992,"Southeast",242550.867209,242550.867208701
"187",11,"Kellogg Creek",21,"Barley",2,0.444788,"Columbia","170601070702",22102.34304913,"huc12","{9675C129-9858-4905-BE81-A9DC3D43FF09}","{140A8DBC-2B30-4291-97E8-972BD34A119B}",NA,NA,NA,2016-03-22 09:51:56,NA,22102.41,89.45,"WA","S","TF","170601070704",0,0,"{AAC1880A-E29C-11E2-8094-0021280458E6}",74,74,"Columbia CD",2261472697.5,"Southeast",2261472697.49992,"Southeast",242550.867209,242550.867208701
"188",11,"Kellogg Creek",23,"Spring Wheat",10218,2272.421892,"Columbia","170601070702",22102.34304913,"huc12","{9675C129-9858-4905-BE81-A9DC3D43FF09}","{140A8DBC-2B30-4291-97E8-972BD34A119B}",NA,NA,NA,2016-03-22 09:51:56,NA,22102.41,89.45,"WA","S","TF","170601070704",0,0,"{AAC1880A-E29C-11E2-8094-0021280458E6}",74,74,"Columbia CD",2261472697.5,"Southeast",2261472697.49992,"Southeast",242550.867209,242550.867208701
"189",11,"Kellogg Creek",24,"Winter Wheat",21484,4777.912696,"Columbia","170601070702",22102.34304913,"huc12","{9675C129-9858-4905-BE81-A9DC3D43FF09}","{140A8DBC-2B30-4291-97E8-972BD34A119B}",NA,NA,NA,2016-03-22 09:51:56,NA,22102.41,89.45,"WA","S","TF","170601070704",0,0,"{AAC1880A-E29C-11E2-8094-0021280458E6}",74,74,"Columbia CD",2261472697.5,"Southeast",2261472697.49992,"Southeast",242550.867209,242550.867208701
"190",11,"Kellogg Creek",31,"Canola",4,0.889576,"Columbia","170601070702",22102.34304913,"huc12","{9675C129-9858-4905-BE81-A9DC3D43FF09}","{140A8DBC-2B30-4291-97E8-972BD34A119B}",NA,NA,NA,2016-03-22 09:51:56,NA,22102.41,89.45,"WA","S","TF","170601070704",0,0,"{AAC1880A-E29C-11E2-8094-0021280458E6}",74,74,"Columbia CD",2261472697.5,"Southeast",2261472697.49992,"Southeast",242550.867209,242550.867208701
"191",11,"Kellogg Creek",36,"Alfalfa",2,0.444788,"Columbia","170601070702",22102.34304913,"huc12","{9675C129-9858-4905-BE81-A9DC3D43FF09}","{140A8DBC-2B30-4291-97E8-972BD34A119B}",NA,NA,NA,2016-03-22 09:51:56,NA,22102.41,89.45,"WA","S","TF","170601070704",0,0,"{AAC1880A-E29C-11E2-8094-0021280458E6}",74,74,"Columbia CD",2261472697.5,"Southeast",2261472697.49992,"Southeast",242550.867209,242550.867208701
"192",11,"Kellogg Creek",51,"Chick Peas",360,80.06184,"Columbia","170601070702",22102.34304913,"huc12","{9675C129-9858-4905-BE81-A9DC3D43FF09}","{140A8DBC-2B30-4291-97E8-972BD34A119B}",NA,NA,NA,2016-03-22 09:51:56,NA,22102.41,89.45,"WA","S","TF","170601070704",0,0,"{AAC1880A-E29C-11E2-8094-0021280458E6}",74,74,"Columbia CD",2261472697.5,"Southeast",2261472697.49992,"Southeast",242550.867209,242550.867208701
"193",11,"Kellogg Creek",53,"Peas",5564,1237.400216,"Columbia","170601070702",22102.34304913,"huc12","{9675C129-9858-4905-BE81-A9DC3D43FF09}","{140A8DBC-2B30-4291-97E8-972BD34A119B}",NA,NA,NA,2016-03-22 09:51:56,NA,22102.41,89.45,"WA","S","TF","170601070704",0,0,"{AAC1880A-E29C-11E2-8094-0021280458E6}",74,74,"Columbia CD",2261472697.5,"Southeast",2261472697.49992,"Southeast",242550.867209,242550.867208701
"194",11,"Kellogg Creek",59,"Sod/Grass Seed",8,1.779152,"Columbia","170601070702",22102.34304913,"huc12","{9675C129-9858-4905-BE81-A9DC3D43FF09}","{140A8DBC-2B30-4291-97E8-972BD34A119B}",NA,NA,NA,2016-03-22 09:51:56,NA,22102.41,89.45,"WA","S","TF","170601070704",0,0,"{AAC1880A-E29C-11E2-8094-0021280458E6}",74,74,"Columbia CD",2261472697.5,"Southeast",2261472697.49992,"Southeast",242550.867209,242550.867208701
"195",11,"Kellogg Creek",61,"Fallow/Idle Cropland",7897,1756.245418,"Columbia","170601070702",22102.34304913,"huc12","{9675C129-9858-4905-BE81-A9DC3D43FF09}","{140A8DBC-2B30-4291-97E8-972BD34A119B}",NA,NA,NA,2016-03-22 09:51:56,NA,22102.41,89.45,"WA","S","TF","170601070704",0,0,"{AAC1880A-E29C-11E2-8094-0021280458E6}",74,74,"Columbia CD",2261472697.5,"Southeast",2261472697.49992,"Southeast",242550.867209,242550.867208701
"196",11,"Kellogg Creek",67,"Peaches",5,1.11197,"Columbia","170601070702",22102.34304913,"huc12","{9675C129-9858-4905-BE81-A9DC3D43FF09}","{140A8DBC-2B30-4291-97E8-972BD34A119B}",NA,NA,NA,2016-03-22 09:51:56,NA,22102.41,89.45,"WA","S","TF","170601070704",0,0,"{AAC1880A-E29C-11E2-8094-0021280458E6}",74,74,"Columbia CD",2261472697.5,"Southeast",2261472697.49992,"Southeast",242550.867209,242550.867208701
"197",11,"Kellogg Creek",68,"Apples",23,5.115062,"Columbia","170601070702",22102.34304913,"huc12","{9675C129-9858-4905-BE81-A9DC3D43FF09}","{140A8DBC-2B30-4291-97E8-972BD34A119B}",NA,NA,NA,2016-03-22 09:51:56,NA,22102.41,89.45,"WA","S","TF","170601070704",0,0,"{AAC1880A-E29C-11E2-8094-0021280458E6}",74,74,"Columbia CD",2261472697.5,"Southeast",2261472697.49992,"Southeast",242550.867209,242550.867208701
"198",11,"Kellogg Creek",69,"Grapes",37,8.228578,"Columbia","170601070702",22102.34304913,"huc12","{9675C129-9858-4905-BE81-A9DC3D43FF09}","{140A8DBC-2B30-4291-97E8-972BD34A119B}",NA,NA,NA,2016-03-22 09:51:56,NA,22102.41,89.45,"WA","S","TF","170601070704",0,0,"{AAC1880A-E29C-11E2-8094-0021280458E6}",74,74,"Columbia CD",2261472697.5,"Southeast",2261472697.49992,"Southeast",242550.867209,242550.867208701
"199",11,"Kellogg Creek",70,"Christmas Trees",7,1.556758,"Columbia","170601070702",22102.34304913,"huc12","{9675C129-9858-4905-BE81-A9DC3D43FF09}","{140A8DBC-2B30-4291-97E8-972BD34A119B}",NA,NA,NA,2016-03-22 09:51:56,NA,22102.41,89.45,"WA","S","TF","170601070704",0,0,"{AAC1880A-E29C-11E2-8094-0021280458E6}",74,74,"Columbia CD",2261472697.5,"Southeast",2261472697.49992,"Southeast",242550.867209,242550.867208701
"200",11,"Kellogg Creek",121,"Developed/Open Space",643,142.999342,"Columbia","170601070702",22102.34304913,"huc12","{9675C129-9858-4905-BE81-A9DC3D43FF09}","{140A8DBC-2B30-4291-97E8-972BD34A119B}",NA,NA,NA,2016-03-22 09:51:56,NA,22102.41,89.45,"WA","S","TF","170601070704",0,0,"{AAC1880A-E29C-11E2-8094-0021280458E6}",74,74,"Columbia CD",2261472697.5,"Southeast",2261472697.49992,"Southeast",242550.867209,242550.867208701
"201",11,"Kellogg Creek",122,"Developed/Low Intensity",330,73.39002,"Columbia","170601070702",22102.34304913,"huc12","{9675C129-9858-4905-BE81-A9DC3D43FF09}","{140A8DBC-2B30-4291-97E8-972BD34A119B}",NA,NA,NA,2016-03-22 09:51:56,NA,22102.41,89.45,"WA","S","TF","170601070704",0,0,"{AAC1880A-E29C-11E2-8094-0021280458E6}",74,74,"Columbia CD",2261472697.5,"Southeast",2261472697.49992,"Southeast",242550.867209,242550.867208701
"202",11,"Kellogg Creek",123,"Developed/Med Intensity",38,8.450972,"Columbia","170601070702",22102.34304913,"huc12","{9675C129-9858-4905-BE81-A9DC3D43FF09}","{140A8DBC-2B30-4291-97E8-972BD34A119B}",NA,NA,NA,2016-03-22 09:51:56,NA,22102.41,89.45,"WA","S","TF","170601070704",0,0,"{AAC1880A-E29C-11E2-8094-0021280458E6}",74,74,"Columbia CD",2261472697.5,"Southeast",2261472697.49992,"Southeast",242550.867209,242550.867208701
"203",11,"Kellogg Creek",124,"Developed/High Intensity",10,2.22394,"Columbia","170601070702",22102.34304913,"huc12","{9675C129-9858-4905-BE81-A9DC3D43FF09}","{140A8DBC-2B30-4291-97E8-972BD34A119B}",NA,NA,NA,2016-03-22 09:51:56,NA,22102.41,89.45,"WA","S","TF","170601070704",0,0,"{AAC1880A-E29C-11E2-8094-0021280458E6}",74,74,"Columbia CD",2261472697.5,"Southeast",2261472697.49992,"Southeast",242550.867209,242550.867208701
"204",11,"Kellogg Creek",131,"Barren",1,0.222394,"Columbia","170601070702",22102.34304913,"huc12","{9675C129-9858-4905-BE81-A9DC3D43FF09}","{140A8DBC-2B30-4291-97E8-972BD34A119B}",NA,NA,NA,2016-03-22 09:51:56,NA,22102.41,89.45,"WA","S","TF","170601070704",0,0,"{AAC1880A-E29C-11E2-8094-0021280458E6}",74,74,"Columbia CD",2261472697.5,"Southeast",2261472697.49992,"Southeast",242550.867209,242550.867208701
"205",11,"Kellogg Creek",142,"Evergreen Forest",293,65.161442,"Columbia","170601070702",22102.34304913,"huc12","{9675C129-9858-4905-BE81-A9DC3D43FF09}","{140A8DBC-2B30-4291-97E8-972BD34A119B}",NA,NA,NA,2016-03-22 09:51:56,NA,22102.41,89.45,"WA","S","TF","170601070704",0,0,"{AAC1880A-E29C-11E2-8094-0021280458E6}",74,74,"Columbia CD",2261472697.5,"Southeast",2261472697.49992,"Southeast",242550.867209,242550.867208701
"206",11,"Kellogg Creek",143,"Mixed Forest",5,1.11197,"Columbia","170601070702",22102.34304913,"huc12","{9675C129-9858-4905-BE81-A9DC3D43FF09}","{140A8DBC-2B30-4291-97E8-972BD34A119B}",NA,NA,NA,2016-03-22 09:51:56,NA,22102.41,89.45,"WA","S","TF","170601070704",0,0,"{AAC1880A-E29C-11E2-8094-0021280458E6}",74,74,"Columbia CD",2261472697.5,"Southeast",2261472697.49992,"Southeast",242550.867209,242550.867208701
"207",11,"Kellogg Creek",152,"Shrubland",233,51.817802,"Columbia","170601070702",22102.34304913,"huc12","{9675C129-9858-4905-BE81-A9DC3D43FF09}","{140A8DBC-2B30-4291-97E8-972BD34A119B}",NA,NA,NA,2016-03-22 09:51:56,NA,22102.41,89.45,"WA","S","TF","170601070704",0,0,"{AAC1880A-E29C-11E2-8094-0021280458E6}",74,74,"Columbia CD",2261472697.5,"Southeast",2261472697.49992,"Southeast",242550.867209,242550.867208701
"208",11,"Kellogg Creek",176,"Grassland/Pasture",52095,11585.61543,"Columbia","170601070702",22102.34304913,"huc12","{9675C129-9858-4905-BE81-A9DC3D43FF09}","{140A8DBC-2B30-4291-97E8-972BD34A119B}",NA,NA,NA,2016-03-22 09:51:56,NA,22102.41,89.45,"WA","S","TF","170601070704",0,0,"{AAC1880A-E29C-11E2-8094-0021280458E6}",74,74,"Columbia CD",2261472697.5,"Southeast",2261472697.49992,"Southeast",242550.867209,242550.867208701
"209",11,"Kellogg Creek",190,"Woody Wetlands",24,5.337456,"Columbia","170601070702",22102.34304913,"huc12","{9675C129-9858-4905-BE81-A9DC3D43FF09}","{140A8DBC-2B30-4291-97E8-972BD34A119B}",NA,NA,NA,2016-03-22 09:51:56,NA,22102.41,89.45,"WA","S","TF","170601070704",0,0,"{AAC1880A-E29C-11E2-8094-0021280458E6}",74,74,"Columbia CD",2261472697.5,"Southeast",2261472697.49992,"Southeast",242550.867209,242550.867208701
"210",11,"Kellogg Creek",195,"Herbaceous Wetlands",1,0.222394,"Columbia","170601070702",22102.34304913,"huc12","{9675C129-9858-4905-BE81-A9DC3D43FF09}","{140A8DBC-2B30-4291-97E8-972BD34A119B}",NA,NA,NA,2016-03-22 09:51:56,NA,22102.41,89.45,"WA","S","TF","170601070704",0,0,"{AAC1880A-E29C-11E2-8094-0021280458E6}",74,74,"Columbia CD",2261472697.5,"Southeast",2261472697.49992,"Southeast",242550.867209,242550.867208701
"211",11,"Kellogg Creek",205,"Triticale",89,19.793066,"Columbia","170601070702",22102.34304913,"huc12","{9675C129-9858-4905-BE81-A9DC3D43FF09}","{140A8DBC-2B30-4291-97E8-972BD34A119B}",NA,NA,NA,2016-03-22 09:51:56,NA,22102.41,89.45,"WA","S","TF","170601070704",0,0,"{AAC1880A-E29C-11E2-8094-0021280458E6}",74,74,"Columbia CD",2261472697.5,"Southeast",2261472697.49992,"Southeast",242550.867209,242550.867208701
"212",12,"Town of Starbuck-Tucannon River",1,"Corn",497,110.529818,"Columbia","170601070703",15486.0067258189,"huc12","{D2711D6F-0FE9-44B3-BD5B-F56E4812B398}",NA,NA,NA,NA,2013-01-17 23:09:21,NA,15486.07,62.67,"WA","S","TF","170601070704",0,0,"{AAC19F28-E29C-11E2-8094-0021280458E6}",74,74,"Columbia CD",2261472697.5,"Southeast",2261472697.49992,"Southeast",242550.867209,242550.867208701
"213",12,"Town of Starbuck-Tucannon River",5,"Soybeans",3,0.667182,"Columbia","170601070703",15486.0067258189,"huc12","{D2711D6F-0FE9-44B3-BD5B-F56E4812B398}",NA,NA,NA,NA,2013-01-17 23:09:21,NA,15486.07,62.67,"WA","S","TF","170601070704",0,0,"{AAC19F28-E29C-11E2-8094-0021280458E6}",74,74,"Columbia CD",2261472697.5,"Southeast",2261472697.49992,"Southeast",242550.867209,242550.867208701
"214",12,"Town of Starbuck-Tucannon River",21,"Barley",21,4.670274,"Columbia","170601070703",15486.0067258189,"huc12","{D2711D6F-0FE9-44B3-BD5B-F56E4812B398}",NA,NA,NA,NA,2013-01-17 23:09:21,NA,15486.07,62.67,"WA","S","TF","170601070704",0,0,"{AAC19F28-E29C-11E2-8094-0021280458E6}",74,74,"Columbia CD",2261472697.5,"Southeast",2261472697.49992,"Southeast",242550.867209,242550.867208701
"215",12,"Town of Starbuck-Tucannon River",23,"Spring Wheat",1230,273.54462,"Columbia","170601070703",15486.0067258189,"huc12","{D2711D6F-0FE9-44B3-BD5B-F56E4812B398}",NA,NA,NA,NA,2013-01-17 23:09:21,NA,15486.07,62.67,"WA","S","TF","170601070704",0,0,"{AAC19F28-E29C-11E2-8094-0021280458E6}",74,74,"Columbia CD",2261472697.5,"Southeast",2261472697.49992,"Southeast",242550.867209,242550.867208701
"216",12,"Town of Starbuck-Tucannon River",24,"Winter Wheat",10442,2322.238148,"Columbia","170601070703",15486.0067258189,"huc12","{D2711D6F-0FE9-44B3-BD5B-F56E4812B398}",NA,NA,NA,NA,2013-01-17 23:09:21,NA,15486.07,62.67,"WA","S","TF","170601070704",0,0,"{AAC19F28-E29C-11E2-8094-0021280458E6}",74,74,"Columbia CD",2261472697.5,"Southeast",2261472697.49992,"Southeast",242550.867209,242550.867208701
"217",12,"Town of Starbuck-Tucannon River",31,"Canola",341,75.836354,"Columbia","170601070703",15486.0067258189,"huc12","{D2711D6F-0FE9-44B3-BD5B-F56E4812B398}",NA,NA,NA,NA,2013-01-17 23:09:21,NA,15486.07,62.67,"WA","S","TF","170601070704",0,0,"{AAC19F28-E29C-11E2-8094-0021280458E6}",74,74,"Columbia CD",2261472697.5,"Southeast",2261472697.49992,"Southeast",242550.867209,242550.867208701
"218",12,"Town of Starbuck-Tucannon River",36,"Alfalfa",166,36.917404,"Columbia","170601070703",15486.0067258189,"huc12","{D2711D6F-0FE9-44B3-BD5B-F56E4812B398}",NA,NA,NA,NA,2013-01-17 23:09:21,NA,15486.07,62.67,"WA","S","TF","170601070704",0,0,"{AAC19F28-E29C-11E2-8094-0021280458E6}",74,74,"Columbia CD",2261472697.5,"Southeast",2261472697.49992,"Southeast",242550.867209,242550.867208701
"219",12,"Town of Starbuck-Tucannon River",43,"Potatoes",26,5.782244,"Columbia","170601070703",15486.0067258189,"huc12","{D2711D6F-0FE9-44B3-BD5B-F56E4812B398}",NA,NA,NA,NA,2013-01-17 23:09:21,NA,15486.07,62.67,"WA","S","TF","170601070704",0,0,"{AAC19F28-E29C-11E2-8094-0021280458E6}",74,74,"Columbia CD",2261472697.5,"Southeast",2261472697.49992,"Southeast",242550.867209,242550.867208701
"220",12,"Town of Starbuck-Tucannon River",51,"Chick Peas",253,56.265682,"Columbia","170601070703",15486.0067258189,"huc12","{D2711D6F-0FE9-44B3-BD5B-F56E4812B398}",NA,NA,NA,NA,2013-01-17 23:09:21,NA,15486.07,62.67,"WA","S","TF","170601070704",0,0,"{AAC19F28-E29C-11E2-8094-0021280458E6}",74,74,"Columbia CD",2261472697.5,"Southeast",2261472697.49992,"Southeast",242550.867209,242550.867208701
"221",12,"Town of Starbuck-Tucannon River",53,"Peas",535,118.98079,"Columbia","170601070703",15486.0067258189,"huc12","{D2711D6F-0FE9-44B3-BD5B-F56E4812B398}",NA,NA,NA,NA,2013-01-17 23:09:21,NA,15486.07,62.67,"WA","S","TF","170601070704",0,0,"{AAC19F28-E29C-11E2-8094-0021280458E6}",74,74,"Columbia CD",2261472697.5,"Southeast",2261472697.49992,"Southeast",242550.867209,242550.867208701
"222",12,"Town of Starbuck-Tucannon River",61,"Fallow/Idle Cropland",7833,1742.012202,"Columbia","170601070703",15486.0067258189,"huc12","{D2711D6F-0FE9-44B3-BD5B-F56E4812B398}",NA,NA,NA,NA,2013-01-17 23:09:21,NA,15486.07,62.67,"WA","S","TF","170601070704",0,0,"{AAC19F28-E29C-11E2-8094-0021280458E6}",74,74,"Columbia CD",2261472697.5,"Southeast",2261472697.49992,"Southeast",242550.867209,242550.867208701
"223",12,"Town of Starbuck-Tucannon River",66,"Cherries",4,0.889576,"Columbia","170601070703",15486.0067258189,"huc12","{D2711D6F-0FE9-44B3-BD5B-F56E4812B398}",NA,NA,NA,NA,2013-01-17 23:09:21,NA,15486.07,62.67,"WA","S","TF","170601070704",0,0,"{AAC19F28-E29C-11E2-8094-0021280458E6}",74,74,"Columbia CD",2261472697.5,"Southeast",2261472697.49992,"Southeast",242550.867209,242550.867208701
"224",12,"Town of Starbuck-Tucannon River",67,"Peaches",149,33.136706,"Columbia","170601070703",15486.0067258189,"huc12","{D2711D6F-0FE9-44B3-BD5B-F56E4812B398}",NA,NA,NA,NA,2013-01-17 23:09:21,NA,15486.07,62.67,"WA","S","TF","170601070704",0,0,"{AAC19F28-E29C-11E2-8094-0021280458E6}",74,74,"Columbia CD",2261472697.5,"Southeast",2261472697.49992,"Southeast",242550.867209,242550.867208701
"225",12,"Town of Starbuck-Tucannon River",68,"Apples",9,2.001546,"Columbia","170601070703",15486.0067258189,"huc12","{D2711D6F-0FE9-44B3-BD5B-F56E4812B398}",NA,NA,NA,NA,2013-01-17 23:09:21,NA,15486.07,62.67,"WA","S","TF","170601070704",0,0,"{AAC19F28-E29C-11E2-8094-0021280458E6}",74,74,"Columbia CD",2261472697.5,"Southeast",2261472697.49992,"Southeast",242550.867209,242550.867208701
"226",12,"Town of Starbuck-Tucannon River",69,"Grapes",113,25.130522,"Columbia","170601070703",15486.0067258189,"huc12","{D2711D6F-0FE9-44B3-BD5B-F56E4812B398}",NA,NA,NA,NA,2013-01-17 23:09:21,NA,15486.07,62.67,"WA","S","TF","170601070704",0,0,"{AAC19F28-E29C-11E2-8094-0021280458E6}",74,74,"Columbia CD",2261472697.5,"Southeast",2261472697.49992,"Southeast",242550.867209,242550.867208701
"227",12,"Town of Starbuck-Tucannon River",70,"Christmas Trees",28,6.227032,"Columbia","170601070703",15486.0067258189,"huc12","{D2711D6F-0FE9-44B3-BD5B-F56E4812B398}",NA,NA,NA,NA,2013-01-17 23:09:21,NA,15486.07,62.67,"WA","S","TF","170601070704",0,0,"{AAC19F28-E29C-11E2-8094-0021280458E6}",74,74,"Columbia CD",2261472697.5,"Southeast",2261472697.49992,"Southeast",242550.867209,242550.867208701
"228",12,"Town of Starbuck-Tucannon River",121,"Developed/Open Space",244,54.264136,"Columbia","170601070703",15486.0067258189,"huc12","{D2711D6F-0FE9-44B3-BD5B-F56E4812B398}",NA,NA,NA,NA,2013-01-17 23:09:21,NA,15486.07,62.67,"WA","S","TF","170601070704",0,0,"{AAC19F28-E29C-11E2-8094-0021280458E6}",74,74,"Columbia CD",2261472697.5,"Southeast",2261472697.49992,"Southeast",242550.867209,242550.867208701
"229",12,"Town of Starbuck-Tucannon River",122,"Developed/Low Intensity",289,64.271866,"Columbia","170601070703",15486.0067258189,"huc12","{D2711D6F-0FE9-44B3-BD5B-F56E4812B398}",NA,NA,NA,NA,2013-01-17 23:09:21,NA,15486.07,62.67,"WA","S","TF","170601070704",0,0,"{AAC19F28-E29C-11E2-8094-0021280458E6}",74,74,"Columbia CD",2261472697.5,"Southeast",2261472697.49992,"Southeast",242550.867209,242550.867208701
"230",12,"Town of Starbuck-Tucannon River",123,"Developed/Med Intensity",27,6.004638,"Columbia","170601070703",15486.0067258189,"huc12","{D2711D6F-0FE9-44B3-BD5B-F56E4812B398}",NA,NA,NA,NA,2013-01-17 23:09:21,NA,15486.07,62.67,"WA","S","TF","170601070704",0,0,"{AAC19F28-E29C-11E2-8094-0021280458E6}",74,74,"Columbia CD",2261472697.5,"Southeast",2261472697.49992,"Southeast",242550.867209,242550.867208701
"231",12,"Town of Starbuck-Tucannon River",124,"Developed/High Intensity",10,2.22394,"Columbia","170601070703",15486.0067258189,"huc12","{D2711D6F-0FE9-44B3-BD5B-F56E4812B398}",NA,NA,NA,NA,2013-01-17 23:09:21,NA,15486.07,62.67,"WA","S","TF","170601070704",0,0,"{AAC19F28-E29C-11E2-8094-0021280458E6}",74,74,"Columbia CD",2261472697.5,"Southeast",2261472697.49992,"Southeast",242550.867209,242550.867208701
"232",12,"Town of Starbuck-Tucannon River",131,"Barren",11,2.446334,"Columbia","170601070703",15486.0067258189,"huc12","{D2711D6F-0FE9-44B3-BD5B-F56E4812B398}",NA,NA,NA,NA,2013-01-17 23:09:21,NA,15486.07,62.67,"WA","S","TF","170601070704",0,0,"{AAC19F28-E29C-11E2-8094-0021280458E6}",74,74,"Columbia CD",2261472697.5,"Southeast",2261472697.49992,"Southeast",242550.867209,242550.867208701
"233",12,"Town of Starbuck-Tucannon River",142,"Evergreen Forest",395,87.84563,"Columbia","170601070703",15486.0067258189,"huc12","{D2711D6F-0FE9-44B3-BD5B-F56E4812B398}",NA,NA,NA,NA,2013-01-17 23:09:21,NA,15486.07,62.67,"WA","S","TF","170601070704",0,0,"{AAC19F28-E29C-11E2-8094-0021280458E6}",74,74,"Columbia CD",2261472697.5,"Southeast",2261472697.49992,"Southeast",242550.867209,242550.867208701
"234",12,"Town of Starbuck-Tucannon River",143,"Mixed Forest",3,0.667182,"Columbia","170601070703",15486.0067258189,"huc12","{D2711D6F-0FE9-44B3-BD5B-F56E4812B398}",NA,NA,NA,NA,2013-01-17 23:09:21,NA,15486.07,62.67,"WA","S","TF","170601070704",0,0,"{AAC19F28-E29C-11E2-8094-0021280458E6}",74,74,"Columbia CD",2261472697.5,"Southeast",2261472697.49992,"Southeast",242550.867209,242550.867208701
"235",12,"Town of Starbuck-Tucannon River",152,"Shrubland",247,54.931318,"Columbia","170601070703",15486.0067258189,"huc12","{D2711D6F-0FE9-44B3-BD5B-F56E4812B398}",NA,NA,NA,NA,2013-01-17 23:09:21,NA,15486.07,62.67,"WA","S","TF","170601070704",0,0,"{AAC19F28-E29C-11E2-8094-0021280458E6}",74,74,"Columbia CD",2261472697.5,"Southeast",2261472697.49992,"Southeast",242550.867209,242550.867208701
"236",12,"Town of Starbuck-Tucannon River",176,"Grassland/Pasture",46672,10379.572768,"Columbia","170601070703",15486.0067258189,"huc12","{D2711D6F-0FE9-44B3-BD5B-F56E4812B398}",NA,NA,NA,NA,2013-01-17 23:09:21,NA,15486.07,62.67,"WA","S","TF","170601070704",0,0,"{AAC19F28-E29C-11E2-8094-0021280458E6}",74,74,"Columbia CD",2261472697.5,"Southeast",2261472697.49992,"Southeast",242550.867209,242550.867208701
"237",12,"Town of Starbuck-Tucannon River",190,"Woody Wetlands",17,3.780698,"Columbia","170601070703",15486.0067258189,"huc12","{D2711D6F-0FE9-44B3-BD5B-F56E4812B398}",NA,NA,NA,NA,2013-01-17 23:09:21,NA,15486.07,62.67,"WA","S","TF","170601070704",0,0,"{AAC19F28-E29C-11E2-8094-0021280458E6}",74,74,"Columbia CD",2261472697.5,"Southeast",2261472697.49992,"Southeast",242550.867209,242550.867208701
"238",12,"Town of Starbuck-Tucannon River",195,"Herbaceous Wetlands",12,2.668728,"Columbia","170601070703",15486.0067258189,"huc12","{D2711D6F-0FE9-44B3-BD5B-F56E4812B398}",NA,NA,NA,NA,2013-01-17 23:09:21,NA,15486.07,62.67,"WA","S","TF","170601070704",0,0,"{AAC19F28-E29C-11E2-8094-0021280458E6}",74,74,"Columbia CD",2261472697.5,"Southeast",2261472697.49992,"Southeast",242550.867209,242550.867208701
"239",12,"Town of Starbuck-Tucannon River",205,"Triticale",77,17.124338,"Columbia","170601070703",15486.0067258189,"huc12","{D2711D6F-0FE9-44B3-BD5B-F56E4812B398}",NA,NA,NA,NA,2013-01-17 23:09:21,NA,15486.07,62.67,"WA","S","TF","170601070704",0,0,"{AAC19F28-E29C-11E2-8094-0021280458E6}",74,74,"Columbia CD",2261472697.5,"Southeast",2261472697.49992,"Southeast",242550.867209,242550.867208701
"240",13,"Tucannon River",1,"Corn",161,35.805434,"Columbia","170601070704",8434.37124902893,"huc12","{0E938DDE-AD95-48ED-AAD6-2086F9889E07}",NA,NA,NA,NA,2013-01-17 23:09:21,NA,8434.39,34.13,"WA","S","TF","170601070808",0,0,"{AAC1BFD5-E29C-11E2-8094-0021280458E6}",74,74,"Columbia CD",2261472697.5,"Southeast",2261472697.49992,"Southeast",242550.867209,242550.867208701
"241",13,"Tucannon River",5,"Soybeans",6,1.334364,"Columbia","170601070704",8434.37124902893,"huc12","{0E938DDE-AD95-48ED-AAD6-2086F9889E07}",NA,NA,NA,NA,2013-01-17 23:09:21,NA,8434.39,34.13,"WA","S","TF","170601070808",0,0,"{AAC1BFD5-E29C-11E2-8094-0021280458E6}",74,74,"Columbia CD",2261472697.5,"Southeast",2261472697.49992,"Southeast",242550.867209,242550.867208701
"242",13,"Tucannon River",23,"Spring Wheat",1,0.222394,"Columbia","170601070704",8434.37124902893,"huc12","{0E938DDE-AD95-48ED-AAD6-2086F9889E07}",NA,NA,NA,NA,2013-01-17 23:09:21,NA,8434.39,34.13,"WA","S","TF","170601070808",0,0,"{AAC1BFD5-E29C-11E2-8094-0021280458E6}",74,74,"Columbia CD",2261472697.5,"Southeast",2261472697.49992,"Southeast",242550.867209,242550.867208701
"243",13,"Tucannon River",24,"Winter Wheat",7591,1688.192854,"Columbia","170601070704",8434.37124902893,"huc12","{0E938DDE-AD95-48ED-AAD6-2086F9889E07}",NA,NA,NA,NA,2013-01-17 23:09:21,NA,8434.39,34.13,"WA","S","TF","170601070808",0,0,"{AAC1BFD5-E29C-11E2-8094-0021280458E6}",74,74,"Columbia CD",2261472697.5,"Southeast",2261472697.49992,"Southeast",242550.867209,242550.867208701
"244",13,"Tucannon River",36,"Alfalfa",42,9.340548,"Columbia","170601070704",8434.37124902893,"huc12","{0E938DDE-AD95-48ED-AAD6-2086F9889E07}",NA,NA,NA,NA,2013-01-17 23:09:21,NA,8434.39,34.13,"WA","S","TF","170601070808",0,0,"{AAC1BFD5-E29C-11E2-8094-0021280458E6}",74,74,"Columbia CD",2261472697.5,"Southeast",2261472697.49992,"Southeast",242550.867209,242550.867208701
"245",13,"Tucannon River",51,"Chick Peas",35,7.78379,"Columbia","170601070704",8434.37124902893,"huc12","{0E938DDE-AD95-48ED-AAD6-2086F9889E07}",NA,NA,NA,NA,2013-01-17 23:09:21,NA,8434.39,34.13,"WA","S","TF","170601070808",0,0,"{AAC1BFD5-E29C-11E2-8094-0021280458E6}",74,74,"Columbia CD",2261472697.5,"Southeast",2261472697.49992,"Southeast",242550.867209,242550.867208701
"246",13,"Tucannon River",61,"Fallow/Idle Cropland",3716,826.416104,"Columbia","170601070704",8434.37124902893,"huc12","{0E938DDE-AD95-48ED-AAD6-2086F9889E07}",NA,NA,NA,NA,2013-01-17 23:09:21,NA,8434.39,34.13,"WA","S","TF","170601070808",0,0,"{AAC1BFD5-E29C-11E2-8094-0021280458E6}",74,74,"Columbia CD",2261472697.5,"Southeast",2261472697.49992,"Southeast",242550.867209,242550.867208701
"247",13,"Tucannon River",66,"Cherries",1,0.222394,"Columbia","170601070704",8434.37124902893,"huc12","{0E938DDE-AD95-48ED-AAD6-2086F9889E07}",NA,NA,NA,NA,2013-01-17 23:09:21,NA,8434.39,34.13,"WA","S","TF","170601070808",0,0,"{AAC1BFD5-E29C-11E2-8094-0021280458E6}",74,74,"Columbia CD",2261472697.5,"Southeast",2261472697.49992,"Southeast",242550.867209,242550.867208701
"248",13,"Tucannon River",67,"Peaches",50,11.1197,"Columbia","170601070704",8434.37124902893,"huc12","{0E938DDE-AD95-48ED-AAD6-2086F9889E07}",NA,NA,NA,NA,2013-01-17 23:09:21,NA,8434.39,34.13,"WA","S","TF","170601070808",0,0,"{AAC1BFD5-E29C-11E2-8094-0021280458E6}",74,74,"Columbia CD",2261472697.5,"Southeast",2261472697.49992,"Southeast",242550.867209,242550.867208701
"249",13,"Tucannon River",68,"Apples",63,14.010822,"Columbia","170601070704",8434.37124902893,"huc12","{0E938DDE-AD95-48ED-AAD6-2086F9889E07}",NA,NA,NA,NA,2013-01-17 23:09:21,NA,8434.39,34.13,"WA","S","TF","170601070808",0,0,"{AAC1BFD5-E29C-11E2-8094-0021280458E6}",74,74,"Columbia CD",2261472697.5,"Southeast",2261472697.49992,"Southeast",242550.867209,242550.867208701
"250",13,"Tucannon River",69,"Grapes",74,16.457156,"Columbia","170601070704",8434.37124902893,"huc12","{0E938DDE-AD95-48ED-AAD6-2086F9889E07}",NA,NA,NA,NA,2013-01-17 23:09:21,NA,8434.39,34.13,"WA","S","TF","170601070808",0,0,"{AAC1BFD5-E29C-11E2-8094-0021280458E6}",74,74,"Columbia CD",2261472697.5,"Southeast",2261472697.49992,"Southeast",242550.867209,242550.867208701
"251",13,"Tucannon River",70,"Christmas Trees",13,2.891122,"Columbia","170601070704",8434.37124902893,"huc12","{0E938DDE-AD95-48ED-AAD6-2086F9889E07}",NA,NA,NA,NA,2013-01-17 23:09:21,NA,8434.39,34.13,"WA","S","TF","170601070808",0,0,"{AAC1BFD5-E29C-11E2-8094-0021280458E6}",74,74,"Columbia CD",2261472697.5,"Southeast",2261472697.49992,"Southeast",242550.867209,242550.867208701
"252",13,"Tucannon River",77,"Pears",8,1.779152,"Columbia","170601070704",8434.37124902893,"huc12","{0E938DDE-AD95-48ED-AAD6-2086F9889E07}",NA,NA,NA,NA,2013-01-17 23:09:21,NA,8434.39,34.13,"WA","S","TF","170601070808",0,0,"{AAC1BFD5-E29C-11E2-8094-0021280458E6}",74,74,"Columbia CD",2261472697.5,"Southeast",2261472697.49992,"Southeast",242550.867209,242550.867208701
"253",13,"Tucannon River",111,"Open Water",18,4.003092,"Columbia","170601070704",8434.37124902893,"huc12","{0E938DDE-AD95-48ED-AAD6-2086F9889E07}",NA,NA,NA,NA,2013-01-17 23:09:21,NA,8434.39,34.13,"WA","S","TF","170601070808",0,0,"{AAC1BFD5-E29C-11E2-8094-0021280458E6}",74,74,"Columbia CD",2261472697.5,"Southeast",2261472697.49992,"Southeast",242550.867209,242550.867208701
"254",13,"Tucannon River",121,"Developed/Open Space",143,31.802342,"Columbia","170601070704",8434.37124902893,"huc12","{0E938DDE-AD95-48ED-AAD6-2086F9889E07}",NA,NA,NA,NA,2013-01-17 23:09:21,NA,8434.39,34.13,"WA","S","TF","170601070808",0,0,"{AAC1BFD5-E29C-11E2-8094-0021280458E6}",74,74,"Columbia CD",2261472697.5,"Southeast",2261472697.49992,"Southeast",242550.867209,242550.867208701
"255",13,"Tucannon River",122,"Developed/Low Intensity",426,94.739844,"Columbia","170601070704",8434.37124902893,"huc12","{0E938DDE-AD95-48ED-AAD6-2086F9889E07}",NA,NA,NA,NA,2013-01-17 23:09:21,NA,8434.39,34.13,"WA","S","TF","170601070808",0,0,"{AAC1BFD5-E29C-11E2-8094-0021280458E6}",74,74,"Columbia CD",2261472697.5,"Southeast",2261472697.49992,"Southeast",242550.867209,242550.867208701
"256",13,"Tucannon River",123,"Developed/Med Intensity",98,21.794612,"Columbia","170601070704",8434.37124902893,"huc12","{0E938DDE-AD95-48ED-AAD6-2086F9889E07}",NA,NA,NA,NA,2013-01-17 23:09:21,NA,8434.39,34.13,"WA","S","TF","170601070808",0,0,"{AAC1BFD5-E29C-11E2-8094-0021280458E6}",74,74,"Columbia CD",2261472697.5,"Southeast",2261472697.49992,"Southeast",242550.867209,242550.867208701
"257",13,"Tucannon River",124,"Developed/High Intensity",5,1.11197,"Columbia","170601070704",8434.37124902893,"huc12","{0E938DDE-AD95-48ED-AAD6-2086F9889E07}",NA,NA,NA,NA,2013-01-17 23:09:21,NA,8434.39,34.13,"WA","S","TF","170601070808",0,0,"{AAC1BFD5-E29C-11E2-8094-0021280458E6}",74,74,"Columbia CD",2261472697.5,"Southeast",2261472697.49992,"Southeast",242550.867209,242550.867208701
"258",13,"Tucannon River",131,"Barren",6,1.334364,"Columbia","170601070704",8434.37124902893,"huc12","{0E938DDE-AD95-48ED-AAD6-2086F9889E07}",NA,NA,NA,NA,2013-01-17 23:09:21,NA,8434.39,34.13,"WA","S","TF","170601070808",0,0,"{AAC1BFD5-E29C-11E2-8094-0021280458E6}",74,74,"Columbia CD",2261472697.5,"Southeast",2261472697.49992,"Southeast",242550.867209,242550.867208701
"259",13,"Tucannon River",142,"Evergreen Forest",351,78.060294,"Columbia","170601070704",8434.37124902893,"huc12","{0E938DDE-AD95-48ED-AAD6-2086F9889E07}",NA,NA,NA,NA,2013-01-17 23:09:21,NA,8434.39,34.13,"WA","S","TF","170601070808",0,0,"{AAC1BFD5-E29C-11E2-8094-0021280458E6}",74,74,"Columbia CD",2261472697.5,"Southeast",2261472697.49992,"Southeast",242550.867209,242550.867208701
"260",13,"Tucannon River",143,"Mixed Forest",18,4.003092,"Columbia","170601070704",8434.37124902893,"huc12","{0E938DDE-AD95-48ED-AAD6-2086F9889E07}",NA,NA,NA,NA,2013-01-17 23:09:21,NA,8434.39,34.13,"WA","S","TF","170601070808",0,0,"{AAC1BFD5-E29C-11E2-8094-0021280458E6}",74,74,"Columbia CD",2261472697.5,"Southeast",2261472697.49992,"Southeast",242550.867209,242550.867208701
"261",13,"Tucannon River",152,"Shrubland",289,64.271866,"Columbia","170601070704",8434.37124902893,"huc12","{0E938DDE-AD95-48ED-AAD6-2086F9889E07}",NA,NA,NA,NA,2013-01-17 23:09:21,NA,8434.39,34.13,"WA","S","TF","170601070808",0,0,"{AAC1BFD5-E29C-11E2-8094-0021280458E6}",74,74,"Columbia CD",2261472697.5,"Southeast",2261472697.49992,"Southeast",242550.867209,242550.867208701
"262",13,"Tucannon River",176,"Grassland/Pasture",24577,5465.777338,"Columbia","170601070704",8434.37124902893,"huc12","{0E938DDE-AD95-48ED-AAD6-2086F9889E07}",NA,NA,NA,NA,2013-01-17 23:09:21,NA,8434.39,34.13,"WA","S","TF","170601070808",0,0,"{AAC1BFD5-E29C-11E2-8094-0021280458E6}",74,74,"Columbia CD",2261472697.5,"Southeast",2261472697.49992,"Southeast",242550.867209,242550.867208701
"263",13,"Tucannon River",190,"Woody Wetlands",205,45.59077,"Columbia","170601070704",8434.37124902893,"huc12","{0E938DDE-AD95-48ED-AAD6-2086F9889E07}",NA,NA,NA,NA,2013-01-17 23:09:21,NA,8434.39,34.13,"WA","S","TF","170601070808",0,0,"{AAC1BFD5-E29C-11E2-8094-0021280458E6}",74,74,"Columbia CD",2261472697.5,"Southeast",2261472697.49992,"Southeast",242550.867209,242550.867208701
"264",13,"Tucannon River",195,"Herbaceous Wetlands",16,3.558304,"Columbia","170601070704",8434.37124902893,"huc12","{0E938DDE-AD95-48ED-AAD6-2086F9889E07}",NA,NA,NA,NA,2013-01-17 23:09:21,NA,8434.39,34.13,"WA","S","TF","170601070808",0,0,"{AAC1BFD5-E29C-11E2-8094-0021280458E6}",74,74,"Columbia CD",2261472697.5,"Southeast",2261472697.49992,"Southeast",242550.867209,242550.867208701
"265",14,"Town of Central Ferry-Snake River",61,"Fallow/Idle Cropland",20,4.44788,"Columbia","170601070804",930.87860693734,"huc12","{04E84848-1E67-4D74-A5BF-A0F526470C23}",NA,NA,NA,NA,2013-01-17 23:09:21,NA,26509.34,107.28,"WA","S","TF","170601070807",0,0,"{AAC22A35-E29C-11E2-8094-0021280458E6}",74,74,"Columbia CD",2261472697.5,"Southeast",2261472697.49992,"Southeast",242550.867209,242550.867208701
"266",14,"Town of Central Ferry-Snake River",67,"Peaches",2,0.444788,"Columbia","170601070804",930.87860693734,"huc12","{04E84848-1E67-4D74-A5BF-A0F526470C23}",NA,NA,NA,NA,2013-01-17 23:09:21,NA,26509.34,107.28,"WA","S","TF","170601070807",0,0,"{AAC22A35-E29C-11E2-8094-0021280458E6}",74,74,"Columbia CD",2261472697.5,"Southeast",2261472697.49992,"Southeast",242550.867209,242550.867208701
"267",14,"Town of Central Ferry-Snake River",68,"Apples",1,0.222394,"Columbia","170601070804",930.87860693734,"huc12","{04E84848-1E67-4D74-A5BF-A0F526470C23}",NA,NA,NA,NA,2013-01-17 23:09:21,NA,26509.34,107.28,"WA","S","TF","170601070807",0,0,"{AAC22A35-E29C-11E2-8094-0021280458E6}",74,74,"Columbia CD",2261472697.5,"Southeast",2261472697.49992,"Southeast",242550.867209,242550.867208701
"268",14,"Town of Central Ferry-Snake River",111,"Open Water",2592,576.445248,"Columbia","170601070804",930.87860693734,"huc12","{04E84848-1E67-4D74-A5BF-A0F526470C23}",NA,NA,NA,NA,2013-01-17 23:09:21,NA,26509.34,107.28,"WA","S","TF","170601070807",0,0,"{AAC22A35-E29C-11E2-8094-0021280458E6}",74,74,"Columbia CD",2261472697.5,"Southeast",2261472697.49992,"Southeast",242550.867209,242550.867208701
"269",14,"Town of Central Ferry-Snake River",122,"Developed/Low Intensity",1,0.222394,"Columbia","170601070804",930.87860693734,"huc12","{04E84848-1E67-4D74-A5BF-A0F526470C23}",NA,NA,NA,NA,2013-01-17 23:09:21,NA,26509.34,107.28,"WA","S","TF","170601070807",0,0,"{AAC22A35-E29C-11E2-8094-0021280458E6}",74,74,"Columbia CD",2261472697.5,"Southeast",2261472697.49992,"Southeast",242550.867209,242550.867208701
"270",14,"Town of Central Ferry-Snake River",123,"Developed/Med Intensity",3,0.667182,"Columbia","170601070804",930.87860693734,"huc12","{04E84848-1E67-4D74-A5BF-A0F526470C23}",NA,NA,NA,NA,2013-01-17 23:09:21,NA,26509.34,107.28,"WA","S","TF","170601070807",0,0,"{AAC22A35-E29C-11E2-8094-0021280458E6}",74,74,"Columbia CD",2261472697.5,"Southeast",2261472697.49992,"Southeast",242550.867209,242550.867208701
"271",14,"Town of Central Ferry-Snake River",142,"Evergreen Forest",13,2.891122,"Columbia","170601070804",930.87860693734,"huc12","{04E84848-1E67-4D74-A5BF-A0F526470C23}",NA,NA,NA,NA,2013-01-17 23:09:21,NA,26509.34,107.28,"WA","S","TF","170601070807",0,0,"{AAC22A35-E29C-11E2-8094-0021280458E6}",74,74,"Columbia CD",2261472697.5,"Southeast",2261472697.49992,"Southeast",242550.867209,242550.867208701
"272",14,"Town of Central Ferry-Snake River",152,"Shrubland",23,5.115062,"Columbia","170601070804",930.87860693734,"huc12","{04E84848-1E67-4D74-A5BF-A0F526470C23}",NA,NA,NA,NA,2013-01-17 23:09:21,NA,26509.34,107.28,"WA","S","TF","170601070807",0,0,"{AAC22A35-E29C-11E2-8094-0021280458E6}",74,74,"Columbia CD",2261472697.5,"Southeast",2261472697.49992,"Southeast",242550.867209,242550.867208701
"273",14,"Town of Central Ferry-Snake River",176,"Grassland/Pasture",1385,308.01569,"Columbia","170601070804",930.87860693734,"huc12","{04E84848-1E67-4D74-A5BF-A0F526470C23}",NA,NA,NA,NA,2013-01-17 23:09:21,NA,26509.34,107.28,"WA","S","TF","170601070807",0,0,"{AAC22A35-E29C-11E2-8094-0021280458E6}",74,74,"Columbia CD",2261472697.5,"Southeast",2261472697.49992,"Southeast",242550.867209,242550.867208701
"274",14,"Town of Central Ferry-Snake River",190,"Woody Wetlands",1,0.222394,"Columbia","170601070804",930.87860693734,"huc12","{04E84848-1E67-4D74-A5BF-A0F526470C23}",NA,NA,NA,NA,2013-01-17 23:09:21,NA,26509.34,107.28,"WA","S","TF","170601070807",0,0,"{AAC22A35-E29C-11E2-8094-0021280458E6}",74,74,"Columbia CD",2261472697.5,"Southeast",2261472697.49992,"Southeast",242550.867209,242550.867208701
"275",15,"New York Gulch",36,"Alfalfa",3,0.667182,"Columbia","170601070805",613.90254885341,"huc12","{BDC5C032-D6D6-4A4B-8119-4A59C863F16B}","{B1AC9B54-3E77-434F-BC92-AFE77DE72C8E}",NA,NA,NA,2016-11-18 02:25:29,NA,14544.63,58.86,"WA","S","TF","170601070807",0,0,"{AAC24112-E29C-11E2-8094-0021280458E6}",74,74,"Columbia CD",2261472697.5,"Southeast",2261472697.49992,"Southeast",242550.867209,242550.867208701
"276",15,"New York Gulch",68,"Apples",7,1.556758,"Columbia","170601070805",613.90254885341,"huc12","{BDC5C032-D6D6-4A4B-8119-4A59C863F16B}","{B1AC9B54-3E77-434F-BC92-AFE77DE72C8E}",NA,NA,NA,2016-11-18 02:25:29,NA,14544.63,58.86,"WA","S","TF","170601070807",0,0,"{AAC24112-E29C-11E2-8094-0021280458E6}",74,74,"Columbia CD",2261472697.5,"Southeast",2261472697.49992,"Southeast",242550.867209,242550.867208701
"277",15,"New York Gulch",70,"Christmas Trees",1,0.222394,"Columbia","170601070805",613.90254885341,"huc12","{BDC5C032-D6D6-4A4B-8119-4A59C863F16B}","{B1AC9B54-3E77-434F-BC92-AFE77DE72C8E}",NA,NA,NA,2016-11-18 02:25:29,NA,14544.63,58.86,"WA","S","TF","170601070807",0,0,"{AAC24112-E29C-11E2-8094-0021280458E6}",74,74,"Columbia CD",2261472697.5,"Southeast",2261472697.49992,"Southeast",242550.867209,242550.867208701
"278",15,"New York Gulch",111,"Open Water",94,20.905036,"Columbia","170601070805",613.90254885341,"huc12","{BDC5C032-D6D6-4A4B-8119-4A59C863F16B}","{B1AC9B54-3E77-434F-BC92-AFE77DE72C8E}",NA,NA,NA,2016-11-18 02:25:29,NA,14544.63,58.86,"WA","S","TF","170601070807",0,0,"{AAC24112-E29C-11E2-8094-0021280458E6}",74,74,"Columbia CD",2261472697.5,"Southeast",2261472697.49992,"Southeast",242550.867209,242550.867208701
"279",15,"New York Gulch",121,"Developed/Open Space",9,2.001546,"Columbia","170601070805",613.90254885341,"huc12","{BDC5C032-D6D6-4A4B-8119-4A59C863F16B}","{B1AC9B54-3E77-434F-BC92-AFE77DE72C8E}",NA,NA,NA,2016-11-18 02:25:29,NA,14544.63,58.86,"WA","S","TF","170601070807",0,0,"{AAC24112-E29C-11E2-8094-0021280458E6}",74,74,"Columbia CD",2261472697.5,"Southeast",2261472697.49992,"Southeast",242550.867209,242550.867208701
"280",15,"New York Gulch",122,"Developed/Low Intensity",1,0.222394,"Columbia","170601070805",613.90254885341,"huc12","{BDC5C032-D6D6-4A4B-8119-4A59C863F16B}","{B1AC9B54-3E77-434F-BC92-AFE77DE72C8E}",NA,NA,NA,2016-11-18 02:25:29,NA,14544.63,58.86,"WA","S","TF","170601070807",0,0,"{AAC24112-E29C-11E2-8094-0021280458E6}",74,74,"Columbia CD",2261472697.5,"Southeast",2261472697.49992,"Southeast",242550.867209,242550.867208701
"281",15,"New York Gulch",142,"Evergreen Forest",12,2.668728,"Columbia","170601070805",613.90254885341,"huc12","{BDC5C032-D6D6-4A4B-8119-4A59C863F16B}","{B1AC9B54-3E77-434F-BC92-AFE77DE72C8E}",NA,NA,NA,2016-11-18 02:25:29,NA,14544.63,58.86,"WA","S","TF","170601070807",0,0,"{AAC24112-E29C-11E2-8094-0021280458E6}",74,74,"Columbia CD",2261472697.5,"Southeast",2261472697.49992,"Southeast",242550.867209,242550.867208701
"282",15,"New York Gulch",152,"Shrubland",40,8.89576,"Columbia","170601070805",613.90254885341,"huc12","{BDC5C032-D6D6-4A4B-8119-4A59C863F16B}","{B1AC9B54-3E77-434F-BC92-AFE77DE72C8E}",NA,NA,NA,2016-11-18 02:25:29,NA,14544.63,58.86,"WA","S","TF","170601070807",0,0,"{AAC24112-E29C-11E2-8094-0021280458E6}",74,74,"Columbia CD",2261472697.5,"Southeast",2261472697.49992,"Southeast",242550.867209,242550.867208701
"283",15,"New York Gulch",176,"Grassland/Pasture",2593,576.667642,"Columbia","170601070805",613.90254885341,"huc12","{BDC5C032-D6D6-4A4B-8119-4A59C863F16B}","{B1AC9B54-3E77-434F-BC92-AFE77DE72C8E}",NA,NA,NA,2016-11-18 02:25:29,NA,14544.63,58.86,"WA","S","TF","170601070807",0,0,"{AAC24112-E29C-11E2-8094-0021280458E6}",74,74,"Columbia CD",2261472697.5,"Southeast",2261472697.49992,"Southeast",242550.867209,242550.867208701
"284",15,"New York Gulch",190,"Woody Wetlands",5,1.11197,"Columbia","170601070805",613.90254885341,"huc12","{BDC5C032-D6D6-4A4B-8119-4A59C863F16B}","{B1AC9B54-3E77-434F-BC92-AFE77DE72C8E}",NA,NA,NA,2016-11-18 02:25:29,NA,14544.63,58.86,"WA","S","TF","170601070807",0,0,"{AAC24112-E29C-11E2-8094-0021280458E6}",74,74,"Columbia CD",2261472697.5,"Southeast",2261472697.49992,"Southeast",242550.867209,242550.867208701
"285",16,"Dry Gulch",1,"Corn",3,0.667182,"Columbia","170601070806",3242.63646284514,"huc12","{E190A83D-FCFF-484F-931F-E4BFCB034EE8}","{B1AC9B54-3E77-434F-BC92-AFE77DE72C8E}",NA,NA,NA,2016-11-18 02:25:31,NA,10655.41,43.12,"WA","S","TF","170601070807",0,0,"{AAC25F1B-E29C-11E2-8094-0021280458E6}",74,74,"Columbia CD",2261472697.5,"Southeast",2261472697.49992,"Southeast",242550.867209,242550.867208701
"286",16,"Dry Gulch",5,"Soybeans",1,0.222394,"Columbia","170601070806",3242.63646284514,"huc12","{E190A83D-FCFF-484F-931F-E4BFCB034EE8}","{B1AC9B54-3E77-434F-BC92-AFE77DE72C8E}",NA,NA,NA,2016-11-18 02:25:31,NA,10655.41,43.12,"WA","S","TF","170601070807",0,0,"{AAC25F1B-E29C-11E2-8094-0021280458E6}",74,74,"Columbia CD",2261472697.5,"Southeast",2261472697.49992,"Southeast",242550.867209,242550.867208701
"287",16,"Dry Gulch",24,"Winter Wheat",2106,468.361764,"Columbia","170601070806",3242.63646284514,"huc12","{E190A83D-FCFF-484F-931F-E4BFCB034EE8}","{B1AC9B54-3E77-434F-BC92-AFE77DE72C8E}",NA,NA,NA,2016-11-18 02:25:31,NA,10655.41,43.12,"WA","S","TF","170601070807",0,0,"{AAC25F1B-E29C-11E2-8094-0021280458E6}",74,74,"Columbia CD",2261472697.5,"Southeast",2261472697.49992,"Southeast",242550.867209,242550.867208701
"288",16,"Dry Gulch",59,"Sod/Grass Seed",1,0.222394,"Columbia","170601070806",3242.63646284514,"huc12","{E190A83D-FCFF-484F-931F-E4BFCB034EE8}","{B1AC9B54-3E77-434F-BC92-AFE77DE72C8E}",NA,NA,NA,2016-11-18 02:25:31,NA,10655.41,43.12,"WA","S","TF","170601070807",0,0,"{AAC25F1B-E29C-11E2-8094-0021280458E6}",74,74,"Columbia CD",2261472697.5,"Southeast",2261472697.49992,"Southeast",242550.867209,242550.867208701
"289",16,"Dry Gulch",61,"Fallow/Idle Cropland",852,189.479688,"Columbia","170601070806",3242.63646284514,"huc12","{E190A83D-FCFF-484F-931F-E4BFCB034EE8}","{B1AC9B54-3E77-434F-BC92-AFE77DE72C8E}",NA,NA,NA,2016-11-18 02:25:31,NA,10655.41,43.12,"WA","S","TF","170601070807",0,0,"{AAC25F1B-E29C-11E2-8094-0021280458E6}",74,74,"Columbia CD",2261472697.5,"Southeast",2261472697.49992,"Southeast",242550.867209,242550.867208701
"290",16,"Dry Gulch",67,"Peaches",3,0.667182,"Columbia","170601070806",3242.63646284514,"huc12","{E190A83D-FCFF-484F-931F-E4BFCB034EE8}","{B1AC9B54-3E77-434F-BC92-AFE77DE72C8E}",NA,NA,NA,2016-11-18 02:25:31,NA,10655.41,43.12,"WA","S","TF","170601070807",0,0,"{AAC25F1B-E29C-11E2-8094-0021280458E6}",74,74,"Columbia CD",2261472697.5,"Southeast",2261472697.49992,"Southeast",242550.867209,242550.867208701
"291",16,"Dry Gulch",69,"Grapes",3,0.667182,"Columbia","170601070806",3242.63646284514,"huc12","{E190A83D-FCFF-484F-931F-E4BFCB034EE8}","{B1AC9B54-3E77-434F-BC92-AFE77DE72C8E}",NA,NA,NA,2016-11-18 02:25:31,NA,10655.41,43.12,"WA","S","TF","170601070807",0,0,"{AAC25F1B-E29C-11E2-8094-0021280458E6}",74,74,"Columbia CD",2261472697.5,"Southeast",2261472697.49992,"Southeast",242550.867209,242550.867208701
"292",16,"Dry Gulch",70,"Christmas Trees",6,1.334364,"Columbia","170601070806",3242.63646284514,"huc12","{E190A83D-FCFF-484F-931F-E4BFCB034EE8}","{B1AC9B54-3E77-434F-BC92-AFE77DE72C8E}",NA,NA,NA,2016-11-18 02:25:31,NA,10655.41,43.12,"WA","S","TF","170601070807",0,0,"{AAC25F1B-E29C-11E2-8094-0021280458E6}",74,74,"Columbia CD",2261472697.5,"Southeast",2261472697.49992,"Southeast",242550.867209,242550.867208701
"293",16,"Dry Gulch",111,"Open Water",122,27.132068,"Columbia","170601070806",3242.63646284514,"huc12","{E190A83D-FCFF-484F-931F-E4BFCB034EE8}","{B1AC9B54-3E77-434F-BC92-AFE77DE72C8E}",NA,NA,NA,2016-11-18 02:25:31,NA,10655.41,43.12,"WA","S","TF","170601070807",0,0,"{AAC25F1B-E29C-11E2-8094-0021280458E6}",74,74,"Columbia CD",2261472697.5,"Southeast",2261472697.49992,"Southeast",242550.867209,242550.867208701
"294",16,"Dry Gulch",121,"Developed/Open Space",26,5.782244,"Columbia","170601070806",3242.63646284514,"huc12","{E190A83D-FCFF-484F-931F-E4BFCB034EE8}","{B1AC9B54-3E77-434F-BC92-AFE77DE72C8E}",NA,NA,NA,2016-11-18 02:25:31,NA,10655.41,43.12,"WA","S","TF","170601070807",0,0,"{AAC25F1B-E29C-11E2-8094-0021280458E6}",74,74,"Columbia CD",2261472697.5,"Southeast",2261472697.49992,"Southeast",242550.867209,242550.867208701
"295",16,"Dry Gulch",122,"Developed/Low Intensity",1,0.222394,"Columbia","170601070806",3242.63646284514,"huc12","{E190A83D-FCFF-484F-931F-E4BFCB034EE8}","{B1AC9B54-3E77-434F-BC92-AFE77DE72C8E}",NA,NA,NA,2016-11-18 02:25:31,NA,10655.41,43.12,"WA","S","TF","170601070807",0,0,"{AAC25F1B-E29C-11E2-8094-0021280458E6}",74,74,"Columbia CD",2261472697.5,"Southeast",2261472697.49992,"Southeast",242550.867209,242550.867208701
"296",16,"Dry Gulch",142,"Evergreen Forest",6,1.334364,"Columbia","170601070806",3242.63646284514,"huc12","{E190A83D-FCFF-484F-931F-E4BFCB034EE8}","{B1AC9B54-3E77-434F-BC92-AFE77DE72C8E}",NA,NA,NA,2016-11-18 02:25:31,NA,10655.41,43.12,"WA","S","TF","170601070807",0,0,"{AAC25F1B-E29C-11E2-8094-0021280458E6}",74,74,"Columbia CD",2261472697.5,"Southeast",2261472697.49992,"Southeast",242550.867209,242550.867208701
"297",16,"Dry Gulch",152,"Shrubland",39,8.673366,"Columbia","170601070806",3242.63646284514,"huc12","{E190A83D-FCFF-484F-931F-E4BFCB034EE8}","{B1AC9B54-3E77-434F-BC92-AFE77DE72C8E}",NA,NA,NA,2016-11-18 02:25:31,NA,10655.41,43.12,"WA","S","TF","170601070807",0,0,"{AAC25F1B-E29C-11E2-8094-0021280458E6}",74,74,"Columbia CD",2261472697.5,"Southeast",2261472697.49992,"Southeast",242550.867209,242550.867208701
"298",16,"Dry Gulch",176,"Grassland/Pasture",11408,2537.070752,"Columbia","170601070806",3242.63646284514,"huc12","{E190A83D-FCFF-484F-931F-E4BFCB034EE8}","{B1AC9B54-3E77-434F-BC92-AFE77DE72C8E}",NA,NA,NA,2016-11-18 02:25:31,NA,10655.41,43.12,"WA","S","TF","170601070807",0,0,"{AAC25F1B-E29C-11E2-8094-0021280458E6}",74,74,"Columbia CD",2261472697.5,"Southeast",2261472697.49992,"Southeast",242550.867209,242550.867208701
"299",17,"Flagpole Gulch-Snake River",21,"Barley",83,18.458702,"Columbia","170601070807",7905.34233217283,"huc12","{5F51A39D-DAAA-4842-ADAA-B0FF7D8E73A9}","{B1AC9B54-3E77-434F-BC92-AFE77DE72C8E}",NA,NA,NA,2016-11-18 02:25:31,NA,20394.99,82.54,"WA","S","TF","170601070808",0,0,"{AAC27600-E29C-11E2-8094-0021280458E6}",74,74,"Columbia CD",2261472697.5,"Southeast",2261472697.49992,"Southeast",242550.867209,242550.867208701
"300",17,"Flagpole Gulch-Snake River",23,"Spring Wheat",206,45.813164,"Columbia","170601070807",7905.34233217283,"huc12","{5F51A39D-DAAA-4842-ADAA-B0FF7D8E73A9}","{B1AC9B54-3E77-434F-BC92-AFE77DE72C8E}",NA,NA,NA,2016-11-18 02:25:31,NA,20394.99,82.54,"WA","S","TF","170601070808",0,0,"{AAC27600-E29C-11E2-8094-0021280458E6}",74,74,"Columbia CD",2261472697.5,"Southeast",2261472697.49992,"Southeast",242550.867209,242550.867208701
"301",17,"Flagpole Gulch-Snake River",24,"Winter Wheat",1485,330.25509,"Columbia","170601070807",7905.34233217283,"huc12","{5F51A39D-DAAA-4842-ADAA-B0FF7D8E73A9}","{B1AC9B54-3E77-434F-BC92-AFE77DE72C8E}",NA,NA,NA,2016-11-18 02:25:31,NA,20394.99,82.54,"WA","S","TF","170601070808",0,0,"{AAC27600-E29C-11E2-8094-0021280458E6}",74,74,"Columbia CD",2261472697.5,"Southeast",2261472697.49992,"Southeast",242550.867209,242550.867208701
"302",17,"Flagpole Gulch-Snake River",53,"Peas",6,1.334364,"Columbia","170601070807",7905.34233217283,"huc12","{5F51A39D-DAAA-4842-ADAA-B0FF7D8E73A9}","{B1AC9B54-3E77-434F-BC92-AFE77DE72C8E}",NA,NA,NA,2016-11-18 02:25:31,NA,20394.99,82.54,"WA","S","TF","170601070808",0,0,"{AAC27600-E29C-11E2-8094-0021280458E6}",74,74,"Columbia CD",2261472697.5,"Southeast",2261472697.49992,"Southeast",242550.867209,242550.867208701
"303",17,"Flagpole Gulch-Snake River",61,"Fallow/Idle Cropland",2091,465.025854,"Columbia","170601070807",7905.34233217283,"huc12","{5F51A39D-DAAA-4842-ADAA-B0FF7D8E73A9}","{B1AC9B54-3E77-434F-BC92-AFE77DE72C8E}",NA,NA,NA,2016-11-18 02:25:31,NA,20394.99,82.54,"WA","S","TF","170601070808",0,0,"{AAC27600-E29C-11E2-8094-0021280458E6}",74,74,"Columbia CD",2261472697.5,"Southeast",2261472697.49992,"Southeast",242550.867209,242550.867208701
"304",17,"Flagpole Gulch-Snake River",111,"Open Water",6636,1475.806584,"Columbia","170601070807",7905.34233217283,"huc12","{5F51A39D-DAAA-4842-ADAA-B0FF7D8E73A9}","{B1AC9B54-3E77-434F-BC92-AFE77DE72C8E}",NA,NA,NA,2016-11-18 02:25:31,NA,20394.99,82.54,"WA","S","TF","170601070808",0,0,"{AAC27600-E29C-11E2-8094-0021280458E6}",74,74,"Columbia CD",2261472697.5,"Southeast",2261472697.49992,"Southeast",242550.867209,242550.867208701
"305",17,"Flagpole Gulch-Snake River",121,"Developed/Open Space",17,3.780698,"Columbia","170601070807",7905.34233217283,"huc12","{5F51A39D-DAAA-4842-ADAA-B0FF7D8E73A9}","{B1AC9B54-3E77-434F-BC92-AFE77DE72C8E}",NA,NA,NA,2016-11-18 02:25:31,NA,20394.99,82.54,"WA","S","TF","170601070808",0,0,"{AAC27600-E29C-11E2-8094-0021280458E6}",74,74,"Columbia CD",2261472697.5,"Southeast",2261472697.49992,"Southeast",242550.867209,242550.867208701
"306",17,"Flagpole Gulch-Snake River",122,"Developed/Low Intensity",15,3.33591,"Columbia","170601070807",7905.34233217283,"huc12","{5F51A39D-DAAA-4842-ADAA-B0FF7D8E73A9}","{B1AC9B54-3E77-434F-BC92-AFE77DE72C8E}",NA,NA,NA,2016-11-18 02:25:31,NA,20394.99,82.54,"WA","S","TF","170601070808",0,0,"{AAC27600-E29C-11E2-8094-0021280458E6}",74,74,"Columbia CD",2261472697.5,"Southeast",2261472697.49992,"Southeast",242550.867209,242550.867208701
"307",17,"Flagpole Gulch-Snake River",123,"Developed/Med Intensity",17,3.780698,"Columbia","170601070807",7905.34233217283,"huc12","{5F51A39D-DAAA-4842-ADAA-B0FF7D8E73A9}","{B1AC9B54-3E77-434F-BC92-AFE77DE72C8E}",NA,NA,NA,2016-11-18 02:25:31,NA,20394.99,82.54,"WA","S","TF","170601070808",0,0,"{AAC27600-E29C-11E2-8094-0021280458E6}",74,74,"Columbia CD",2261472697.5,"Southeast",2261472697.49992,"Southeast",242550.867209,242550.867208701
"308",17,"Flagpole Gulch-Snake River",124,"Developed/High Intensity",7,1.556758,"Columbia","170601070807",7905.34233217283,"huc12","{5F51A39D-DAAA-4842-ADAA-B0FF7D8E73A9}","{B1AC9B54-3E77-434F-BC92-AFE77DE72C8E}",NA,NA,NA,2016-11-18 02:25:31,NA,20394.99,82.54,"WA","S","TF","170601070808",0,0,"{AAC27600-E29C-11E2-8094-0021280458E6}",74,74,"Columbia CD",2261472697.5,"Southeast",2261472697.49992,"Southeast",242550.867209,242550.867208701
"309",17,"Flagpole Gulch-Snake River",131,"Barren",12,2.668728,"Columbia","170601070807",7905.34233217283,"huc12","{5F51A39D-DAAA-4842-ADAA-B0FF7D8E73A9}","{B1AC9B54-3E77-434F-BC92-AFE77DE72C8E}",NA,NA,NA,2016-11-18 02:25:31,NA,20394.99,82.54,"WA","S","TF","170601070808",0,0,"{AAC27600-E29C-11E2-8094-0021280458E6}",74,74,"Columbia CD",2261472697.5,"Southeast",2261472697.49992,"Southeast",242550.867209,242550.867208701
"310",17,"Flagpole Gulch-Snake River",142,"Evergreen Forest",13,2.891122,"Columbia","170601070807",7905.34233217283,"huc12","{5F51A39D-DAAA-4842-ADAA-B0FF7D8E73A9}","{B1AC9B54-3E77-434F-BC92-AFE77DE72C8E}",NA,NA,NA,2016-11-18 02:25:31,NA,20394.99,82.54,"WA","S","TF","170601070808",0,0,"{AAC27600-E29C-11E2-8094-0021280458E6}",74,74,"Columbia CD",2261472697.5,"Southeast",2261472697.49992,"Southeast",242550.867209,242550.867208701
"311",17,"Flagpole Gulch-Snake River",152,"Shrubland",46,10.230124,"Columbia","170601070807",7905.34233217283,"huc12","{5F51A39D-DAAA-4842-ADAA-B0FF7D8E73A9}","{B1AC9B54-3E77-434F-BC92-AFE77DE72C8E}",NA,NA,NA,2016-11-18 02:25:31,NA,20394.99,82.54,"WA","S","TF","170601070808",0,0,"{AAC27600-E29C-11E2-8094-0021280458E6}",74,74,"Columbia CD",2261472697.5,"Southeast",2261472697.49992,"Southeast",242550.867209,242550.867208701
"312",17,"Flagpole Gulch-Snake River",176,"Grassland/Pasture",24532,5455.769608,"Columbia","170601070807",7905.34233217283,"huc12","{5F51A39D-DAAA-4842-ADAA-B0FF7D8E73A9}","{B1AC9B54-3E77-434F-BC92-AFE77DE72C8E}",NA,NA,NA,2016-11-18 02:25:31,NA,20394.99,82.54,"WA","S","TF","170601070808",0,0,"{AAC27600-E29C-11E2-8094-0021280458E6}",74,74,"Columbia CD",2261472697.5,"Southeast",2261472697.49992,"Southeast",242550.867209,242550.867208701
"313",17,"Flagpole Gulch-Snake River",205,"Triticale",7,1.556758,"Columbia","170601070807",7905.34233217283,"huc12","{5F51A39D-DAAA-4842-ADAA-B0FF7D8E73A9}","{B1AC9B54-3E77-434F-BC92-AFE77DE72C8E}",NA,NA,NA,2016-11-18 02:25:31,NA,20394.99,82.54,"WA","S","TF","170601070808",0,0,"{AAC27600-E29C-11E2-8094-0021280458E6}",74,74,"Columbia CD",2261472697.5,"Southeast",2261472697.49992,"Southeast",242550.867209,242550.867208701
"314",17,"Flagpole Gulch-Snake River",221,"Strawberries",1,0.222394,"Columbia","170601070807",7905.34233217283,"huc12","{5F51A39D-DAAA-4842-ADAA-B0FF7D8E73A9}","{B1AC9B54-3E77-434F-BC92-AFE77DE72C8E}",NA,NA,NA,2016-11-18 02:25:31,NA,20394.99,82.54,"WA","S","TF","170601070808",0,0,"{AAC27600-E29C-11E2-8094-0021280458E6}",74,74,"Columbia CD",2261472697.5,"Southeast",2261472697.49992,"Southeast",242550.867209,242550.867208701
"315",18,"Choke Cherry Spring-Snake River",24,"Winter Wheat",2232,496.383408,"Columbia","170601070808",8418.87438185607,"huc12","{A9C9707B-5729-479B-AD2D-81F219E39012}","{34968E48-60BF-4A40-97FC-E009B822A946}",NA,NA,NA,2013-01-17 23:09:21,NA,19667.91,79.59,"WA","S","TF","170601100102",0,0,"{AAC2940B-E29C-11E2-8094-0021280458E6}",74,74,"Columbia CD",2261472697.5,"Southeast",2261472697.49992,"Southeast",242550.867209,242550.867208701
"316",18,"Choke Cherry Spring-Snake River",36,"Alfalfa",7,1.556758,"Columbia","170601070808",8418.87438185607,"huc12","{A9C9707B-5729-479B-AD2D-81F219E39012}","{34968E48-60BF-4A40-97FC-E009B822A946}",NA,NA,NA,2013-01-17 23:09:21,NA,19667.91,79.59,"WA","S","TF","170601100102",0,0,"{AAC2940B-E29C-11E2-8094-0021280458E6}",74,74,"Columbia CD",2261472697.5,"Southeast",2261472697.49992,"Southeast",242550.867209,242550.867208701
"317",18,"Choke Cherry Spring-Snake River",51,"Chick Peas",69,15.345186,"Columbia","170601070808",8418.87438185607,"huc12","{A9C9707B-5729-479B-AD2D-81F219E39012}","{34968E48-60BF-4A40-97FC-E009B822A946}",NA,NA,NA,2013-01-17 23:09:21,NA,19667.91,79.59,"WA","S","TF","170601100102",0,0,"{AAC2940B-E29C-11E2-8094-0021280458E6}",74,74,"Columbia CD",2261472697.5,"Southeast",2261472697.49992,"Southeast",242550.867209,242550.867208701
"318",18,"Choke Cherry Spring-Snake River",61,"Fallow/Idle Cropland",849,188.812506,"Columbia","170601070808",8418.87438185607,"huc12","{A9C9707B-5729-479B-AD2D-81F219E39012}","{34968E48-60BF-4A40-97FC-E009B822A946}",NA,NA,NA,2013-01-17 23:09:21,NA,19667.91,79.59,"WA","S","TF","170601100102",0,0,"{AAC2940B-E29C-11E2-8094-0021280458E6}",74,74,"Columbia CD",2261472697.5,"Southeast",2261472697.49992,"Southeast",242550.867209,242550.867208701
"319",18,"Choke Cherry Spring-Snake River",68,"Apples",30,6.67182,"Columbia","170601070808",8418.87438185607,"huc12","{A9C9707B-5729-479B-AD2D-81F219E39012}","{34968E48-60BF-4A40-97FC-E009B822A946}",NA,NA,NA,2013-01-17 23:09:21,NA,19667.91,79.59,"WA","S","TF","170601100102",0,0,"{AAC2940B-E29C-11E2-8094-0021280458E6}",74,74,"Columbia CD",2261472697.5,"Southeast",2261472697.49992,"Southeast",242550.867209,242550.867208701
"320",18,"Choke Cherry Spring-Snake River",111,"Open Water",4324,961.631656,"Columbia","170601070808",8418.87438185607,"huc12","{A9C9707B-5729-479B-AD2D-81F219E39012}","{34968E48-60BF-4A40-97FC-E009B822A946}",NA,NA,NA,2013-01-17 23:09:21,NA,19667.91,79.59,"WA","S","TF","170601100102",0,0,"{AAC2940B-E29C-11E2-8094-0021280458E6}",74,74,"Columbia CD",2261472697.5,"Southeast",2261472697.49992,"Southeast",242550.867209,242550.867208701
"321",18,"Choke Cherry Spring-Snake River",121,"Developed/Open Space",54,12.009276,"Columbia","170601070808",8418.87438185607,"huc12","{A9C9707B-5729-479B-AD2D-81F219E39012}","{34968E48-60BF-4A40-97FC-E009B822A946}",NA,NA,NA,2013-01-17 23:09:21,NA,19667.91,79.59,"WA","S","TF","170601100102",0,0,"{AAC2940B-E29C-11E2-8094-0021280458E6}",74,74,"Columbia CD",2261472697.5,"Southeast",2261472697.49992,"Southeast",242550.867209,242550.867208701
"322",18,"Choke Cherry Spring-Snake River",122,"Developed/Low Intensity",106,23.573764,"Columbia","170601070808",8418.87438185607,"huc12","{A9C9707B-5729-479B-AD2D-81F219E39012}","{34968E48-60BF-4A40-97FC-E009B822A946}",NA,NA,NA,2013-01-17 23:09:21,NA,19667.91,79.59,"WA","S","TF","170601100102",0,0,"{AAC2940B-E29C-11E2-8094-0021280458E6}",74,74,"Columbia CD",2261472697.5,"Southeast",2261472697.49992,"Southeast",242550.867209,242550.867208701
"323",18,"Choke Cherry Spring-Snake River",123,"Developed/Med Intensity",230,51.15062,"Columbia","170601070808",8418.87438185607,"huc12","{A9C9707B-5729-479B-AD2D-81F219E39012}","{34968E48-60BF-4A40-97FC-E009B822A946}",NA,NA,NA,2013-01-17 23:09:21,NA,19667.91,79.59,"WA","S","TF","170601100102",0,0,"{AAC2940B-E29C-11E2-8094-0021280458E6}",74,74,"Columbia CD",2261472697.5,"Southeast",2261472697.49992,"Southeast",242550.867209,242550.867208701
"324",18,"Choke Cherry Spring-Snake River",124,"Developed/High Intensity",107,23.796158,"Columbia","170601070808",8418.87438185607,"huc12","{A9C9707B-5729-479B-AD2D-81F219E39012}","{34968E48-60BF-4A40-97FC-E009B822A946}",NA,NA,NA,2013-01-17 23:09:21,NA,19667.91,79.59,"WA","S","TF","170601100102",0,0,"{AAC2940B-E29C-11E2-8094-0021280458E6}",74,74,"Columbia CD",2261472697.5,"Southeast",2261472697.49992,"Southeast",242550.867209,242550.867208701
"325",18,"Choke Cherry Spring-Snake River",131,"Barren",47,10.452518,"Columbia","170601070808",8418.87438185607,"huc12","{A9C9707B-5729-479B-AD2D-81F219E39012}","{34968E48-60BF-4A40-97FC-E009B822A946}",NA,NA,NA,2013-01-17 23:09:21,NA,19667.91,79.59,"WA","S","TF","170601100102",0,0,"{AAC2940B-E29C-11E2-8094-0021280458E6}",74,74,"Columbia CD",2261472697.5,"Southeast",2261472697.49992,"Southeast",242550.867209,242550.867208701
"326",18,"Choke Cherry Spring-Snake River",142,"Evergreen Forest",22,4.892668,"Columbia","170601070808",8418.87438185607,"huc12","{A9C9707B-5729-479B-AD2D-81F219E39012}","{34968E48-60BF-4A40-97FC-E009B822A946}",NA,NA,NA,2013-01-17 23:09:21,NA,19667.91,79.59,"WA","S","TF","170601100102",0,0,"{AAC2940B-E29C-11E2-8094-0021280458E6}",74,74,"Columbia CD",2261472697.5,"Southeast",2261472697.49992,"Southeast",242550.867209,242550.867208701
"327",18,"Choke Cherry Spring-Snake River",152,"Shrubland",840,186.81096,"Columbia","170601070808",8418.87438185607,"huc12","{A9C9707B-5729-479B-AD2D-81F219E39012}","{34968E48-60BF-4A40-97FC-E009B822A946}",NA,NA,NA,2013-01-17 23:09:21,NA,19667.91,79.59,"WA","S","TF","170601100102",0,0,"{AAC2940B-E29C-11E2-8094-0021280458E6}",74,74,"Columbia CD",2261472697.5,"Southeast",2261472697.49992,"Southeast",242550.867209,242550.867208701
"328",18,"Choke Cherry Spring-Snake River",176,"Grassland/Pasture",28862,6418.735628,"Columbia","170601070808",8418.87438185607,"huc12","{A9C9707B-5729-479B-AD2D-81F219E39012}","{34968E48-60BF-4A40-97FC-E009B822A946}",NA,NA,NA,2013-01-17 23:09:21,NA,19667.91,79.59,"WA","S","TF","170601100102",0,0,"{AAC2940B-E29C-11E2-8094-0021280458E6}",74,74,"Columbia CD",2261472697.5,"Southeast",2261472697.49992,"Southeast",242550.867209,242550.867208701
"329",18,"Choke Cherry Spring-Snake River",190,"Woody Wetlands",4,0.889576,"Columbia","170601070808",8418.87438185607,"huc12","{A9C9707B-5729-479B-AD2D-81F219E39012}","{34968E48-60BF-4A40-97FC-E009B822A946}",NA,NA,NA,2013-01-17 23:09:21,NA,19667.91,79.59,"WA","S","TF","170601100102",0,0,"{AAC2940B-E29C-11E2-8094-0021280458E6}",74,74,"Columbia CD",2261472697.5,"Southeast",2261472697.49992,"Southeast",242550.867209,242550.867208701
"330",19,"Upper South Fork Wenaha River",142,"Evergreen Forest",682,151.672708,"Columbia","170601060301",160.330474928122,"huc12","{CC74422D-3ADC-4545-BDE7-FD40F7161066}",NA,NA,NA,NA,2013-01-17 23:09:21,NA,20250.29,81.95,"OR,WA","S","TF","170601060302",0,0,"{AB22A748-E29C-11E2-8094-0021280458E6}",74,74,"Columbia CD",2261472697.5,"Southeast",2261472697.49992,"Southeast",242550.867209,242550.867208701
"331",19,"Upper South Fork Wenaha River",152,"Shrubland",31,6.894214,"Columbia","170601060301",160.330474928122,"huc12","{CC74422D-3ADC-4545-BDE7-FD40F7161066}",NA,NA,NA,NA,2013-01-17 23:09:21,NA,20250.29,81.95,"OR,WA","S","TF","170601060302",0,0,"{AB22A748-E29C-11E2-8094-0021280458E6}",74,74,"Columbia CD",2261472697.5,"Southeast",2261472697.49992,"Southeast",242550.867209,242550.867208701
"332",20,"North Fork Wenaha River",36,"Alfalfa",1,0.222394,"Columbia","170601060303",11262.3638899076,"huc12","{7B8E0127-FAC0-457C-A508-ADBA9FA1FF03}",NA,NA,NA,NA,2013-01-17 23:09:21,NA,17585.54,71.17,"OR,WA","S","TF","170601060305",0,0,"{AB22C579-E29C-11E2-8094-0021280458E6}",74,74,"Columbia CD",2261472697.5,"Southeast",2261472697.49992,"Southeast",242550.867209,242550.867208701
"333",20,"North Fork Wenaha River",121,"Developed/Open Space",15,3.33591,"Columbia","170601060303",11262.3638899076,"huc12","{7B8E0127-FAC0-457C-A508-ADBA9FA1FF03}",NA,NA,NA,NA,2013-01-17 23:09:21,NA,17585.54,71.17,"OR,WA","S","TF","170601060305",0,0,"{AB22C579-E29C-11E2-8094-0021280458E6}",74,74,"Columbia CD",2261472697.5,"Southeast",2261472697.49992,"Southeast",242550.867209,242550.867208701
"334",20,"North Fork Wenaha River",122,"Developed/Low Intensity",1,0.222394,"Columbia","170601060303",11262.3638899076,"huc12","{7B8E0127-FAC0-457C-A508-ADBA9FA1FF03}",NA,NA,NA,NA,2013-01-17 23:09:21,NA,17585.54,71.17,"OR,WA","S","TF","170601060305",0,0,"{AB22C579-E29C-11E2-8094-0021280458E6}",74,74,"Columbia CD",2261472697.5,"Southeast",2261472697.49992,"Southeast",242550.867209,242550.867208701
"335",20,"North Fork Wenaha River",123,"Developed/Med Intensity",1,0.222394,"Columbia","170601060303",11262.3638899076,"huc12","{7B8E0127-FAC0-457C-A508-ADBA9FA1FF03}",NA,NA,NA,NA,2013-01-17 23:09:21,NA,17585.54,71.17,"OR,WA","S","TF","170601060305",0,0,"{AB22C579-E29C-11E2-8094-0021280458E6}",74,74,"Columbia CD",2261472697.5,"Southeast",2261472697.49992,"Southeast",242550.867209,242550.867208701
"336",20,"North Fork Wenaha River",131,"Barren",35,7.78379,"Columbia","170601060303",11262.3638899076,"huc12","{7B8E0127-FAC0-457C-A508-ADBA9FA1FF03}",NA,NA,NA,NA,2013-01-17 23:09:21,NA,17585.54,71.17,"OR,WA","S","TF","170601060305",0,0,"{AB22C579-E29C-11E2-8094-0021280458E6}",74,74,"Columbia CD",2261472697.5,"Southeast",2261472697.49992,"Southeast",242550.867209,242550.867208701
"337",20,"North Fork Wenaha River",142,"Evergreen Forest",48895,10873.95463,"Columbia","170601060303",11262.3638899076,"huc12","{7B8E0127-FAC0-457C-A508-ADBA9FA1FF03}",NA,NA,NA,NA,2013-01-17 23:09:21,NA,17585.54,71.17,"OR,WA","S","TF","170601060305",0,0,"{AB22C579-E29C-11E2-8094-0021280458E6}",74,74,"Columbia CD",2261472697.5,"Southeast",2261472697.49992,"Southeast",242550.867209,242550.867208701
"338",20,"North Fork Wenaha River",152,"Shrubland",1257,279.549258,"Columbia","170601060303",11262.3638899076,"huc12","{7B8E0127-FAC0-457C-A508-ADBA9FA1FF03}",NA,NA,NA,NA,2013-01-17 23:09:21,NA,17585.54,71.17,"OR,WA","S","TF","170601060305",0,0,"{AB22C579-E29C-11E2-8094-0021280458E6}",74,74,"Columbia CD",2261472697.5,"Southeast",2261472697.49992,"Southeast",242550.867209,242550.867208701
"339",20,"North Fork Wenaha River",176,"Grassland/Pasture",434,96.518996,"Columbia","170601060303",11262.3638899076,"huc12","{7B8E0127-FAC0-457C-A508-ADBA9FA1FF03}",NA,NA,NA,NA,2013-01-17 23:09:21,NA,17585.54,71.17,"OR,WA","S","TF","170601060305",0,0,"{AB22C579-E29C-11E2-8094-0021280458E6}",74,74,"Columbia CD",2261472697.5,"Southeast",2261472697.49992,"Southeast",242550.867209,242550.867208701
"340",21,"Beaver Creek",121,"Developed/Open Space",7,1.556758,"Columbia","170601060304",7660.2510665595,"huc12","{5B30EBE6-BA91-48CF-A55F-0EEF2B5F1CA0}",NA,NA,NA,NA,2013-01-17 23:09:21,NA,12485.23,50.53,"OR,WA","S","TF","170601060305",0,0,"{AB22DCE5-E29C-11E2-8094-0021280458E6}",74,74,"Columbia CD",2261472697.5,"Southeast",2261472697.49992,"Southeast",242550.867209,242550.867208701
"341",21,"Beaver Creek",131,"Barren",2,0.444788,"Columbia","170601060304",7660.2510665595,"huc12","{5B30EBE6-BA91-48CF-A55F-0EEF2B5F1CA0}",NA,NA,NA,NA,2013-01-17 23:09:21,NA,12485.23,50.53,"OR,WA","S","TF","170601060305",0,0,"{AB22DCE5-E29C-11E2-8094-0021280458E6}",74,74,"Columbia CD",2261472697.5,"Southeast",2261472697.49992,"Southeast",242550.867209,242550.867208701
"342",21,"Beaver Creek",142,"Evergreen Forest",33282,7401.717108,"Columbia","170601060304",7660.2510665595,"huc12","{5B30EBE6-BA91-48CF-A55F-0EEF2B5F1CA0}",NA,NA,NA,NA,2013-01-17 23:09:21,NA,12485.23,50.53,"OR,WA","S","TF","170601060305",0,0,"{AB22DCE5-E29C-11E2-8094-0021280458E6}",74,74,"Columbia CD",2261472697.5,"Southeast",2261472697.49992,"Southeast",242550.867209,242550.867208701
"343",21,"Beaver Creek",152,"Shrubland",907,201.711358,"Columbia","170601060304",7660.2510665595,"huc12","{5B30EBE6-BA91-48CF-A55F-0EEF2B5F1CA0}",NA,NA,NA,NA,2013-01-17 23:09:21,NA,12485.23,50.53,"OR,WA","S","TF","170601060305",0,0,"{AB22DCE5-E29C-11E2-8094-0021280458E6}",74,74,"Columbia CD",2261472697.5,"Southeast",2261472697.49992,"Southeast",242550.867209,242550.867208701
"344",21,"Beaver Creek",176,"Grassland/Pasture",242,53.819348,"Columbia","170601060304",7660.2510665595,"huc12","{5B30EBE6-BA91-48CF-A55F-0EEF2B5F1CA0}",NA,NA,NA,NA,2013-01-17 23:09:21,NA,12485.23,50.53,"OR,WA","S","TF","170601060305",0,0,"{AB22DCE5-E29C-11E2-8094-0021280458E6}",74,74,"Columbia CD",2261472697.5,"Southeast",2261472697.49992,"Southeast",242550.867209,242550.867208701
"345",22,"Rock Creek-Wenaha River",121,"Developed/Open Space",2,0.444788,"Columbia","170601060305",1710.61592890076,"huc12","{06BD1D72-9765-45D3-85F8-D1EF5FD29D5F}",NA,NA,NA,NA,2013-01-17 23:09:21,NA,14389.19,58.23,"OR,WA","S","TF","170601060308",0,0,"{AB22FB30-E29C-11E2-8094-0021280458E6}",74,74,"Columbia CD",2261472697.5,"Southeast",2261472697.49992,"Southeast",242550.867209,242550.867208701
"346",22,"Rock Creek-Wenaha River",142,"Evergreen Forest",7417,1649.496298,"Columbia","170601060305",1710.61592890076,"huc12","{06BD1D72-9765-45D3-85F8-D1EF5FD29D5F}",NA,NA,NA,NA,2013-01-17 23:09:21,NA,14389.19,58.23,"OR,WA","S","TF","170601060308",0,0,"{AB22FB30-E29C-11E2-8094-0021280458E6}",74,74,"Columbia CD",2261472697.5,"Southeast",2261472697.49992,"Southeast",242550.867209,242550.867208701
"347",22,"Rock Creek-Wenaha River",152,"Shrubland",184,40.920496,"Columbia","170601060305",1710.61592890076,"huc12","{06BD1D72-9765-45D3-85F8-D1EF5FD29D5F}",NA,NA,NA,NA,2013-01-17 23:09:21,NA,14389.19,58.23,"OR,WA","S","TF","170601060308",0,0,"{AB22FB30-E29C-11E2-8094-0021280458E6}",74,74,"Columbia CD",2261472697.5,"Southeast",2261472697.49992,"Southeast",242550.867209,242550.867208701
"348",22,"Rock Creek-Wenaha River",176,"Grassland/Pasture",93,20.682642,"Columbia","170601060305",1710.61592890076,"huc12","{06BD1D72-9765-45D3-85F8-D1EF5FD29D5F}",NA,NA,NA,NA,2013-01-17 23:09:21,NA,14389.19,58.23,"OR,WA","S","TF","170601060308",0,0,"{AB22FB30-E29C-11E2-8094-0021280458E6}",74,74,"Columbia CD",2261472697.5,"Southeast",2261472697.49992,"Southeast",242550.867209,242550.867208701
"349",23,"Butte Creek",36,"Alfalfa",4,0.889576,"Columbia","170601060307",9600.29622629622,"huc12","{6055BEA9-5A99-460A-B8B5-9A4AB978D0BB}","{E99CB89E-86C5-46FA-932D-BF4C5BA21F65}",NA,NA,NA,2016-11-18 01:44:55,NA,11800.15,47.75,"OR,WA","S","NM","170601060308",0,0,"{AB231235-E29C-11E2-8094-0021280458E6}",74,74,"Columbia CD",2261472697.5,"Southeast",2261472697.49992,"Southeast",242550.867209,242550.867208701
"350",23,"Butte Creek",123,"Developed/Med Intensity",2,0.444788,"Columbia","170601060307",9600.29622629622,"huc12","{6055BEA9-5A99-460A-B8B5-9A4AB978D0BB}","{E99CB89E-86C5-46FA-932D-BF4C5BA21F65}",NA,NA,NA,2016-11-18 01:44:55,NA,11800.15,47.75,"OR,WA","S","NM","170601060308",0,0,"{AB231235-E29C-11E2-8094-0021280458E6}",74,74,"Columbia CD",2261472697.5,"Southeast",2261472697.49992,"Southeast",242550.867209,242550.867208701
"351",23,"Butte Creek",142,"Evergreen Forest",29341,6525.262354,"Columbia","170601060307",9600.29622629622,"huc12","{6055BEA9-5A99-460A-B8B5-9A4AB978D0BB}","{E99CB89E-86C5-46FA-932D-BF4C5BA21F65}",NA,NA,NA,2016-11-18 01:44:55,NA,11800.15,47.75,"OR,WA","S","NM","170601060308",0,0,"{AB231235-E29C-11E2-8094-0021280458E6}",74,74,"Columbia CD",2261472697.5,"Southeast",2261472697.49992,"Southeast",242550.867209,242550.867208701
"352",23,"Butte Creek",152,"Shrubland",6490,1443.33706,"Columbia","170601060307",9600.29622629622,"huc12","{6055BEA9-5A99-460A-B8B5-9A4AB978D0BB}","{E99CB89E-86C5-46FA-932D-BF4C5BA21F65}",NA,NA,NA,2016-11-18 01:44:55,NA,11800.15,47.75,"OR,WA","S","NM","170601060308",0,0,"{AB231235-E29C-11E2-8094-0021280458E6}",74,74,"Columbia CD",2261472697.5,"Southeast",2261472697.49992,"Southeast",242550.867209,242550.867208701
"353",23,"Butte Creek",176,"Grassland/Pasture",7333,1630.815202,"Columbia","170601060307",9600.29622629622,"huc12","{6055BEA9-5A99-460A-B8B5-9A4AB978D0BB}","{E99CB89E-86C5-46FA-932D-BF4C5BA21F65}",NA,NA,NA,2016-11-18 01:44:55,NA,11800.15,47.75,"OR,WA","S","NM","170601060308",0,0,"{AB231235-E29C-11E2-8094-0021280458E6}",74,74,"Columbia CD",2261472697.5,"Southeast",2261472697.49992,"Southeast",242550.867209,242550.867208701
"354",24,"Cross Canyon-Wenaha River",142,"Evergreen Forest",8390,1865.88566,"Columbia","170601060308",5016.81975158144,"huc12","{DDD7A0AC-995E-48EC-A8D6-A0D1359CF492}",NA,NA,NA,NA,2013-01-17 23:09:21,NA,19638.21,79.47,"OR,WA","S","NM","170601060312",0,0,"{AB233055-E29C-11E2-8094-0021280458E6}",74,74,"Columbia CD",2261472697.5,"Southeast",2261472697.49992,"Southeast",242550.867209,242550.867208701
"355",24,"Cross Canyon-Wenaha River",152,"Shrubland",8534,1897.910396,"Columbia","170601060308",5016.81975158144,"huc12","{DDD7A0AC-995E-48EC-A8D6-A0D1359CF492}",NA,NA,NA,NA,2013-01-17 23:09:21,NA,19638.21,79.47,"OR,WA","S","NM","170601060312",0,0,"{AB233055-E29C-11E2-8094-0021280458E6}",74,74,"Columbia CD",2261472697.5,"Southeast",2261472697.49992,"Southeast",242550.867209,242550.867208701
"356",24,"Cross Canyon-Wenaha River",176,"Grassland/Pasture",5634,1252.967796,"Columbia","170601060308",5016.81975158144,"huc12","{DDD7A0AC-995E-48EC-A8D6-A0D1359CF492}",NA,NA,NA,NA,2013-01-17 23:09:21,NA,19638.21,79.47,"OR,WA","S","NM","170601060312",0,0,"{AB233055-E29C-11E2-8094-0021280458E6}",74,74,"Columbia CD",2261472697.5,"Southeast",2261472697.49992,"Southeast",242550.867209,242550.867208701
"357",25,"Lower Crooked Creek",142,"Evergreen Forest",4178,929.162132,"Columbia","170601060311",1722.38748882191,"huc12","{024651F9-B35E-49A0-A080-0219D42A44C4}",NA,NA,NA,NA,2013-01-17 23:09:21,NA,16921.75,68.48,"OR,WA","S","TF","170601060312",0,0,"{AB234784-E29C-11E2-8094-0021280458E6}",74,74,"Columbia CD",2261472697.5,"Southeast",2261472697.49992,"Southeast",242550.867209,242550.867208701
"358",25,"Lower Crooked Creek",152,"Shrubland",1830,406.98102,"Columbia","170601060311",1722.38748882191,"huc12","{024651F9-B35E-49A0-A080-0219D42A44C4}",NA,NA,NA,NA,2013-01-17 23:09:21,NA,16921.75,68.48,"OR,WA","S","TF","170601060312",0,0,"{AB234784-E29C-11E2-8094-0021280458E6}",74,74,"Columbia CD",2261472697.5,"Southeast",2261472697.49992,"Southeast",242550.867209,242550.867208701
"359",25,"Lower Crooked Creek",176,"Grassland/Pasture",1740,386.96556,"Columbia","170601060311",1722.38748882191,"huc12","{024651F9-B35E-49A0-A080-0219D42A44C4}",NA,NA,NA,NA,2013-01-17 23:09:21,NA,16921.75,68.48,"OR,WA","S","TF","170601060312",0,0,"{AB234784-E29C-11E2-8094-0021280458E6}",74,74,"Columbia CD",2261472697.5,"Southeast",2261472697.49992,"Southeast",242550.867209,242550.867208701
"360",26,"Fields Gulch",1,"Corn",1,0.222394,"Columbia","170601100101",18736.9198096484,"huc12","{09E3BF59-E113-4C27-B06A-D4741F7051DA}","{E99CB89E-86C5-46FA-932D-BF4C5BA21F65}",NA,NA,NA,2016-11-18 01:44:55,NA,43456.52,175.86,"WA","S","AD,TF","170601100102",0,0,"{AB25C704-E29C-11E2-8094-0021280458E6}",74,74,"Columbia CD",2261472697.5,"Southeast",2261472697.49992,"Southeast",242550.867209,242550.867208701
"361",26,"Fields Gulch",23,"Spring Wheat",9606,2136.316764,"Columbia","170601100101",18736.9198096484,"huc12","{09E3BF59-E113-4C27-B06A-D4741F7051DA}","{E99CB89E-86C5-46FA-932D-BF4C5BA21F65}",NA,NA,NA,2016-11-18 01:44:55,NA,43456.52,175.86,"WA","S","AD,TF","170601100102",0,0,"{AB25C704-E29C-11E2-8094-0021280458E6}",74,74,"Columbia CD",2261472697.5,"Southeast",2261472697.49992,"Southeast",242550.867209,242550.867208701
"362",26,"Fields Gulch",24,"Winter Wheat",16377,3642.146538,"Columbia","170601100101",18736.9198096484,"huc12","{09E3BF59-E113-4C27-B06A-D4741F7051DA}","{E99CB89E-86C5-46FA-932D-BF4C5BA21F65}",NA,NA,NA,2016-11-18 01:44:55,NA,43456.52,175.86,"WA","S","AD,TF","170601100102",0,0,"{AB25C704-E29C-11E2-8094-0021280458E6}",74,74,"Columbia CD",2261472697.5,"Southeast",2261472697.49992,"Southeast",242550.867209,242550.867208701
"363",26,"Fields Gulch",51,"Chick Peas",16,3.558304,"Columbia","170601100101",18736.9198096484,"huc12","{09E3BF59-E113-4C27-B06A-D4741F7051DA}","{E99CB89E-86C5-46FA-932D-BF4C5BA21F65}",NA,NA,NA,2016-11-18 01:44:55,NA,43456.52,175.86,"WA","S","AD,TF","170601100102",0,0,"{AB25C704-E29C-11E2-8094-0021280458E6}",74,74,"Columbia CD",2261472697.5,"Southeast",2261472697.49992,"Southeast",242550.867209,242550.867208701
"364",26,"Fields Gulch",53,"Peas",11,2.446334,"Columbia","170601100101",18736.9198096484,"huc12","{09E3BF59-E113-4C27-B06A-D4741F7051DA}","{E99CB89E-86C5-46FA-932D-BF4C5BA21F65}",NA,NA,NA,2016-11-18 01:44:55,NA,43456.52,175.86,"WA","S","AD,TF","170601100102",0,0,"{AB25C704-E29C-11E2-8094-0021280458E6}",74,74,"Columbia CD",2261472697.5,"Southeast",2261472697.49992,"Southeast",242550.867209,242550.867208701
"365",26,"Fields Gulch",61,"Fallow/Idle Cropland",24233,5389.273802,"Columbia","170601100101",18736.9198096484,"huc12","{09E3BF59-E113-4C27-B06A-D4741F7051DA}","{E99CB89E-86C5-46FA-932D-BF4C5BA21F65}",NA,NA,NA,2016-11-18 01:44:55,NA,43456.52,175.86,"WA","S","AD,TF","170601100102",0,0,"{AB25C704-E29C-11E2-8094-0021280458E6}",74,74,"Columbia CD",2261472697.5,"Southeast",2261472697.49992,"Southeast",242550.867209,242550.867208701
"366",26,"Fields Gulch",69,"Grapes",2,0.444788,"Columbia","170601100101",18736.9198096484,"huc12","{09E3BF59-E113-4C27-B06A-D4741F7051DA}","{E99CB89E-86C5-46FA-932D-BF4C5BA21F65}",NA,NA,NA,2016-11-18 01:44:55,NA,43456.52,175.86,"WA","S","AD,TF","170601100102",0,0,"{AB25C704-E29C-11E2-8094-0021280458E6}",74,74,"Columbia CD",2261472697.5,"Southeast",2261472697.49992,"Southeast",242550.867209,242550.867208701
"367",26,"Fields Gulch",70,"Christmas Trees",1,0.222394,"Columbia","170601100101",18736.9198096484,"huc12","{09E3BF59-E113-4C27-B06A-D4741F7051DA}","{E99CB89E-86C5-46FA-932D-BF4C5BA21F65}",NA,NA,NA,2016-11-18 01:44:55,NA,43456.52,175.86,"WA","S","AD,TF","170601100102",0,0,"{AB25C704-E29C-11E2-8094-0021280458E6}",74,74,"Columbia CD",2261472697.5,"Southeast",2261472697.49992,"Southeast",242550.867209,242550.867208701
"368",26,"Fields Gulch",121,"Developed/Open Space",724,161.013256,"Columbia","170601100101",18736.9198096484,"huc12","{09E3BF59-E113-4C27-B06A-D4741F7051DA}","{E99CB89E-86C5-46FA-932D-BF4C5BA21F65}",NA,NA,NA,2016-11-18 01:44:55,NA,43456.52,175.86,"WA","S","AD,TF","170601100102",0,0,"{AB25C704-E29C-11E2-8094-0021280458E6}",74,74,"Columbia CD",2261472697.5,"Southeast",2261472697.49992,"Southeast",242550.867209,242550.867208701
"369",26,"Fields Gulch",122,"Developed/Low Intensity",52,11.564488,"Columbia","170601100101",18736.9198096484,"huc12","{09E3BF59-E113-4C27-B06A-D4741F7051DA}","{E99CB89E-86C5-46FA-932D-BF4C5BA21F65}",NA,NA,NA,2016-11-18 01:44:55,NA,43456.52,175.86,"WA","S","AD,TF","170601100102",0,0,"{AB25C704-E29C-11E2-8094-0021280458E6}",74,74,"Columbia CD",2261472697.5,"Southeast",2261472697.49992,"Southeast",242550.867209,242550.867208701
"370",26,"Fields Gulch",123,"Developed/Med Intensity",9,2.001546,"Columbia","170601100101",18736.9198096484,"huc12","{09E3BF59-E113-4C27-B06A-D4741F7051DA}","{E99CB89E-86C5-46FA-932D-BF4C5BA21F65}",NA,NA,NA,2016-11-18 01:44:55,NA,43456.52,175.86,"WA","S","AD,TF","170601100102",0,0,"{AB25C704-E29C-11E2-8094-0021280458E6}",74,74,"Columbia CD",2261472697.5,"Southeast",2261472697.49992,"Southeast",242550.867209,242550.867208701
"371",26,"Fields Gulch",141,"Deciduous Forest",1,0.222394,"Columbia","170601100101",18736.9198096484,"huc12","{09E3BF59-E113-4C27-B06A-D4741F7051DA}","{E99CB89E-86C5-46FA-932D-BF4C5BA21F65}",NA,NA,NA,2016-11-18 01:44:55,NA,43456.52,175.86,"WA","S","AD,TF","170601100102",0,0,"{AB25C704-E29C-11E2-8094-0021280458E6}",74,74,"Columbia CD",2261472697.5,"Southeast",2261472697.49992,"Southeast",242550.867209,242550.867208701
"372",26,"Fields Gulch",142,"Evergreen Forest",12,2.668728,"Columbia","170601100101",18736.9198096484,"huc12","{09E3BF59-E113-4C27-B06A-D4741F7051DA}","{E99CB89E-86C5-46FA-932D-BF4C5BA21F65}",NA,NA,NA,2016-11-18 01:44:55,NA,43456.52,175.86,"WA","S","AD,TF","170601100102",0,0,"{AB25C704-E29C-11E2-8094-0021280458E6}",74,74,"Columbia CD",2261472697.5,"Southeast",2261472697.49992,"Southeast",242550.867209,242550.867208701
"373",26,"Fields Gulch",152,"Shrubland",2949,655.839906,"Columbia","170601100101",18736.9198096484,"huc12","{09E3BF59-E113-4C27-B06A-D4741F7051DA}","{E99CB89E-86C5-46FA-932D-BF4C5BA21F65}",NA,NA,NA,2016-11-18 01:44:55,NA,43456.52,175.86,"WA","S","AD,TF","170601100102",0,0,"{AB25C704-E29C-11E2-8094-0021280458E6}",74,74,"Columbia CD",2261472697.5,"Southeast",2261472697.49992,"Southeast",242550.867209,242550.867208701
"374",26,"Fields Gulch",176,"Grassland/Pasture",30077,6688.944338,"Columbia","170601100101",18736.9198096484,"huc12","{09E3BF59-E113-4C27-B06A-D4741F7051DA}","{E99CB89E-86C5-46FA-932D-BF4C5BA21F65}",NA,NA,NA,2016-11-18 01:44:55,NA,43456.52,175.86,"WA","S","AD,TF","170601100102",0,0,"{AB25C704-E29C-11E2-8094-0021280458E6}",74,74,"Columbia CD",2261472697.5,"Southeast",2261472697.49992,"Southeast",242550.867209,242550.867208701
"375",26,"Fields Gulch",205,"Triticale",185,41.14289,"Columbia","170601100101",18736.9198096484,"huc12","{09E3BF59-E113-4C27-B06A-D4741F7051DA}","{E99CB89E-86C5-46FA-932D-BF4C5BA21F65}",NA,NA,NA,2016-11-18 01:44:55,NA,43456.52,175.86,"WA","S","AD,TF","170601100102",0,0,"{AB25C704-E29C-11E2-8094-0021280458E6}",74,74,"Columbia CD",2261472697.5,"Southeast",2261472697.49992,"Southeast",242550.867209,242550.867208701
"376",27,"Lyons Dam-Snake River",24,"Winter Wheat",1,0.222394,"Columbia","170601100102",1211.8263169211,"huc12","{C3D11F5B-9490-4BC5-87BC-AA94AAE9306F}",NA,NA,NA,NA,2013-01-17 23:09:24,NA,41314.83,167.2,"WA","S","AD,TF","170601100103",0,0,"{AB25E525-E29C-11E2-8094-0021280458E6}",74,74,"Columbia CD",2261472697.5,"Southeast",2261472697.49992,"Southeast",242550.867209,242550.867208701
"377",27,"Lyons Dam-Snake River",61,"Fallow/Idle Cropland",30,6.67182,"Columbia","170601100102",1211.8263169211,"huc12","{C3D11F5B-9490-4BC5-87BC-AA94AAE9306F}",NA,NA,NA,NA,2013-01-17 23:09:24,NA,41314.83,167.2,"WA","S","AD,TF","170601100103",0,0,"{AB25E525-E29C-11E2-8094-0021280458E6}",74,74,"Columbia CD",2261472697.5,"Southeast",2261472697.49992,"Southeast",242550.867209,242550.867208701
"378",27,"Lyons Dam-Snake River",69,"Grapes",1,0.222394,"Columbia","170601100102",1211.8263169211,"huc12","{C3D11F5B-9490-4BC5-87BC-AA94AAE9306F}",NA,NA,NA,NA,2013-01-17 23:09:24,NA,41314.83,167.2,"WA","S","AD,TF","170601100103",0,0,"{AB25E525-E29C-11E2-8094-0021280458E6}",74,74,"Columbia CD",2261472697.5,"Southeast",2261472697.49992,"Southeast",242550.867209,242550.867208701
"379",27,"Lyons Dam-Snake River",111,"Open Water",409,90.959146,"Columbia","170601100102",1211.8263169211,"huc12","{C3D11F5B-9490-4BC5-87BC-AA94AAE9306F}",NA,NA,NA,NA,2013-01-17 23:09:24,NA,41314.83,167.2,"WA","S","AD,TF","170601100103",0,0,"{AB25E525-E29C-11E2-8094-0021280458E6}",74,74,"Columbia CD",2261472697.5,"Southeast",2261472697.49992,"Southeast",242550.867209,242550.867208701
"380",27,"Lyons Dam-Snake River",121,"Developed/Open Space",48,10.674912,"Columbia","170601100102",1211.8263169211,"huc12","{C3D11F5B-9490-4BC5-87BC-AA94AAE9306F}",NA,NA,NA,NA,2013-01-17 23:09:24,NA,41314.83,167.2,"WA","S","AD,TF","170601100103",0,0,"{AB25E525-E29C-11E2-8094-0021280458E6}",74,74,"Columbia CD",2261472697.5,"Southeast",2261472697.49992,"Southeast",242550.867209,242550.867208701
"381",27,"Lyons Dam-Snake River",122,"Developed/Low Intensity",78,17.346732,"Columbia","170601100102",1211.8263169211,"huc12","{C3D11F5B-9490-4BC5-87BC-AA94AAE9306F}",NA,NA,NA,NA,2013-01-17 23:09:24,NA,41314.83,167.2,"WA","S","AD,TF","170601100103",0,0,"{AB25E525-E29C-11E2-8094-0021280458E6}",74,74,"Columbia CD",2261472697.5,"Southeast",2261472697.49992,"Southeast",242550.867209,242550.867208701
"382",27,"Lyons Dam-Snake River",123,"Developed/Med Intensity",50,11.1197,"Columbia","170601100102",1211.8263169211,"huc12","{C3D11F5B-9490-4BC5-87BC-AA94AAE9306F}",NA,NA,NA,NA,2013-01-17 23:09:24,NA,41314.83,167.2,"WA","S","AD,TF","170601100103",0,0,"{AB25E525-E29C-11E2-8094-0021280458E6}",74,74,"Columbia CD",2261472697.5,"Southeast",2261472697.49992,"Southeast",242550.867209,242550.867208701
"383",27,"Lyons Dam-Snake River",124,"Developed/High Intensity",2,0.444788,"Columbia","170601100102",1211.8263169211,"huc12","{C3D11F5B-9490-4BC5-87BC-AA94AAE9306F}",NA,NA,NA,NA,2013-01-17 23:09:24,NA,41314.83,167.2,"WA","S","AD,TF","170601100103",0,0,"{AB25E525-E29C-11E2-8094-0021280458E6}",74,74,"Columbia CD",2261472697.5,"Southeast",2261472697.49992,"Southeast",242550.867209,242550.867208701
"384",27,"Lyons Dam-Snake River",131,"Barren",77,17.124338,"Columbia","170601100102",1211.8263169211,"huc12","{C3D11F5B-9490-4BC5-87BC-AA94AAE9306F}",NA,NA,NA,NA,2013-01-17 23:09:24,NA,41314.83,167.2,"WA","S","AD,TF","170601100103",0,0,"{AB25E525-E29C-11E2-8094-0021280458E6}",74,74,"Columbia CD",2261472697.5,"Southeast",2261472697.49992,"Southeast",242550.867209,242550.867208701
"385",27,"Lyons Dam-Snake River",142,"Evergreen Forest",2,0.444788,"Columbia","170601100102",1211.8263169211,"huc12","{C3D11F5B-9490-4BC5-87BC-AA94AAE9306F}",NA,NA,NA,NA,2013-01-17 23:09:24,NA,41314.83,167.2,"WA","S","AD,TF","170601100103",0,0,"{AB25E525-E29C-11E2-8094-0021280458E6}",74,74,"Columbia CD",2261472697.5,"Southeast",2261472697.49992,"Southeast",242550.867209,242550.867208701
"386",27,"Lyons Dam-Snake River",152,"Shrubland",630,140.10822,"Columbia","170601100102",1211.8263169211,"huc12","{C3D11F5B-9490-4BC5-87BC-AA94AAE9306F}",NA,NA,NA,NA,2013-01-17 23:09:24,NA,41314.83,167.2,"WA","S","AD,TF","170601100103",0,0,"{AB25E525-E29C-11E2-8094-0021280458E6}",74,74,"Columbia CD",2261472697.5,"Southeast",2261472697.49992,"Southeast",242550.867209,242550.867208701
"387",27,"Lyons Dam-Snake River",176,"Grassland/Pasture",4117,915.596098,"Columbia","170601100102",1211.8263169211,"huc12","{C3D11F5B-9490-4BC5-87BC-AA94AAE9306F}",NA,NA,NA,NA,2013-01-17 23:09:24,NA,41314.83,167.2,"WA","S","AD,TF","170601100103",0,0,"{AB25E525-E29C-11E2-8094-0021280458E6}",74,74,"Columbia CD",2261472697.5,"Southeast",2261472697.49992,"Southeast",242550.867209,242550.867208701
"388",28,"West Fork Butte Creek",36,"Alfalfa",2,0.444788,"Columbia","170601060306",16822.2289708785,"huc12","{BCF2AE5B-18E3-4BF2-8782-B95F37BF7E20}","{E99CB89E-86C5-46FA-932D-BF4C5BA21F65}",NA,NA,NA,2016-11-18 01:44:57,NA,16822.3,68.08,"WA","S","TF","170601060307",0,0,"{AB848741-E29C-11E2-8094-0021280458E6}",74,74,"Columbia CD",2261472697.5,"Southeast",2261472697.49992,"Southeast",242550.867209,242550.867208701
"389",28,"West Fork Butte Creek",43,"Potatoes",1,0.222394,"Columbia","170601060306",16822.2289708785,"huc12","{BCF2AE5B-18E3-4BF2-8782-B95F37BF7E20}","{E99CB89E-86C5-46FA-932D-BF4C5BA21F65}",NA,NA,NA,2016-11-18 01:44:57,NA,16822.3,68.08,"WA","S","TF","170601060307",0,0,"{AB848741-E29C-11E2-8094-0021280458E6}",74,74,"Columbia CD",2261472697.5,"Southeast",2261472697.49992,"Southeast",242550.867209,242550.867208701
"390",28,"West Fork Butte Creek",121,"Developed/Open Space",2,0.444788,"Columbia","170601060306",16822.2289708785,"huc12","{BCF2AE5B-18E3-4BF2-8782-B95F37BF7E20}","{E99CB89E-86C5-46FA-932D-BF4C5BA21F65}",NA,NA,NA,2016-11-18 01:44:57,NA,16822.3,68.08,"WA","S","TF","170601060307",0,0,"{AB848741-E29C-11E2-8094-0021280458E6}",74,74,"Columbia CD",2261472697.5,"Southeast",2261472697.49992,"Southeast",242550.867209,242550.867208701
"391",28,"West Fork Butte Creek",123,"Developed/Med Intensity",3,0.667182,"Columbia","170601060306",16822.2289708785,"huc12","{BCF2AE5B-18E3-4BF2-8782-B95F37BF7E20}","{E99CB89E-86C5-46FA-932D-BF4C5BA21F65}",NA,NA,NA,2016-11-18 01:44:57,NA,16822.3,68.08,"WA","S","TF","170601060307",0,0,"{AB848741-E29C-11E2-8094-0021280458E6}",74,74,"Columbia CD",2261472697.5,"Southeast",2261472697.49992,"Southeast",242550.867209,242550.867208701
"392",28,"West Fork Butte Creek",142,"Evergreen Forest",63075,14027.50155,"Columbia","170601060306",16822.2289708785,"huc12","{BCF2AE5B-18E3-4BF2-8782-B95F37BF7E20}","{E99CB89E-86C5-46FA-932D-BF4C5BA21F65}",NA,NA,NA,2016-11-18 01:44:57,NA,16822.3,68.08,"WA","S","TF","170601060307",0,0,"{AB848741-E29C-11E2-8094-0021280458E6}",74,74,"Columbia CD",2261472697.5,"Southeast",2261472697.49992,"Southeast",242550.867209,242550.867208701
"393",28,"West Fork Butte Creek",152,"Shrubland",7416,1649.273904,"Columbia","170601060306",16822.2289708785,"huc12","{BCF2AE5B-18E3-4BF2-8782-B95F37BF7E20}","{E99CB89E-86C5-46FA-932D-BF4C5BA21F65}",NA,NA,NA,2016-11-18 01:44:57,NA,16822.3,68.08,"WA","S","TF","170601060307",0,0,"{AB848741-E29C-11E2-8094-0021280458E6}",74,74,"Columbia CD",2261472697.5,"Southeast",2261472697.49992,"Southeast",242550.867209,242550.867208701
"394",28,"West Fork Butte Creek",176,"Grassland/Pasture",5141,1143.327554,"Columbia","170601060306",16822.2289708785,"huc12","{BCF2AE5B-18E3-4BF2-8782-B95F37BF7E20}","{E99CB89E-86C5-46FA-932D-BF4C5BA21F65}",NA,NA,NA,2016-11-18 01:44:57,NA,16822.3,68.08,"WA","S","TF","170601060307",0,0,"{AB848741-E29C-11E2-8094-0021280458E6}",74,74,"Columbia CD",2261472697.5,"Southeast",2261472697.49992,"Southeast",242550.867209,242550.867208701
"395",29,"Upper Crooked Creek",131,"Barren",1,0.222394,"Columbia","170601060309",17217.2912240238,"huc12","{FA367A34-6EDD-4427-BF96-04B6EA12E26B}",NA,NA,NA,NA,2013-01-17 23:09:21,NA,18987.43,76.84,"WA","S","NM","170601060311",0,0,"{AB84A4AB-E29C-11E2-8094-0021280458E6}",74,74,"Columbia CD",2261472697.5,"Southeast",2261472697.49992,"Southeast",242550.867209,242550.867208701
"396",29,"Upper Crooked Creek",142,"Evergreen Forest",68317,15193.290898,"Columbia","170601060309",17217.2912240238,"huc12","{FA367A34-6EDD-4427-BF96-04B6EA12E26B}",NA,NA,NA,NA,2013-01-17 23:09:21,NA,18987.43,76.84,"WA","S","NM","170601060311",0,0,"{AB84A4AB-E29C-11E2-8094-0021280458E6}",74,74,"Columbia CD",2261472697.5,"Southeast",2261472697.49992,"Southeast",242550.867209,242550.867208701
"397",29,"Upper Crooked Creek",152,"Shrubland",3480,773.93112,"Columbia","170601060309",17217.2912240238,"huc12","{FA367A34-6EDD-4427-BF96-04B6EA12E26B}",NA,NA,NA,NA,2013-01-17 23:09:21,NA,18987.43,76.84,"WA","S","NM","170601060311",0,0,"{AB84A4AB-E29C-11E2-8094-0021280458E6}",74,74,"Columbia CD",2261472697.5,"Southeast",2261472697.49992,"Southeast",242550.867209,242550.867208701
"398",29,"Upper Crooked Creek",176,"Grassland/Pasture",5613,1248.297522,"Columbia","170601060309",17217.2912240238,"huc12","{FA367A34-6EDD-4427-BF96-04B6EA12E26B}",NA,NA,NA,NA,2013-01-17 23:09:21,NA,18987.43,76.84,"WA","S","NM","170601060311",0,0,"{AB84A4AB-E29C-11E2-8094-0021280458E6}",74,74,"Columbia CD",2261472697.5,"Southeast",2261472697.49992,"Southeast",242550.867209,242550.867208701
"399",30,"Linville Gulch",23,"Spring Wheat",104,23.128976,"Columbia","170601070504",92.1636018700099,"huc12","{F130C15B-0126-49CA-AD0F-B40CED6CE64C}",NA,NA,NA,NA,2013-01-17 23:09:21,NA,19221.97,77.79,"WA","S","TF","170601070505",0,0,"{AB878CF0-E29C-11E2-8094-0021280458E6}",74,74,"Columbia CD",2261472697.5,"Southeast",2261472697.49992,"Southeast",242550.867209,242550.867208701
"400",30,"Linville Gulch",24,"Winter Wheat",83,18.458702,"Columbia","170601070504",92.1636018700099,"huc12","{F130C15B-0126-49CA-AD0F-B40CED6CE64C}",NA,NA,NA,NA,2013-01-17 23:09:21,NA,19221.97,77.79,"WA","S","TF","170601070505",0,0,"{AB878CF0-E29C-11E2-8094-0021280458E6}",74,74,"Columbia CD",2261472697.5,"Southeast",2261472697.49992,"Southeast",242550.867209,242550.867208701
"401",30,"Linville Gulch",61,"Fallow/Idle Cropland",117,26.020098,"Columbia","170601070504",92.1636018700099,"huc12","{F130C15B-0126-49CA-AD0F-B40CED6CE64C}",NA,NA,NA,NA,2013-01-17 23:09:21,NA,19221.97,77.79,"WA","S","TF","170601070505",0,0,"{AB878CF0-E29C-11E2-8094-0021280458E6}",74,74,"Columbia CD",2261472697.5,"Southeast",2261472697.49992,"Southeast",242550.867209,242550.867208701
"402",30,"Linville Gulch",121,"Developed/Open Space",4,0.889576,"Columbia","170601070504",92.1636018700099,"huc12","{F130C15B-0126-49CA-AD0F-B40CED6CE64C}",NA,NA,NA,NA,2013-01-17 23:09:21,NA,19221.97,77.79,"WA","S","TF","170601070505",0,0,"{AB878CF0-E29C-11E2-8094-0021280458E6}",74,74,"Columbia CD",2261472697.5,"Southeast",2261472697.49992,"Southeast",242550.867209,242550.867208701
"403",30,"Linville Gulch",152,"Shrubland",17,3.780698,"Columbia","170601070504",92.1636018700099,"huc12","{F130C15B-0126-49CA-AD0F-B40CED6CE64C}",NA,NA,NA,NA,2013-01-17 23:09:21,NA,19221.97,77.79,"WA","S","TF","170601070505",0,0,"{AB878CF0-E29C-11E2-8094-0021280458E6}",74,74,"Columbia CD",2261472697.5,"Southeast",2261472697.49992,"Southeast",242550.867209,242550.867208701
"404",30,"Linville Gulch",176,"Grassland/Pasture",89,19.793066,"Columbia","170601070504",92.1636018700099,"huc12","{F130C15B-0126-49CA-AD0F-B40CED6CE64C}",NA,NA,NA,NA,2013-01-17 23:09:21,NA,19221.97,77.79,"WA","S","TF","170601070505",0,0,"{AB878CF0-E29C-11E2-8094-0021280458E6}",74,74,"Columbia CD",2261472697.5,"Southeast",2261472697.49992,"Southeast",242550.867209,242550.867208701
"405",31,"Chard Gulch-Pataha Creek",23,"Spring Wheat",1302,289.556988,"Columbia","170601070505",5384.44092596048,"huc12","{5853C5DA-EC35-46BD-B7BE-2A6A1A972B60}",NA,NA,NA,NA,2013-01-17 23:09:21,NA,20631.35,83.49,"WA","S","TF","170601070506",0,0,"{AB87AA44-E29C-11E2-8094-0021280458E6}",74,74,"Columbia CD",2261472697.5,"Southeast",2261472697.49992,"Southeast",242550.867209,242550.867208701
"406",31,"Chard Gulch-Pataha Creek",24,"Winter Wheat",5661,1258.972434,"Columbia","170601070505",5384.44092596048,"huc12","{5853C5DA-EC35-46BD-B7BE-2A6A1A972B60}",NA,NA,NA,NA,2013-01-17 23:09:21,NA,20631.35,83.49,"WA","S","TF","170601070506",0,0,"{AB87AA44-E29C-11E2-8094-0021280458E6}",74,74,"Columbia CD",2261472697.5,"Southeast",2261472697.49992,"Southeast",242550.867209,242550.867208701
"407",31,"Chard Gulch-Pataha Creek",31,"Canola",339,75.391566,"Columbia","170601070505",5384.44092596048,"huc12","{5853C5DA-EC35-46BD-B7BE-2A6A1A972B60}",NA,NA,NA,NA,2013-01-17 23:09:21,NA,20631.35,83.49,"WA","S","TF","170601070506",0,0,"{AB87AA44-E29C-11E2-8094-0021280458E6}",74,74,"Columbia CD",2261472697.5,"Southeast",2261472697.49992,"Southeast",242550.867209,242550.867208701
"408",31,"Chard Gulch-Pataha Creek",36,"Alfalfa",146,32.469524,"Columbia","170601070505",5384.44092596048,"huc12","{5853C5DA-EC35-46BD-B7BE-2A6A1A972B60}",NA,NA,NA,NA,2013-01-17 23:09:21,NA,20631.35,83.49,"WA","S","TF","170601070506",0,0,"{AB87AA44-E29C-11E2-8094-0021280458E6}",74,74,"Columbia CD",2261472697.5,"Southeast",2261472697.49992,"Southeast",242550.867209,242550.867208701
"409",31,"Chard Gulch-Pataha Creek",53,"Peas",33,7.339002,"Columbia","170601070505",5384.44092596048,"huc12","{5853C5DA-EC35-46BD-B7BE-2A6A1A972B60}",NA,NA,NA,NA,2013-01-17 23:09:21,NA,20631.35,83.49,"WA","S","TF","170601070506",0,0,"{AB87AA44-E29C-11E2-8094-0021280458E6}",74,74,"Columbia CD",2261472697.5,"Southeast",2261472697.49992,"Southeast",242550.867209,242550.867208701
"410",31,"Chard Gulch-Pataha Creek",61,"Fallow/Idle Cropland",4465,992.98921,"Columbia","170601070505",5384.44092596048,"huc12","{5853C5DA-EC35-46BD-B7BE-2A6A1A972B60}",NA,NA,NA,NA,2013-01-17 23:09:21,NA,20631.35,83.49,"WA","S","TF","170601070506",0,0,"{AB87AA44-E29C-11E2-8094-0021280458E6}",74,74,"Columbia CD",2261472697.5,"Southeast",2261472697.49992,"Southeast",242550.867209,242550.867208701
"411",31,"Chard Gulch-Pataha Creek",66,"Cherries",1,0.222394,"Columbia","170601070505",5384.44092596048,"huc12","{5853C5DA-EC35-46BD-B7BE-2A6A1A972B60}",NA,NA,NA,NA,2013-01-17 23:09:21,NA,20631.35,83.49,"WA","S","TF","170601070506",0,0,"{AB87AA44-E29C-11E2-8094-0021280458E6}",74,74,"Columbia CD",2261472697.5,"Southeast",2261472697.49992,"Southeast",242550.867209,242550.867208701
"412",31,"Chard Gulch-Pataha Creek",69,"Grapes",3,0.667182,"Columbia","170601070505",5384.44092596048,"huc12","{5853C5DA-EC35-46BD-B7BE-2A6A1A972B60}",NA,NA,NA,NA,2013-01-17 23:09:21,NA,20631.35,83.49,"WA","S","TF","170601070506",0,0,"{AB87AA44-E29C-11E2-8094-0021280458E6}",74,74,"Columbia CD",2261472697.5,"Southeast",2261472697.49992,"Southeast",242550.867209,242550.867208701
"413",31,"Chard Gulch-Pataha Creek",70,"Christmas Trees",2,0.444788,"Columbia","170601070505",5384.44092596048,"huc12","{5853C5DA-EC35-46BD-B7BE-2A6A1A972B60}",NA,NA,NA,NA,2013-01-17 23:09:21,NA,20631.35,83.49,"WA","S","TF","170601070506",0,0,"{AB87AA44-E29C-11E2-8094-0021280458E6}",74,74,"Columbia CD",2261472697.5,"Southeast",2261472697.49992,"Southeast",242550.867209,242550.867208701
"414",31,"Chard Gulch-Pataha Creek",121,"Developed/Open Space",84,18.681096,"Columbia","170601070505",5384.44092596048,"huc12","{5853C5DA-EC35-46BD-B7BE-2A6A1A972B60}",NA,NA,NA,NA,2013-01-17 23:09:21,NA,20631.35,83.49,"WA","S","TF","170601070506",0,0,"{AB87AA44-E29C-11E2-8094-0021280458E6}",74,74,"Columbia CD",2261472697.5,"Southeast",2261472697.49992,"Southeast",242550.867209,242550.867208701
"415",31,"Chard Gulch-Pataha Creek",122,"Developed/Low Intensity",38,8.450972,"Columbia","170601070505",5384.44092596048,"huc12","{5853C5DA-EC35-46BD-B7BE-2A6A1A972B60}",NA,NA,NA,NA,2013-01-17 23:09:21,NA,20631.35,83.49,"WA","S","TF","170601070506",0,0,"{AB87AA44-E29C-11E2-8094-0021280458E6}",74,74,"Columbia CD",2261472697.5,"Southeast",2261472697.49992,"Southeast",242550.867209,242550.867208701
"416",31,"Chard Gulch-Pataha Creek",124,"Developed/High Intensity",4,0.889576,"Columbia","170601070505",5384.44092596048,"huc12","{5853C5DA-EC35-46BD-B7BE-2A6A1A972B60}",NA,NA,NA,NA,2013-01-17 23:09:21,NA,20631.35,83.49,"WA","S","TF","170601070506",0,0,"{AB87AA44-E29C-11E2-8094-0021280458E6}",74,74,"Columbia CD",2261472697.5,"Southeast",2261472697.49992,"Southeast",242550.867209,242550.867208701
"417",31,"Chard Gulch-Pataha Creek",142,"Evergreen Forest",10,2.22394,"Columbia","170601070505",5384.44092596048,"huc12","{5853C5DA-EC35-46BD-B7BE-2A6A1A972B60}",NA,NA,NA,NA,2013-01-17 23:09:21,NA,20631.35,83.49,"WA","S","TF","170601070506",0,0,"{AB87AA44-E29C-11E2-8094-0021280458E6}",74,74,"Columbia CD",2261472697.5,"Southeast",2261472697.49992,"Southeast",242550.867209,242550.867208701
"418",31,"Chard Gulch-Pataha Creek",152,"Shrubland",283,62.937502,"Columbia","170601070505",5384.44092596048,"huc12","{5853C5DA-EC35-46BD-B7BE-2A6A1A972B60}",NA,NA,NA,NA,2013-01-17 23:09:21,NA,20631.35,83.49,"WA","S","TF","170601070506",0,0,"{AB87AA44-E29C-11E2-8094-0021280458E6}",74,74,"Columbia CD",2261472697.5,"Southeast",2261472697.49992,"Southeast",242550.867209,242550.867208701
"419",31,"Chard Gulch-Pataha Creek",176,"Grassland/Pasture",11831,2631.143414,"Columbia","170601070505",5384.44092596048,"huc12","{5853C5DA-EC35-46BD-B7BE-2A6A1A972B60}",NA,NA,NA,NA,2013-01-17 23:09:21,NA,20631.35,83.49,"WA","S","TF","170601070506",0,0,"{AB87AA44-E29C-11E2-8094-0021280458E6}",74,74,"Columbia CD",2261472697.5,"Southeast",2261472697.49992,"Southeast",242550.867209,242550.867208701
"420",32,"Upper Mill Creek",131,"Barren",10,2.22394,"Columbia","170701020201",10422.263839277,"huc12","{BB178838-E4E9-4025-8C83-B0BCA3E5F8C0}",NA,NA,NA,NA,2013-01-17 23:09:29,NA,21439.82,86.76,"OR,WA","S","NM","170701020202",0,0,"{ADE22517-E29C-11E2-8094-0021280458E6}",74,74,"Columbia CD",2261472697.5,"Southeast",2261472697.49992,"Southeast",242550.867209,242550.867208701
"421",32,"Upper Mill Creek",142,"Evergreen Forest",42602,9474.429188,"Columbia","170701020201",10422.263839277,"huc12","{BB178838-E4E9-4025-8C83-B0BCA3E5F8C0}",NA,NA,NA,NA,2013-01-17 23:09:29,NA,21439.82,86.76,"OR,WA","S","NM","170701020202",0,0,"{ADE22517-E29C-11E2-8094-0021280458E6}",74,74,"Columbia CD",2261472697.5,"Southeast",2261472697.49992,"Southeast",242550.867209,242550.867208701
"422",32,"Upper Mill Creek",152,"Shrubland",1845,410.31693,"Columbia","170701020201",10422.263839277,"huc12","{BB178838-E4E9-4025-8C83-B0BCA3E5F8C0}",NA,NA,NA,NA,2013-01-17 23:09:29,NA,21439.82,86.76,"OR,WA","S","NM","170701020202",0,0,"{ADE22517-E29C-11E2-8094-0021280458E6}",74,74,"Columbia CD",2261472697.5,"Southeast",2261472697.49992,"Southeast",242550.867209,242550.867208701
"423",32,"Upper Mill Creek",176,"Grassland/Pasture",2409,535.747146,"Columbia","170701020201",10422.263839277,"huc12","{BB178838-E4E9-4025-8C83-B0BCA3E5F8C0}",NA,NA,NA,NA,2013-01-17 23:09:29,NA,21439.82,86.76,"OR,WA","S","NM","170701020202",0,0,"{ADE22517-E29C-11E2-8094-0021280458E6}",74,74,"Columbia CD",2261472697.5,"Southeast",2261472697.49992,"Southeast",242550.867209,242550.867208701
"424",33,"Upper North Fork Touchet River",111,"Open Water",3,0.667182,"Columbia","170701020301",17805.1984486809,"huc12","{40BC8542-C356-422B-8216-AB11811B8BF2}",NA,NA,NA,NA,2013-01-17 23:09:29,NA,17805.28,72.06,"WA","S","TF","170701020302",0,0,"{AE15E7C5-E29C-11E2-8094-0021280458E6}",74,74,"Columbia CD",2261472697.5,"Southeast",2261472697.49992,"Southeast",242550.867209,242550.867208701
"425",33,"Upper North Fork Touchet River",121,"Developed/Open Space",97,21.572218,"Columbia","170701020301",17805.1984486809,"huc12","{40BC8542-C356-422B-8216-AB11811B8BF2}",NA,NA,NA,NA,2013-01-17 23:09:29,NA,17805.28,72.06,"WA","S","TF","170701020302",0,0,"{AE15E7C5-E29C-11E2-8094-0021280458E6}",74,74,"Columbia CD",2261472697.5,"Southeast",2261472697.49992,"Southeast",242550.867209,242550.867208701
"426",33,"Upper North Fork Touchet River",122,"Developed/Low Intensity",9,2.001546,"Columbia","170701020301",17805.1984486809,"huc12","{40BC8542-C356-422B-8216-AB11811B8BF2}",NA,NA,NA,NA,2013-01-17 23:09:29,NA,17805.28,72.06,"WA","S","TF","170701020302",0,0,"{AE15E7C5-E29C-11E2-8094-0021280458E6}",74,74,"Columbia CD",2261472697.5,"Southeast",2261472697.49992,"Southeast",242550.867209,242550.867208701
"427",33,"Upper North Fork Touchet River",123,"Developed/Med Intensity",16,3.558304,"Columbia","170701020301",17805.1984486809,"huc12","{40BC8542-C356-422B-8216-AB11811B8BF2}",NA,NA,NA,NA,2013-01-17 23:09:29,NA,17805.28,72.06,"WA","S","TF","170701020302",0,0,"{AE15E7C5-E29C-11E2-8094-0021280458E6}",74,74,"Columbia CD",2261472697.5,"Southeast",2261472697.49992,"Southeast",242550.867209,242550.867208701
"428",33,"Upper North Fork Touchet River",142,"Evergreen Forest",52099,11586.505006,"Columbia","170701020301",17805.1984486809,"huc12","{40BC8542-C356-422B-8216-AB11811B8BF2}",NA,NA,NA,NA,2013-01-17 23:09:29,NA,17805.28,72.06,"WA","S","TF","170701020302",0,0,"{AE15E7C5-E29C-11E2-8094-0021280458E6}",74,74,"Columbia CD",2261472697.5,"Southeast",2261472697.49992,"Southeast",242550.867209,242550.867208701
"429",33,"Upper North Fork Touchet River",152,"Shrubland",19297,4291.537018,"Columbia","170701020301",17805.1984486809,"huc12","{40BC8542-C356-422B-8216-AB11811B8BF2}",NA,NA,NA,NA,2013-01-17 23:09:29,NA,17805.28,72.06,"WA","S","TF","170701020302",0,0,"{AE15E7C5-E29C-11E2-8094-0021280458E6}",74,74,"Columbia CD",2261472697.5,"Southeast",2261472697.49992,"Southeast",242550.867209,242550.867208701
"430",33,"Upper North Fork Touchet River",176,"Grassland/Pasture",8540,1899.24476,"Columbia","170701020301",17805.1984486809,"huc12","{40BC8542-C356-422B-8216-AB11811B8BF2}",NA,NA,NA,NA,2013-01-17 23:09:29,NA,17805.28,72.06,"WA","S","TF","170701020302",0,0,"{AE15E7C5-E29C-11E2-8094-0021280458E6}",74,74,"Columbia CD",2261472697.5,"Southeast",2261472697.49992,"Southeast",242550.867209,242550.867208701
"431",34,"Middle North Fork Touchet River",1,"Corn",5,1.11197,"Columbia","170701020302",20613.6841942531,"huc12","{47105D4E-ACAE-4C6A-8EBD-1372FAF869DD}",NA,NA,NA,NA,2013-01-17 23:09:29,NA,20613.77,83.42,"WA","S","NM","170701020308",0,0,"{AE1606D1-E29C-11E2-8094-0021280458E6}",74,74,"Columbia CD",2261472697.5,"Southeast",2261472697.49992,"Southeast",242550.867209,242550.867208701
"432",34,"Middle North Fork Touchet River",23,"Spring Wheat",22,4.892668,"Columbia","170701020302",20613.6841942531,"huc12","{47105D4E-ACAE-4C6A-8EBD-1372FAF869DD}",NA,NA,NA,NA,2013-01-17 23:09:29,NA,20613.77,83.42,"WA","S","NM","170701020308",0,0,"{AE1606D1-E29C-11E2-8094-0021280458E6}",74,74,"Columbia CD",2261472697.5,"Southeast",2261472697.49992,"Southeast",242550.867209,242550.867208701
"433",34,"Middle North Fork Touchet River",24,"Winter Wheat",457,101.634058,"Columbia","170701020302",20613.6841942531,"huc12","{47105D4E-ACAE-4C6A-8EBD-1372FAF869DD}",NA,NA,NA,NA,2013-01-17 23:09:29,NA,20613.77,83.42,"WA","S","NM","170701020308",0,0,"{AE1606D1-E29C-11E2-8094-0021280458E6}",74,74,"Columbia CD",2261472697.5,"Southeast",2261472697.49992,"Southeast",242550.867209,242550.867208701
"434",34,"Middle North Fork Touchet River",31,"Canola",66,14.678004,"Columbia","170701020302",20613.6841942531,"huc12","{47105D4E-ACAE-4C6A-8EBD-1372FAF869DD}",NA,NA,NA,NA,2013-01-17 23:09:29,NA,20613.77,83.42,"WA","S","NM","170701020308",0,0,"{AE1606D1-E29C-11E2-8094-0021280458E6}",74,74,"Columbia CD",2261472697.5,"Southeast",2261472697.49992,"Southeast",242550.867209,242550.867208701
"435",34,"Middle North Fork Touchet River",36,"Alfalfa",2,0.444788,"Columbia","170701020302",20613.6841942531,"huc12","{47105D4E-ACAE-4C6A-8EBD-1372FAF869DD}",NA,NA,NA,NA,2013-01-17 23:09:29,NA,20613.77,83.42,"WA","S","NM","170701020308",0,0,"{AE1606D1-E29C-11E2-8094-0021280458E6}",74,74,"Columbia CD",2261472697.5,"Southeast",2261472697.49992,"Southeast",242550.867209,242550.867208701
"436",34,"Middle North Fork Touchet River",37,"Other Hay/Non Alfalfa",19,4.225486,"Columbia","170701020302",20613.6841942531,"huc12","{47105D4E-ACAE-4C6A-8EBD-1372FAF869DD}",NA,NA,NA,NA,2013-01-17 23:09:29,NA,20613.77,83.42,"WA","S","NM","170701020308",0,0,"{AE1606D1-E29C-11E2-8094-0021280458E6}",74,74,"Columbia CD",2261472697.5,"Southeast",2261472697.49992,"Southeast",242550.867209,242550.867208701
"437",34,"Middle North Fork Touchet River",51,"Chick Peas",40,8.89576,"Columbia","170701020302",20613.6841942531,"huc12","{47105D4E-ACAE-4C6A-8EBD-1372FAF869DD}",NA,NA,NA,NA,2013-01-17 23:09:29,NA,20613.77,83.42,"WA","S","NM","170701020308",0,0,"{AE1606D1-E29C-11E2-8094-0021280458E6}",74,74,"Columbia CD",2261472697.5,"Southeast",2261472697.49992,"Southeast",242550.867209,242550.867208701
"438",34,"Middle North Fork Touchet River",59,"Sod/Grass Seed",22,4.892668,"Columbia","170701020302",20613.6841942531,"huc12","{47105D4E-ACAE-4C6A-8EBD-1372FAF869DD}",NA,NA,NA,NA,2013-01-17 23:09:29,NA,20613.77,83.42,"WA","S","NM","170701020308",0,0,"{AE1606D1-E29C-11E2-8094-0021280458E6}",74,74,"Columbia CD",2261472697.5,"Southeast",2261472697.49992,"Southeast",242550.867209,242550.867208701
"439",34,"Middle North Fork Touchet River",61,"Fallow/Idle Cropland",16,3.558304,"Columbia","170701020302",20613.6841942531,"huc12","{47105D4E-ACAE-4C6A-8EBD-1372FAF869DD}",NA,NA,NA,NA,2013-01-17 23:09:29,NA,20613.77,83.42,"WA","S","NM","170701020308",0,0,"{AE1606D1-E29C-11E2-8094-0021280458E6}",74,74,"Columbia CD",2261472697.5,"Southeast",2261472697.49992,"Southeast",242550.867209,242550.867208701
"440",34,"Middle North Fork Touchet River",68,"Apples",13,2.891122,"Columbia","170701020302",20613.6841942531,"huc12","{47105D4E-ACAE-4C6A-8EBD-1372FAF869DD}",NA,NA,NA,NA,2013-01-17 23:09:29,NA,20613.77,83.42,"WA","S","NM","170701020308",0,0,"{AE1606D1-E29C-11E2-8094-0021280458E6}",74,74,"Columbia CD",2261472697.5,"Southeast",2261472697.49992,"Southeast",242550.867209,242550.867208701
"441",34,"Middle North Fork Touchet River",69,"Grapes",21,4.670274,"Columbia","170701020302",20613.6841942531,"huc12","{47105D4E-ACAE-4C6A-8EBD-1372FAF869DD}",NA,NA,NA,NA,2013-01-17 23:09:29,NA,20613.77,83.42,"WA","S","NM","170701020308",0,0,"{AE1606D1-E29C-11E2-8094-0021280458E6}",74,74,"Columbia CD",2261472697.5,"Southeast",2261472697.49992,"Southeast",242550.867209,242550.867208701
"442",34,"Middle North Fork Touchet River",70,"Christmas Trees",1,0.222394,"Columbia","170701020302",20613.6841942531,"huc12","{47105D4E-ACAE-4C6A-8EBD-1372FAF869DD}",NA,NA,NA,NA,2013-01-17 23:09:29,NA,20613.77,83.42,"WA","S","NM","170701020308",0,0,"{AE1606D1-E29C-11E2-8094-0021280458E6}",74,74,"Columbia CD",2261472697.5,"Southeast",2261472697.49992,"Southeast",242550.867209,242550.867208701
"443",34,"Middle North Fork Touchet River",77,"Pears",4,0.889576,"Columbia","170701020302",20613.6841942531,"huc12","{47105D4E-ACAE-4C6A-8EBD-1372FAF869DD}",NA,NA,NA,NA,2013-01-17 23:09:29,NA,20613.77,83.42,"WA","S","NM","170701020308",0,0,"{AE1606D1-E29C-11E2-8094-0021280458E6}",74,74,"Columbia CD",2261472697.5,"Southeast",2261472697.49992,"Southeast",242550.867209,242550.867208701
"444",34,"Middle North Fork Touchet River",111,"Open Water",32,7.116608,"Columbia","170701020302",20613.6841942531,"huc12","{47105D4E-ACAE-4C6A-8EBD-1372FAF869DD}",NA,NA,NA,NA,2013-01-17 23:09:29,NA,20613.77,83.42,"WA","S","NM","170701020308",0,0,"{AE1606D1-E29C-11E2-8094-0021280458E6}",74,74,"Columbia CD",2261472697.5,"Southeast",2261472697.49992,"Southeast",242550.867209,242550.867208701
"445",34,"Middle North Fork Touchet River",121,"Developed/Open Space",253,56.265682,"Columbia","170701020302",20613.6841942531,"huc12","{47105D4E-ACAE-4C6A-8EBD-1372FAF869DD}",NA,NA,NA,NA,2013-01-17 23:09:29,NA,20613.77,83.42,"WA","S","NM","170701020308",0,0,"{AE1606D1-E29C-11E2-8094-0021280458E6}",74,74,"Columbia CD",2261472697.5,"Southeast",2261472697.49992,"Southeast",242550.867209,242550.867208701
"446",34,"Middle North Fork Touchet River",122,"Developed/Low Intensity",257,57.155258,"Columbia","170701020302",20613.6841942531,"huc12","{47105D4E-ACAE-4C6A-8EBD-1372FAF869DD}",NA,NA,NA,NA,2013-01-17 23:09:29,NA,20613.77,83.42,"WA","S","NM","170701020308",0,0,"{AE1606D1-E29C-11E2-8094-0021280458E6}",74,74,"Columbia CD",2261472697.5,"Southeast",2261472697.49992,"Southeast",242550.867209,242550.867208701
"447",34,"Middle North Fork Touchet River",123,"Developed/Med Intensity",6,1.334364,"Columbia","170701020302",20613.6841942531,"huc12","{47105D4E-ACAE-4C6A-8EBD-1372FAF869DD}",NA,NA,NA,NA,2013-01-17 23:09:29,NA,20613.77,83.42,"WA","S","NM","170701020308",0,0,"{AE1606D1-E29C-11E2-8094-0021280458E6}",74,74,"Columbia CD",2261472697.5,"Southeast",2261472697.49992,"Southeast",242550.867209,242550.867208701
"448",34,"Middle North Fork Touchet River",124,"Developed/High Intensity",2,0.444788,"Columbia","170701020302",20613.6841942531,"huc12","{47105D4E-ACAE-4C6A-8EBD-1372FAF869DD}",NA,NA,NA,NA,2013-01-17 23:09:29,NA,20613.77,83.42,"WA","S","NM","170701020308",0,0,"{AE1606D1-E29C-11E2-8094-0021280458E6}",74,74,"Columbia CD",2261472697.5,"Southeast",2261472697.49992,"Southeast",242550.867209,242550.867208701
"449",34,"Middle North Fork Touchet River",142,"Evergreen Forest",46484,10337.762696,"Columbia","170701020302",20613.6841942531,"huc12","{47105D4E-ACAE-4C6A-8EBD-1372FAF869DD}",NA,NA,NA,NA,2013-01-17 23:09:29,NA,20613.77,83.42,"WA","S","NM","170701020308",0,0,"{AE1606D1-E29C-11E2-8094-0021280458E6}",74,74,"Columbia CD",2261472697.5,"Southeast",2261472697.49992,"Southeast",242550.867209,242550.867208701
"450",34,"Middle North Fork Touchet River",152,"Shrubland",18715,4162.10371,"Columbia","170701020302",20613.6841942531,"huc12","{47105D4E-ACAE-4C6A-8EBD-1372FAF869DD}",NA,NA,NA,NA,2013-01-17 23:09:29,NA,20613.77,83.42,"WA","S","NM","170701020308",0,0,"{AE1606D1-E29C-11E2-8094-0021280458E6}",74,74,"Columbia CD",2261472697.5,"Southeast",2261472697.49992,"Southeast",242550.867209,242550.867208701
"451",34,"Middle North Fork Touchet River",176,"Grassland/Pasture",26254,5838.732076,"Columbia","170701020302",20613.6841942531,"huc12","{47105D4E-ACAE-4C6A-8EBD-1372FAF869DD}",NA,NA,NA,NA,2013-01-17 23:09:29,NA,20613.77,83.42,"WA","S","NM","170701020308",0,0,"{AE1606D1-E29C-11E2-8094-0021280458E6}",74,74,"Columbia CD",2261472697.5,"Southeast",2261472697.49992,"Southeast",242550.867209,242550.867208701
"452",34,"Middle North Fork Touchet River",190,"Woody Wetlands",2,0.444788,"Columbia","170701020302",20613.6841942531,"huc12","{47105D4E-ACAE-4C6A-8EBD-1372FAF869DD}",NA,NA,NA,NA,2013-01-17 23:09:29,NA,20613.77,83.42,"WA","S","NM","170701020308",0,0,"{AE1606D1-E29C-11E2-8094-0021280458E6}",74,74,"Columbia CD",2261472697.5,"Southeast",2261472697.49992,"Southeast",242550.867209,242550.867208701
"453",34,"Middle North Fork Touchet River",195,"Herbaceous Wetlands",3,0.667182,"Columbia","170701020302",20613.6841942531,"huc12","{47105D4E-ACAE-4C6A-8EBD-1372FAF869DD}",NA,NA,NA,NA,2013-01-17 23:09:29,NA,20613.77,83.42,"WA","S","NM","170701020308",0,0,"{AE1606D1-E29C-11E2-8094-0021280458E6}",74,74,"Columbia CD",2261472697.5,"Southeast",2261472697.49992,"Southeast",242550.867209,242550.867208701
"454",35,"Wolf Fork",23,"Spring Wheat",180,40.03092,"Columbia","170701020303",26756.9110593764,"huc12","{1D8AB22B-389D-45F5-956B-FDF7DC9CBFFD}","{4F682C27-3237-4F93-8B32-E51E7E5E494E}",NA,NA,NA,2016-11-29 04:14:11,NA,26757,108.28,"WA","S","TF","170701020308",0,0,"{AE161E46-E29C-11E2-8094-0021280458E6}",74,74,"Columbia CD",2261472697.5,"Southeast",2261472697.49992,"Southeast",242550.867209,242550.867208701
"455",35,"Wolf Fork",24,"Winter Wheat",2610,580.44834,"Columbia","170701020303",26756.9110593764,"huc12","{1D8AB22B-389D-45F5-956B-FDF7DC9CBFFD}","{4F682C27-3237-4F93-8B32-E51E7E5E494E}",NA,NA,NA,2016-11-29 04:14:11,NA,26757,108.28,"WA","S","TF","170701020308",0,0,"{AE161E46-E29C-11E2-8094-0021280458E6}",74,74,"Columbia CD",2261472697.5,"Southeast",2261472697.49992,"Southeast",242550.867209,242550.867208701
"456",35,"Wolf Fork",28,"Oats",3,0.667182,"Columbia","170701020303",26756.9110593764,"huc12","{1D8AB22B-389D-45F5-956B-FDF7DC9CBFFD}","{4F682C27-3237-4F93-8B32-E51E7E5E494E}",NA,NA,NA,2016-11-29 04:14:11,NA,26757,108.28,"WA","S","TF","170701020308",0,0,"{AE161E46-E29C-11E2-8094-0021280458E6}",74,74,"Columbia CD",2261472697.5,"Southeast",2261472697.49992,"Southeast",242550.867209,242550.867208701
"457",35,"Wolf Fork",36,"Alfalfa",11,2.446334,"Columbia","170701020303",26756.9110593764,"huc12","{1D8AB22B-389D-45F5-956B-FDF7DC9CBFFD}","{4F682C27-3237-4F93-8B32-E51E7E5E494E}",NA,NA,NA,2016-11-29 04:14:11,NA,26757,108.28,"WA","S","TF","170701020308",0,0,"{AE161E46-E29C-11E2-8094-0021280458E6}",74,74,"Columbia CD",2261472697.5,"Southeast",2261472697.49992,"Southeast",242550.867209,242550.867208701
"458",35,"Wolf Fork",37,"Other Hay/Non Alfalfa",109,24.240946,"Columbia","170701020303",26756.9110593764,"huc12","{1D8AB22B-389D-45F5-956B-FDF7DC9CBFFD}","{4F682C27-3237-4F93-8B32-E51E7E5E494E}",NA,NA,NA,2016-11-29 04:14:11,NA,26757,108.28,"WA","S","TF","170701020308",0,0,"{AE161E46-E29C-11E2-8094-0021280458E6}",74,74,"Columbia CD",2261472697.5,"Southeast",2261472697.49992,"Southeast",242550.867209,242550.867208701
"459",35,"Wolf Fork",51,"Chick Peas",217,48.259498,"Columbia","170701020303",26756.9110593764,"huc12","{1D8AB22B-389D-45F5-956B-FDF7DC9CBFFD}","{4F682C27-3237-4F93-8B32-E51E7E5E494E}",NA,NA,NA,2016-11-29 04:14:11,NA,26757,108.28,"WA","S","TF","170701020308",0,0,"{AE161E46-E29C-11E2-8094-0021280458E6}",74,74,"Columbia CD",2261472697.5,"Southeast",2261472697.49992,"Southeast",242550.867209,242550.867208701
"460",35,"Wolf Fork",53,"Peas",2,0.444788,"Columbia","170701020303",26756.9110593764,"huc12","{1D8AB22B-389D-45F5-956B-FDF7DC9CBFFD}","{4F682C27-3237-4F93-8B32-E51E7E5E494E}",NA,NA,NA,2016-11-29 04:14:11,NA,26757,108.28,"WA","S","TF","170701020308",0,0,"{AE161E46-E29C-11E2-8094-0021280458E6}",74,74,"Columbia CD",2261472697.5,"Southeast",2261472697.49992,"Southeast",242550.867209,242550.867208701
"461",35,"Wolf Fork",59,"Sod/Grass Seed",8,1.779152,"Columbia","170701020303",26756.9110593764,"huc12","{1D8AB22B-389D-45F5-956B-FDF7DC9CBFFD}","{4F682C27-3237-4F93-8B32-E51E7E5E494E}",NA,NA,NA,2016-11-29 04:14:11,NA,26757,108.28,"WA","S","TF","170701020308",0,0,"{AE161E46-E29C-11E2-8094-0021280458E6}",74,74,"Columbia CD",2261472697.5,"Southeast",2261472697.49992,"Southeast",242550.867209,242550.867208701
"462",35,"Wolf Fork",61,"Fallow/Idle Cropland",1,0.222394,"Columbia","170701020303",26756.9110593764,"huc12","{1D8AB22B-389D-45F5-956B-FDF7DC9CBFFD}","{4F682C27-3237-4F93-8B32-E51E7E5E494E}",NA,NA,NA,2016-11-29 04:14:11,NA,26757,108.28,"WA","S","TF","170701020308",0,0,"{AE161E46-E29C-11E2-8094-0021280458E6}",74,74,"Columbia CD",2261472697.5,"Southeast",2261472697.49992,"Southeast",242550.867209,242550.867208701
"463",35,"Wolf Fork",67,"Peaches",2,0.444788,"Columbia","170701020303",26756.9110593764,"huc12","{1D8AB22B-389D-45F5-956B-FDF7DC9CBFFD}","{4F682C27-3237-4F93-8B32-E51E7E5E494E}",NA,NA,NA,2016-11-29 04:14:11,NA,26757,108.28,"WA","S","TF","170701020308",0,0,"{AE161E46-E29C-11E2-8094-0021280458E6}",74,74,"Columbia CD",2261472697.5,"Southeast",2261472697.49992,"Southeast",242550.867209,242550.867208701
"464",35,"Wolf Fork",68,"Apples",8,1.779152,"Columbia","170701020303",26756.9110593764,"huc12","{1D8AB22B-389D-45F5-956B-FDF7DC9CBFFD}","{4F682C27-3237-4F93-8B32-E51E7E5E494E}",NA,NA,NA,2016-11-29 04:14:11,NA,26757,108.28,"WA","S","TF","170701020308",0,0,"{AE161E46-E29C-11E2-8094-0021280458E6}",74,74,"Columbia CD",2261472697.5,"Southeast",2261472697.49992,"Southeast",242550.867209,242550.867208701
"465",35,"Wolf Fork",69,"Grapes",8,1.779152,"Columbia","170701020303",26756.9110593764,"huc12","{1D8AB22B-389D-45F5-956B-FDF7DC9CBFFD}","{4F682C27-3237-4F93-8B32-E51E7E5E494E}",NA,NA,NA,2016-11-29 04:14:11,NA,26757,108.28,"WA","S","TF","170701020308",0,0,"{AE161E46-E29C-11E2-8094-0021280458E6}",74,74,"Columbia CD",2261472697.5,"Southeast",2261472697.49992,"Southeast",242550.867209,242550.867208701
"466",35,"Wolf Fork",70,"Christmas Trees",1,0.222394,"Columbia","170701020303",26756.9110593764,"huc12","{1D8AB22B-389D-45F5-956B-FDF7DC9CBFFD}","{4F682C27-3237-4F93-8B32-E51E7E5E494E}",NA,NA,NA,2016-11-29 04:14:11,NA,26757,108.28,"WA","S","TF","170701020308",0,0,"{AE161E46-E29C-11E2-8094-0021280458E6}",74,74,"Columbia CD",2261472697.5,"Southeast",2261472697.49992,"Southeast",242550.867209,242550.867208701
"467",35,"Wolf Fork",77,"Pears",4,0.889576,"Columbia","170701020303",26756.9110593764,"huc12","{1D8AB22B-389D-45F5-956B-FDF7DC9CBFFD}","{4F682C27-3237-4F93-8B32-E51E7E5E494E}",NA,NA,NA,2016-11-29 04:14:11,NA,26757,108.28,"WA","S","TF","170701020308",0,0,"{AE161E46-E29C-11E2-8094-0021280458E6}",74,74,"Columbia CD",2261472697.5,"Southeast",2261472697.49992,"Southeast",242550.867209,242550.867208701
"468",35,"Wolf Fork",111,"Open Water",1,0.222394,"Columbia","170701020303",26756.9110593764,"huc12","{1D8AB22B-389D-45F5-956B-FDF7DC9CBFFD}","{4F682C27-3237-4F93-8B32-E51E7E5E494E}",NA,NA,NA,2016-11-29 04:14:11,NA,26757,108.28,"WA","S","TF","170701020308",0,0,"{AE161E46-E29C-11E2-8094-0021280458E6}",74,74,"Columbia CD",2261472697.5,"Southeast",2261472697.49992,"Southeast",242550.867209,242550.867208701
"469",35,"Wolf Fork",121,"Developed/Open Space",308,68.497352,"Columbia","170701020303",26756.9110593764,"huc12","{1D8AB22B-389D-45F5-956B-FDF7DC9CBFFD}","{4F682C27-3237-4F93-8B32-E51E7E5E494E}",NA,NA,NA,2016-11-29 04:14:11,NA,26757,108.28,"WA","S","TF","170701020308",0,0,"{AE161E46-E29C-11E2-8094-0021280458E6}",74,74,"Columbia CD",2261472697.5,"Southeast",2261472697.49992,"Southeast",242550.867209,242550.867208701
"470",35,"Wolf Fork",122,"Developed/Low Intensity",86,19.125884,"Columbia","170701020303",26756.9110593764,"huc12","{1D8AB22B-389D-45F5-956B-FDF7DC9CBFFD}","{4F682C27-3237-4F93-8B32-E51E7E5E494E}",NA,NA,NA,2016-11-29 04:14:11,NA,26757,108.28,"WA","S","TF","170701020308",0,0,"{AE161E46-E29C-11E2-8094-0021280458E6}",74,74,"Columbia CD",2261472697.5,"Southeast",2261472697.49992,"Southeast",242550.867209,242550.867208701
"471",35,"Wolf Fork",123,"Developed/Med Intensity",2,0.444788,"Columbia","170701020303",26756.9110593764,"huc12","{1D8AB22B-389D-45F5-956B-FDF7DC9CBFFD}","{4F682C27-3237-4F93-8B32-E51E7E5E494E}",NA,NA,NA,2016-11-29 04:14:11,NA,26757,108.28,"WA","S","TF","170701020308",0,0,"{AE161E46-E29C-11E2-8094-0021280458E6}",74,74,"Columbia CD",2261472697.5,"Southeast",2261472697.49992,"Southeast",242550.867209,242550.867208701
"472",35,"Wolf Fork",142,"Evergreen Forest",71149,15823.110706,"Columbia","170701020303",26756.9110593764,"huc12","{1D8AB22B-389D-45F5-956B-FDF7DC9CBFFD}","{4F682C27-3237-4F93-8B32-E51E7E5E494E}",NA,NA,NA,2016-11-29 04:14:11,NA,26757,108.28,"WA","S","TF","170701020308",0,0,"{AE161E46-E29C-11E2-8094-0021280458E6}",74,74,"Columbia CD",2261472697.5,"Southeast",2261472697.49992,"Southeast",242550.867209,242550.867208701
"473",35,"Wolf Fork",143,"Mixed Forest",1,0.222394,"Columbia","170701020303",26756.9110593764,"huc12","{1D8AB22B-389D-45F5-956B-FDF7DC9CBFFD}","{4F682C27-3237-4F93-8B32-E51E7E5E494E}",NA,NA,NA,2016-11-29 04:14:11,NA,26757,108.28,"WA","S","TF","170701020308",0,0,"{AE161E46-E29C-11E2-8094-0021280458E6}",74,74,"Columbia CD",2261472697.5,"Southeast",2261472697.49992,"Southeast",242550.867209,242550.867208701
"474",35,"Wolf Fork",152,"Shrubland",24466,5441.091604,"Columbia","170701020303",26756.9110593764,"huc12","{1D8AB22B-389D-45F5-956B-FDF7DC9CBFFD}","{4F682C27-3237-4F93-8B32-E51E7E5E494E}",NA,NA,NA,2016-11-29 04:14:11,NA,26757,108.28,"WA","S","TF","170701020308",0,0,"{AE161E46-E29C-11E2-8094-0021280458E6}",74,74,"Columbia CD",2261472697.5,"Southeast",2261472697.49992,"Southeast",242550.867209,242550.867208701
"475",35,"Wolf Fork",176,"Grassland/Pasture",21151,4703.855494,"Columbia","170701020303",26756.9110593764,"huc12","{1D8AB22B-389D-45F5-956B-FDF7DC9CBFFD}","{4F682C27-3237-4F93-8B32-E51E7E5E494E}",NA,NA,NA,2016-11-29 04:14:11,NA,26757,108.28,"WA","S","TF","170701020308",0,0,"{AE161E46-E29C-11E2-8094-0021280458E6}",74,74,"Columbia CD",2261472697.5,"Southeast",2261472697.49992,"Southeast",242550.867209,242550.867208701
"476",35,"Wolf Fork",195,"Herbaceous Wetlands",3,0.667182,"Columbia","170701020303",26756.9110593764,"huc12","{1D8AB22B-389D-45F5-956B-FDF7DC9CBFFD}","{4F682C27-3237-4F93-8B32-E51E7E5E494E}",NA,NA,NA,2016-11-29 04:14:11,NA,26757,108.28,"WA","S","TF","170701020308",0,0,"{AE161E46-E29C-11E2-8094-0021280458E6}",74,74,"Columbia CD",2261472697.5,"Southeast",2261472697.49992,"Southeast",242550.867209,242550.867208701
"477",36,"South Fork Touchet River",21,"Barley",5,1.11197,"Columbia","170701020304",26641.2768466977,"huc12","{7DA9717C-C78F-48C3-B959-70E2002DD159}",NA,NA,NA,NA,2013-01-17 23:09:29,NA,27932.08,113.04,"WA","S","NM","170701020308",0,0,"{AE163D57-E29C-11E2-8094-0021280458E6}",74,74,"Columbia CD",2261472697.5,"Southeast",2261472697.49992,"Southeast",242550.867209,242550.867208701
"478",36,"South Fork Touchet River",23,"Spring Wheat",1296,288.222624,"Columbia","170701020304",26641.2768466977,"huc12","{7DA9717C-C78F-48C3-B959-70E2002DD159}",NA,NA,NA,NA,2013-01-17 23:09:29,NA,27932.08,113.04,"WA","S","NM","170701020308",0,0,"{AE163D57-E29C-11E2-8094-0021280458E6}",74,74,"Columbia CD",2261472697.5,"Southeast",2261472697.49992,"Southeast",242550.867209,242550.867208701
"479",36,"South Fork Touchet River",24,"Winter Wheat",8351,1857.212294,"Columbia","170701020304",26641.2768466977,"huc12","{7DA9717C-C78F-48C3-B959-70E2002DD159}",NA,NA,NA,NA,2013-01-17 23:09:29,NA,27932.08,113.04,"WA","S","NM","170701020308",0,0,"{AE163D57-E29C-11E2-8094-0021280458E6}",74,74,"Columbia CD",2261472697.5,"Southeast",2261472697.49992,"Southeast",242550.867209,242550.867208701
"480",36,"South Fork Touchet River",36,"Alfalfa",30,6.67182,"Columbia","170701020304",26641.2768466977,"huc12","{7DA9717C-C78F-48C3-B959-70E2002DD159}",NA,NA,NA,NA,2013-01-17 23:09:29,NA,27932.08,113.04,"WA","S","NM","170701020308",0,0,"{AE163D57-E29C-11E2-8094-0021280458E6}",74,74,"Columbia CD",2261472697.5,"Southeast",2261472697.49992,"Southeast",242550.867209,242550.867208701
"481",36,"South Fork Touchet River",37,"Other Hay/Non Alfalfa",222,49.371468,"Columbia","170701020304",26641.2768466977,"huc12","{7DA9717C-C78F-48C3-B959-70E2002DD159}",NA,NA,NA,NA,2013-01-17 23:09:29,NA,27932.08,113.04,"WA","S","NM","170701020308",0,0,"{AE163D57-E29C-11E2-8094-0021280458E6}",74,74,"Columbia CD",2261472697.5,"Southeast",2261472697.49992,"Southeast",242550.867209,242550.867208701
"482",36,"South Fork Touchet River",51,"Chick Peas",1498,333.146212,"Columbia","170701020304",26641.2768466977,"huc12","{7DA9717C-C78F-48C3-B959-70E2002DD159}",NA,NA,NA,NA,2013-01-17 23:09:29,NA,27932.08,113.04,"WA","S","NM","170701020308",0,0,"{AE163D57-E29C-11E2-8094-0021280458E6}",74,74,"Columbia CD",2261472697.5,"Southeast",2261472697.49992,"Southeast",242550.867209,242550.867208701
"483",36,"South Fork Touchet River",53,"Peas",1909,424.550146,"Columbia","170701020304",26641.2768466977,"huc12","{7DA9717C-C78F-48C3-B959-70E2002DD159}",NA,NA,NA,NA,2013-01-17 23:09:29,NA,27932.08,113.04,"WA","S","NM","170701020308",0,0,"{AE163D57-E29C-11E2-8094-0021280458E6}",74,74,"Columbia CD",2261472697.5,"Southeast",2261472697.49992,"Southeast",242550.867209,242550.867208701
"484",36,"South Fork Touchet River",59,"Sod/Grass Seed",3,0.667182,"Columbia","170701020304",26641.2768466977,"huc12","{7DA9717C-C78F-48C3-B959-70E2002DD159}",NA,NA,NA,NA,2013-01-17 23:09:29,NA,27932.08,113.04,"WA","S","NM","170701020308",0,0,"{AE163D57-E29C-11E2-8094-0021280458E6}",74,74,"Columbia CD",2261472697.5,"Southeast",2261472697.49992,"Southeast",242550.867209,242550.867208701
"485",36,"South Fork Touchet River",61,"Fallow/Idle Cropland",273,60.713562,"Columbia","170701020304",26641.2768466977,"huc12","{7DA9717C-C78F-48C3-B959-70E2002DD159}",NA,NA,NA,NA,2013-01-17 23:09:29,NA,27932.08,113.04,"WA","S","NM","170701020308",0,0,"{AE163D57-E29C-11E2-8094-0021280458E6}",74,74,"Columbia CD",2261472697.5,"Southeast",2261472697.49992,"Southeast",242550.867209,242550.867208701
"486",36,"South Fork Touchet River",67,"Peaches",5,1.11197,"Columbia","170701020304",26641.2768466977,"huc12","{7DA9717C-C78F-48C3-B959-70E2002DD159}",NA,NA,NA,NA,2013-01-17 23:09:29,NA,27932.08,113.04,"WA","S","NM","170701020308",0,0,"{AE163D57-E29C-11E2-8094-0021280458E6}",74,74,"Columbia CD",2261472697.5,"Southeast",2261472697.49992,"Southeast",242550.867209,242550.867208701
"487",36,"South Fork Touchet River",68,"Apples",44,9.785336,"Columbia","170701020304",26641.2768466977,"huc12","{7DA9717C-C78F-48C3-B959-70E2002DD159}",NA,NA,NA,NA,2013-01-17 23:09:29,NA,27932.08,113.04,"WA","S","NM","170701020308",0,0,"{AE163D57-E29C-11E2-8094-0021280458E6}",74,74,"Columbia CD",2261472697.5,"Southeast",2261472697.49992,"Southeast",242550.867209,242550.867208701
"488",36,"South Fork Touchet River",69,"Grapes",11,2.446334,"Columbia","170701020304",26641.2768466977,"huc12","{7DA9717C-C78F-48C3-B959-70E2002DD159}",NA,NA,NA,NA,2013-01-17 23:09:29,NA,27932.08,113.04,"WA","S","NM","170701020308",0,0,"{AE163D57-E29C-11E2-8094-0021280458E6}",74,74,"Columbia CD",2261472697.5,"Southeast",2261472697.49992,"Southeast",242550.867209,242550.867208701
"489",36,"South Fork Touchet River",70,"Christmas Trees",2,0.444788,"Columbia","170701020304",26641.2768466977,"huc12","{7DA9717C-C78F-48C3-B959-70E2002DD159}",NA,NA,NA,NA,2013-01-17 23:09:29,NA,27932.08,113.04,"WA","S","NM","170701020308",0,0,"{AE163D57-E29C-11E2-8094-0021280458E6}",74,74,"Columbia CD",2261472697.5,"Southeast",2261472697.49992,"Southeast",242550.867209,242550.867208701
"490",36,"South Fork Touchet River",71,"Other Tree Crops",1,0.222394,"Columbia","170701020304",26641.2768466977,"huc12","{7DA9717C-C78F-48C3-B959-70E2002DD159}",NA,NA,NA,NA,2013-01-17 23:09:29,NA,27932.08,113.04,"WA","S","NM","170701020308",0,0,"{AE163D57-E29C-11E2-8094-0021280458E6}",74,74,"Columbia CD",2261472697.5,"Southeast",2261472697.49992,"Southeast",242550.867209,242550.867208701
"491",36,"South Fork Touchet River",77,"Pears",9,2.001546,"Columbia","170701020304",26641.2768466977,"huc12","{7DA9717C-C78F-48C3-B959-70E2002DD159}",NA,NA,NA,NA,2013-01-17 23:09:29,NA,27932.08,113.04,"WA","S","NM","170701020308",0,0,"{AE163D57-E29C-11E2-8094-0021280458E6}",74,74,"Columbia CD",2261472697.5,"Southeast",2261472697.49992,"Southeast",242550.867209,242550.867208701
"492",36,"South Fork Touchet River",111,"Open Water",2,0.444788,"Columbia","170701020304",26641.2768466977,"huc12","{7DA9717C-C78F-48C3-B959-70E2002DD159}",NA,NA,NA,NA,2013-01-17 23:09:29,NA,27932.08,113.04,"WA","S","NM","170701020308",0,0,"{AE163D57-E29C-11E2-8094-0021280458E6}",74,74,"Columbia CD",2261472697.5,"Southeast",2261472697.49992,"Southeast",242550.867209,242550.867208701
"493",36,"South Fork Touchet River",121,"Developed/Open Space",442,98.298148,"Columbia","170701020304",26641.2768466977,"huc12","{7DA9717C-C78F-48C3-B959-70E2002DD159}",NA,NA,NA,NA,2013-01-17 23:09:29,NA,27932.08,113.04,"WA","S","NM","170701020308",0,0,"{AE163D57-E29C-11E2-8094-0021280458E6}",74,74,"Columbia CD",2261472697.5,"Southeast",2261472697.49992,"Southeast",242550.867209,242550.867208701
"494",36,"South Fork Touchet River",122,"Developed/Low Intensity",202,44.923588,"Columbia","170701020304",26641.2768466977,"huc12","{7DA9717C-C78F-48C3-B959-70E2002DD159}",NA,NA,NA,NA,2013-01-17 23:09:29,NA,27932.08,113.04,"WA","S","NM","170701020308",0,0,"{AE163D57-E29C-11E2-8094-0021280458E6}",74,74,"Columbia CD",2261472697.5,"Southeast",2261472697.49992,"Southeast",242550.867209,242550.867208701
"495",36,"South Fork Touchet River",123,"Developed/Med Intensity",9,2.001546,"Columbia","170701020304",26641.2768466977,"huc12","{7DA9717C-C78F-48C3-B959-70E2002DD159}",NA,NA,NA,NA,2013-01-17 23:09:29,NA,27932.08,113.04,"WA","S","NM","170701020308",0,0,"{AE163D57-E29C-11E2-8094-0021280458E6}",74,74,"Columbia CD",2261472697.5,"Southeast",2261472697.49992,"Southeast",242550.867209,242550.867208701
"496",36,"South Fork Touchet River",124,"Developed/High Intensity",1,0.222394,"Columbia","170701020304",26641.2768466977,"huc12","{7DA9717C-C78F-48C3-B959-70E2002DD159}",NA,NA,NA,NA,2013-01-17 23:09:29,NA,27932.08,113.04,"WA","S","NM","170701020308",0,0,"{AE163D57-E29C-11E2-8094-0021280458E6}",74,74,"Columbia CD",2261472697.5,"Southeast",2261472697.49992,"Southeast",242550.867209,242550.867208701
"497",36,"South Fork Touchet River",142,"Evergreen Forest",70439,15665.210966,"Columbia","170701020304",26641.2768466977,"huc12","{7DA9717C-C78F-48C3-B959-70E2002DD159}",NA,NA,NA,NA,2013-01-17 23:09:29,NA,27932.08,113.04,"WA","S","NM","170701020308",0,0,"{AE163D57-E29C-11E2-8094-0021280458E6}",74,74,"Columbia CD",2261472697.5,"Southeast",2261472697.49992,"Southeast",242550.867209,242550.867208701
"498",36,"South Fork Touchet River",143,"Mixed Forest",31,6.894214,"Columbia","170701020304",26641.2768466977,"huc12","{7DA9717C-C78F-48C3-B959-70E2002DD159}",NA,NA,NA,NA,2013-01-17 23:09:29,NA,27932.08,113.04,"WA","S","NM","170701020308",0,0,"{AE163D57-E29C-11E2-8094-0021280458E6}",74,74,"Columbia CD",2261472697.5,"Southeast",2261472697.49992,"Southeast",242550.867209,242550.867208701
"499",36,"South Fork Touchet River",152,"Shrubland",10787,2398.964078,"Columbia","170701020304",26641.2768466977,"huc12","{7DA9717C-C78F-48C3-B959-70E2002DD159}",NA,NA,NA,NA,2013-01-17 23:09:29,NA,27932.08,113.04,"WA","S","NM","170701020308",0,0,"{AE163D57-E29C-11E2-8094-0021280458E6}",74,74,"Columbia CD",2261472697.5,"Southeast",2261472697.49992,"Southeast",242550.867209,242550.867208701
"500",36,"South Fork Touchet River",176,"Grassland/Pasture",24164,5373.928616,"Columbia","170701020304",26641.2768466977,"huc12","{7DA9717C-C78F-48C3-B959-70E2002DD159}",NA,NA,NA,NA,2013-01-17 23:09:29,NA,27932.08,113.04,"WA","S","NM","170701020308",0,0,"{AE163D57-E29C-11E2-8094-0021280458E6}",74,74,"Columbia CD",2261472697.5,"Southeast",2261472697.49992,"Southeast",242550.867209,242550.867208701
"501",36,"South Fork Touchet River",190,"Woody Wetlands",28,6.227032,"Columbia","170701020304",26641.2768466977,"huc12","{7DA9717C-C78F-48C3-B959-70E2002DD159}",NA,NA,NA,NA,2013-01-17 23:09:29,NA,27932.08,113.04,"WA","S","NM","170701020308",0,0,"{AE163D57-E29C-11E2-8094-0021280458E6}",74,74,"Columbia CD",2261472697.5,"Southeast",2261472697.49992,"Southeast",242550.867209,242550.867208701
"502",36,"South Fork Touchet River",195,"Herbaceous Wetlands",22,4.892668,"Columbia","170701020304",26641.2768466977,"huc12","{7DA9717C-C78F-48C3-B959-70E2002DD159}",NA,NA,NA,NA,2013-01-17 23:09:29,NA,27932.08,113.04,"WA","S","NM","170701020308",0,0,"{AE163D57-E29C-11E2-8094-0021280458E6}",74,74,"Columbia CD",2261472697.5,"Southeast",2261472697.49992,"Southeast",242550.867209,242550.867208701
"503",36,"South Fork Touchet River",205,"Triticale",20,4.44788,"Columbia","170701020304",26641.2768466977,"huc12","{7DA9717C-C78F-48C3-B959-70E2002DD159}",NA,NA,NA,NA,2013-01-17 23:09:29,NA,27932.08,113.04,"WA","S","NM","170701020308",0,0,"{AE163D57-E29C-11E2-8094-0021280458E6}",74,74,"Columbia CD",2261472697.5,"Southeast",2261472697.49992,"Southeast",242550.867209,242550.867208701
"504",37,"West Patit Creek",1,"Corn",13,2.891122,"Columbia","170701020305",14423.061823383,"huc12","{3123B43E-ED72-44AC-8109-91A5F83A6923}",NA,NA,NA,NA,2013-01-17 23:09:29,NA,14423.14,58.37,"WA","S","TF","170701020307",0,0,"{AE165505-E29C-11E2-8094-0021280458E6}",74,74,"Columbia CD",2261472697.5,"Southeast",2261472697.49992,"Southeast",242550.867209,242550.867208701
"505",37,"West Patit Creek",5,"Soybeans",2,0.444788,"Columbia","170701020305",14423.061823383,"huc12","{3123B43E-ED72-44AC-8109-91A5F83A6923}",NA,NA,NA,NA,2013-01-17 23:09:29,NA,14423.14,58.37,"WA","S","TF","170701020307",0,0,"{AE165505-E29C-11E2-8094-0021280458E6}",74,74,"Columbia CD",2261472697.5,"Southeast",2261472697.49992,"Southeast",242550.867209,242550.867208701
"506",37,"West Patit Creek",21,"Barley",111,24.685734,"Columbia","170701020305",14423.061823383,"huc12","{3123B43E-ED72-44AC-8109-91A5F83A6923}",NA,NA,NA,NA,2013-01-17 23:09:29,NA,14423.14,58.37,"WA","S","TF","170701020307",0,0,"{AE165505-E29C-11E2-8094-0021280458E6}",74,74,"Columbia CD",2261472697.5,"Southeast",2261472697.49992,"Southeast",242550.867209,242550.867208701
"507",37,"West Patit Creek",23,"Spring Wheat",166,36.917404,"Columbia","170701020305",14423.061823383,"huc12","{3123B43E-ED72-44AC-8109-91A5F83A6923}",NA,NA,NA,NA,2013-01-17 23:09:29,NA,14423.14,58.37,"WA","S","TF","170701020307",0,0,"{AE165505-E29C-11E2-8094-0021280458E6}",74,74,"Columbia CD",2261472697.5,"Southeast",2261472697.49992,"Southeast",242550.867209,242550.867208701
"508",37,"West Patit Creek",24,"Winter Wheat",1350,300.2319,"Columbia","170701020305",14423.061823383,"huc12","{3123B43E-ED72-44AC-8109-91A5F83A6923}",NA,NA,NA,NA,2013-01-17 23:09:29,NA,14423.14,58.37,"WA","S","TF","170701020307",0,0,"{AE165505-E29C-11E2-8094-0021280458E6}",74,74,"Columbia CD",2261472697.5,"Southeast",2261472697.49992,"Southeast",242550.867209,242550.867208701
"509",37,"West Patit Creek",28,"Oats",380,84.50972,"Columbia","170701020305",14423.061823383,"huc12","{3123B43E-ED72-44AC-8109-91A5F83A6923}",NA,NA,NA,NA,2013-01-17 23:09:29,NA,14423.14,58.37,"WA","S","TF","170701020307",0,0,"{AE165505-E29C-11E2-8094-0021280458E6}",74,74,"Columbia CD",2261472697.5,"Southeast",2261472697.49992,"Southeast",242550.867209,242550.867208701
"510",37,"West Patit Creek",31,"Canola",2,0.444788,"Columbia","170701020305",14423.061823383,"huc12","{3123B43E-ED72-44AC-8109-91A5F83A6923}",NA,NA,NA,NA,2013-01-17 23:09:29,NA,14423.14,58.37,"WA","S","TF","170701020307",0,0,"{AE165505-E29C-11E2-8094-0021280458E6}",74,74,"Columbia CD",2261472697.5,"Southeast",2261472697.49992,"Southeast",242550.867209,242550.867208701
"511",37,"West Patit Creek",36,"Alfalfa",9,2.001546,"Columbia","170701020305",14423.061823383,"huc12","{3123B43E-ED72-44AC-8109-91A5F83A6923}",NA,NA,NA,NA,2013-01-17 23:09:29,NA,14423.14,58.37,"WA","S","TF","170701020307",0,0,"{AE165505-E29C-11E2-8094-0021280458E6}",74,74,"Columbia CD",2261472697.5,"Southeast",2261472697.49992,"Southeast",242550.867209,242550.867208701
"512",37,"West Patit Creek",37,"Other Hay/Non Alfalfa",512,113.865728,"Columbia","170701020305",14423.061823383,"huc12","{3123B43E-ED72-44AC-8109-91A5F83A6923}",NA,NA,NA,NA,2013-01-17 23:09:29,NA,14423.14,58.37,"WA","S","TF","170701020307",0,0,"{AE165505-E29C-11E2-8094-0021280458E6}",74,74,"Columbia CD",2261472697.5,"Southeast",2261472697.49992,"Southeast",242550.867209,242550.867208701
"513",37,"West Patit Creek",51,"Chick Peas",537,119.425578,"Columbia","170701020305",14423.061823383,"huc12","{3123B43E-ED72-44AC-8109-91A5F83A6923}",NA,NA,NA,NA,2013-01-17 23:09:29,NA,14423.14,58.37,"WA","S","TF","170701020307",0,0,"{AE165505-E29C-11E2-8094-0021280458E6}",74,74,"Columbia CD",2261472697.5,"Southeast",2261472697.49992,"Southeast",242550.867209,242550.867208701
"514",37,"West Patit Creek",52,"Lentils",10,2.22394,"Columbia","170701020305",14423.061823383,"huc12","{3123B43E-ED72-44AC-8109-91A5F83A6923}",NA,NA,NA,NA,2013-01-17 23:09:29,NA,14423.14,58.37,"WA","S","TF","170701020307",0,0,"{AE165505-E29C-11E2-8094-0021280458E6}",74,74,"Columbia CD",2261472697.5,"Southeast",2261472697.49992,"Southeast",242550.867209,242550.867208701
"515",37,"West Patit Creek",53,"Peas",56,12.454064,"Columbia","170701020305",14423.061823383,"huc12","{3123B43E-ED72-44AC-8109-91A5F83A6923}",NA,NA,NA,NA,2013-01-17 23:09:29,NA,14423.14,58.37,"WA","S","TF","170701020307",0,0,"{AE165505-E29C-11E2-8094-0021280458E6}",74,74,"Columbia CD",2261472697.5,"Southeast",2261472697.49992,"Southeast",242550.867209,242550.867208701
"516",37,"West Patit Creek",59,"Sod/Grass Seed",17,3.780698,"Columbia","170701020305",14423.061823383,"huc12","{3123B43E-ED72-44AC-8109-91A5F83A6923}",NA,NA,NA,NA,2013-01-17 23:09:29,NA,14423.14,58.37,"WA","S","TF","170701020307",0,0,"{AE165505-E29C-11E2-8094-0021280458E6}",74,74,"Columbia CD",2261472697.5,"Southeast",2261472697.49992,"Southeast",242550.867209,242550.867208701
"517",37,"West Patit Creek",61,"Fallow/Idle Cropland",3,0.667182,"Columbia","170701020305",14423.061823383,"huc12","{3123B43E-ED72-44AC-8109-91A5F83A6923}",NA,NA,NA,NA,2013-01-17 23:09:29,NA,14423.14,58.37,"WA","S","TF","170701020307",0,0,"{AE165505-E29C-11E2-8094-0021280458E6}",74,74,"Columbia CD",2261472697.5,"Southeast",2261472697.49992,"Southeast",242550.867209,242550.867208701
"518",37,"West Patit Creek",69,"Grapes",10,2.22394,"Columbia","170701020305",14423.061823383,"huc12","{3123B43E-ED72-44AC-8109-91A5F83A6923}",NA,NA,NA,NA,2013-01-17 23:09:29,NA,14423.14,58.37,"WA","S","TF","170701020307",0,0,"{AE165505-E29C-11E2-8094-0021280458E6}",74,74,"Columbia CD",2261472697.5,"Southeast",2261472697.49992,"Southeast",242550.867209,242550.867208701
"519",37,"West Patit Creek",121,"Developed/Open Space",363,80.729022,"Columbia","170701020305",14423.061823383,"huc12","{3123B43E-ED72-44AC-8109-91A5F83A6923}",NA,NA,NA,NA,2013-01-17 23:09:29,NA,14423.14,58.37,"WA","S","TF","170701020307",0,0,"{AE165505-E29C-11E2-8094-0021280458E6}",74,74,"Columbia CD",2261472697.5,"Southeast",2261472697.49992,"Southeast",242550.867209,242550.867208701
"520",37,"West Patit Creek",122,"Developed/Low Intensity",57,12.676458,"Columbia","170701020305",14423.061823383,"huc12","{3123B43E-ED72-44AC-8109-91A5F83A6923}",NA,NA,NA,NA,2013-01-17 23:09:29,NA,14423.14,58.37,"WA","S","TF","170701020307",0,0,"{AE165505-E29C-11E2-8094-0021280458E6}",74,74,"Columbia CD",2261472697.5,"Southeast",2261472697.49992,"Southeast",242550.867209,242550.867208701
"521",37,"West Patit Creek",124,"Developed/High Intensity",3,0.667182,"Columbia","170701020305",14423.061823383,"huc12","{3123B43E-ED72-44AC-8109-91A5F83A6923}",NA,NA,NA,NA,2013-01-17 23:09:29,NA,14423.14,58.37,"WA","S","TF","170701020307",0,0,"{AE165505-E29C-11E2-8094-0021280458E6}",74,74,"Columbia CD",2261472697.5,"Southeast",2261472697.49992,"Southeast",242550.867209,242550.867208701
"522",37,"West Patit Creek",142,"Evergreen Forest",31835,7079.91299,"Columbia","170701020305",14423.061823383,"huc12","{3123B43E-ED72-44AC-8109-91A5F83A6923}",NA,NA,NA,NA,2013-01-17 23:09:29,NA,14423.14,58.37,"WA","S","TF","170701020307",0,0,"{AE165505-E29C-11E2-8094-0021280458E6}",74,74,"Columbia CD",2261472697.5,"Southeast",2261472697.49992,"Southeast",242550.867209,242550.867208701
"523",37,"West Patit Creek",152,"Shrubland",14345,3190.24193,"Columbia","170701020305",14423.061823383,"huc12","{3123B43E-ED72-44AC-8109-91A5F83A6923}",NA,NA,NA,NA,2013-01-17 23:09:29,NA,14423.14,58.37,"WA","S","TF","170701020307",0,0,"{AE165505-E29C-11E2-8094-0021280458E6}",74,74,"Columbia CD",2261472697.5,"Southeast",2261472697.49992,"Southeast",242550.867209,242550.867208701
"524",37,"West Patit Creek",176,"Grassland/Pasture",15056,3348.364064,"Columbia","170701020305",14423.061823383,"huc12","{3123B43E-ED72-44AC-8109-91A5F83A6923}",NA,NA,NA,NA,2013-01-17 23:09:29,NA,14423.14,58.37,"WA","S","TF","170701020307",0,0,"{AE165505-E29C-11E2-8094-0021280458E6}",74,74,"Columbia CD",2261472697.5,"Southeast",2261472697.49992,"Southeast",242550.867209,242550.867208701
"525",38,"North Patit Creek",5,"Soybeans",1,0.222394,"Columbia","170701020306",12061.8323201915,"huc12","{761CF6EE-DDD5-4F8B-83EC-A60756D549B3}",NA,NA,NA,NA,2013-01-17 23:09:29,NA,12061.86,48.81,"WA","S","TF","170701020307",0,0,"{AE16740D-E29C-11E2-8094-0021280458E6}",74,74,"Columbia CD",2261472697.5,"Southeast",2261472697.49992,"Southeast",242550.867209,242550.867208701
"526",38,"North Patit Creek",21,"Barley",3714,825.971316,"Columbia","170701020306",12061.8323201915,"huc12","{761CF6EE-DDD5-4F8B-83EC-A60756D549B3}",NA,NA,NA,NA,2013-01-17 23:09:29,NA,12061.86,48.81,"WA","S","TF","170701020307",0,0,"{AE16740D-E29C-11E2-8094-0021280458E6}",74,74,"Columbia CD",2261472697.5,"Southeast",2261472697.49992,"Southeast",242550.867209,242550.867208701
"527",38,"North Patit Creek",23,"Spring Wheat",3153,701.208282,"Columbia","170701020306",12061.8323201915,"huc12","{761CF6EE-DDD5-4F8B-83EC-A60756D549B3}",NA,NA,NA,NA,2013-01-17 23:09:29,NA,12061.86,48.81,"WA","S","TF","170701020307",0,0,"{AE16740D-E29C-11E2-8094-0021280458E6}",74,74,"Columbia CD",2261472697.5,"Southeast",2261472697.49992,"Southeast",242550.867209,242550.867208701
"528",38,"North Patit Creek",24,"Winter Wheat",9629,2141.431826,"Columbia","170701020306",12061.8323201915,"huc12","{761CF6EE-DDD5-4F8B-83EC-A60756D549B3}",NA,NA,NA,NA,2013-01-17 23:09:29,NA,12061.86,48.81,"WA","S","TF","170701020307",0,0,"{AE16740D-E29C-11E2-8094-0021280458E6}",74,74,"Columbia CD",2261472697.5,"Southeast",2261472697.49992,"Southeast",242550.867209,242550.867208701
"529",38,"North Patit Creek",28,"Oats",20,4.44788,"Columbia","170701020306",12061.8323201915,"huc12","{761CF6EE-DDD5-4F8B-83EC-A60756D549B3}",NA,NA,NA,NA,2013-01-17 23:09:29,NA,12061.86,48.81,"WA","S","TF","170701020307",0,0,"{AE16740D-E29C-11E2-8094-0021280458E6}",74,74,"Columbia CD",2261472697.5,"Southeast",2261472697.49992,"Southeast",242550.867209,242550.867208701
"530",38,"North Patit Creek",31,"Canola",764,169.909016,"Columbia","170701020306",12061.8323201915,"huc12","{761CF6EE-DDD5-4F8B-83EC-A60756D549B3}",NA,NA,NA,NA,2013-01-17 23:09:29,NA,12061.86,48.81,"WA","S","TF","170701020307",0,0,"{AE16740D-E29C-11E2-8094-0021280458E6}",74,74,"Columbia CD",2261472697.5,"Southeast",2261472697.49992,"Southeast",242550.867209,242550.867208701
"531",38,"North Patit Creek",36,"Alfalfa",38,8.450972,"Columbia","170701020306",12061.8323201915,"huc12","{761CF6EE-DDD5-4F8B-83EC-A60756D549B3}",NA,NA,NA,NA,2013-01-17 23:09:29,NA,12061.86,48.81,"WA","S","TF","170701020307",0,0,"{AE16740D-E29C-11E2-8094-0021280458E6}",74,74,"Columbia CD",2261472697.5,"Southeast",2261472697.49992,"Southeast",242550.867209,242550.867208701
"532",38,"North Patit Creek",37,"Other Hay/Non Alfalfa",702,156.120588,"Columbia","170701020306",12061.8323201915,"huc12","{761CF6EE-DDD5-4F8B-83EC-A60756D549B3}",NA,NA,NA,NA,2013-01-17 23:09:29,NA,12061.86,48.81,"WA","S","TF","170701020307",0,0,"{AE16740D-E29C-11E2-8094-0021280458E6}",74,74,"Columbia CD",2261472697.5,"Southeast",2261472697.49992,"Southeast",242550.867209,242550.867208701
"533",38,"North Patit Creek",43,"Potatoes",11,2.446334,"Columbia","170701020306",12061.8323201915,"huc12","{761CF6EE-DDD5-4F8B-83EC-A60756D549B3}",NA,NA,NA,NA,2013-01-17 23:09:29,NA,12061.86,48.81,"WA","S","TF","170701020307",0,0,"{AE16740D-E29C-11E2-8094-0021280458E6}",74,74,"Columbia CD",2261472697.5,"Southeast",2261472697.49992,"Southeast",242550.867209,242550.867208701
"534",38,"North Patit Creek",51,"Chick Peas",361,80.284234,"Columbia","170701020306",12061.8323201915,"huc12","{761CF6EE-DDD5-4F8B-83EC-A60756D549B3}",NA,NA,NA,NA,2013-01-17 23:09:29,NA,12061.86,48.81,"WA","S","TF","170701020307",0,0,"{AE16740D-E29C-11E2-8094-0021280458E6}",74,74,"Columbia CD",2261472697.5,"Southeast",2261472697.49992,"Southeast",242550.867209,242550.867208701
"535",38,"North Patit Creek",52,"Lentils",169,37.584586,"Columbia","170701020306",12061.8323201915,"huc12","{761CF6EE-DDD5-4F8B-83EC-A60756D549B3}",NA,NA,NA,NA,2013-01-17 23:09:29,NA,12061.86,48.81,"WA","S","TF","170701020307",0,0,"{AE16740D-E29C-11E2-8094-0021280458E6}",74,74,"Columbia CD",2261472697.5,"Southeast",2261472697.49992,"Southeast",242550.867209,242550.867208701
"536",38,"North Patit Creek",53,"Peas",442,98.298148,"Columbia","170701020306",12061.8323201915,"huc12","{761CF6EE-DDD5-4F8B-83EC-A60756D549B3}",NA,NA,NA,NA,2013-01-17 23:09:29,NA,12061.86,48.81,"WA","S","TF","170701020307",0,0,"{AE16740D-E29C-11E2-8094-0021280458E6}",74,74,"Columbia CD",2261472697.5,"Southeast",2261472697.49992,"Southeast",242550.867209,242550.867208701
"537",38,"North Patit Creek",61,"Fallow/Idle Cropland",405,90.06957,"Columbia","170701020306",12061.8323201915,"huc12","{761CF6EE-DDD5-4F8B-83EC-A60756D549B3}",NA,NA,NA,NA,2013-01-17 23:09:29,NA,12061.86,48.81,"WA","S","TF","170701020307",0,0,"{AE16740D-E29C-11E2-8094-0021280458E6}",74,74,"Columbia CD",2261472697.5,"Southeast",2261472697.49992,"Southeast",242550.867209,242550.867208701
"538",38,"North Patit Creek",68,"Apples",7,1.556758,"Columbia","170701020306",12061.8323201915,"huc12","{761CF6EE-DDD5-4F8B-83EC-A60756D549B3}",NA,NA,NA,NA,2013-01-17 23:09:29,NA,12061.86,48.81,"WA","S","TF","170701020307",0,0,"{AE16740D-E29C-11E2-8094-0021280458E6}",74,74,"Columbia CD",2261472697.5,"Southeast",2261472697.49992,"Southeast",242550.867209,242550.867208701
"539",38,"North Patit Creek",69,"Grapes",1,0.222394,"Columbia","170701020306",12061.8323201915,"huc12","{761CF6EE-DDD5-4F8B-83EC-A60756D549B3}",NA,NA,NA,NA,2013-01-17 23:09:29,NA,12061.86,48.81,"WA","S","TF","170701020307",0,0,"{AE16740D-E29C-11E2-8094-0021280458E6}",74,74,"Columbia CD",2261472697.5,"Southeast",2261472697.49992,"Southeast",242550.867209,242550.867208701
"540",38,"North Patit Creek",77,"Pears",1,0.222394,"Columbia","170701020306",12061.8323201915,"huc12","{761CF6EE-DDD5-4F8B-83EC-A60756D549B3}",NA,NA,NA,NA,2013-01-17 23:09:29,NA,12061.86,48.81,"WA","S","TF","170701020307",0,0,"{AE16740D-E29C-11E2-8094-0021280458E6}",74,74,"Columbia CD",2261472697.5,"Southeast",2261472697.49992,"Southeast",242550.867209,242550.867208701
"541",38,"North Patit Creek",121,"Developed/Open Space",419,93.183086,"Columbia","170701020306",12061.8323201915,"huc12","{761CF6EE-DDD5-4F8B-83EC-A60756D549B3}",NA,NA,NA,NA,2013-01-17 23:09:29,NA,12061.86,48.81,"WA","S","TF","170701020307",0,0,"{AE16740D-E29C-11E2-8094-0021280458E6}",74,74,"Columbia CD",2261472697.5,"Southeast",2261472697.49992,"Southeast",242550.867209,242550.867208701
"542",38,"North Patit Creek",122,"Developed/Low Intensity",264,58.712016,"Columbia","170701020306",12061.8323201915,"huc12","{761CF6EE-DDD5-4F8B-83EC-A60756D549B3}",NA,NA,NA,NA,2013-01-17 23:09:29,NA,12061.86,48.81,"WA","S","TF","170701020307",0,0,"{AE16740D-E29C-11E2-8094-0021280458E6}",74,74,"Columbia CD",2261472697.5,"Southeast",2261472697.49992,"Southeast",242550.867209,242550.867208701
"543",38,"North Patit Creek",123,"Developed/Med Intensity",6,1.334364,"Columbia","170701020306",12061.8323201915,"huc12","{761CF6EE-DDD5-4F8B-83EC-A60756D549B3}",NA,NA,NA,NA,2013-01-17 23:09:29,NA,12061.86,48.81,"WA","S","TF","170701020307",0,0,"{AE16740D-E29C-11E2-8094-0021280458E6}",74,74,"Columbia CD",2261472697.5,"Southeast",2261472697.49992,"Southeast",242550.867209,242550.867208701
"544",38,"North Patit Creek",124,"Developed/High Intensity",3,0.667182,"Columbia","170701020306",12061.8323201915,"huc12","{761CF6EE-DDD5-4F8B-83EC-A60756D549B3}",NA,NA,NA,NA,2013-01-17 23:09:29,NA,12061.86,48.81,"WA","S","TF","170701020307",0,0,"{AE16740D-E29C-11E2-8094-0021280458E6}",74,74,"Columbia CD",2261472697.5,"Southeast",2261472697.49992,"Southeast",242550.867209,242550.867208701
"545",38,"North Patit Creek",131,"Barren",1,0.222394,"Columbia","170701020306",12061.8323201915,"huc12","{761CF6EE-DDD5-4F8B-83EC-A60756D549B3}",NA,NA,NA,NA,2013-01-17 23:09:29,NA,12061.86,48.81,"WA","S","TF","170701020307",0,0,"{AE16740D-E29C-11E2-8094-0021280458E6}",74,74,"Columbia CD",2261472697.5,"Southeast",2261472697.49992,"Southeast",242550.867209,242550.867208701
"546",38,"North Patit Creek",142,"Evergreen Forest",10624,2362.713856,"Columbia","170701020306",12061.8323201915,"huc12","{761CF6EE-DDD5-4F8B-83EC-A60756D549B3}",NA,NA,NA,NA,2013-01-17 23:09:29,NA,12061.86,48.81,"WA","S","TF","170701020307",0,0,"{AE16740D-E29C-11E2-8094-0021280458E6}",74,74,"Columbia CD",2261472697.5,"Southeast",2261472697.49992,"Southeast",242550.867209,242550.867208701
"547",38,"North Patit Creek",152,"Shrubland",5493,1221.610242,"Columbia","170701020306",12061.8323201915,"huc12","{761CF6EE-DDD5-4F8B-83EC-A60756D549B3}",NA,NA,NA,NA,2013-01-17 23:09:29,NA,12061.86,48.81,"WA","S","TF","170701020307",0,0,"{AE16740D-E29C-11E2-8094-0021280458E6}",74,74,"Columbia CD",2261472697.5,"Southeast",2261472697.49992,"Southeast",242550.867209,242550.867208701
"548",38,"North Patit Creek",176,"Grassland/Pasture",18006,4004.426364,"Columbia","170701020306",12061.8323201915,"huc12","{761CF6EE-DDD5-4F8B-83EC-A60756D549B3}",NA,NA,NA,NA,2013-01-17 23:09:29,NA,12061.86,48.81,"WA","S","TF","170701020307",0,0,"{AE16740D-E29C-11E2-8094-0021280458E6}",74,74,"Columbia CD",2261472697.5,"Southeast",2261472697.49992,"Southeast",242550.867209,242550.867208701
"549",38,"North Patit Creek",205,"Triticale",2,0.444788,"Columbia","170701020306",12061.8323201915,"huc12","{761CF6EE-DDD5-4F8B-83EC-A60756D549B3}",NA,NA,NA,NA,2013-01-17 23:09:29,NA,12061.86,48.81,"WA","S","TF","170701020307",0,0,"{AE16740D-E29C-11E2-8094-0021280458E6}",74,74,"Columbia CD",2261472697.5,"Southeast",2261472697.49992,"Southeast",242550.867209,242550.867208701
"550",39,"Patit Creek",1,"Corn",40,8.89576,"Columbia","170701020307",15726.4054377986,"huc12","{2DA7B42B-A3AF-4BC0-B393-4F19B5327B22}",NA,NA,NA,NA,2013-01-17 23:09:29,NA,15726.49,63.64,"WA","S","TF,UA","170701020308",0,0,"{AE168B6B-E29C-11E2-8094-0021280458E6}",74,74,"Columbia CD",2261472697.5,"Southeast",2261472697.49992,"Southeast",242550.867209,242550.867208701
"551",39,"Patit Creek",5,"Soybeans",1,0.222394,"Columbia","170701020307",15726.4054377986,"huc12","{2DA7B42B-A3AF-4BC0-B393-4F19B5327B22}",NA,NA,NA,NA,2013-01-17 23:09:29,NA,15726.49,63.64,"WA","S","TF,UA","170701020308",0,0,"{AE168B6B-E29C-11E2-8094-0021280458E6}",74,74,"Columbia CD",2261472697.5,"Southeast",2261472697.49992,"Southeast",242550.867209,242550.867208701
"552",39,"Patit Creek",21,"Barley",539,119.870366,"Columbia","170701020307",15726.4054377986,"huc12","{2DA7B42B-A3AF-4BC0-B393-4F19B5327B22}",NA,NA,NA,NA,2013-01-17 23:09:29,NA,15726.49,63.64,"WA","S","TF,UA","170701020308",0,0,"{AE168B6B-E29C-11E2-8094-0021280458E6}",74,74,"Columbia CD",2261472697.5,"Southeast",2261472697.49992,"Southeast",242550.867209,242550.867208701
"553",39,"Patit Creek",23,"Spring Wheat",7263,1615.247622,"Columbia","170701020307",15726.4054377986,"huc12","{2DA7B42B-A3AF-4BC0-B393-4F19B5327B22}",NA,NA,NA,NA,2013-01-17 23:09:29,NA,15726.49,63.64,"WA","S","TF,UA","170701020308",0,0,"{AE168B6B-E29C-11E2-8094-0021280458E6}",74,74,"Columbia CD",2261472697.5,"Southeast",2261472697.49992,"Southeast",242550.867209,242550.867208701
"554",39,"Patit Creek",24,"Winter Wheat",20760,4616.89944,"Columbia","170701020307",15726.4054377986,"huc12","{2DA7B42B-A3AF-4BC0-B393-4F19B5327B22}",NA,NA,NA,NA,2013-01-17 23:09:29,NA,15726.49,63.64,"WA","S","TF,UA","170701020308",0,0,"{AE168B6B-E29C-11E2-8094-0021280458E6}",74,74,"Columbia CD",2261472697.5,"Southeast",2261472697.49992,"Southeast",242550.867209,242550.867208701
"555",39,"Patit Creek",28,"Oats",436,96.963784,"Columbia","170701020307",15726.4054377986,"huc12","{2DA7B42B-A3AF-4BC0-B393-4F19B5327B22}",NA,NA,NA,NA,2013-01-17 23:09:29,NA,15726.49,63.64,"WA","S","TF,UA","170701020308",0,0,"{AE168B6B-E29C-11E2-8094-0021280458E6}",74,74,"Columbia CD",2261472697.5,"Southeast",2261472697.49992,"Southeast",242550.867209,242550.867208701
"556",39,"Patit Creek",31,"Canola",1655,368.06207,"Columbia","170701020307",15726.4054377986,"huc12","{2DA7B42B-A3AF-4BC0-B393-4F19B5327B22}",NA,NA,NA,NA,2013-01-17 23:09:29,NA,15726.49,63.64,"WA","S","TF,UA","170701020308",0,0,"{AE168B6B-E29C-11E2-8094-0021280458E6}",74,74,"Columbia CD",2261472697.5,"Southeast",2261472697.49992,"Southeast",242550.867209,242550.867208701
"557",39,"Patit Creek",35,"Mustard",1,0.222394,"Columbia","170701020307",15726.4054377986,"huc12","{2DA7B42B-A3AF-4BC0-B393-4F19B5327B22}",NA,NA,NA,NA,2013-01-17 23:09:29,NA,15726.49,63.64,"WA","S","TF,UA","170701020308",0,0,"{AE168B6B-E29C-11E2-8094-0021280458E6}",74,74,"Columbia CD",2261472697.5,"Southeast",2261472697.49992,"Southeast",242550.867209,242550.867208701
"558",39,"Patit Creek",36,"Alfalfa",100,22.2394,"Columbia","170701020307",15726.4054377986,"huc12","{2DA7B42B-A3AF-4BC0-B393-4F19B5327B22}",NA,NA,NA,NA,2013-01-17 23:09:29,NA,15726.49,63.64,"WA","S","TF,UA","170701020308",0,0,"{AE168B6B-E29C-11E2-8094-0021280458E6}",74,74,"Columbia CD",2261472697.5,"Southeast",2261472697.49992,"Southeast",242550.867209,242550.867208701
"559",39,"Patit Creek",37,"Other Hay/Non Alfalfa",26,5.782244,"Columbia","170701020307",15726.4054377986,"huc12","{2DA7B42B-A3AF-4BC0-B393-4F19B5327B22}",NA,NA,NA,NA,2013-01-17 23:09:29,NA,15726.49,63.64,"WA","S","TF,UA","170701020308",0,0,"{AE168B6B-E29C-11E2-8094-0021280458E6}",74,74,"Columbia CD",2261472697.5,"Southeast",2261472697.49992,"Southeast",242550.867209,242550.867208701
"560",39,"Patit Creek",43,"Potatoes",25,5.55985,"Columbia","170701020307",15726.4054377986,"huc12","{2DA7B42B-A3AF-4BC0-B393-4F19B5327B22}",NA,NA,NA,NA,2013-01-17 23:09:29,NA,15726.49,63.64,"WA","S","TF,UA","170701020308",0,0,"{AE168B6B-E29C-11E2-8094-0021280458E6}",74,74,"Columbia CD",2261472697.5,"Southeast",2261472697.49992,"Southeast",242550.867209,242550.867208701
"561",39,"Patit Creek",51,"Chick Peas",2437,541.974178,"Columbia","170701020307",15726.4054377986,"huc12","{2DA7B42B-A3AF-4BC0-B393-4F19B5327B22}",NA,NA,NA,NA,2013-01-17 23:09:29,NA,15726.49,63.64,"WA","S","TF,UA","170701020308",0,0,"{AE168B6B-E29C-11E2-8094-0021280458E6}",74,74,"Columbia CD",2261472697.5,"Southeast",2261472697.49992,"Southeast",242550.867209,242550.867208701
"562",39,"Patit Creek",52,"Lentils",18,4.003092,"Columbia","170701020307",15726.4054377986,"huc12","{2DA7B42B-A3AF-4BC0-B393-4F19B5327B22}",NA,NA,NA,NA,2013-01-17 23:09:29,NA,15726.49,63.64,"WA","S","TF,UA","170701020308",0,0,"{AE168B6B-E29C-11E2-8094-0021280458E6}",74,74,"Columbia CD",2261472697.5,"Southeast",2261472697.49992,"Southeast",242550.867209,242550.867208701
"563",39,"Patit Creek",53,"Peas",7063,1570.768822,"Columbia","170701020307",15726.4054377986,"huc12","{2DA7B42B-A3AF-4BC0-B393-4F19B5327B22}",NA,NA,NA,NA,2013-01-17 23:09:29,NA,15726.49,63.64,"WA","S","TF,UA","170701020308",0,0,"{AE168B6B-E29C-11E2-8094-0021280458E6}",74,74,"Columbia CD",2261472697.5,"Southeast",2261472697.49992,"Southeast",242550.867209,242550.867208701
"564",39,"Patit Creek",59,"Sod/Grass Seed",1,0.222394,"Columbia","170701020307",15726.4054377986,"huc12","{2DA7B42B-A3AF-4BC0-B393-4F19B5327B22}",NA,NA,NA,NA,2013-01-17 23:09:29,NA,15726.49,63.64,"WA","S","TF,UA","170701020308",0,0,"{AE168B6B-E29C-11E2-8094-0021280458E6}",74,74,"Columbia CD",2261472697.5,"Southeast",2261472697.49992,"Southeast",242550.867209,242550.867208701
"565",39,"Patit Creek",61,"Fallow/Idle Cropland",4114,914.928916,"Columbia","170701020307",15726.4054377986,"huc12","{2DA7B42B-A3AF-4BC0-B393-4F19B5327B22}",NA,NA,NA,NA,2013-01-17 23:09:29,NA,15726.49,63.64,"WA","S","TF,UA","170701020308",0,0,"{AE168B6B-E29C-11E2-8094-0021280458E6}",74,74,"Columbia CD",2261472697.5,"Southeast",2261472697.49992,"Southeast",242550.867209,242550.867208701
"566",39,"Patit Creek",66,"Cherries",1,0.222394,"Columbia","170701020307",15726.4054377986,"huc12","{2DA7B42B-A3AF-4BC0-B393-4F19B5327B22}",NA,NA,NA,NA,2013-01-17 23:09:29,NA,15726.49,63.64,"WA","S","TF,UA","170701020308",0,0,"{AE168B6B-E29C-11E2-8094-0021280458E6}",74,74,"Columbia CD",2261472697.5,"Southeast",2261472697.49992,"Southeast",242550.867209,242550.867208701
"567",39,"Patit Creek",67,"Peaches",8,1.779152,"Columbia","170701020307",15726.4054377986,"huc12","{2DA7B42B-A3AF-4BC0-B393-4F19B5327B22}",NA,NA,NA,NA,2013-01-17 23:09:29,NA,15726.49,63.64,"WA","S","TF,UA","170701020308",0,0,"{AE168B6B-E29C-11E2-8094-0021280458E6}",74,74,"Columbia CD",2261472697.5,"Southeast",2261472697.49992,"Southeast",242550.867209,242550.867208701
"568",39,"Patit Creek",68,"Apples",32,7.116608,"Columbia","170701020307",15726.4054377986,"huc12","{2DA7B42B-A3AF-4BC0-B393-4F19B5327B22}",NA,NA,NA,NA,2013-01-17 23:09:29,NA,15726.49,63.64,"WA","S","TF,UA","170701020308",0,0,"{AE168B6B-E29C-11E2-8094-0021280458E6}",74,74,"Columbia CD",2261472697.5,"Southeast",2261472697.49992,"Southeast",242550.867209,242550.867208701
"569",39,"Patit Creek",69,"Grapes",22,4.892668,"Columbia","170701020307",15726.4054377986,"huc12","{2DA7B42B-A3AF-4BC0-B393-4F19B5327B22}",NA,NA,NA,NA,2013-01-17 23:09:29,NA,15726.49,63.64,"WA","S","TF,UA","170701020308",0,0,"{AE168B6B-E29C-11E2-8094-0021280458E6}",74,74,"Columbia CD",2261472697.5,"Southeast",2261472697.49992,"Southeast",242550.867209,242550.867208701
"570",39,"Patit Creek",70,"Christmas Trees",2,0.444788,"Columbia","170701020307",15726.4054377986,"huc12","{2DA7B42B-A3AF-4BC0-B393-4F19B5327B22}",NA,NA,NA,NA,2013-01-17 23:09:29,NA,15726.49,63.64,"WA","S","TF,UA","170701020308",0,0,"{AE168B6B-E29C-11E2-8094-0021280458E6}",74,74,"Columbia CD",2261472697.5,"Southeast",2261472697.49992,"Southeast",242550.867209,242550.867208701
"571",39,"Patit Creek",77,"Pears",1,0.222394,"Columbia","170701020307",15726.4054377986,"huc12","{2DA7B42B-A3AF-4BC0-B393-4F19B5327B22}",NA,NA,NA,NA,2013-01-17 23:09:29,NA,15726.49,63.64,"WA","S","TF,UA","170701020308",0,0,"{AE168B6B-E29C-11E2-8094-0021280458E6}",74,74,"Columbia CD",2261472697.5,"Southeast",2261472697.49992,"Southeast",242550.867209,242550.867208701
"572",39,"Patit Creek",121,"Developed/Open Space",847,188.367718,"Columbia","170701020307",15726.4054377986,"huc12","{2DA7B42B-A3AF-4BC0-B393-4F19B5327B22}",NA,NA,NA,NA,2013-01-17 23:09:29,NA,15726.49,63.64,"WA","S","TF,UA","170701020308",0,0,"{AE168B6B-E29C-11E2-8094-0021280458E6}",74,74,"Columbia CD",2261472697.5,"Southeast",2261472697.49992,"Southeast",242550.867209,242550.867208701
"573",39,"Patit Creek",122,"Developed/Low Intensity",998,221.949212,"Columbia","170701020307",15726.4054377986,"huc12","{2DA7B42B-A3AF-4BC0-B393-4F19B5327B22}",NA,NA,NA,NA,2013-01-17 23:09:29,NA,15726.49,63.64,"WA","S","TF,UA","170701020308",0,0,"{AE168B6B-E29C-11E2-8094-0021280458E6}",74,74,"Columbia CD",2261472697.5,"Southeast",2261472697.49992,"Southeast",242550.867209,242550.867208701
"574",39,"Patit Creek",123,"Developed/Med Intensity",210,46.70274,"Columbia","170701020307",15726.4054377986,"huc12","{2DA7B42B-A3AF-4BC0-B393-4F19B5327B22}",NA,NA,NA,NA,2013-01-17 23:09:29,NA,15726.49,63.64,"WA","S","TF,UA","170701020308",0,0,"{AE168B6B-E29C-11E2-8094-0021280458E6}",74,74,"Columbia CD",2261472697.5,"Southeast",2261472697.49992,"Southeast",242550.867209,242550.867208701
"575",39,"Patit Creek",124,"Developed/High Intensity",146,32.469524,"Columbia","170701020307",15726.4054377986,"huc12","{2DA7B42B-A3AF-4BC0-B393-4F19B5327B22}",NA,NA,NA,NA,2013-01-17 23:09:29,NA,15726.49,63.64,"WA","S","TF,UA","170701020308",0,0,"{AE168B6B-E29C-11E2-8094-0021280458E6}",74,74,"Columbia CD",2261472697.5,"Southeast",2261472697.49992,"Southeast",242550.867209,242550.867208701
"576",39,"Patit Creek",131,"Barren",1,0.222394,"Columbia","170701020307",15726.4054377986,"huc12","{2DA7B42B-A3AF-4BC0-B393-4F19B5327B22}",NA,NA,NA,NA,2013-01-17 23:09:29,NA,15726.49,63.64,"WA","S","TF,UA","170701020308",0,0,"{AE168B6B-E29C-11E2-8094-0021280458E6}",74,74,"Columbia CD",2261472697.5,"Southeast",2261472697.49992,"Southeast",242550.867209,242550.867208701
"577",39,"Patit Creek",142,"Evergreen Forest",3429,762.589026,"Columbia","170701020307",15726.4054377986,"huc12","{2DA7B42B-A3AF-4BC0-B393-4F19B5327B22}",NA,NA,NA,NA,2013-01-17 23:09:29,NA,15726.49,63.64,"WA","S","TF,UA","170701020308",0,0,"{AE168B6B-E29C-11E2-8094-0021280458E6}",74,74,"Columbia CD",2261472697.5,"Southeast",2261472697.49992,"Southeast",242550.867209,242550.867208701
"578",39,"Patit Creek",143,"Mixed Forest",8,1.779152,"Columbia","170701020307",15726.4054377986,"huc12","{2DA7B42B-A3AF-4BC0-B393-4F19B5327B22}",NA,NA,NA,NA,2013-01-17 23:09:29,NA,15726.49,63.64,"WA","S","TF,UA","170701020308",0,0,"{AE168B6B-E29C-11E2-8094-0021280458E6}",74,74,"Columbia CD",2261472697.5,"Southeast",2261472697.49992,"Southeast",242550.867209,242550.867208701
"579",39,"Patit Creek",152,"Shrubland",4165,926.27101,"Columbia","170701020307",15726.4054377986,"huc12","{2DA7B42B-A3AF-4BC0-B393-4F19B5327B22}",NA,NA,NA,NA,2013-01-17 23:09:29,NA,15726.49,63.64,"WA","S","TF,UA","170701020308",0,0,"{AE168B6B-E29C-11E2-8094-0021280458E6}",74,74,"Columbia CD",2261472697.5,"Southeast",2261472697.49992,"Southeast",242550.867209,242550.867208701
"580",39,"Patit Creek",176,"Grassland/Pasture",16342,3634.362748,"Columbia","170701020307",15726.4054377986,"huc12","{2DA7B42B-A3AF-4BC0-B393-4F19B5327B22}",NA,NA,NA,NA,2013-01-17 23:09:29,NA,15726.49,63.64,"WA","S","TF,UA","170701020308",0,0,"{AE168B6B-E29C-11E2-8094-0021280458E6}",74,74,"Columbia CD",2261472697.5,"Southeast",2261472697.49992,"Southeast",242550.867209,242550.867208701
"581",39,"Patit Creek",190,"Woody Wetlands",12,2.668728,"Columbia","170701020307",15726.4054377986,"huc12","{2DA7B42B-A3AF-4BC0-B393-4F19B5327B22}",NA,NA,NA,NA,2013-01-17 23:09:29,NA,15726.49,63.64,"WA","S","TF,UA","170701020308",0,0,"{AE168B6B-E29C-11E2-8094-0021280458E6}",74,74,"Columbia CD",2261472697.5,"Southeast",2261472697.49992,"Southeast",242550.867209,242550.867208701
"582",39,"Patit Creek",195,"Herbaceous Wetlands",5,1.11197,"Columbia","170701020307",15726.4054377986,"huc12","{2DA7B42B-A3AF-4BC0-B393-4F19B5327B22}",NA,NA,NA,NA,2013-01-17 23:09:29,NA,15726.49,63.64,"WA","S","TF,UA","170701020308",0,0,"{AE168B6B-E29C-11E2-8094-0021280458E6}",74,74,"Columbia CD",2261472697.5,"Southeast",2261472697.49992,"Southeast",242550.867209,242550.867208701
"583",39,"Patit Creek",205,"Triticale",4,0.889576,"Columbia","170701020307",15726.4054377986,"huc12","{2DA7B42B-A3AF-4BC0-B393-4F19B5327B22}",NA,NA,NA,NA,2013-01-17 23:09:29,NA,15726.49,63.64,"WA","S","TF,UA","170701020308",0,0,"{AE168B6B-E29C-11E2-8094-0021280458E6}",74,74,"Columbia CD",2261472697.5,"Southeast",2261472697.49992,"Southeast",242550.867209,242550.867208701
"584",40,"Lower North Fork Touchet River",1,"Corn",3,0.667182,"Columbia","170701020308",11386.0074339162,"huc12","{AB373739-E725-4526-977B-B754D4C7256E}",NA,NA,NA,NA,2013-01-17 23:09:29,NA,11386.05,46.08,"WA","S","LE,UA","170701020401",0,0,"{AE16AA73-E29C-11E2-8094-0021280458E6}",74,74,"Columbia CD",2261472697.5,"Southeast",2261472697.49992,"Southeast",242550.867209,242550.867208701
"585",40,"Lower North Fork Touchet River",5,"Soybeans",2,0.444788,"Columbia","170701020308",11386.0074339162,"huc12","{AB373739-E725-4526-977B-B754D4C7256E}",NA,NA,NA,NA,2013-01-17 23:09:29,NA,11386.05,46.08,"WA","S","LE,UA","170701020401",0,0,"{AE16AA73-E29C-11E2-8094-0021280458E6}",74,74,"Columbia CD",2261472697.5,"Southeast",2261472697.49992,"Southeast",242550.867209,242550.867208701
"586",40,"Lower North Fork Touchet River",21,"Barley",1430,318.02342,"Columbia","170701020308",11386.0074339162,"huc12","{AB373739-E725-4526-977B-B754D4C7256E}",NA,NA,NA,NA,2013-01-17 23:09:29,NA,11386.05,46.08,"WA","S","LE,UA","170701020401",0,0,"{AE16AA73-E29C-11E2-8094-0021280458E6}",74,74,"Columbia CD",2261472697.5,"Southeast",2261472697.49992,"Southeast",242550.867209,242550.867208701
"587",40,"Lower North Fork Touchet River",23,"Spring Wheat",7654,1702.203676,"Columbia","170701020308",11386.0074339162,"huc12","{AB373739-E725-4526-977B-B754D4C7256E}",NA,NA,NA,NA,2013-01-17 23:09:29,NA,11386.05,46.08,"WA","S","LE,UA","170701020401",0,0,"{AE16AA73-E29C-11E2-8094-0021280458E6}",74,74,"Columbia CD",2261472697.5,"Southeast",2261472697.49992,"Southeast",242550.867209,242550.867208701
"588",40,"Lower North Fork Touchet River",24,"Winter Wheat",14441,3211.591754,"Columbia","170701020308",11386.0074339162,"huc12","{AB373739-E725-4526-977B-B754D4C7256E}",NA,NA,NA,NA,2013-01-17 23:09:29,NA,11386.05,46.08,"WA","S","LE,UA","170701020401",0,0,"{AE16AA73-E29C-11E2-8094-0021280458E6}",74,74,"Columbia CD",2261472697.5,"Southeast",2261472697.49992,"Southeast",242550.867209,242550.867208701
"589",40,"Lower North Fork Touchet River",28,"Oats",274,60.935956,"Columbia","170701020308",11386.0074339162,"huc12","{AB373739-E725-4526-977B-B754D4C7256E}",NA,NA,NA,NA,2013-01-17 23:09:29,NA,11386.05,46.08,"WA","S","LE,UA","170701020401",0,0,"{AE16AA73-E29C-11E2-8094-0021280458E6}",74,74,"Columbia CD",2261472697.5,"Southeast",2261472697.49992,"Southeast",242550.867209,242550.867208701
"590",40,"Lower North Fork Touchet River",31,"Canola",862,191.703628,"Columbia","170701020308",11386.0074339162,"huc12","{AB373739-E725-4526-977B-B754D4C7256E}",NA,NA,NA,NA,2013-01-17 23:09:29,NA,11386.05,46.08,"WA","S","LE,UA","170701020401",0,0,"{AE16AA73-E29C-11E2-8094-0021280458E6}",74,74,"Columbia CD",2261472697.5,"Southeast",2261472697.49992,"Southeast",242550.867209,242550.867208701
"591",40,"Lower North Fork Touchet River",36,"Alfalfa",132,29.356008,"Columbia","170701020308",11386.0074339162,"huc12","{AB373739-E725-4526-977B-B754D4C7256E}",NA,NA,NA,NA,2013-01-17 23:09:29,NA,11386.05,46.08,"WA","S","LE,UA","170701020401",0,0,"{AE16AA73-E29C-11E2-8094-0021280458E6}",74,74,"Columbia CD",2261472697.5,"Southeast",2261472697.49992,"Southeast",242550.867209,242550.867208701
"592",40,"Lower North Fork Touchet River",37,"Other Hay/Non Alfalfa",2,0.444788,"Columbia","170701020308",11386.0074339162,"huc12","{AB373739-E725-4526-977B-B754D4C7256E}",NA,NA,NA,NA,2013-01-17 23:09:29,NA,11386.05,46.08,"WA","S","LE,UA","170701020401",0,0,"{AE16AA73-E29C-11E2-8094-0021280458E6}",74,74,"Columbia CD",2261472697.5,"Southeast",2261472697.49992,"Southeast",242550.867209,242550.867208701
"593",40,"Lower North Fork Touchet River",51,"Chick Peas",2446,543.975724,"Columbia","170701020308",11386.0074339162,"huc12","{AB373739-E725-4526-977B-B754D4C7256E}",NA,NA,NA,NA,2013-01-17 23:09:29,NA,11386.05,46.08,"WA","S","LE,UA","170701020401",0,0,"{AE16AA73-E29C-11E2-8094-0021280458E6}",74,74,"Columbia CD",2261472697.5,"Southeast",2261472697.49992,"Southeast",242550.867209,242550.867208701
"594",40,"Lower North Fork Touchet River",52,"Lentils",2,0.444788,"Columbia","170701020308",11386.0074339162,"huc12","{AB373739-E725-4526-977B-B754D4C7256E}",NA,NA,NA,NA,2013-01-17 23:09:29,NA,11386.05,46.08,"WA","S","LE,UA","170701020401",0,0,"{AE16AA73-E29C-11E2-8094-0021280458E6}",74,74,"Columbia CD",2261472697.5,"Southeast",2261472697.49992,"Southeast",242550.867209,242550.867208701
"595",40,"Lower North Fork Touchet River",53,"Peas",1166,259.311404,"Columbia","170701020308",11386.0074339162,"huc12","{AB373739-E725-4526-977B-B754D4C7256E}",NA,NA,NA,NA,2013-01-17 23:09:29,NA,11386.05,46.08,"WA","S","LE,UA","170701020401",0,0,"{AE16AA73-E29C-11E2-8094-0021280458E6}",74,74,"Columbia CD",2261472697.5,"Southeast",2261472697.49992,"Southeast",242550.867209,242550.867208701
"596",40,"Lower North Fork Touchet River",59,"Sod/Grass Seed",174,38.696556,"Columbia","170701020308",11386.0074339162,"huc12","{AB373739-E725-4526-977B-B754D4C7256E}",NA,NA,NA,NA,2013-01-17 23:09:29,NA,11386.05,46.08,"WA","S","LE,UA","170701020401",0,0,"{AE16AA73-E29C-11E2-8094-0021280458E6}",74,74,"Columbia CD",2261472697.5,"Southeast",2261472697.49992,"Southeast",242550.867209,242550.867208701
"597",40,"Lower North Fork Touchet River",61,"Fallow/Idle Cropland",767,170.576198,"Columbia","170701020308",11386.0074339162,"huc12","{AB373739-E725-4526-977B-B754D4C7256E}",NA,NA,NA,NA,2013-01-17 23:09:29,NA,11386.05,46.08,"WA","S","LE,UA","170701020401",0,0,"{AE16AA73-E29C-11E2-8094-0021280458E6}",74,74,"Columbia CD",2261472697.5,"Southeast",2261472697.49992,"Southeast",242550.867209,242550.867208701
"598",40,"Lower North Fork Touchet River",66,"Cherries",7,1.556758,"Columbia","170701020308",11386.0074339162,"huc12","{AB373739-E725-4526-977B-B754D4C7256E}",NA,NA,NA,NA,2013-01-17 23:09:29,NA,11386.05,46.08,"WA","S","LE,UA","170701020401",0,0,"{AE16AA73-E29C-11E2-8094-0021280458E6}",74,74,"Columbia CD",2261472697.5,"Southeast",2261472697.49992,"Southeast",242550.867209,242550.867208701
"599",40,"Lower North Fork Touchet River",67,"Peaches",73,16.234762,"Columbia","170701020308",11386.0074339162,"huc12","{AB373739-E725-4526-977B-B754D4C7256E}",NA,NA,NA,NA,2013-01-17 23:09:29,NA,11386.05,46.08,"WA","S","LE,UA","170701020401",0,0,"{AE16AA73-E29C-11E2-8094-0021280458E6}",74,74,"Columbia CD",2261472697.5,"Southeast",2261472697.49992,"Southeast",242550.867209,242550.867208701
"600",40,"Lower North Fork Touchet River",68,"Apples",676,150.338344,"Columbia","170701020308",11386.0074339162,"huc12","{AB373739-E725-4526-977B-B754D4C7256E}",NA,NA,NA,NA,2013-01-17 23:09:29,NA,11386.05,46.08,"WA","S","LE,UA","170701020401",0,0,"{AE16AA73-E29C-11E2-8094-0021280458E6}",74,74,"Columbia CD",2261472697.5,"Southeast",2261472697.49992,"Southeast",242550.867209,242550.867208701
"601",40,"Lower North Fork Touchet River",69,"Grapes",56,12.454064,"Columbia","170701020308",11386.0074339162,"huc12","{AB373739-E725-4526-977B-B754D4C7256E}",NA,NA,NA,NA,2013-01-17 23:09:29,NA,11386.05,46.08,"WA","S","LE,UA","170701020401",0,0,"{AE16AA73-E29C-11E2-8094-0021280458E6}",74,74,"Columbia CD",2261472697.5,"Southeast",2261472697.49992,"Southeast",242550.867209,242550.867208701
"602",40,"Lower North Fork Touchet River",70,"Christmas Trees",31,6.894214,"Columbia","170701020308",11386.0074339162,"huc12","{AB373739-E725-4526-977B-B754D4C7256E}",NA,NA,NA,NA,2013-01-17 23:09:29,NA,11386.05,46.08,"WA","S","LE,UA","170701020401",0,0,"{AE16AA73-E29C-11E2-8094-0021280458E6}",74,74,"Columbia CD",2261472697.5,"Southeast",2261472697.49992,"Southeast",242550.867209,242550.867208701
"603",40,"Lower North Fork Touchet River",77,"Pears",222,49.371468,"Columbia","170701020308",11386.0074339162,"huc12","{AB373739-E725-4526-977B-B754D4C7256E}",NA,NA,NA,NA,2013-01-17 23:09:29,NA,11386.05,46.08,"WA","S","LE,UA","170701020401",0,0,"{AE16AA73-E29C-11E2-8094-0021280458E6}",74,74,"Columbia CD",2261472697.5,"Southeast",2261472697.49992,"Southeast",242550.867209,242550.867208701
"604",40,"Lower North Fork Touchet River",111,"Open Water",5,1.11197,"Columbia","170701020308",11386.0074339162,"huc12","{AB373739-E725-4526-977B-B754D4C7256E}",NA,NA,NA,NA,2013-01-17 23:09:29,NA,11386.05,46.08,"WA","S","LE,UA","170701020401",0,0,"{AE16AA73-E29C-11E2-8094-0021280458E6}",74,74,"Columbia CD",2261472697.5,"Southeast",2261472697.49992,"Southeast",242550.867209,242550.867208701
"605",40,"Lower North Fork Touchet River",121,"Developed/Open Space",847,188.367718,"Columbia","170701020308",11386.0074339162,"huc12","{AB373739-E725-4526-977B-B754D4C7256E}",NA,NA,NA,NA,2013-01-17 23:09:29,NA,11386.05,46.08,"WA","S","LE,UA","170701020401",0,0,"{AE16AA73-E29C-11E2-8094-0021280458E6}",74,74,"Columbia CD",2261472697.5,"Southeast",2261472697.49992,"Southeast",242550.867209,242550.867208701
"606",40,"Lower North Fork Touchet River",122,"Developed/Low Intensity",1728,384.296832,"Columbia","170701020308",11386.0074339162,"huc12","{AB373739-E725-4526-977B-B754D4C7256E}",NA,NA,NA,NA,2013-01-17 23:09:29,NA,11386.05,46.08,"WA","S","LE,UA","170701020401",0,0,"{AE16AA73-E29C-11E2-8094-0021280458E6}",74,74,"Columbia CD",2261472697.5,"Southeast",2261472697.49992,"Southeast",242550.867209,242550.867208701
"607",40,"Lower North Fork Touchet River",123,"Developed/Med Intensity",176,39.141344,"Columbia","170701020308",11386.0074339162,"huc12","{AB373739-E725-4526-977B-B754D4C7256E}",NA,NA,NA,NA,2013-01-17 23:09:29,NA,11386.05,46.08,"WA","S","LE,UA","170701020401",0,0,"{AE16AA73-E29C-11E2-8094-0021280458E6}",74,74,"Columbia CD",2261472697.5,"Southeast",2261472697.49992,"Southeast",242550.867209,242550.867208701
"608",40,"Lower North Fork Touchet River",124,"Developed/High Intensity",71,15.789974,"Columbia","170701020308",11386.0074339162,"huc12","{AB373739-E725-4526-977B-B754D4C7256E}",NA,NA,NA,NA,2013-01-17 23:09:29,NA,11386.05,46.08,"WA","S","LE,UA","170701020401",0,0,"{AE16AA73-E29C-11E2-8094-0021280458E6}",74,74,"Columbia CD",2261472697.5,"Southeast",2261472697.49992,"Southeast",242550.867209,242550.867208701
"609",40,"Lower North Fork Touchet River",142,"Evergreen Forest",1325,294.67205,"Columbia","170701020308",11386.0074339162,"huc12","{AB373739-E725-4526-977B-B754D4C7256E}",NA,NA,NA,NA,2013-01-17 23:09:29,NA,11386.05,46.08,"WA","S","LE,UA","170701020401",0,0,"{AE16AA73-E29C-11E2-8094-0021280458E6}",74,74,"Columbia CD",2261472697.5,"Southeast",2261472697.49992,"Southeast",242550.867209,242550.867208701
"610",40,"Lower North Fork Touchet River",143,"Mixed Forest",56,12.454064,"Columbia","170701020308",11386.0074339162,"huc12","{AB373739-E725-4526-977B-B754D4C7256E}",NA,NA,NA,NA,2013-01-17 23:09:29,NA,11386.05,46.08,"WA","S","LE,UA","170701020401",0,0,"{AE16AA73-E29C-11E2-8094-0021280458E6}",74,74,"Columbia CD",2261472697.5,"Southeast",2261472697.49992,"Southeast",242550.867209,242550.867208701
"611",40,"Lower North Fork Touchet River",152,"Shrubland",3522,783.271668,"Columbia","170701020308",11386.0074339162,"huc12","{AB373739-E725-4526-977B-B754D4C7256E}",NA,NA,NA,NA,2013-01-17 23:09:29,NA,11386.05,46.08,"WA","S","LE,UA","170701020401",0,0,"{AE16AA73-E29C-11E2-8094-0021280458E6}",74,74,"Columbia CD",2261472697.5,"Southeast",2261472697.49992,"Southeast",242550.867209,242550.867208701
"612",40,"Lower North Fork Touchet River",176,"Grassland/Pasture",12984,2887.563696,"Columbia","170701020308",11386.0074339162,"huc12","{AB373739-E725-4526-977B-B754D4C7256E}",NA,NA,NA,NA,2013-01-17 23:09:29,NA,11386.05,46.08,"WA","S","LE,UA","170701020401",0,0,"{AE16AA73-E29C-11E2-8094-0021280458E6}",74,74,"Columbia CD",2261472697.5,"Southeast",2261472697.49992,"Southeast",242550.867209,242550.867208701
"613",40,"Lower North Fork Touchet River",190,"Woody Wetlands",33,7.339002,"Columbia","170701020308",11386.0074339162,"huc12","{AB373739-E725-4526-977B-B754D4C7256E}",NA,NA,NA,NA,2013-01-17 23:09:29,NA,11386.05,46.08,"WA","S","LE,UA","170701020401",0,0,"{AE16AA73-E29C-11E2-8094-0021280458E6}",74,74,"Columbia CD",2261472697.5,"Southeast",2261472697.49992,"Southeast",242550.867209,242550.867208701
"614",40,"Lower North Fork Touchet River",195,"Herbaceous Wetlands",19,4.225486,"Columbia","170701020308",11386.0074339162,"huc12","{AB373739-E725-4526-977B-B754D4C7256E}",NA,NA,NA,NA,2013-01-17 23:09:29,NA,11386.05,46.08,"WA","S","LE,UA","170701020401",0,0,"{AE16AA73-E29C-11E2-8094-0021280458E6}",74,74,"Columbia CD",2261472697.5,"Southeast",2261472697.49992,"Southeast",242550.867209,242550.867208701
"615",40,"Lower North Fork Touchet River",242,"Blueberries",5,1.11197,"Columbia","170701020308",11386.0074339162,"huc12","{AB373739-E725-4526-977B-B754D4C7256E}",NA,NA,NA,NA,2013-01-17 23:09:29,NA,11386.05,46.08,"WA","S","LE,UA","170701020401",0,0,"{AE16AA73-E29C-11E2-8094-0021280458E6}",74,74,"Columbia CD",2261472697.5,"Southeast",2261472697.49992,"Southeast",242550.867209,242550.867208701
"616",41,"Payne Hollow-Touchet River",1,"Corn",11,2.446334,"Columbia","170701020401",19513.8507055278,"huc12","{3BEA0A46-95D3-442A-9403-B19088452F44}",NA,NA,NA,NA,2013-01-17 23:09:29,NA,19532.4,79.04,"WA","S","LE,GC","170701020403",0,0,"{AE16C1F4-E29C-11E2-8094-0021280458E6}",74,74,"Columbia CD",2261472697.5,"Southeast",2261472697.49992,"Southeast",242550.867209,242550.867208701
"617",41,"Payne Hollow-Touchet River",5,"Soybeans",4,0.889576,"Columbia","170701020401",19513.8507055278,"huc12","{3BEA0A46-95D3-442A-9403-B19088452F44}",NA,NA,NA,NA,2013-01-17 23:09:29,NA,19532.4,79.04,"WA","S","LE,GC","170701020403",0,0,"{AE16C1F4-E29C-11E2-8094-0021280458E6}",74,74,"Columbia CD",2261472697.5,"Southeast",2261472697.49992,"Southeast",242550.867209,242550.867208701
"618",41,"Payne Hollow-Touchet River",21,"Barley",742,165.016348,"Columbia","170701020401",19513.8507055278,"huc12","{3BEA0A46-95D3-442A-9403-B19088452F44}",NA,NA,NA,NA,2013-01-17 23:09:29,NA,19532.4,79.04,"WA","S","LE,GC","170701020403",0,0,"{AE16C1F4-E29C-11E2-8094-0021280458E6}",74,74,"Columbia CD",2261472697.5,"Southeast",2261472697.49992,"Southeast",242550.867209,242550.867208701
"619",41,"Payne Hollow-Touchet River",23,"Spring Wheat",5330,1185.36002,"Columbia","170701020401",19513.8507055278,"huc12","{3BEA0A46-95D3-442A-9403-B19088452F44}",NA,NA,NA,NA,2013-01-17 23:09:29,NA,19532.4,79.04,"WA","S","LE,GC","170701020403",0,0,"{AE16C1F4-E29C-11E2-8094-0021280458E6}",74,74,"Columbia CD",2261472697.5,"Southeast",2261472697.49992,"Southeast",242550.867209,242550.867208701
"620",41,"Payne Hollow-Touchet River",24,"Winter Wheat",27684,6156.755496,"Columbia","170701020401",19513.8507055278,"huc12","{3BEA0A46-95D3-442A-9403-B19088452F44}",NA,NA,NA,NA,2013-01-17 23:09:29,NA,19532.4,79.04,"WA","S","LE,GC","170701020403",0,0,"{AE16C1F4-E29C-11E2-8094-0021280458E6}",74,74,"Columbia CD",2261472697.5,"Southeast",2261472697.49992,"Southeast",242550.867209,242550.867208701
"621",41,"Payne Hollow-Touchet River",28,"Oats",12,2.668728,"Columbia","170701020401",19513.8507055278,"huc12","{3BEA0A46-95D3-442A-9403-B19088452F44}",NA,NA,NA,NA,2013-01-17 23:09:29,NA,19532.4,79.04,"WA","S","LE,GC","170701020403",0,0,"{AE16C1F4-E29C-11E2-8094-0021280458E6}",74,74,"Columbia CD",2261472697.5,"Southeast",2261472697.49992,"Southeast",242550.867209,242550.867208701
"622",41,"Payne Hollow-Touchet River",31,"Canola",5856,1302.339264,"Columbia","170701020401",19513.8507055278,"huc12","{3BEA0A46-95D3-442A-9403-B19088452F44}",NA,NA,NA,NA,2013-01-17 23:09:29,NA,19532.4,79.04,"WA","S","LE,GC","170701020403",0,0,"{AE16C1F4-E29C-11E2-8094-0021280458E6}",74,74,"Columbia CD",2261472697.5,"Southeast",2261472697.49992,"Southeast",242550.867209,242550.867208701
"623",41,"Payne Hollow-Touchet River",36,"Alfalfa",406,90.291964,"Columbia","170701020401",19513.8507055278,"huc12","{3BEA0A46-95D3-442A-9403-B19088452F44}",NA,NA,NA,NA,2013-01-17 23:09:29,NA,19532.4,79.04,"WA","S","LE,GC","170701020403",0,0,"{AE16C1F4-E29C-11E2-8094-0021280458E6}",74,74,"Columbia CD",2261472697.5,"Southeast",2261472697.49992,"Southeast",242550.867209,242550.867208701
"624",41,"Payne Hollow-Touchet River",37,"Other Hay/Non Alfalfa",5,1.11197,"Columbia","170701020401",19513.8507055278,"huc12","{3BEA0A46-95D3-442A-9403-B19088452F44}",NA,NA,NA,NA,2013-01-17 23:09:29,NA,19532.4,79.04,"WA","S","LE,GC","170701020403",0,0,"{AE16C1F4-E29C-11E2-8094-0021280458E6}",74,74,"Columbia CD",2261472697.5,"Southeast",2261472697.49992,"Southeast",242550.867209,242550.867208701
"625",41,"Payne Hollow-Touchet River",43,"Potatoes",3,0.667182,"Columbia","170701020401",19513.8507055278,"huc12","{3BEA0A46-95D3-442A-9403-B19088452F44}",NA,NA,NA,NA,2013-01-17 23:09:29,NA,19532.4,79.04,"WA","S","LE,GC","170701020403",0,0,"{AE16C1F4-E29C-11E2-8094-0021280458E6}",74,74,"Columbia CD",2261472697.5,"Southeast",2261472697.49992,"Southeast",242550.867209,242550.867208701
"626",41,"Payne Hollow-Touchet River",51,"Chick Peas",10913,2426.985722,"Columbia","170701020401",19513.8507055278,"huc12","{3BEA0A46-95D3-442A-9403-B19088452F44}",NA,NA,NA,NA,2013-01-17 23:09:29,NA,19532.4,79.04,"WA","S","LE,GC","170701020403",0,0,"{AE16C1F4-E29C-11E2-8094-0021280458E6}",74,74,"Columbia CD",2261472697.5,"Southeast",2261472697.49992,"Southeast",242550.867209,242550.867208701
"627",41,"Payne Hollow-Touchet River",52,"Lentils",43,9.562942,"Columbia","170701020401",19513.8507055278,"huc12","{3BEA0A46-95D3-442A-9403-B19088452F44}",NA,NA,NA,NA,2013-01-17 23:09:29,NA,19532.4,79.04,"WA","S","LE,GC","170701020403",0,0,"{AE16C1F4-E29C-11E2-8094-0021280458E6}",74,74,"Columbia CD",2261472697.5,"Southeast",2261472697.49992,"Southeast",242550.867209,242550.867208701
"628",41,"Payne Hollow-Touchet River",53,"Peas",15356,3415.082264,"Columbia","170701020401",19513.8507055278,"huc12","{3BEA0A46-95D3-442A-9403-B19088452F44}",NA,NA,NA,NA,2013-01-17 23:09:29,NA,19532.4,79.04,"WA","S","LE,GC","170701020403",0,0,"{AE16C1F4-E29C-11E2-8094-0021280458E6}",74,74,"Columbia CD",2261472697.5,"Southeast",2261472697.49992,"Southeast",242550.867209,242550.867208701
"629",41,"Payne Hollow-Touchet River",59,"Sod/Grass Seed",18,4.003092,"Columbia","170701020401",19513.8507055278,"huc12","{3BEA0A46-95D3-442A-9403-B19088452F44}",NA,NA,NA,NA,2013-01-17 23:09:29,NA,19532.4,79.04,"WA","S","LE,GC","170701020403",0,0,"{AE16C1F4-E29C-11E2-8094-0021280458E6}",74,74,"Columbia CD",2261472697.5,"Southeast",2261472697.49992,"Southeast",242550.867209,242550.867208701
"630",41,"Payne Hollow-Touchet River",61,"Fallow/Idle Cropland",1123,249.748462,"Columbia","170701020401",19513.8507055278,"huc12","{3BEA0A46-95D3-442A-9403-B19088452F44}",NA,NA,NA,NA,2013-01-17 23:09:29,NA,19532.4,79.04,"WA","S","LE,GC","170701020403",0,0,"{AE16C1F4-E29C-11E2-8094-0021280458E6}",74,74,"Columbia CD",2261472697.5,"Southeast",2261472697.49992,"Southeast",242550.867209,242550.867208701
"631",41,"Payne Hollow-Touchet River",66,"Cherries",58,12.898852,"Columbia","170701020401",19513.8507055278,"huc12","{3BEA0A46-95D3-442A-9403-B19088452F44}",NA,NA,NA,NA,2013-01-17 23:09:29,NA,19532.4,79.04,"WA","S","LE,GC","170701020403",0,0,"{AE16C1F4-E29C-11E2-8094-0021280458E6}",74,74,"Columbia CD",2261472697.5,"Southeast",2261472697.49992,"Southeast",242550.867209,242550.867208701
"632",41,"Payne Hollow-Touchet River",67,"Peaches",93,20.682642,"Columbia","170701020401",19513.8507055278,"huc12","{3BEA0A46-95D3-442A-9403-B19088452F44}",NA,NA,NA,NA,2013-01-17 23:09:29,NA,19532.4,79.04,"WA","S","LE,GC","170701020403",0,0,"{AE16C1F4-E29C-11E2-8094-0021280458E6}",74,74,"Columbia CD",2261472697.5,"Southeast",2261472697.49992,"Southeast",242550.867209,242550.867208701
"633",41,"Payne Hollow-Touchet River",68,"Apples",104,23.128976,"Columbia","170701020401",19513.8507055278,"huc12","{3BEA0A46-95D3-442A-9403-B19088452F44}",NA,NA,NA,NA,2013-01-17 23:09:29,NA,19532.4,79.04,"WA","S","LE,GC","170701020403",0,0,"{AE16C1F4-E29C-11E2-8094-0021280458E6}",74,74,"Columbia CD",2261472697.5,"Southeast",2261472697.49992,"Southeast",242550.867209,242550.867208701
"634",41,"Payne Hollow-Touchet River",69,"Grapes",135,30.02319,"Columbia","170701020401",19513.8507055278,"huc12","{3BEA0A46-95D3-442A-9403-B19088452F44}",NA,NA,NA,NA,2013-01-17 23:09:29,NA,19532.4,79.04,"WA","S","LE,GC","170701020403",0,0,"{AE16C1F4-E29C-11E2-8094-0021280458E6}",74,74,"Columbia CD",2261472697.5,"Southeast",2261472697.49992,"Southeast",242550.867209,242550.867208701
"635",41,"Payne Hollow-Touchet River",70,"Christmas Trees",44,9.785336,"Columbia","170701020401",19513.8507055278,"huc12","{3BEA0A46-95D3-442A-9403-B19088452F44}",NA,NA,NA,NA,2013-01-17 23:09:29,NA,19532.4,79.04,"WA","S","LE,GC","170701020403",0,0,"{AE16C1F4-E29C-11E2-8094-0021280458E6}",74,74,"Columbia CD",2261472697.5,"Southeast",2261472697.49992,"Southeast",242550.867209,242550.867208701
"636",41,"Payne Hollow-Touchet River",77,"Pears",7,1.556758,"Columbia","170701020401",19513.8507055278,"huc12","{3BEA0A46-95D3-442A-9403-B19088452F44}",NA,NA,NA,NA,2013-01-17 23:09:29,NA,19532.4,79.04,"WA","S","LE,GC","170701020403",0,0,"{AE16C1F4-E29C-11E2-8094-0021280458E6}",74,74,"Columbia CD",2261472697.5,"Southeast",2261472697.49992,"Southeast",242550.867209,242550.867208701
"637",41,"Payne Hollow-Touchet River",111,"Open Water",16,3.558304,"Columbia","170701020401",19513.8507055278,"huc12","{3BEA0A46-95D3-442A-9403-B19088452F44}",NA,NA,NA,NA,2013-01-17 23:09:29,NA,19532.4,79.04,"WA","S","LE,GC","170701020403",0,0,"{AE16C1F4-E29C-11E2-8094-0021280458E6}",74,74,"Columbia CD",2261472697.5,"Southeast",2261472697.49992,"Southeast",242550.867209,242550.867208701
"638",41,"Payne Hollow-Touchet River",121,"Developed/Open Space",1289,286.665866,"Columbia","170701020401",19513.8507055278,"huc12","{3BEA0A46-95D3-442A-9403-B19088452F44}",NA,NA,NA,NA,2013-01-17 23:09:29,NA,19532.4,79.04,"WA","S","LE,GC","170701020403",0,0,"{AE16C1F4-E29C-11E2-8094-0021280458E6}",74,74,"Columbia CD",2261472697.5,"Southeast",2261472697.49992,"Southeast",242550.867209,242550.867208701
"639",41,"Payne Hollow-Touchet River",122,"Developed/Low Intensity",1212,269.541528,"Columbia","170701020401",19513.8507055278,"huc12","{3BEA0A46-95D3-442A-9403-B19088452F44}",NA,NA,NA,NA,2013-01-17 23:09:29,NA,19532.4,79.04,"WA","S","LE,GC","170701020403",0,0,"{AE16C1F4-E29C-11E2-8094-0021280458E6}",74,74,"Columbia CD",2261472697.5,"Southeast",2261472697.49992,"Southeast",242550.867209,242550.867208701
"640",41,"Payne Hollow-Touchet River",123,"Developed/Med Intensity",324,72.055656,"Columbia","170701020401",19513.8507055278,"huc12","{3BEA0A46-95D3-442A-9403-B19088452F44}",NA,NA,NA,NA,2013-01-17 23:09:29,NA,19532.4,79.04,"WA","S","LE,GC","170701020403",0,0,"{AE16C1F4-E29C-11E2-8094-0021280458E6}",74,74,"Columbia CD",2261472697.5,"Southeast",2261472697.49992,"Southeast",242550.867209,242550.867208701
"641",41,"Payne Hollow-Touchet River",124,"Developed/High Intensity",120,26.68728,"Columbia","170701020401",19513.8507055278,"huc12","{3BEA0A46-95D3-442A-9403-B19088452F44}",NA,NA,NA,NA,2013-01-17 23:09:29,NA,19532.4,79.04,"WA","S","LE,GC","170701020403",0,0,"{AE16C1F4-E29C-11E2-8094-0021280458E6}",74,74,"Columbia CD",2261472697.5,"Southeast",2261472697.49992,"Southeast",242550.867209,242550.867208701
"642",41,"Payne Hollow-Touchet River",131,"Barren",3,0.667182,"Columbia","170701020401",19513.8507055278,"huc12","{3BEA0A46-95D3-442A-9403-B19088452F44}",NA,NA,NA,NA,2013-01-17 23:09:29,NA,19532.4,79.04,"WA","S","LE,GC","170701020403",0,0,"{AE16C1F4-E29C-11E2-8094-0021280458E6}",74,74,"Columbia CD",2261472697.5,"Southeast",2261472697.49992,"Southeast",242550.867209,242550.867208701
"643",41,"Payne Hollow-Touchet River",142,"Evergreen Forest",2559,569.106246,"Columbia","170701020401",19513.8507055278,"huc12","{3BEA0A46-95D3-442A-9403-B19088452F44}",NA,NA,NA,NA,2013-01-17 23:09:29,NA,19532.4,79.04,"WA","S","LE,GC","170701020403",0,0,"{AE16C1F4-E29C-11E2-8094-0021280458E6}",74,74,"Columbia CD",2261472697.5,"Southeast",2261472697.49992,"Southeast",242550.867209,242550.867208701
"644",41,"Payne Hollow-Touchet River",143,"Mixed Forest",494,109.862636,"Columbia","170701020401",19513.8507055278,"huc12","{3BEA0A46-95D3-442A-9403-B19088452F44}",NA,NA,NA,NA,2013-01-17 23:09:29,NA,19532.4,79.04,"WA","S","LE,GC","170701020403",0,0,"{AE16C1F4-E29C-11E2-8094-0021280458E6}",74,74,"Columbia CD",2261472697.5,"Southeast",2261472697.49992,"Southeast",242550.867209,242550.867208701
"645",41,"Payne Hollow-Touchet River",152,"Shrubland",1184,263.314496,"Columbia","170701020401",19513.8507055278,"huc12","{3BEA0A46-95D3-442A-9403-B19088452F44}",NA,NA,NA,NA,2013-01-17 23:09:29,NA,19532.4,79.04,"WA","S","LE,GC","170701020403",0,0,"{AE16C1F4-E29C-11E2-8094-0021280458E6}",74,74,"Columbia CD",2261472697.5,"Southeast",2261472697.49992,"Southeast",242550.867209,242550.867208701
"646",41,"Payne Hollow-Touchet River",176,"Grassland/Pasture",12370,2751.01378,"Columbia","170701020401",19513.8507055278,"huc12","{3BEA0A46-95D3-442A-9403-B19088452F44}",NA,NA,NA,NA,2013-01-17 23:09:29,NA,19532.4,79.04,"WA","S","LE,GC","170701020403",0,0,"{AE16C1F4-E29C-11E2-8094-0021280458E6}",74,74,"Columbia CD",2261472697.5,"Southeast",2261472697.49992,"Southeast",242550.867209,242550.867208701
"647",41,"Payne Hollow-Touchet River",190,"Woody Wetlands",196,43.589224,"Columbia","170701020401",19513.8507055278,"huc12","{3BEA0A46-95D3-442A-9403-B19088452F44}",NA,NA,NA,NA,2013-01-17 23:09:29,NA,19532.4,79.04,"WA","S","LE,GC","170701020403",0,0,"{AE16C1F4-E29C-11E2-8094-0021280458E6}",74,74,"Columbia CD",2261472697.5,"Southeast",2261472697.49992,"Southeast",242550.867209,242550.867208701
"648",41,"Payne Hollow-Touchet River",195,"Herbaceous Wetlands",19,4.225486,"Columbia","170701020401",19513.8507055278,"huc12","{3BEA0A46-95D3-442A-9403-B19088452F44}",NA,NA,NA,NA,2013-01-17 23:09:29,NA,19532.4,79.04,"WA","S","LE,GC","170701020403",0,0,"{AE16C1F4-E29C-11E2-8094-0021280458E6}",74,74,"Columbia CD",2261472697.5,"Southeast",2261472697.49992,"Southeast",242550.867209,242550.867208701
"649",41,"Payne Hollow-Touchet River",205,"Triticale",7,1.556758,"Columbia","170701020401",19513.8507055278,"huc12","{3BEA0A46-95D3-442A-9403-B19088452F44}",NA,NA,NA,NA,2013-01-17 23:09:29,NA,19532.4,79.04,"WA","S","LE,GC","170701020403",0,0,"{AE16C1F4-E29C-11E2-8094-0021280458E6}",74,74,"Columbia CD",2261472697.5,"Southeast",2261472697.49992,"Southeast",242550.867209,242550.867208701
"650",41,"Payne Hollow-Touchet River",242,"Blueberries",10,2.22394,"Columbia","170701020401",19513.8507055278,"huc12","{3BEA0A46-95D3-442A-9403-B19088452F44}",NA,NA,NA,NA,2013-01-17 23:09:29,NA,19532.4,79.04,"WA","S","LE,GC","170701020403",0,0,"{AE16C1F4-E29C-11E2-8094-0021280458E6}",74,74,"Columbia CD",2261472697.5,"Southeast",2261472697.49992,"Southeast",242550.867209,242550.867208701
"651",42,"Whiskey Creek",1,"Corn",9,2.001546,"Columbia","170701020402",18027.0741978122,"huc12","{3F443389-22B3-40F8-8019-4BB6D2DE1796}",NA,NA,NA,NA,2013-01-17 23:09:29,NA,25225.8,102.09,"WA","S","NM","170701020403",0,0,"{AE16E0F1-E29C-11E2-8094-0021280458E6}",74,74,"Columbia CD",2261472697.5,"Southeast",2261472697.49992,"Southeast",242550.867209,242550.867208701
"652",42,"Whiskey Creek",5,"Soybeans",1,0.222394,"Columbia","170701020402",18027.0741978122,"huc12","{3F443389-22B3-40F8-8019-4BB6D2DE1796}",NA,NA,NA,NA,2013-01-17 23:09:29,NA,25225.8,102.09,"WA","S","NM","170701020403",0,0,"{AE16E0F1-E29C-11E2-8094-0021280458E6}",74,74,"Columbia CD",2261472697.5,"Southeast",2261472697.49992,"Southeast",242550.867209,242550.867208701
"653",42,"Whiskey Creek",21,"Barley",109,24.240946,"Columbia","170701020402",18027.0741978122,"huc12","{3F443389-22B3-40F8-8019-4BB6D2DE1796}",NA,NA,NA,NA,2013-01-17 23:09:29,NA,25225.8,102.09,"WA","S","NM","170701020403",0,0,"{AE16E0F1-E29C-11E2-8094-0021280458E6}",74,74,"Columbia CD",2261472697.5,"Southeast",2261472697.49992,"Southeast",242550.867209,242550.867208701
"654",42,"Whiskey Creek",23,"Spring Wheat",6657,1480.476858,"Columbia","170701020402",18027.0741978122,"huc12","{3F443389-22B3-40F8-8019-4BB6D2DE1796}",NA,NA,NA,NA,2013-01-17 23:09:29,NA,25225.8,102.09,"WA","S","NM","170701020403",0,0,"{AE16E0F1-E29C-11E2-8094-0021280458E6}",74,74,"Columbia CD",2261472697.5,"Southeast",2261472697.49992,"Southeast",242550.867209,242550.867208701
"655",42,"Whiskey Creek",24,"Winter Wheat",34384,7646.795296,"Columbia","170701020402",18027.0741978122,"huc12","{3F443389-22B3-40F8-8019-4BB6D2DE1796}",NA,NA,NA,NA,2013-01-17 23:09:29,NA,25225.8,102.09,"WA","S","NM","170701020403",0,0,"{AE16E0F1-E29C-11E2-8094-0021280458E6}",74,74,"Columbia CD",2261472697.5,"Southeast",2261472697.49992,"Southeast",242550.867209,242550.867208701
"656",42,"Whiskey Creek",31,"Canola",329,73.167626,"Columbia","170701020402",18027.0741978122,"huc12","{3F443389-22B3-40F8-8019-4BB6D2DE1796}",NA,NA,NA,NA,2013-01-17 23:09:29,NA,25225.8,102.09,"WA","S","NM","170701020403",0,0,"{AE16E0F1-E29C-11E2-8094-0021280458E6}",74,74,"Columbia CD",2261472697.5,"Southeast",2261472697.49992,"Southeast",242550.867209,242550.867208701
"657",42,"Whiskey Creek",36,"Alfalfa",13,2.891122,"Columbia","170701020402",18027.0741978122,"huc12","{3F443389-22B3-40F8-8019-4BB6D2DE1796}",NA,NA,NA,NA,2013-01-17 23:09:29,NA,25225.8,102.09,"WA","S","NM","170701020403",0,0,"{AE16E0F1-E29C-11E2-8094-0021280458E6}",74,74,"Columbia CD",2261472697.5,"Southeast",2261472697.49992,"Southeast",242550.867209,242550.867208701
"658",42,"Whiskey Creek",37,"Other Hay/Non Alfalfa",123,27.354462,"Columbia","170701020402",18027.0741978122,"huc12","{3F443389-22B3-40F8-8019-4BB6D2DE1796}",NA,NA,NA,NA,2013-01-17 23:09:29,NA,25225.8,102.09,"WA","S","NM","170701020403",0,0,"{AE16E0F1-E29C-11E2-8094-0021280458E6}",74,74,"Columbia CD",2261472697.5,"Southeast",2261472697.49992,"Southeast",242550.867209,242550.867208701
"659",42,"Whiskey Creek",43,"Potatoes",2,0.444788,"Columbia","170701020402",18027.0741978122,"huc12","{3F443389-22B3-40F8-8019-4BB6D2DE1796}",NA,NA,NA,NA,2013-01-17 23:09:29,NA,25225.8,102.09,"WA","S","NM","170701020403",0,0,"{AE16E0F1-E29C-11E2-8094-0021280458E6}",74,74,"Columbia CD",2261472697.5,"Southeast",2261472697.49992,"Southeast",242550.867209,242550.867208701
"660",42,"Whiskey Creek",51,"Chick Peas",7868,1749.795992,"Columbia","170701020402",18027.0741978122,"huc12","{3F443389-22B3-40F8-8019-4BB6D2DE1796}",NA,NA,NA,NA,2013-01-17 23:09:29,NA,25225.8,102.09,"WA","S","NM","170701020403",0,0,"{AE16E0F1-E29C-11E2-8094-0021280458E6}",74,74,"Columbia CD",2261472697.5,"Southeast",2261472697.49992,"Southeast",242550.867209,242550.867208701
"661",42,"Whiskey Creek",52,"Lentils",25,5.55985,"Columbia","170701020402",18027.0741978122,"huc12","{3F443389-22B3-40F8-8019-4BB6D2DE1796}",NA,NA,NA,NA,2013-01-17 23:09:29,NA,25225.8,102.09,"WA","S","NM","170701020403",0,0,"{AE16E0F1-E29C-11E2-8094-0021280458E6}",74,74,"Columbia CD",2261472697.5,"Southeast",2261472697.49992,"Southeast",242550.867209,242550.867208701
"662",42,"Whiskey Creek",53,"Peas",1729,384.519226,"Columbia","170701020402",18027.0741978122,"huc12","{3F443389-22B3-40F8-8019-4BB6D2DE1796}",NA,NA,NA,NA,2013-01-17 23:09:29,NA,25225.8,102.09,"WA","S","NM","170701020403",0,0,"{AE16E0F1-E29C-11E2-8094-0021280458E6}",74,74,"Columbia CD",2261472697.5,"Southeast",2261472697.49992,"Southeast",242550.867209,242550.867208701
"663",42,"Whiskey Creek",59,"Sod/Grass Seed",3,0.667182,"Columbia","170701020402",18027.0741978122,"huc12","{3F443389-22B3-40F8-8019-4BB6D2DE1796}",NA,NA,NA,NA,2013-01-17 23:09:29,NA,25225.8,102.09,"WA","S","NM","170701020403",0,0,"{AE16E0F1-E29C-11E2-8094-0021280458E6}",74,74,"Columbia CD",2261472697.5,"Southeast",2261472697.49992,"Southeast",242550.867209,242550.867208701
"664",42,"Whiskey Creek",61,"Fallow/Idle Cropland",4418,982.536692,"Columbia","170701020402",18027.0741978122,"huc12","{3F443389-22B3-40F8-8019-4BB6D2DE1796}",NA,NA,NA,NA,2013-01-17 23:09:29,NA,25225.8,102.09,"WA","S","NM","170701020403",0,0,"{AE16E0F1-E29C-11E2-8094-0021280458E6}",74,74,"Columbia CD",2261472697.5,"Southeast",2261472697.49992,"Southeast",242550.867209,242550.867208701
"665",42,"Whiskey Creek",68,"Apples",10,2.22394,"Columbia","170701020402",18027.0741978122,"huc12","{3F443389-22B3-40F8-8019-4BB6D2DE1796}",NA,NA,NA,NA,2013-01-17 23:09:29,NA,25225.8,102.09,"WA","S","NM","170701020403",0,0,"{AE16E0F1-E29C-11E2-8094-0021280458E6}",74,74,"Columbia CD",2261472697.5,"Southeast",2261472697.49992,"Southeast",242550.867209,242550.867208701
"666",42,"Whiskey Creek",69,"Grapes",22,4.892668,"Columbia","170701020402",18027.0741978122,"huc12","{3F443389-22B3-40F8-8019-4BB6D2DE1796}",NA,NA,NA,NA,2013-01-17 23:09:29,NA,25225.8,102.09,"WA","S","NM","170701020403",0,0,"{AE16E0F1-E29C-11E2-8094-0021280458E6}",74,74,"Columbia CD",2261472697.5,"Southeast",2261472697.49992,"Southeast",242550.867209,242550.867208701
"667",42,"Whiskey Creek",70,"Christmas Trees",6,1.334364,"Columbia","170701020402",18027.0741978122,"huc12","{3F443389-22B3-40F8-8019-4BB6D2DE1796}",NA,NA,NA,NA,2013-01-17 23:09:29,NA,25225.8,102.09,"WA","S","NM","170701020403",0,0,"{AE16E0F1-E29C-11E2-8094-0021280458E6}",74,74,"Columbia CD",2261472697.5,"Southeast",2261472697.49992,"Southeast",242550.867209,242550.867208701
"668",42,"Whiskey Creek",111,"Open Water",5,1.11197,"Columbia","170701020402",18027.0741978122,"huc12","{3F443389-22B3-40F8-8019-4BB6D2DE1796}",NA,NA,NA,NA,2013-01-17 23:09:29,NA,25225.8,102.09,"WA","S","NM","170701020403",0,0,"{AE16E0F1-E29C-11E2-8094-0021280458E6}",74,74,"Columbia CD",2261472697.5,"Southeast",2261472697.49992,"Southeast",242550.867209,242550.867208701
"669",42,"Whiskey Creek",121,"Developed/Open Space",613,136.327522,"Columbia","170701020402",18027.0741978122,"huc12","{3F443389-22B3-40F8-8019-4BB6D2DE1796}",NA,NA,NA,NA,2013-01-17 23:09:29,NA,25225.8,102.09,"WA","S","NM","170701020403",0,0,"{AE16E0F1-E29C-11E2-8094-0021280458E6}",74,74,"Columbia CD",2261472697.5,"Southeast",2261472697.49992,"Southeast",242550.867209,242550.867208701
"670",42,"Whiskey Creek",122,"Developed/Low Intensity",109,24.240946,"Columbia","170701020402",18027.0741978122,"huc12","{3F443389-22B3-40F8-8019-4BB6D2DE1796}",NA,NA,NA,NA,2013-01-17 23:09:29,NA,25225.8,102.09,"WA","S","NM","170701020403",0,0,"{AE16E0F1-E29C-11E2-8094-0021280458E6}",74,74,"Columbia CD",2261472697.5,"Southeast",2261472697.49992,"Southeast",242550.867209,242550.867208701
"671",42,"Whiskey Creek",123,"Developed/Med Intensity",19,4.225486,"Columbia","170701020402",18027.0741978122,"huc12","{3F443389-22B3-40F8-8019-4BB6D2DE1796}",NA,NA,NA,NA,2013-01-17 23:09:29,NA,25225.8,102.09,"WA","S","NM","170701020403",0,0,"{AE16E0F1-E29C-11E2-8094-0021280458E6}",74,74,"Columbia CD",2261472697.5,"Southeast",2261472697.49992,"Southeast",242550.867209,242550.867208701
"672",42,"Whiskey Creek",131,"Barren",6,1.334364,"Columbia","170701020402",18027.0741978122,"huc12","{3F443389-22B3-40F8-8019-4BB6D2DE1796}",NA,NA,NA,NA,2013-01-17 23:09:29,NA,25225.8,102.09,"WA","S","NM","170701020403",0,0,"{AE16E0F1-E29C-11E2-8094-0021280458E6}",74,74,"Columbia CD",2261472697.5,"Southeast",2261472697.49992,"Southeast",242550.867209,242550.867208701
"673",42,"Whiskey Creek",142,"Evergreen Forest",8694,1933.493436,"Columbia","170701020402",18027.0741978122,"huc12","{3F443389-22B3-40F8-8019-4BB6D2DE1796}",NA,NA,NA,NA,2013-01-17 23:09:29,NA,25225.8,102.09,"WA","S","NM","170701020403",0,0,"{AE16E0F1-E29C-11E2-8094-0021280458E6}",74,74,"Columbia CD",2261472697.5,"Southeast",2261472697.49992,"Southeast",242550.867209,242550.867208701
"674",42,"Whiskey Creek",143,"Mixed Forest",6,1.334364,"Columbia","170701020402",18027.0741978122,"huc12","{3F443389-22B3-40F8-8019-4BB6D2DE1796}",NA,NA,NA,NA,2013-01-17 23:09:29,NA,25225.8,102.09,"WA","S","NM","170701020403",0,0,"{AE16E0F1-E29C-11E2-8094-0021280458E6}",74,74,"Columbia CD",2261472697.5,"Southeast",2261472697.49992,"Southeast",242550.867209,242550.867208701
"675",42,"Whiskey Creek",152,"Shrubland",1389,308.905266,"Columbia","170701020402",18027.0741978122,"huc12","{3F443389-22B3-40F8-8019-4BB6D2DE1796}",NA,NA,NA,NA,2013-01-17 23:09:29,NA,25225.8,102.09,"WA","S","NM","170701020403",0,0,"{AE16E0F1-E29C-11E2-8094-0021280458E6}",74,74,"Columbia CD",2261472697.5,"Southeast",2261472697.49992,"Southeast",242550.867209,242550.867208701
"676",42,"Whiskey Creek",176,"Grassland/Pasture",14501,3224.935394,"Columbia","170701020402",18027.0741978122,"huc12","{3F443389-22B3-40F8-8019-4BB6D2DE1796}",NA,NA,NA,NA,2013-01-17 23:09:29,NA,25225.8,102.09,"WA","S","NM","170701020403",0,0,"{AE16E0F1-E29C-11E2-8094-0021280458E6}",74,74,"Columbia CD",2261472697.5,"Southeast",2261472697.49992,"Southeast",242550.867209,242550.867208701
"677",43,"Wilson Creek-Touchet River",21,"Barley",801,178.137594,"Columbia","170701020403",4476.68195682743,"huc12","{3D7FB703-28B9-4AEE-AE48-BEC9BE6E9CBD}",NA,NA,NA,NA,2013-01-17 23:09:29,NA,8897.99,36.01,"WA","S","TF","170701020405",0,0,"{AE16F863-E29C-11E2-8094-0021280458E6}",74,74,"Columbia CD",2261472697.5,"Southeast",2261472697.49992,"Southeast",242550.867209,242550.867208701
"678",43,"Wilson Creek-Touchet River",23,"Spring Wheat",3254,723.670076,"Columbia","170701020403",4476.68195682743,"huc12","{3D7FB703-28B9-4AEE-AE48-BEC9BE6E9CBD}",NA,NA,NA,NA,2013-01-17 23:09:29,NA,8897.99,36.01,"WA","S","TF","170701020405",0,0,"{AE16F863-E29C-11E2-8094-0021280458E6}",74,74,"Columbia CD",2261472697.5,"Southeast",2261472697.49992,"Southeast",242550.867209,242550.867208701
"679",43,"Wilson Creek-Touchet River",24,"Winter Wheat",11712,2604.678528,"Columbia","170701020403",4476.68195682743,"huc12","{3D7FB703-28B9-4AEE-AE48-BEC9BE6E9CBD}",NA,NA,NA,NA,2013-01-17 23:09:29,NA,8897.99,36.01,"WA","S","TF","170701020405",0,0,"{AE16F863-E29C-11E2-8094-0021280458E6}",74,74,"Columbia CD",2261472697.5,"Southeast",2261472697.49992,"Southeast",242550.867209,242550.867208701
"680",43,"Wilson Creek-Touchet River",31,"Canola",3,0.667182,"Columbia","170701020403",4476.68195682743,"huc12","{3D7FB703-28B9-4AEE-AE48-BEC9BE6E9CBD}",NA,NA,NA,NA,2013-01-17 23:09:29,NA,8897.99,36.01,"WA","S","TF","170701020405",0,0,"{AE16F863-E29C-11E2-8094-0021280458E6}",74,74,"Columbia CD",2261472697.5,"Southeast",2261472697.49992,"Southeast",242550.867209,242550.867208701
"681",43,"Wilson Creek-Touchet River",36,"Alfalfa",7,1.556758,"Columbia","170701020403",4476.68195682743,"huc12","{3D7FB703-28B9-4AEE-AE48-BEC9BE6E9CBD}",NA,NA,NA,NA,2013-01-17 23:09:29,NA,8897.99,36.01,"WA","S","TF","170701020405",0,0,"{AE16F863-E29C-11E2-8094-0021280458E6}",74,74,"Columbia CD",2261472697.5,"Southeast",2261472697.49992,"Southeast",242550.867209,242550.867208701
"682",43,"Wilson Creek-Touchet River",37,"Other Hay/Non Alfalfa",1,0.222394,"Columbia","170701020403",4476.68195682743,"huc12","{3D7FB703-28B9-4AEE-AE48-BEC9BE6E9CBD}",NA,NA,NA,NA,2013-01-17 23:09:29,NA,8897.99,36.01,"WA","S","TF","170701020405",0,0,"{AE16F863-E29C-11E2-8094-0021280458E6}",74,74,"Columbia CD",2261472697.5,"Southeast",2261472697.49992,"Southeast",242550.867209,242550.867208701
"683",43,"Wilson Creek-Touchet River",43,"Potatoes",3,0.667182,"Columbia","170701020403",4476.68195682743,"huc12","{3D7FB703-28B9-4AEE-AE48-BEC9BE6E9CBD}",NA,NA,NA,NA,2013-01-17 23:09:29,NA,8897.99,36.01,"WA","S","TF","170701020405",0,0,"{AE16F863-E29C-11E2-8094-0021280458E6}",74,74,"Columbia CD",2261472697.5,"Southeast",2261472697.49992,"Southeast",242550.867209,242550.867208701
"684",43,"Wilson Creek-Touchet River",51,"Chick Peas",2141,476.145554,"Columbia","170701020403",4476.68195682743,"huc12","{3D7FB703-28B9-4AEE-AE48-BEC9BE6E9CBD}",NA,NA,NA,NA,2013-01-17 23:09:29,NA,8897.99,36.01,"WA","S","TF","170701020405",0,0,"{AE16F863-E29C-11E2-8094-0021280458E6}",74,74,"Columbia CD",2261472697.5,"Southeast",2261472697.49992,"Southeast",242550.867209,242550.867208701
"685",43,"Wilson Creek-Touchet River",52,"Lentils",1,0.222394,"Columbia","170701020403",4476.68195682743,"huc12","{3D7FB703-28B9-4AEE-AE48-BEC9BE6E9CBD}",NA,NA,NA,NA,2013-01-17 23:09:29,NA,8897.99,36.01,"WA","S","TF","170701020405",0,0,"{AE16F863-E29C-11E2-8094-0021280458E6}",74,74,"Columbia CD",2261472697.5,"Southeast",2261472697.49992,"Southeast",242550.867209,242550.867208701
"686",43,"Wilson Creek-Touchet River",53,"Peas",750,166.7955,"Columbia","170701020403",4476.68195682743,"huc12","{3D7FB703-28B9-4AEE-AE48-BEC9BE6E9CBD}",NA,NA,NA,NA,2013-01-17 23:09:29,NA,8897.99,36.01,"WA","S","TF","170701020405",0,0,"{AE16F863-E29C-11E2-8094-0021280458E6}",74,74,"Columbia CD",2261472697.5,"Southeast",2261472697.49992,"Southeast",242550.867209,242550.867208701
"687",43,"Wilson Creek-Touchet River",59,"Sod/Grass Seed",9,2.001546,"Columbia","170701020403",4476.68195682743,"huc12","{3D7FB703-28B9-4AEE-AE48-BEC9BE6E9CBD}",NA,NA,NA,NA,2013-01-17 23:09:29,NA,8897.99,36.01,"WA","S","TF","170701020405",0,0,"{AE16F863-E29C-11E2-8094-0021280458E6}",74,74,"Columbia CD",2261472697.5,"Southeast",2261472697.49992,"Southeast",242550.867209,242550.867208701
"688",43,"Wilson Creek-Touchet River",61,"Fallow/Idle Cropland",333,74.057202,"Columbia","170701020403",4476.68195682743,"huc12","{3D7FB703-28B9-4AEE-AE48-BEC9BE6E9CBD}",NA,NA,NA,NA,2013-01-17 23:09:29,NA,8897.99,36.01,"WA","S","TF","170701020405",0,0,"{AE16F863-E29C-11E2-8094-0021280458E6}",74,74,"Columbia CD",2261472697.5,"Southeast",2261472697.49992,"Southeast",242550.867209,242550.867208701
"689",43,"Wilson Creek-Touchet River",68,"Apples",19,4.225486,"Columbia","170701020403",4476.68195682743,"huc12","{3D7FB703-28B9-4AEE-AE48-BEC9BE6E9CBD}",NA,NA,NA,NA,2013-01-17 23:09:29,NA,8897.99,36.01,"WA","S","TF","170701020405",0,0,"{AE16F863-E29C-11E2-8094-0021280458E6}",74,74,"Columbia CD",2261472697.5,"Southeast",2261472697.49992,"Southeast",242550.867209,242550.867208701
"690",43,"Wilson Creek-Touchet River",69,"Grapes",16,3.558304,"Columbia","170701020403",4476.68195682743,"huc12","{3D7FB703-28B9-4AEE-AE48-BEC9BE6E9CBD}",NA,NA,NA,NA,2013-01-17 23:09:29,NA,8897.99,36.01,"WA","S","TF","170701020405",0,0,"{AE16F863-E29C-11E2-8094-0021280458E6}",74,74,"Columbia CD",2261472697.5,"Southeast",2261472697.49992,"Southeast",242550.867209,242550.867208701
"691",43,"Wilson Creek-Touchet River",70,"Christmas Trees",3,0.667182,"Columbia","170701020403",4476.68195682743,"huc12","{3D7FB703-28B9-4AEE-AE48-BEC9BE6E9CBD}",NA,NA,NA,NA,2013-01-17 23:09:29,NA,8897.99,36.01,"WA","S","TF","170701020405",0,0,"{AE16F863-E29C-11E2-8094-0021280458E6}",74,74,"Columbia CD",2261472697.5,"Southeast",2261472697.49992,"Southeast",242550.867209,242550.867208701
"692",43,"Wilson Creek-Touchet River",121,"Developed/Open Space",178,39.586132,"Columbia","170701020403",4476.68195682743,"huc12","{3D7FB703-28B9-4AEE-AE48-BEC9BE6E9CBD}",NA,NA,NA,NA,2013-01-17 23:09:29,NA,8897.99,36.01,"WA","S","TF","170701020405",0,0,"{AE16F863-E29C-11E2-8094-0021280458E6}",74,74,"Columbia CD",2261472697.5,"Southeast",2261472697.49992,"Southeast",242550.867209,242550.867208701
"693",43,"Wilson Creek-Touchet River",122,"Developed/Low Intensity",37,8.228578,"Columbia","170701020403",4476.68195682743,"huc12","{3D7FB703-28B9-4AEE-AE48-BEC9BE6E9CBD}",NA,NA,NA,NA,2013-01-17 23:09:29,NA,8897.99,36.01,"WA","S","TF","170701020405",0,0,"{AE16F863-E29C-11E2-8094-0021280458E6}",74,74,"Columbia CD",2261472697.5,"Southeast",2261472697.49992,"Southeast",242550.867209,242550.867208701
"694",43,"Wilson Creek-Touchet River",123,"Developed/Med Intensity",1,0.222394,"Columbia","170701020403",4476.68195682743,"huc12","{3D7FB703-28B9-4AEE-AE48-BEC9BE6E9CBD}",NA,NA,NA,NA,2013-01-17 23:09:29,NA,8897.99,36.01,"WA","S","TF","170701020405",0,0,"{AE16F863-E29C-11E2-8094-0021280458E6}",74,74,"Columbia CD",2261472697.5,"Southeast",2261472697.49992,"Southeast",242550.867209,242550.867208701
"695",43,"Wilson Creek-Touchet River",142,"Evergreen Forest",68,15.122792,"Columbia","170701020403",4476.68195682743,"huc12","{3D7FB703-28B9-4AEE-AE48-BEC9BE6E9CBD}",NA,NA,NA,NA,2013-01-17 23:09:29,NA,8897.99,36.01,"WA","S","TF","170701020405",0,0,"{AE16F863-E29C-11E2-8094-0021280458E6}",74,74,"Columbia CD",2261472697.5,"Southeast",2261472697.49992,"Southeast",242550.867209,242550.867208701
"696",43,"Wilson Creek-Touchet River",143,"Mixed Forest",4,0.889576,"Columbia","170701020403",4476.68195682743,"huc12","{3D7FB703-28B9-4AEE-AE48-BEC9BE6E9CBD}",NA,NA,NA,NA,2013-01-17 23:09:29,NA,8897.99,36.01,"WA","S","TF","170701020405",0,0,"{AE16F863-E29C-11E2-8094-0021280458E6}",74,74,"Columbia CD",2261472697.5,"Southeast",2261472697.49992,"Southeast",242550.867209,242550.867208701
"697",43,"Wilson Creek-Touchet River",152,"Shrubland",22,4.892668,"Columbia","170701020403",4476.68195682743,"huc12","{3D7FB703-28B9-4AEE-AE48-BEC9BE6E9CBD}",NA,NA,NA,NA,2013-01-17 23:09:29,NA,8897.99,36.01,"WA","S","TF","170701020405",0,0,"{AE16F863-E29C-11E2-8094-0021280458E6}",74,74,"Columbia CD",2261472697.5,"Southeast",2261472697.49992,"Southeast",242550.867209,242550.867208701
"698",43,"Wilson Creek-Touchet River",176,"Grassland/Pasture",753,167.462682,"Columbia","170701020403",4476.68195682743,"huc12","{3D7FB703-28B9-4AEE-AE48-BEC9BE6E9CBD}",NA,NA,NA,NA,2013-01-17 23:09:29,NA,8897.99,36.01,"WA","S","TF","170701020405",0,0,"{AE16F863-E29C-11E2-8094-0021280458E6}",74,74,"Columbia CD",2261472697.5,"Southeast",2261472697.49992,"Southeast",242550.867209,242550.867208701
"699",43,"Wilson Creek-Touchet River",190,"Woody Wetlands",5,1.11197,"Columbia","170701020403",4476.68195682743,"huc12","{3D7FB703-28B9-4AEE-AE48-BEC9BE6E9CBD}",NA,NA,NA,NA,2013-01-17 23:09:29,NA,8897.99,36.01,"WA","S","TF","170701020405",0,0,"{AE16F863-E29C-11E2-8094-0021280458E6}",74,74,"Columbia CD",2261472697.5,"Southeast",2261472697.49992,"Southeast",242550.867209,242550.867208701
"700",44,"Coppei Creek",23,"Spring Wheat",6,1.334364,"Columbia","170701020404",629.496840684014,"huc12","{D419A186-55AB-4795-B32A-5CB7C1A11B5C}",NA,NA,NA,NA,2013-01-17 23:09:29,NA,23322.92,94.38,"WA","S","GC","170701020405",0,0,"{AE171763-E29C-11E2-8094-0021280458E6}",74,74,"Columbia CD",2261472697.5,"Southeast",2261472697.49992,"Southeast",242550.867209,242550.867208701
"701",44,"Coppei Creek",24,"Winter Wheat",321,71.388474,"Columbia","170701020404",629.496840684014,"huc12","{D419A186-55AB-4795-B32A-5CB7C1A11B5C}",NA,NA,NA,NA,2013-01-17 23:09:29,NA,23322.92,94.38,"WA","S","GC","170701020405",0,0,"{AE171763-E29C-11E2-8094-0021280458E6}",74,74,"Columbia CD",2261472697.5,"Southeast",2261472697.49992,"Southeast",242550.867209,242550.867208701
"702",44,"Coppei Creek",51,"Chick Peas",243,54.041742,"Columbia","170701020404",629.496840684014,"huc12","{D419A186-55AB-4795-B32A-5CB7C1A11B5C}",NA,NA,NA,NA,2013-01-17 23:09:29,NA,23322.92,94.38,"WA","S","GC","170701020405",0,0,"{AE171763-E29C-11E2-8094-0021280458E6}",74,74,"Columbia CD",2261472697.5,"Southeast",2261472697.49992,"Southeast",242550.867209,242550.867208701
"703",44,"Coppei Creek",52,"Lentils",1,0.222394,"Columbia","170701020404",629.496840684014,"huc12","{D419A186-55AB-4795-B32A-5CB7C1A11B5C}",NA,NA,NA,NA,2013-01-17 23:09:29,NA,23322.92,94.38,"WA","S","GC","170701020405",0,0,"{AE171763-E29C-11E2-8094-0021280458E6}",74,74,"Columbia CD",2261472697.5,"Southeast",2261472697.49992,"Southeast",242550.867209,242550.867208701
"704",44,"Coppei Creek",121,"Developed/Open Space",5,1.11197,"Columbia","170701020404",629.496840684014,"huc12","{D419A186-55AB-4795-B32A-5CB7C1A11B5C}",NA,NA,NA,NA,2013-01-17 23:09:29,NA,23322.92,94.38,"WA","S","GC","170701020405",0,0,"{AE171763-E29C-11E2-8094-0021280458E6}",74,74,"Columbia CD",2261472697.5,"Southeast",2261472697.49992,"Southeast",242550.867209,242550.867208701
"705",44,"Coppei Creek",142,"Evergreen Forest",1878,417.655932,"Columbia","170701020404",629.496840684014,"huc12","{D419A186-55AB-4795-B32A-5CB7C1A11B5C}",NA,NA,NA,NA,2013-01-17 23:09:29,NA,23322.92,94.38,"WA","S","GC","170701020405",0,0,"{AE171763-E29C-11E2-8094-0021280458E6}",74,74,"Columbia CD",2261472697.5,"Southeast",2261472697.49992,"Southeast",242550.867209,242550.867208701
"706",44,"Coppei Creek",152,"Shrubland",355,78.94987,"Columbia","170701020404",629.496840684014,"huc12","{D419A186-55AB-4795-B32A-5CB7C1A11B5C}",NA,NA,NA,NA,2013-01-17 23:09:29,NA,23322.92,94.38,"WA","S","GC","170701020405",0,0,"{AE171763-E29C-11E2-8094-0021280458E6}",74,74,"Columbia CD",2261472697.5,"Southeast",2261472697.49992,"Southeast",242550.867209,242550.867208701
"707",44,"Coppei Creek",176,"Grassland/Pasture",15,3.33591,"Columbia","170701020404",629.496840684014,"huc12","{D419A186-55AB-4795-B32A-5CB7C1A11B5C}",NA,NA,NA,NA,2013-01-17 23:09:29,NA,23322.92,94.38,"WA","S","GC","170701020405",0,0,"{AE171763-E29C-11E2-8094-0021280458E6}",74,74,"Columbia CD",2261472697.5,"Southeast",2261472697.49992,"Southeast",242550.867209,242550.867208701
"708",45,"Town of Prescott-Touchet River",23,"Spring Wheat",239,53.152166,"Columbia","170701020405",478.571367607031,"huc12","{3256ED01-E0BB-4978-8ADF-9163880C2CD5}",NA,NA,NA,NA,2013-01-17 23:09:29,NA,16924.22,68.49,"WA","S","NM","170701021001",0,0,"{AE172EEB-E29C-11E2-8094-0021280458E6}",74,74,"Columbia CD",2261472697.5,"Southeast",2261472697.49992,"Southeast",242550.867209,242550.867208701
"709",45,"Town of Prescott-Touchet River",24,"Winter Wheat",637,141.664978,"Columbia","170701020405",478.571367607031,"huc12","{3256ED01-E0BB-4978-8ADF-9163880C2CD5}",NA,NA,NA,NA,2013-01-17 23:09:29,NA,16924.22,68.49,"WA","S","NM","170701021001",0,0,"{AE172EEB-E29C-11E2-8094-0021280458E6}",74,74,"Columbia CD",2261472697.5,"Southeast",2261472697.49992,"Southeast",242550.867209,242550.867208701
"710",45,"Town of Prescott-Touchet River",61,"Fallow/Idle Cropland",1266,281.550804,"Columbia","170701020405",478.571367607031,"huc12","{3256ED01-E0BB-4978-8ADF-9163880C2CD5}",NA,NA,NA,NA,2013-01-17 23:09:29,NA,16924.22,68.49,"WA","S","NM","170701021001",0,0,"{AE172EEB-E29C-11E2-8094-0021280458E6}",74,74,"Columbia CD",2261472697.5,"Southeast",2261472697.49992,"Southeast",242550.867209,242550.867208701
"711",45,"Town of Prescott-Touchet River",152,"Shrubland",4,0.889576,"Columbia","170701020405",478.571367607031,"huc12","{3256ED01-E0BB-4978-8ADF-9163880C2CD5}",NA,NA,NA,NA,2013-01-17 23:09:29,NA,16924.22,68.49,"WA","S","NM","170701021001",0,0,"{AE172EEB-E29C-11E2-8094-0021280458E6}",74,74,"Columbia CD",2261472697.5,"Southeast",2261472697.49992,"Southeast",242550.867209,242550.867208701
"712",45,"Town of Prescott-Touchet River",176,"Grassland/Pasture",8,1.779152,"Columbia","170701020405",478.571367607031,"huc12","{3256ED01-E0BB-4978-8ADF-9163880C2CD5}",NA,NA,NA,NA,2013-01-17 23:09:29,NA,16924.22,68.49,"WA","S","NM","170701021001",0,0,"{AE172EEB-E29C-11E2-8094-0021280458E6}",74,74,"Columbia CD",2261472697.5,"Southeast",2261472697.49992,"Southeast",242550.867209,242550.867208701
"713",46,"Upper Whetstone Hollow",1,"Corn",71,15.789974,"Columbia","170701020501",28609.7359540387,"huc12","{95A83BE5-B374-46D4-A018-7A3C33BDEE75}",NA,NA,NA,NA,2013-01-17 23:09:29,NA,28809.48,116.59,"WA","S","NM","170701020504",0,0,"{AE174DD3-E29C-11E2-8094-0021280458E6}",74,74,"Columbia CD",2261472697.5,"Southeast",2261472697.49992,"Southeast",242550.867209,242550.867208701
"714",46,"Upper Whetstone Hollow",5,"Soybeans",5,1.11197,"Columbia","170701020501",28609.7359540387,"huc12","{95A83BE5-B374-46D4-A018-7A3C33BDEE75}",NA,NA,NA,NA,2013-01-17 23:09:29,NA,28809.48,116.59,"WA","S","NM","170701020504",0,0,"{AE174DD3-E29C-11E2-8094-0021280458E6}",74,74,"Columbia CD",2261472697.5,"Southeast",2261472697.49992,"Southeast",242550.867209,242550.867208701
"715",46,"Upper Whetstone Hollow",21,"Barley",4111,914.261734,"Columbia","170701020501",28609.7359540387,"huc12","{95A83BE5-B374-46D4-A018-7A3C33BDEE75}",NA,NA,NA,NA,2013-01-17 23:09:29,NA,28809.48,116.59,"WA","S","NM","170701020504",0,0,"{AE174DD3-E29C-11E2-8094-0021280458E6}",74,74,"Columbia CD",2261472697.5,"Southeast",2261472697.49992,"Southeast",242550.867209,242550.867208701
"716",46,"Upper Whetstone Hollow",23,"Spring Wheat",31233,6946.031802,"Columbia","170701020501",28609.7359540387,"huc12","{95A83BE5-B374-46D4-A018-7A3C33BDEE75}",NA,NA,NA,NA,2013-01-17 23:09:29,NA,28809.48,116.59,"WA","S","NM","170701020504",0,0,"{AE174DD3-E29C-11E2-8094-0021280458E6}",74,74,"Columbia CD",2261472697.5,"Southeast",2261472697.49992,"Southeast",242550.867209,242550.867208701
"717",46,"Upper Whetstone Hollow",24,"Winter Wheat",47114,10477.870916,"Columbia","170701020501",28609.7359540387,"huc12","{95A83BE5-B374-46D4-A018-7A3C33BDEE75}",NA,NA,NA,NA,2013-01-17 23:09:29,NA,28809.48,116.59,"WA","S","NM","170701020504",0,0,"{AE174DD3-E29C-11E2-8094-0021280458E6}",74,74,"Columbia CD",2261472697.5,"Southeast",2261472697.49992,"Southeast",242550.867209,242550.867208701
"718",46,"Upper Whetstone Hollow",28,"Oats",1,0.222394,"Columbia","170701020501",28609.7359540387,"huc12","{95A83BE5-B374-46D4-A018-7A3C33BDEE75}",NA,NA,NA,NA,2013-01-17 23:09:29,NA,28809.48,116.59,"WA","S","NM","170701020504",0,0,"{AE174DD3-E29C-11E2-8094-0021280458E6}",74,74,"Columbia CD",2261472697.5,"Southeast",2261472697.49992,"Southeast",242550.867209,242550.867208701
"719",46,"Upper Whetstone Hollow",31,"Canola",6829,1518.728626,"Columbia","170701020501",28609.7359540387,"huc12","{95A83BE5-B374-46D4-A018-7A3C33BDEE75}",NA,NA,NA,NA,2013-01-17 23:09:29,NA,28809.48,116.59,"WA","S","NM","170701020504",0,0,"{AE174DD3-E29C-11E2-8094-0021280458E6}",74,74,"Columbia CD",2261472697.5,"Southeast",2261472697.49992,"Southeast",242550.867209,242550.867208701
"720",46,"Upper Whetstone Hollow",36,"Alfalfa",487,108.305878,"Columbia","170701020501",28609.7359540387,"huc12","{95A83BE5-B374-46D4-A018-7A3C33BDEE75}",NA,NA,NA,NA,2013-01-17 23:09:29,NA,28809.48,116.59,"WA","S","NM","170701020504",0,0,"{AE174DD3-E29C-11E2-8094-0021280458E6}",74,74,"Columbia CD",2261472697.5,"Southeast",2261472697.49992,"Southeast",242550.867209,242550.867208701
"721",46,"Upper Whetstone Hollow",37,"Other Hay/Non Alfalfa",10,2.22394,"Columbia","170701020501",28609.7359540387,"huc12","{95A83BE5-B374-46D4-A018-7A3C33BDEE75}",NA,NA,NA,NA,2013-01-17 23:09:29,NA,28809.48,116.59,"WA","S","NM","170701020504",0,0,"{AE174DD3-E29C-11E2-8094-0021280458E6}",74,74,"Columbia CD",2261472697.5,"Southeast",2261472697.49992,"Southeast",242550.867209,242550.867208701
"722",46,"Upper Whetstone Hollow",43,"Potatoes",6,1.334364,"Columbia","170701020501",28609.7359540387,"huc12","{95A83BE5-B374-46D4-A018-7A3C33BDEE75}",NA,NA,NA,NA,2013-01-17 23:09:29,NA,28809.48,116.59,"WA","S","NM","170701020504",0,0,"{AE174DD3-E29C-11E2-8094-0021280458E6}",74,74,"Columbia CD",2261472697.5,"Southeast",2261472697.49992,"Southeast",242550.867209,242550.867208701
"723",46,"Upper Whetstone Hollow",51,"Chick Peas",3244,721.446136,"Columbia","170701020501",28609.7359540387,"huc12","{95A83BE5-B374-46D4-A018-7A3C33BDEE75}",NA,NA,NA,NA,2013-01-17 23:09:29,NA,28809.48,116.59,"WA","S","NM","170701020504",0,0,"{AE174DD3-E29C-11E2-8094-0021280458E6}",74,74,"Columbia CD",2261472697.5,"Southeast",2261472697.49992,"Southeast",242550.867209,242550.867208701
"724",46,"Upper Whetstone Hollow",52,"Lentils",16,3.558304,"Columbia","170701020501",28609.7359540387,"huc12","{95A83BE5-B374-46D4-A018-7A3C33BDEE75}",NA,NA,NA,NA,2013-01-17 23:09:29,NA,28809.48,116.59,"WA","S","NM","170701020504",0,0,"{AE174DD3-E29C-11E2-8094-0021280458E6}",74,74,"Columbia CD",2261472697.5,"Southeast",2261472697.49992,"Southeast",242550.867209,242550.867208701
"725",46,"Upper Whetstone Hollow",53,"Peas",17594,3912.800036,"Columbia","170701020501",28609.7359540387,"huc12","{95A83BE5-B374-46D4-A018-7A3C33BDEE75}",NA,NA,NA,NA,2013-01-17 23:09:29,NA,28809.48,116.59,"WA","S","NM","170701020504",0,0,"{AE174DD3-E29C-11E2-8094-0021280458E6}",74,74,"Columbia CD",2261472697.5,"Southeast",2261472697.49992,"Southeast",242550.867209,242550.867208701
"726",46,"Upper Whetstone Hollow",59,"Sod/Grass Seed",1,0.222394,"Columbia","170701020501",28609.7359540387,"huc12","{95A83BE5-B374-46D4-A018-7A3C33BDEE75}",NA,NA,NA,NA,2013-01-17 23:09:29,NA,28809.48,116.59,"WA","S","NM","170701020504",0,0,"{AE174DD3-E29C-11E2-8094-0021280458E6}",74,74,"Columbia CD",2261472697.5,"Southeast",2261472697.49992,"Southeast",242550.867209,242550.867208701
"727",46,"Upper Whetstone Hollow",61,"Fallow/Idle Cropland",4265,948.51041,"Columbia","170701020501",28609.7359540387,"huc12","{95A83BE5-B374-46D4-A018-7A3C33BDEE75}",NA,NA,NA,NA,2013-01-17 23:09:29,NA,28809.48,116.59,"WA","S","NM","170701020504",0,0,"{AE174DD3-E29C-11E2-8094-0021280458E6}",74,74,"Columbia CD",2261472697.5,"Southeast",2261472697.49992,"Southeast",242550.867209,242550.867208701
"728",46,"Upper Whetstone Hollow",67,"Peaches",1,0.222394,"Columbia","170701020501",28609.7359540387,"huc12","{95A83BE5-B374-46D4-A018-7A3C33BDEE75}",NA,NA,NA,NA,2013-01-17 23:09:29,NA,28809.48,116.59,"WA","S","NM","170701020504",0,0,"{AE174DD3-E29C-11E2-8094-0021280458E6}",74,74,"Columbia CD",2261472697.5,"Southeast",2261472697.49992,"Southeast",242550.867209,242550.867208701
"729",46,"Upper Whetstone Hollow",68,"Apples",51,11.342094,"Columbia","170701020501",28609.7359540387,"huc12","{95A83BE5-B374-46D4-A018-7A3C33BDEE75}",NA,NA,NA,NA,2013-01-17 23:09:29,NA,28809.48,116.59,"WA","S","NM","170701020504",0,0,"{AE174DD3-E29C-11E2-8094-0021280458E6}",74,74,"Columbia CD",2261472697.5,"Southeast",2261472697.49992,"Southeast",242550.867209,242550.867208701
"730",46,"Upper Whetstone Hollow",69,"Grapes",31,6.894214,"Columbia","170701020501",28609.7359540387,"huc12","{95A83BE5-B374-46D4-A018-7A3C33BDEE75}",NA,NA,NA,NA,2013-01-17 23:09:29,NA,28809.48,116.59,"WA","S","NM","170701020504",0,0,"{AE174DD3-E29C-11E2-8094-0021280458E6}",74,74,"Columbia CD",2261472697.5,"Southeast",2261472697.49992,"Southeast",242550.867209,242550.867208701
"731",46,"Upper Whetstone Hollow",70,"Christmas Trees",5,1.11197,"Columbia","170701020501",28609.7359540387,"huc12","{95A83BE5-B374-46D4-A018-7A3C33BDEE75}",NA,NA,NA,NA,2013-01-17 23:09:29,NA,28809.48,116.59,"WA","S","NM","170701020504",0,0,"{AE174DD3-E29C-11E2-8094-0021280458E6}",74,74,"Columbia CD",2261472697.5,"Southeast",2261472697.49992,"Southeast",242550.867209,242550.867208701
"732",46,"Upper Whetstone Hollow",121,"Developed/Open Space",1186,263.759284,"Columbia","170701020501",28609.7359540387,"huc12","{95A83BE5-B374-46D4-A018-7A3C33BDEE75}",NA,NA,NA,NA,2013-01-17 23:09:29,NA,28809.48,116.59,"WA","S","NM","170701020504",0,0,"{AE174DD3-E29C-11E2-8094-0021280458E6}",74,74,"Columbia CD",2261472697.5,"Southeast",2261472697.49992,"Southeast",242550.867209,242550.867208701
"733",46,"Upper Whetstone Hollow",122,"Developed/Low Intensity",419,93.183086,"Columbia","170701020501",28609.7359540387,"huc12","{95A83BE5-B374-46D4-A018-7A3C33BDEE75}",NA,NA,NA,NA,2013-01-17 23:09:29,NA,28809.48,116.59,"WA","S","NM","170701020504",0,0,"{AE174DD3-E29C-11E2-8094-0021280458E6}",74,74,"Columbia CD",2261472697.5,"Southeast",2261472697.49992,"Southeast",242550.867209,242550.867208701
"734",46,"Upper Whetstone Hollow",123,"Developed/Med Intensity",38,8.450972,"Columbia","170701020501",28609.7359540387,"huc12","{95A83BE5-B374-46D4-A018-7A3C33BDEE75}",NA,NA,NA,NA,2013-01-17 23:09:29,NA,28809.48,116.59,"WA","S","NM","170701020504",0,0,"{AE174DD3-E29C-11E2-8094-0021280458E6}",74,74,"Columbia CD",2261472697.5,"Southeast",2261472697.49992,"Southeast",242550.867209,242550.867208701
"735",46,"Upper Whetstone Hollow",124,"Developed/High Intensity",16,3.558304,"Columbia","170701020501",28609.7359540387,"huc12","{95A83BE5-B374-46D4-A018-7A3C33BDEE75}",NA,NA,NA,NA,2013-01-17 23:09:29,NA,28809.48,116.59,"WA","S","NM","170701020504",0,0,"{AE174DD3-E29C-11E2-8094-0021280458E6}",74,74,"Columbia CD",2261472697.5,"Southeast",2261472697.49992,"Southeast",242550.867209,242550.867208701
"736",46,"Upper Whetstone Hollow",131,"Barren",1,0.222394,"Columbia","170701020501",28609.7359540387,"huc12","{95A83BE5-B374-46D4-A018-7A3C33BDEE75}",NA,NA,NA,NA,2013-01-17 23:09:29,NA,28809.48,116.59,"WA","S","NM","170701020504",0,0,"{AE174DD3-E29C-11E2-8094-0021280458E6}",74,74,"Columbia CD",2261472697.5,"Southeast",2261472697.49992,"Southeast",242550.867209,242550.867208701
"737",46,"Upper Whetstone Hollow",142,"Evergreen Forest",754,167.685076,"Columbia","170701020501",28609.7359540387,"huc12","{95A83BE5-B374-46D4-A018-7A3C33BDEE75}",NA,NA,NA,NA,2013-01-17 23:09:29,NA,28809.48,116.59,"WA","S","NM","170701020504",0,0,"{AE174DD3-E29C-11E2-8094-0021280458E6}",74,74,"Columbia CD",2261472697.5,"Southeast",2261472697.49992,"Southeast",242550.867209,242550.867208701
"738",46,"Upper Whetstone Hollow",152,"Shrubland",410,91.18154,"Columbia","170701020501",28609.7359540387,"huc12","{95A83BE5-B374-46D4-A018-7A3C33BDEE75}",NA,NA,NA,NA,2013-01-17 23:09:29,NA,28809.48,116.59,"WA","S","NM","170701020504",0,0,"{AE174DD3-E29C-11E2-8094-0021280458E6}",74,74,"Columbia CD",2261472697.5,"Southeast",2261472697.49992,"Southeast",242550.867209,242550.867208701
"739",46,"Upper Whetstone Hollow",176,"Grassland/Pasture",10753,2391.402682,"Columbia","170701020501",28609.7359540387,"huc12","{95A83BE5-B374-46D4-A018-7A3C33BDEE75}",NA,NA,NA,NA,2013-01-17 23:09:29,NA,28809.48,116.59,"WA","S","NM","170701020504",0,0,"{AE174DD3-E29C-11E2-8094-0021280458E6}",74,74,"Columbia CD",2261472697.5,"Southeast",2261472697.49992,"Southeast",242550.867209,242550.867208701
"740",46,"Upper Whetstone Hollow",190,"Woody Wetlands",5,1.11197,"Columbia","170701020501",28609.7359540387,"huc12","{95A83BE5-B374-46D4-A018-7A3C33BDEE75}",NA,NA,NA,NA,2013-01-17 23:09:29,NA,28809.48,116.59,"WA","S","NM","170701020504",0,0,"{AE174DD3-E29C-11E2-8094-0021280458E6}",74,74,"Columbia CD",2261472697.5,"Southeast",2261472697.49992,"Southeast",242550.867209,242550.867208701
"741",46,"Upper Whetstone Hollow",195,"Herbaceous Wetlands",1,0.222394,"Columbia","170701020501",28609.7359540387,"huc12","{95A83BE5-B374-46D4-A018-7A3C33BDEE75}",NA,NA,NA,NA,2013-01-17 23:09:29,NA,28809.48,116.59,"WA","S","NM","170701020504",0,0,"{AE174DD3-E29C-11E2-8094-0021280458E6}",74,74,"Columbia CD",2261472697.5,"Southeast",2261472697.49992,"Southeast",242550.867209,242550.867208701
"742",47,"McKay Creek",1,"Corn",21,4.670274,"Columbia","170701020502",10922.9538508528,"huc12","{985BD772-9E39-4A24-A843-C5F4CB4F7CD0}",NA,NA,NA,NA,2013-01-17 23:09:29,NA,10923.02,44.2,"WA","S","NM","170701020504",0,0,"{AE176540-E29C-11E2-8094-0021280458E6}",74,74,"Columbia CD",2261472697.5,"Southeast",2261472697.49992,"Southeast",242550.867209,242550.867208701
"743",47,"McKay Creek",21,"Barley",11,2.446334,"Columbia","170701020502",10922.9538508528,"huc12","{985BD772-9E39-4A24-A843-C5F4CB4F7CD0}",NA,NA,NA,NA,2013-01-17 23:09:29,NA,10923.02,44.2,"WA","S","NM","170701020504",0,0,"{AE176540-E29C-11E2-8094-0021280458E6}",74,74,"Columbia CD",2261472697.5,"Southeast",2261472697.49992,"Southeast",242550.867209,242550.867208701
"744",47,"McKay Creek",23,"Spring Wheat",5739,1276.319166,"Columbia","170701020502",10922.9538508528,"huc12","{985BD772-9E39-4A24-A843-C5F4CB4F7CD0}",NA,NA,NA,NA,2013-01-17 23:09:29,NA,10923.02,44.2,"WA","S","NM","170701020504",0,0,"{AE176540-E29C-11E2-8094-0021280458E6}",74,74,"Columbia CD",2261472697.5,"Southeast",2261472697.49992,"Southeast",242550.867209,242550.867208701
"745",47,"McKay Creek",24,"Winter Wheat",23574,5242.716156,"Columbia","170701020502",10922.9538508528,"huc12","{985BD772-9E39-4A24-A843-C5F4CB4F7CD0}",NA,NA,NA,NA,2013-01-17 23:09:29,NA,10923.02,44.2,"WA","S","NM","170701020504",0,0,"{AE176540-E29C-11E2-8094-0021280458E6}",74,74,"Columbia CD",2261472697.5,"Southeast",2261472697.49992,"Southeast",242550.867209,242550.867208701
"746",47,"McKay Creek",31,"Canola",38,8.450972,"Columbia","170701020502",10922.9538508528,"huc12","{985BD772-9E39-4A24-A843-C5F4CB4F7CD0}",NA,NA,NA,NA,2013-01-17 23:09:29,NA,10923.02,44.2,"WA","S","NM","170701020504",0,0,"{AE176540-E29C-11E2-8094-0021280458E6}",74,74,"Columbia CD",2261472697.5,"Southeast",2261472697.49992,"Southeast",242550.867209,242550.867208701
"747",47,"McKay Creek",35,"Mustard",17,3.780698,"Columbia","170701020502",10922.9538508528,"huc12","{985BD772-9E39-4A24-A843-C5F4CB4F7CD0}",NA,NA,NA,NA,2013-01-17 23:09:29,NA,10923.02,44.2,"WA","S","NM","170701020504",0,0,"{AE176540-E29C-11E2-8094-0021280458E6}",74,74,"Columbia CD",2261472697.5,"Southeast",2261472697.49992,"Southeast",242550.867209,242550.867208701
"748",47,"McKay Creek",38,"Camelina",1,0.222394,"Columbia","170701020502",10922.9538508528,"huc12","{985BD772-9E39-4A24-A843-C5F4CB4F7CD0}",NA,NA,NA,NA,2013-01-17 23:09:29,NA,10923.02,44.2,"WA","S","NM","170701020504",0,0,"{AE176540-E29C-11E2-8094-0021280458E6}",74,74,"Columbia CD",2261472697.5,"Southeast",2261472697.49992,"Southeast",242550.867209,242550.867208701
"749",47,"McKay Creek",51,"Chick Peas",713,158.566922,"Columbia","170701020502",10922.9538508528,"huc12","{985BD772-9E39-4A24-A843-C5F4CB4F7CD0}",NA,NA,NA,NA,2013-01-17 23:09:29,NA,10923.02,44.2,"WA","S","NM","170701020504",0,0,"{AE176540-E29C-11E2-8094-0021280458E6}",74,74,"Columbia CD",2261472697.5,"Southeast",2261472697.49992,"Southeast",242550.867209,242550.867208701
"750",47,"McKay Creek",53,"Peas",4716,1048.810104,"Columbia","170701020502",10922.9538508528,"huc12","{985BD772-9E39-4A24-A843-C5F4CB4F7CD0}",NA,NA,NA,NA,2013-01-17 23:09:29,NA,10923.02,44.2,"WA","S","NM","170701020504",0,0,"{AE176540-E29C-11E2-8094-0021280458E6}",74,74,"Columbia CD",2261472697.5,"Southeast",2261472697.49992,"Southeast",242550.867209,242550.867208701
"751",47,"McKay Creek",59,"Sod/Grass Seed",6,1.334364,"Columbia","170701020502",10922.9538508528,"huc12","{985BD772-9E39-4A24-A843-C5F4CB4F7CD0}",NA,NA,NA,NA,2013-01-17 23:09:29,NA,10923.02,44.2,"WA","S","NM","170701020504",0,0,"{AE176540-E29C-11E2-8094-0021280458E6}",74,74,"Columbia CD",2261472697.5,"Southeast",2261472697.49992,"Southeast",242550.867209,242550.867208701
"752",47,"McKay Creek",61,"Fallow/Idle Cropland",7763,1726.444622,"Columbia","170701020502",10922.9538508528,"huc12","{985BD772-9E39-4A24-A843-C5F4CB4F7CD0}",NA,NA,NA,NA,2013-01-17 23:09:29,NA,10923.02,44.2,"WA","S","NM","170701020504",0,0,"{AE176540-E29C-11E2-8094-0021280458E6}",74,74,"Columbia CD",2261472697.5,"Southeast",2261472697.49992,"Southeast",242550.867209,242550.867208701
"753",47,"McKay Creek",66,"Cherries",2,0.444788,"Columbia","170701020502",10922.9538508528,"huc12","{985BD772-9E39-4A24-A843-C5F4CB4F7CD0}",NA,NA,NA,NA,2013-01-17 23:09:29,NA,10923.02,44.2,"WA","S","NM","170701020504",0,0,"{AE176540-E29C-11E2-8094-0021280458E6}",74,74,"Columbia CD",2261472697.5,"Southeast",2261472697.49992,"Southeast",242550.867209,242550.867208701
"754",47,"McKay Creek",67,"Peaches",8,1.779152,"Columbia","170701020502",10922.9538508528,"huc12","{985BD772-9E39-4A24-A843-C5F4CB4F7CD0}",NA,NA,NA,NA,2013-01-17 23:09:29,NA,10923.02,44.2,"WA","S","NM","170701020504",0,0,"{AE176540-E29C-11E2-8094-0021280458E6}",74,74,"Columbia CD",2261472697.5,"Southeast",2261472697.49992,"Southeast",242550.867209,242550.867208701
"755",47,"McKay Creek",68,"Apples",20,4.44788,"Columbia","170701020502",10922.9538508528,"huc12","{985BD772-9E39-4A24-A843-C5F4CB4F7CD0}",NA,NA,NA,NA,2013-01-17 23:09:29,NA,10923.02,44.2,"WA","S","NM","170701020504",0,0,"{AE176540-E29C-11E2-8094-0021280458E6}",74,74,"Columbia CD",2261472697.5,"Southeast",2261472697.49992,"Southeast",242550.867209,242550.867208701
"756",47,"McKay Creek",69,"Grapes",23,5.115062,"Columbia","170701020502",10922.9538508528,"huc12","{985BD772-9E39-4A24-A843-C5F4CB4F7CD0}",NA,NA,NA,NA,2013-01-17 23:09:29,NA,10923.02,44.2,"WA","S","NM","170701020504",0,0,"{AE176540-E29C-11E2-8094-0021280458E6}",74,74,"Columbia CD",2261472697.5,"Southeast",2261472697.49992,"Southeast",242550.867209,242550.867208701
"757",47,"McKay Creek",70,"Christmas Trees",4,0.889576,"Columbia","170701020502",10922.9538508528,"huc12","{985BD772-9E39-4A24-A843-C5F4CB4F7CD0}",NA,NA,NA,NA,2013-01-17 23:09:29,NA,10923.02,44.2,"WA","S","NM","170701020504",0,0,"{AE176540-E29C-11E2-8094-0021280458E6}",74,74,"Columbia CD",2261472697.5,"Southeast",2261472697.49992,"Southeast",242550.867209,242550.867208701
"758",47,"McKay Creek",121,"Developed/Open Space",282,62.715108,"Columbia","170701020502",10922.9538508528,"huc12","{985BD772-9E39-4A24-A843-C5F4CB4F7CD0}",NA,NA,NA,NA,2013-01-17 23:09:29,NA,10923.02,44.2,"WA","S","NM","170701020504",0,0,"{AE176540-E29C-11E2-8094-0021280458E6}",74,74,"Columbia CD",2261472697.5,"Southeast",2261472697.49992,"Southeast",242550.867209,242550.867208701
"759",47,"McKay Creek",122,"Developed/Low Intensity",240,53.37456,"Columbia","170701020502",10922.9538508528,"huc12","{985BD772-9E39-4A24-A843-C5F4CB4F7CD0}",NA,NA,NA,NA,2013-01-17 23:09:29,NA,10923.02,44.2,"WA","S","NM","170701020504",0,0,"{AE176540-E29C-11E2-8094-0021280458E6}",74,74,"Columbia CD",2261472697.5,"Southeast",2261472697.49992,"Southeast",242550.867209,242550.867208701
"760",47,"McKay Creek",123,"Developed/Med Intensity",12,2.668728,"Columbia","170701020502",10922.9538508528,"huc12","{985BD772-9E39-4A24-A843-C5F4CB4F7CD0}",NA,NA,NA,NA,2013-01-17 23:09:29,NA,10923.02,44.2,"WA","S","NM","170701020504",0,0,"{AE176540-E29C-11E2-8094-0021280458E6}",74,74,"Columbia CD",2261472697.5,"Southeast",2261472697.49992,"Southeast",242550.867209,242550.867208701
"761",47,"McKay Creek",124,"Developed/High Intensity",5,1.11197,"Columbia","170701020502",10922.9538508528,"huc12","{985BD772-9E39-4A24-A843-C5F4CB4F7CD0}",NA,NA,NA,NA,2013-01-17 23:09:29,NA,10923.02,44.2,"WA","S","NM","170701020504",0,0,"{AE176540-E29C-11E2-8094-0021280458E6}",74,74,"Columbia CD",2261472697.5,"Southeast",2261472697.49992,"Southeast",242550.867209,242550.867208701
"762",47,"McKay Creek",142,"Evergreen Forest",124,27.576856,"Columbia","170701020502",10922.9538508528,"huc12","{985BD772-9E39-4A24-A843-C5F4CB4F7CD0}",NA,NA,NA,NA,2013-01-17 23:09:29,NA,10923.02,44.2,"WA","S","NM","170701020504",0,0,"{AE176540-E29C-11E2-8094-0021280458E6}",74,74,"Columbia CD",2261472697.5,"Southeast",2261472697.49992,"Southeast",242550.867209,242550.867208701
"763",47,"McKay Creek",143,"Mixed Forest",2,0.444788,"Columbia","170701020502",10922.9538508528,"huc12","{985BD772-9E39-4A24-A843-C5F4CB4F7CD0}",NA,NA,NA,NA,2013-01-17 23:09:29,NA,10923.02,44.2,"WA","S","NM","170701020504",0,0,"{AE176540-E29C-11E2-8094-0021280458E6}",74,74,"Columbia CD",2261472697.5,"Southeast",2261472697.49992,"Southeast",242550.867209,242550.867208701
"764",47,"McKay Creek",152,"Shrubland",376,83.620144,"Columbia","170701020502",10922.9538508528,"huc12","{985BD772-9E39-4A24-A843-C5F4CB4F7CD0}",NA,NA,NA,NA,2013-01-17 23:09:29,NA,10923.02,44.2,"WA","S","NM","170701020504",0,0,"{AE176540-E29C-11E2-8094-0021280458E6}",74,74,"Columbia CD",2261472697.5,"Southeast",2261472697.49992,"Southeast",242550.867209,242550.867208701
"765",47,"McKay Creek",176,"Grassland/Pasture",5403,1201.594782,"Columbia","170701020502",10922.9538508528,"huc12","{985BD772-9E39-4A24-A843-C5F4CB4F7CD0}",NA,NA,NA,NA,2013-01-17 23:09:29,NA,10923.02,44.2,"WA","S","NM","170701020504",0,0,"{AE176540-E29C-11E2-8094-0021280458E6}",74,74,"Columbia CD",2261472697.5,"Southeast",2261472697.49992,"Southeast",242550.867209,242550.867208701
"766",47,"McKay Creek",190,"Woody Wetlands",7,1.556758,"Columbia","170701020502",10922.9538508528,"huc12","{985BD772-9E39-4A24-A843-C5F4CB4F7CD0}",NA,NA,NA,NA,2013-01-17 23:09:29,NA,10923.02,44.2,"WA","S","NM","170701020504",0,0,"{AE176540-E29C-11E2-8094-0021280458E6}",74,74,"Columbia CD",2261472697.5,"Southeast",2261472697.49992,"Southeast",242550.867209,242550.867208701
"767",47,"McKay Creek",195,"Herbaceous Wetlands",5,1.11197,"Columbia","170701020502",10922.9538508528,"huc12","{985BD772-9E39-4A24-A843-C5F4CB4F7CD0}",NA,NA,NA,NA,2013-01-17 23:09:29,NA,10923.02,44.2,"WA","S","NM","170701020504",0,0,"{AE176540-E29C-11E2-8094-0021280458E6}",74,74,"Columbia CD",2261472697.5,"Southeast",2261472697.49992,"Southeast",242550.867209,242550.867208701
"768",47,"McKay Creek",205,"Triticale",1,0.222394,"Columbia","170701020502",10922.9538508528,"huc12","{985BD772-9E39-4A24-A843-C5F4CB4F7CD0}",NA,NA,NA,NA,2013-01-17 23:09:29,NA,10923.02,44.2,"WA","S","NM","170701020504",0,0,"{AE176540-E29C-11E2-8094-0021280458E6}",74,74,"Columbia CD",2261472697.5,"Southeast",2261472697.49992,"Southeast",242550.867209,242550.867208701
"769",48,"Colville Springs",23,"Spring Wheat",1366,303.790204,"Columbia","170701020503",5351.83662795032,"huc12","{9B53817A-C7A0-457C-8D9B-D5FBC3A28983}",NA,NA,NA,NA,2013-01-17 23:09:29,NA,10801.39,43.71,"WA","S","NM","170701020504",0,0,"{AE17843A-E29C-11E2-8094-0021280458E6}",74,74,"Columbia CD",2261472697.5,"Southeast",2261472697.49992,"Southeast",242550.867209,242550.867208701
"770",48,"Colville Springs",24,"Winter Wheat",8292,1844.091048,"Columbia","170701020503",5351.83662795032,"huc12","{9B53817A-C7A0-457C-8D9B-D5FBC3A28983}",NA,NA,NA,NA,2013-01-17 23:09:29,NA,10801.39,43.71,"WA","S","NM","170701020504",0,0,"{AE17843A-E29C-11E2-8094-0021280458E6}",74,74,"Columbia CD",2261472697.5,"Southeast",2261472697.49992,"Southeast",242550.867209,242550.867208701
"771",48,"Colville Springs",31,"Canola",1,0.222394,"Columbia","170701020503",5351.83662795032,"huc12","{9B53817A-C7A0-457C-8D9B-D5FBC3A28983}",NA,NA,NA,NA,2013-01-17 23:09:29,NA,10801.39,43.71,"WA","S","NM","170701020504",0,0,"{AE17843A-E29C-11E2-8094-0021280458E6}",74,74,"Columbia CD",2261472697.5,"Southeast",2261472697.49992,"Southeast",242550.867209,242550.867208701
"772",48,"Colville Springs",36,"Alfalfa",14,3.113516,"Columbia","170701020503",5351.83662795032,"huc12","{9B53817A-C7A0-457C-8D9B-D5FBC3A28983}",NA,NA,NA,NA,2013-01-17 23:09:29,NA,10801.39,43.71,"WA","S","NM","170701020504",0,0,"{AE17843A-E29C-11E2-8094-0021280458E6}",74,74,"Columbia CD",2261472697.5,"Southeast",2261472697.49992,"Southeast",242550.867209,242550.867208701
"773",48,"Colville Springs",51,"Chick Peas",103,22.906582,"Columbia","170701020503",5351.83662795032,"huc12","{9B53817A-C7A0-457C-8D9B-D5FBC3A28983}",NA,NA,NA,NA,2013-01-17 23:09:29,NA,10801.39,43.71,"WA","S","NM","170701020504",0,0,"{AE17843A-E29C-11E2-8094-0021280458E6}",74,74,"Columbia CD",2261472697.5,"Southeast",2261472697.49992,"Southeast",242550.867209,242550.867208701
"774",48,"Colville Springs",53,"Peas",1598,355.385612,"Columbia","170701020503",5351.83662795032,"huc12","{9B53817A-C7A0-457C-8D9B-D5FBC3A28983}",NA,NA,NA,NA,2013-01-17 23:09:29,NA,10801.39,43.71,"WA","S","NM","170701020504",0,0,"{AE17843A-E29C-11E2-8094-0021280458E6}",74,74,"Columbia CD",2261472697.5,"Southeast",2261472697.49992,"Southeast",242550.867209,242550.867208701
"775",48,"Colville Springs",61,"Fallow/Idle Cropland",7171,1594.787374,"Columbia","170701020503",5351.83662795032,"huc12","{9B53817A-C7A0-457C-8D9B-D5FBC3A28983}",NA,NA,NA,NA,2013-01-17 23:09:29,NA,10801.39,43.71,"WA","S","NM","170701020504",0,0,"{AE17843A-E29C-11E2-8094-0021280458E6}",74,74,"Columbia CD",2261472697.5,"Southeast",2261472697.49992,"Southeast",242550.867209,242550.867208701
"776",48,"Colville Springs",66,"Cherries",1,0.222394,"Columbia","170701020503",5351.83662795032,"huc12","{9B53817A-C7A0-457C-8D9B-D5FBC3A28983}",NA,NA,NA,NA,2013-01-17 23:09:29,NA,10801.39,43.71,"WA","S","NM","170701020504",0,0,"{AE17843A-E29C-11E2-8094-0021280458E6}",74,74,"Columbia CD",2261472697.5,"Southeast",2261472697.49992,"Southeast",242550.867209,242550.867208701
"777",48,"Colville Springs",68,"Apples",10,2.22394,"Columbia","170701020503",5351.83662795032,"huc12","{9B53817A-C7A0-457C-8D9B-D5FBC3A28983}",NA,NA,NA,NA,2013-01-17 23:09:29,NA,10801.39,43.71,"WA","S","NM","170701020504",0,0,"{AE17843A-E29C-11E2-8094-0021280458E6}",74,74,"Columbia CD",2261472697.5,"Southeast",2261472697.49992,"Southeast",242550.867209,242550.867208701
"778",48,"Colville Springs",69,"Grapes",14,3.113516,"Columbia","170701020503",5351.83662795032,"huc12","{9B53817A-C7A0-457C-8D9B-D5FBC3A28983}",NA,NA,NA,NA,2013-01-17 23:09:29,NA,10801.39,43.71,"WA","S","NM","170701020504",0,0,"{AE17843A-E29C-11E2-8094-0021280458E6}",74,74,"Columbia CD",2261472697.5,"Southeast",2261472697.49992,"Southeast",242550.867209,242550.867208701
"779",48,"Colville Springs",70,"Christmas Trees",3,0.667182,"Columbia","170701020503",5351.83662795032,"huc12","{9B53817A-C7A0-457C-8D9B-D5FBC3A28983}",NA,NA,NA,NA,2013-01-17 23:09:29,NA,10801.39,43.71,"WA","S","NM","170701020504",0,0,"{AE17843A-E29C-11E2-8094-0021280458E6}",74,74,"Columbia CD",2261472697.5,"Southeast",2261472697.49992,"Southeast",242550.867209,242550.867208701
"780",48,"Colville Springs",121,"Developed/Open Space",215,47.81471,"Columbia","170701020503",5351.83662795032,"huc12","{9B53817A-C7A0-457C-8D9B-D5FBC3A28983}",NA,NA,NA,NA,2013-01-17 23:09:29,NA,10801.39,43.71,"WA","S","NM","170701020504",0,0,"{AE17843A-E29C-11E2-8094-0021280458E6}",74,74,"Columbia CD",2261472697.5,"Southeast",2261472697.49992,"Southeast",242550.867209,242550.867208701
"781",48,"Colville Springs",122,"Developed/Low Intensity",81,18.013914,"Columbia","170701020503",5351.83662795032,"huc12","{9B53817A-C7A0-457C-8D9B-D5FBC3A28983}",NA,NA,NA,NA,2013-01-17 23:09:29,NA,10801.39,43.71,"WA","S","NM","170701020504",0,0,"{AE17843A-E29C-11E2-8094-0021280458E6}",74,74,"Columbia CD",2261472697.5,"Southeast",2261472697.49992,"Southeast",242550.867209,242550.867208701
"782",48,"Colville Springs",123,"Developed/Med Intensity",1,0.222394,"Columbia","170701020503",5351.83662795032,"huc12","{9B53817A-C7A0-457C-8D9B-D5FBC3A28983}",NA,NA,NA,NA,2013-01-17 23:09:29,NA,10801.39,43.71,"WA","S","NM","170701020504",0,0,"{AE17843A-E29C-11E2-8094-0021280458E6}",74,74,"Columbia CD",2261472697.5,"Southeast",2261472697.49992,"Southeast",242550.867209,242550.867208701
"783",48,"Colville Springs",142,"Evergreen Forest",16,3.558304,"Columbia","170701020503",5351.83662795032,"huc12","{9B53817A-C7A0-457C-8D9B-D5FBC3A28983}",NA,NA,NA,NA,2013-01-17 23:09:29,NA,10801.39,43.71,"WA","S","NM","170701020504",0,0,"{AE17843A-E29C-11E2-8094-0021280458E6}",74,74,"Columbia CD",2261472697.5,"Southeast",2261472697.49992,"Southeast",242550.867209,242550.867208701
"784",48,"Colville Springs",152,"Shrubland",2283,507.725502,"Columbia","170701020503",5351.83662795032,"huc12","{9B53817A-C7A0-457C-8D9B-D5FBC3A28983}",NA,NA,NA,NA,2013-01-17 23:09:29,NA,10801.39,43.71,"WA","S","NM","170701020504",0,0,"{AE17843A-E29C-11E2-8094-0021280458E6}",74,74,"Columbia CD",2261472697.5,"Southeast",2261472697.49992,"Southeast",242550.867209,242550.867208701
"785",48,"Colville Springs",176,"Grassland/Pasture",2903,645.609782,"Columbia","170701020503",5351.83662795032,"huc12","{9B53817A-C7A0-457C-8D9B-D5FBC3A28983}",NA,NA,NA,NA,2013-01-17 23:09:29,NA,10801.39,43.71,"WA","S","NM","170701020504",0,0,"{AE17843A-E29C-11E2-8094-0021280458E6}",74,74,"Columbia CD",2261472697.5,"Southeast",2261472697.49992,"Southeast",242550.867209,242550.867208701
"786",49,"Lower Whetstone Hollow",5,"Soybeans",3,0.667182,"Columbia","170701020504",9168.47981383764,"huc12","{E900970B-5935-4891-A9F8-02758D62D89A}",NA,NA,NA,NA,2013-01-17 23:09:29,NA,14902.38,60.31,"WA","S","TF","170701021001",0,0,"{AE2DB6CE-E29C-11E2-8094-0021280458E6}",74,74,"Columbia CD",2261472697.5,"Southeast",2261472697.49992,"Southeast",242550.867209,242550.867208701
"787",49,"Lower Whetstone Hollow",21,"Barley",81,18.013914,"Columbia","170701020504",9168.47981383764,"huc12","{E900970B-5935-4891-A9F8-02758D62D89A}",NA,NA,NA,NA,2013-01-17 23:09:29,NA,14902.38,60.31,"WA","S","TF","170701021001",0,0,"{AE2DB6CE-E29C-11E2-8094-0021280458E6}",74,74,"Columbia CD",2261472697.5,"Southeast",2261472697.49992,"Southeast",242550.867209,242550.867208701
"788",49,"Lower Whetstone Hollow",23,"Spring Wheat",4040,898.47176,"Columbia","170701020504",9168.47981383764,"huc12","{E900970B-5935-4891-A9F8-02758D62D89A}",NA,NA,NA,NA,2013-01-17 23:09:29,NA,14902.38,60.31,"WA","S","TF","170701021001",0,0,"{AE2DB6CE-E29C-11E2-8094-0021280458E6}",74,74,"Columbia CD",2261472697.5,"Southeast",2261472697.49992,"Southeast",242550.867209,242550.867208701
"789",49,"Lower Whetstone Hollow",24,"Winter Wheat",12602,2802.609188,"Columbia","170701020504",9168.47981383764,"huc12","{E900970B-5935-4891-A9F8-02758D62D89A}",NA,NA,NA,NA,2013-01-17 23:09:29,NA,14902.38,60.31,"WA","S","TF","170701021001",0,0,"{AE2DB6CE-E29C-11E2-8094-0021280458E6}",74,74,"Columbia CD",2261472697.5,"Southeast",2261472697.49992,"Southeast",242550.867209,242550.867208701
"790",49,"Lower Whetstone Hollow",31,"Canola",1343,298.675142,"Columbia","170701020504",9168.47981383764,"huc12","{E900970B-5935-4891-A9F8-02758D62D89A}",NA,NA,NA,NA,2013-01-17 23:09:29,NA,14902.38,60.31,"WA","S","TF","170701021001",0,0,"{AE2DB6CE-E29C-11E2-8094-0021280458E6}",74,74,"Columbia CD",2261472697.5,"Southeast",2261472697.49992,"Southeast",242550.867209,242550.867208701
"791",49,"Lower Whetstone Hollow",36,"Alfalfa",101,22.461794,"Columbia","170701020504",9168.47981383764,"huc12","{E900970B-5935-4891-A9F8-02758D62D89A}",NA,NA,NA,NA,2013-01-17 23:09:29,NA,14902.38,60.31,"WA","S","TF","170701021001",0,0,"{AE2DB6CE-E29C-11E2-8094-0021280458E6}",74,74,"Columbia CD",2261472697.5,"Southeast",2261472697.49992,"Southeast",242550.867209,242550.867208701
"792",49,"Lower Whetstone Hollow",53,"Peas",41,9.118154,"Columbia","170701020504",9168.47981383764,"huc12","{E900970B-5935-4891-A9F8-02758D62D89A}",NA,NA,NA,NA,2013-01-17 23:09:29,NA,14902.38,60.31,"WA","S","TF","170701021001",0,0,"{AE2DB6CE-E29C-11E2-8094-0021280458E6}",74,74,"Columbia CD",2261472697.5,"Southeast",2261472697.49992,"Southeast",242550.867209,242550.867208701
"793",49,"Lower Whetstone Hollow",59,"Sod/Grass Seed",5,1.11197,"Columbia","170701020504",9168.47981383764,"huc12","{E900970B-5935-4891-A9F8-02758D62D89A}",NA,NA,NA,NA,2013-01-17 23:09:29,NA,14902.38,60.31,"WA","S","TF","170701021001",0,0,"{AE2DB6CE-E29C-11E2-8094-0021280458E6}",74,74,"Columbia CD",2261472697.5,"Southeast",2261472697.49992,"Southeast",242550.867209,242550.867208701
"794",49,"Lower Whetstone Hollow",61,"Fallow/Idle Cropland",14047,3123.968518,"Columbia","170701020504",9168.47981383764,"huc12","{E900970B-5935-4891-A9F8-02758D62D89A}",NA,NA,NA,NA,2013-01-17 23:09:29,NA,14902.38,60.31,"WA","S","TF","170701021001",0,0,"{AE2DB6CE-E29C-11E2-8094-0021280458E6}",74,74,"Columbia CD",2261472697.5,"Southeast",2261472697.49992,"Southeast",242550.867209,242550.867208701
"795",49,"Lower Whetstone Hollow",66,"Cherries",4,0.889576,"Columbia","170701020504",9168.47981383764,"huc12","{E900970B-5935-4891-A9F8-02758D62D89A}",NA,NA,NA,NA,2013-01-17 23:09:29,NA,14902.38,60.31,"WA","S","TF","170701021001",0,0,"{AE2DB6CE-E29C-11E2-8094-0021280458E6}",74,74,"Columbia CD",2261472697.5,"Southeast",2261472697.49992,"Southeast",242550.867209,242550.867208701
"796",49,"Lower Whetstone Hollow",67,"Peaches",3,0.667182,"Columbia","170701020504",9168.47981383764,"huc12","{E900970B-5935-4891-A9F8-02758D62D89A}",NA,NA,NA,NA,2013-01-17 23:09:29,NA,14902.38,60.31,"WA","S","TF","170701021001",0,0,"{AE2DB6CE-E29C-11E2-8094-0021280458E6}",74,74,"Columbia CD",2261472697.5,"Southeast",2261472697.49992,"Southeast",242550.867209,242550.867208701
"797",49,"Lower Whetstone Hollow",68,"Apples",23,5.115062,"Columbia","170701020504",9168.47981383764,"huc12","{E900970B-5935-4891-A9F8-02758D62D89A}",NA,NA,NA,NA,2013-01-17 23:09:29,NA,14902.38,60.31,"WA","S","TF","170701021001",0,0,"{AE2DB6CE-E29C-11E2-8094-0021280458E6}",74,74,"Columbia CD",2261472697.5,"Southeast",2261472697.49992,"Southeast",242550.867209,242550.867208701
"798",49,"Lower Whetstone Hollow",69,"Grapes",44,9.785336,"Columbia","170701020504",9168.47981383764,"huc12","{E900970B-5935-4891-A9F8-02758D62D89A}",NA,NA,NA,NA,2013-01-17 23:09:29,NA,14902.38,60.31,"WA","S","TF","170701021001",0,0,"{AE2DB6CE-E29C-11E2-8094-0021280458E6}",74,74,"Columbia CD",2261472697.5,"Southeast",2261472697.49992,"Southeast",242550.867209,242550.867208701
"799",49,"Lower Whetstone Hollow",70,"Christmas Trees",5,1.11197,"Columbia","170701020504",9168.47981383764,"huc12","{E900970B-5935-4891-A9F8-02758D62D89A}",NA,NA,NA,NA,2013-01-17 23:09:29,NA,14902.38,60.31,"WA","S","TF","170701021001",0,0,"{AE2DB6CE-E29C-11E2-8094-0021280458E6}",74,74,"Columbia CD",2261472697.5,"Southeast",2261472697.49992,"Southeast",242550.867209,242550.867208701
"800",49,"Lower Whetstone Hollow",76,"Walnuts",1,0.222394,"Columbia","170701020504",9168.47981383764,"huc12","{E900970B-5935-4891-A9F8-02758D62D89A}",NA,NA,NA,NA,2013-01-17 23:09:29,NA,14902.38,60.31,"WA","S","TF","170701021001",0,0,"{AE2DB6CE-E29C-11E2-8094-0021280458E6}",74,74,"Columbia CD",2261472697.5,"Southeast",2261472697.49992,"Southeast",242550.867209,242550.867208701
"801",49,"Lower Whetstone Hollow",121,"Developed/Open Space",290,64.49426,"Columbia","170701020504",9168.47981383764,"huc12","{E900970B-5935-4891-A9F8-02758D62D89A}",NA,NA,NA,NA,2013-01-17 23:09:29,NA,14902.38,60.31,"WA","S","TF","170701021001",0,0,"{AE2DB6CE-E29C-11E2-8094-0021280458E6}",74,74,"Columbia CD",2261472697.5,"Southeast",2261472697.49992,"Southeast",242550.867209,242550.867208701
"802",49,"Lower Whetstone Hollow",122,"Developed/Low Intensity",61,13.566034,"Columbia","170701020504",9168.47981383764,"huc12","{E900970B-5935-4891-A9F8-02758D62D89A}",NA,NA,NA,NA,2013-01-17 23:09:29,NA,14902.38,60.31,"WA","S","TF","170701021001",0,0,"{AE2DB6CE-E29C-11E2-8094-0021280458E6}",74,74,"Columbia CD",2261472697.5,"Southeast",2261472697.49992,"Southeast",242550.867209,242550.867208701
"803",49,"Lower Whetstone Hollow",123,"Developed/Med Intensity",4,0.889576,"Columbia","170701020504",9168.47981383764,"huc12","{E900970B-5935-4891-A9F8-02758D62D89A}",NA,NA,NA,NA,2013-01-17 23:09:29,NA,14902.38,60.31,"WA","S","TF","170701021001",0,0,"{AE2DB6CE-E29C-11E2-8094-0021280458E6}",74,74,"Columbia CD",2261472697.5,"Southeast",2261472697.49992,"Southeast",242550.867209,242550.867208701
"804",49,"Lower Whetstone Hollow",124,"Developed/High Intensity",2,0.444788,"Columbia","170701020504",9168.47981383764,"huc12","{E900970B-5935-4891-A9F8-02758D62D89A}",NA,NA,NA,NA,2013-01-17 23:09:29,NA,14902.38,60.31,"WA","S","TF","170701021001",0,0,"{AE2DB6CE-E29C-11E2-8094-0021280458E6}",74,74,"Columbia CD",2261472697.5,"Southeast",2261472697.49992,"Southeast",242550.867209,242550.867208701
"805",49,"Lower Whetstone Hollow",142,"Evergreen Forest",6,1.334364,"Columbia","170701020504",9168.47981383764,"huc12","{E900970B-5935-4891-A9F8-02758D62D89A}",NA,NA,NA,NA,2013-01-17 23:09:29,NA,14902.38,60.31,"WA","S","TF","170701021001",0,0,"{AE2DB6CE-E29C-11E2-8094-0021280458E6}",74,74,"Columbia CD",2261472697.5,"Southeast",2261472697.49992,"Southeast",242550.867209,242550.867208701
"806",49,"Lower Whetstone Hollow",143,"Mixed Forest",2,0.444788,"Columbia","170701020504",9168.47981383764,"huc12","{E900970B-5935-4891-A9F8-02758D62D89A}",NA,NA,NA,NA,2013-01-17 23:09:29,NA,14902.38,60.31,"WA","S","TF","170701021001",0,0,"{AE2DB6CE-E29C-11E2-8094-0021280458E6}",74,74,"Columbia CD",2261472697.5,"Southeast",2261472697.49992,"Southeast",242550.867209,242550.867208701
"807",49,"Lower Whetstone Hollow",152,"Shrubland",2617,582.005098,"Columbia","170701020504",9168.47981383764,"huc12","{E900970B-5935-4891-A9F8-02758D62D89A}",NA,NA,NA,NA,2013-01-17 23:09:29,NA,14902.38,60.31,"WA","S","TF","170701021001",0,0,"{AE2DB6CE-E29C-11E2-8094-0021280458E6}",74,74,"Columbia CD",2261472697.5,"Southeast",2261472697.49992,"Southeast",242550.867209,242550.867208701
"808",49,"Lower Whetstone Hollow",176,"Grassland/Pasture",5898,1311.679812,"Columbia","170701020504",9168.47981383764,"huc12","{E900970B-5935-4891-A9F8-02758D62D89A}",NA,NA,NA,NA,2013-01-17 23:09:29,NA,14902.38,60.31,"WA","S","TF","170701021001",0,0,"{AE2DB6CE-E29C-11E2-8094-0021280458E6}",74,74,"Columbia CD",2261472697.5,"Southeast",2261472697.49992,"Southeast",242550.867209,242550.867208701
"809",50,"Smith Springs Hollow",23,"Spring Wheat",558,124.095852,"Columbia","170701020601",3534.8774116245,"huc12","{AD6FB6D9-1C70-496D-A5EF-D2DF5298D86B}","{4F682C27-3237-4F93-8B32-E51E7E5E494E}",NA,NA,NA,2016-11-29 04:14:11,NA,12658.02,51.23,"WA","S","NM","170701020604",0,0,"{AE2DD518-E29C-11E2-8094-0021280458E6}",74,74,"Columbia CD",2261472697.5,"Southeast",2261472697.49992,"Southeast",242550.867209,242550.867208701
"810",50,"Smith Springs Hollow",24,"Winter Wheat",6210,1381.06674,"Columbia","170701020601",3534.8774116245,"huc12","{AD6FB6D9-1C70-496D-A5EF-D2DF5298D86B}","{4F682C27-3237-4F93-8B32-E51E7E5E494E}",NA,NA,NA,2016-11-29 04:14:11,NA,12658.02,51.23,"WA","S","NM","170701020604",0,0,"{AE2DD518-E29C-11E2-8094-0021280458E6}",74,74,"Columbia CD",2261472697.5,"Southeast",2261472697.49992,"Southeast",242550.867209,242550.867208701
"811",50,"Smith Springs Hollow",31,"Canola",1,0.222394,"Columbia","170701020601",3534.8774116245,"huc12","{AD6FB6D9-1C70-496D-A5EF-D2DF5298D86B}","{4F682C27-3237-4F93-8B32-E51E7E5E494E}",NA,NA,NA,2016-11-29 04:14:11,NA,12658.02,51.23,"WA","S","NM","170701020604",0,0,"{AE2DD518-E29C-11E2-8094-0021280458E6}",74,74,"Columbia CD",2261472697.5,"Southeast",2261472697.49992,"Southeast",242550.867209,242550.867208701
"812",50,"Smith Springs Hollow",51,"Chick Peas",58,12.898852,"Columbia","170701020601",3534.8774116245,"huc12","{AD6FB6D9-1C70-496D-A5EF-D2DF5298D86B}","{4F682C27-3237-4F93-8B32-E51E7E5E494E}",NA,NA,NA,2016-11-29 04:14:11,NA,12658.02,51.23,"WA","S","NM","170701020604",0,0,"{AE2DD518-E29C-11E2-8094-0021280458E6}",74,74,"Columbia CD",2261472697.5,"Southeast",2261472697.49992,"Southeast",242550.867209,242550.867208701
"813",50,"Smith Springs Hollow",53,"Peas",1467,326.251998,"Columbia","170701020601",3534.8774116245,"huc12","{AD6FB6D9-1C70-496D-A5EF-D2DF5298D86B}","{4F682C27-3237-4F93-8B32-E51E7E5E494E}",NA,NA,NA,2016-11-29 04:14:11,NA,12658.02,51.23,"WA","S","NM","170701020604",0,0,"{AE2DD518-E29C-11E2-8094-0021280458E6}",74,74,"Columbia CD",2261472697.5,"Southeast",2261472697.49992,"Southeast",242550.867209,242550.867208701
"814",50,"Smith Springs Hollow",59,"Sod/Grass Seed",2,0.444788,"Columbia","170701020601",3534.8774116245,"huc12","{AD6FB6D9-1C70-496D-A5EF-D2DF5298D86B}","{4F682C27-3237-4F93-8B32-E51E7E5E494E}",NA,NA,NA,2016-11-29 04:14:11,NA,12658.02,51.23,"WA","S","NM","170701020604",0,0,"{AE2DD518-E29C-11E2-8094-0021280458E6}",74,74,"Columbia CD",2261472697.5,"Southeast",2261472697.49992,"Southeast",242550.867209,242550.867208701
"815",50,"Smith Springs Hollow",61,"Fallow/Idle Cropland",5108,1135.988552,"Columbia","170701020601",3534.8774116245,"huc12","{AD6FB6D9-1C70-496D-A5EF-D2DF5298D86B}","{4F682C27-3237-4F93-8B32-E51E7E5E494E}",NA,NA,NA,2016-11-29 04:14:11,NA,12658.02,51.23,"WA","S","NM","170701020604",0,0,"{AE2DD518-E29C-11E2-8094-0021280458E6}",74,74,"Columbia CD",2261472697.5,"Southeast",2261472697.49992,"Southeast",242550.867209,242550.867208701
"816",50,"Smith Springs Hollow",121,"Developed/Open Space",60,13.34364,"Columbia","170701020601",3534.8774116245,"huc12","{AD6FB6D9-1C70-496D-A5EF-D2DF5298D86B}","{4F682C27-3237-4F93-8B32-E51E7E5E494E}",NA,NA,NA,2016-11-29 04:14:11,NA,12658.02,51.23,"WA","S","NM","170701020604",0,0,"{AE2DD518-E29C-11E2-8094-0021280458E6}",74,74,"Columbia CD",2261472697.5,"Southeast",2261472697.49992,"Southeast",242550.867209,242550.867208701
"817",50,"Smith Springs Hollow",122,"Developed/Low Intensity",6,1.334364,"Columbia","170701020601",3534.8774116245,"huc12","{AD6FB6D9-1C70-496D-A5EF-D2DF5298D86B}","{4F682C27-3237-4F93-8B32-E51E7E5E494E}",NA,NA,NA,2016-11-29 04:14:11,NA,12658.02,51.23,"WA","S","NM","170701020604",0,0,"{AE2DD518-E29C-11E2-8094-0021280458E6}",74,74,"Columbia CD",2261472697.5,"Southeast",2261472697.49992,"Southeast",242550.867209,242550.867208701
"818",50,"Smith Springs Hollow",124,"Developed/High Intensity",1,0.222394,"Columbia","170701020601",3534.8774116245,"huc12","{AD6FB6D9-1C70-496D-A5EF-D2DF5298D86B}","{4F682C27-3237-4F93-8B32-E51E7E5E494E}",NA,NA,NA,2016-11-29 04:14:11,NA,12658.02,51.23,"WA","S","NM","170701020604",0,0,"{AE2DD518-E29C-11E2-8094-0021280458E6}",74,74,"Columbia CD",2261472697.5,"Southeast",2261472697.49992,"Southeast",242550.867209,242550.867208701
"819",50,"Smith Springs Hollow",152,"Shrubland",779,173.244926,"Columbia","170701020601",3534.8774116245,"huc12","{AD6FB6D9-1C70-496D-A5EF-D2DF5298D86B}","{4F682C27-3237-4F93-8B32-E51E7E5E494E}",NA,NA,NA,2016-11-29 04:14:11,NA,12658.02,51.23,"WA","S","NM","170701020604",0,0,"{AE2DD518-E29C-11E2-8094-0021280458E6}",74,74,"Columbia CD",2261472697.5,"Southeast",2261472697.49992,"Southeast",242550.867209,242550.867208701
"820",50,"Smith Springs Hollow",176,"Grassland/Pasture",1630,362.50222,"Columbia","170701020601",3534.8774116245,"huc12","{AD6FB6D9-1C70-496D-A5EF-D2DF5298D86B}","{4F682C27-3237-4F93-8B32-E51E7E5E494E}",NA,NA,NA,2016-11-29 04:14:11,NA,12658.02,51.23,"WA","S","NM","170701020604",0,0,"{AE2DD518-E29C-11E2-8094-0021280458E6}",74,74,"Columbia CD",2261472697.5,"Southeast",2261472697.49992,"Southeast",242550.867209,242550.867208701
