"","ID","name","crop","crop_name","n_pixels","acres","swcd_name","huc12","acres_in_huc","huc_level","tnmid","metasourceid","sourcedatadesc","sourceoriginator","sourcefeatureid","loaddate","gnis_id","areaacres","areasqkm","states","hutype","humod","tohuc","noncontributingareaacres","noncontributingareasqkm","globalid","FID","OBJECTI","CNSVDST","PERIMET","Reg_Mng","Shp__Ar","WACD_Ar","Shp_Lng","Shp__Ln"
"1",1,"Dry Hollow-Pataha Creek",1,"Corn",4,0.889576,"Columbia","170601070506",14492.1884903596,"huc12","{C0E4B759-030F-403B-99A9-55356D458191}",NA,NA,NA,NA,2013-01-17 23:09:21,NA,18431.98,74.59,"WA","S","TF","170601070701",0,0,"{AAC0794D-E29C-11E2-8094-0021280458E6}",74,74,"Columbia CD",2261472697.5,"Southeast",2261472697.49992,"Southeast",242550.867209,242550.867208701
"2",1,"Dry Hollow-Pataha Creek",21,"Barley",39,8.673366,"Columbia","170601070506",14492.1884903596,"huc12","{C0E4B759-030F-403B-99A9-55356D458191}",NA,NA,NA,NA,2013-01-17 23:09:21,NA,18431.98,74.59,"WA","S","TF","170601070701",0,0,"{AAC0794D-E29C-11E2-8094-0021280458E6}",74,74,"Columbia CD",2261472697.5,"Southeast",2261472697.49992,"Southeast",242550.867209,242550.867208701
"3",1,"Dry Hollow-Pataha Creek",23,"Spring Wheat",573,127.431762,"Columbia","170601070506",14492.1884903596,"huc12","{C0E4B759-030F-403B-99A9-55356D458191}",NA,NA,NA,NA,2013-01-17 23:09:21,NA,18431.98,74.59,"WA","S","TF","170601070701",0,0,"{AAC0794D-E29C-11E2-8094-0021280458E6}",74,74,"Columbia CD",2261472697.5,"Southeast",2261472697.49992,"Southeast",242550.867209,242550.867208701
"4",1,"Dry Hollow-Pataha Creek",24,"Winter Wheat",8544,1900.134336,"Columbia","170601070506",14492.1884903596,"huc12","{C0E4B759-030F-403B-99A9-55356D458191}",NA,NA,NA,NA,2013-01-17 23:09:21,NA,18431.98,74.59,"WA","S","TF","170601070701",0,0,"{AAC0794D-E29C-11E2-8094-0021280458E6}",74,74,"Columbia CD",2261472697.5,"Southeast",2261472697.49992,"Southeast",242550.867209,242550.867208701
"5",1,"Dry Hollow-Pataha Creek",35,"Mustard",3,0.667182,"Columbia","170601070506",14492.1884903596,"huc12","{C0E4B759-030F-403B-99A9-55356D458191}",NA,NA,NA,NA,2013-01-17 23:09:21,NA,18431.98,74.59,"WA","S","TF","170601070701",0,0,"{AAC0794D-E29C-11E2-8094-0021280458E6}",74,74,"Columbia CD",2261472697.5,"Southeast",2261472697.49992,"Southeast",242550.867209,242550.867208701
"6",1,"Dry Hollow-Pataha Creek",36,"Alfalfa",304,67.607776,"Columbia","170601070506",14492.1884903596,"huc12","{C0E4B759-030F-403B-99A9-55356D458191}",NA,NA,NA,NA,2013-01-17 23:09:21,NA,18431.98,74.59,"WA","S","TF","170601070701",0,0,"{AAC0794D-E29C-11E2-8094-0021280458E6}",74,74,"Columbia CD",2261472697.5,"Southeast",2261472697.49992,"Southeast",242550.867209,242550.867208701
"7",1,"Dry Hollow-Pataha Creek",37,"Other Hay/Non Alfalfa",69,15.345186,"Columbia","170601070506",14492.1884903596,"huc12","{C0E4B759-030F-403B-99A9-55356D458191}",NA,NA,NA,NA,2013-01-17 23:09:21,NA,18431.98,74.59,"WA","S","TF","170601070701",0,0,"{AAC0794D-E29C-11E2-8094-0021280458E6}",74,74,"Columbia CD",2261472697.5,"Southeast",2261472697.49992,"Southeast",242550.867209,242550.867208701
"8",1,"Dry Hollow-Pataha Creek",42,"Dry Beans",10,2.22394,"Columbia","170601070506",14492.1884903596,"huc12","{C0E4B759-030F-403B-99A9-55356D458191}",NA,NA,NA,NA,2013-01-17 23:09:21,NA,18431.98,74.59,"WA","S","TF","170601070701",0,0,"{AAC0794D-E29C-11E2-8094-0021280458E6}",74,74,"Columbia CD",2261472697.5,"Southeast",2261472697.49992,"Southeast",242550.867209,242550.867208701
"9",1,"Dry Hollow-Pataha Creek",53,"Peas",14,3.113516,"Columbia","170601070506",14492.1884903596,"huc12","{C0E4B759-030F-403B-99A9-55356D458191}",NA,NA,NA,NA,2013-01-17 23:09:21,NA,18431.98,74.59,"WA","S","TF","170601070701",0,0,"{AAC0794D-E29C-11E2-8094-0021280458E6}",74,74,"Columbia CD",2261472697.5,"Southeast",2261472697.49992,"Southeast",242550.867209,242550.867208701
"10",1,"Dry Hollow-Pataha Creek",59,"Sod/Grass Seed",1,0.222394,"Columbia","170601070506",14492.1884903596,"huc12","{C0E4B759-030F-403B-99A9-55356D458191}",NA,NA,NA,NA,2013-01-17 23:09:21,NA,18431.98,74.59,"WA","S","TF","170601070701",0,0,"{AAC0794D-E29C-11E2-8094-0021280458E6}",74,74,"Columbia CD",2261472697.5,"Southeast",2261472697.49992,"Southeast",242550.867209,242550.867208701
"11",1,"Dry Hollow-Pataha Creek",61,"Fallow/Idle Cropland",3294,732.565836,"Columbia","170601070506",14492.1884903596,"huc12","{C0E4B759-030F-403B-99A9-55356D458191}",NA,NA,NA,NA,2013-01-17 23:09:21,NA,18431.98,74.59,"WA","S","TF","170601070701",0,0,"{AAC0794D-E29C-11E2-8094-0021280458E6}",74,74,"Columbia CD",2261472697.5,"Southeast",2261472697.49992,"Southeast",242550.867209,242550.867208701
"12",1,"Dry Hollow-Pataha Creek",68,"Apples",1,0.222394,"Columbia","170601070506",14492.1884903596,"huc12","{C0E4B759-030F-403B-99A9-55356D458191}",NA,NA,NA,NA,2013-01-17 23:09:21,NA,18431.98,74.59,"WA","S","TF","170601070701",0,0,"{AAC0794D-E29C-11E2-8094-0021280458E6}",74,74,"Columbia CD",2261472697.5,"Southeast",2261472697.49992,"Southeast",242550.867209,242550.867208701
"13",1,"Dry Hollow-Pataha Creek",69,"Grapes",1,0.222394,"Columbia","170601070506",14492.1884903596,"huc12","{C0E4B759-030F-403B-99A9-55356D458191}",NA,NA,NA,NA,2013-01-17 23:09:21,NA,18431.98,74.59,"WA","S","TF","170601070701",0,0,"{AAC0794D-E29C-11E2-8094-0021280458E6}",74,74,"Columbia CD",2261472697.5,"Southeast",2261472697.49992,"Southeast",242550.867209,242550.867208701
"14",1,"Dry Hollow-Pataha Creek",111,"Open Water",1,0.222394,"Columbia","170601070506",14492.1884903596,"huc12","{C0E4B759-030F-403B-99A9-55356D458191}",NA,NA,NA,NA,2013-01-17 23:09:21,NA,18431.98,74.59,"WA","S","TF","170601070701",0,0,"{AAC0794D-E29C-11E2-8094-0021280458E6}",74,74,"Columbia CD",2261472697.5,"Southeast",2261472697.49992,"Southeast",242550.867209,242550.867208701
"15",1,"Dry Hollow-Pataha Creek",121,"Developed/Open Space",1548,344.265912,"Columbia","170601070506",14492.1884903596,"huc12","{C0E4B759-030F-403B-99A9-55356D458191}",NA,NA,NA,NA,2013-01-17 23:09:21,NA,18431.98,74.59,"WA","S","TF","170601070701",0,0,"{AAC0794D-E29C-11E2-8094-0021280458E6}",74,74,"Columbia CD",2261472697.5,"Southeast",2261472697.49992,"Southeast",242550.867209,242550.867208701
"16",1,"Dry Hollow-Pataha Creek",122,"Developed/Low Intensity",92,20.460248,"Columbia","170601070506",14492.1884903596,"huc12","{C0E4B759-030F-403B-99A9-55356D458191}",NA,NA,NA,NA,2013-01-17 23:09:21,NA,18431.98,74.59,"WA","S","TF","170601070701",0,0,"{AAC0794D-E29C-11E2-8094-0021280458E6}",74,74,"Columbia CD",2261472697.5,"Southeast",2261472697.49992,"Southeast",242550.867209,242550.867208701
"17",1,"Dry Hollow-Pataha Creek",123,"Developed/Med Intensity",4,0.889576,"Columbia","170601070506",14492.1884903596,"huc12","{C0E4B759-030F-403B-99A9-55356D458191}",NA,NA,NA,NA,2013-01-17 23:09:21,NA,18431.98,74.59,"WA","S","TF","170601070701",0,0,"{AAC0794D-E29C-11E2-8094-0021280458E6}",74,74,"Columbia CD",2261472697.5,"Southeast",2261472697.49992,"Southeast",242550.867209,242550.867208701
"18",1,"Dry Hollow-Pataha Creek",142,"Evergreen Forest",7,1.556758,"Columbia","170601070506",14492.1884903596,"huc12","{C0E4B759-030F-403B-99A9-55356D458191}",NA,NA,NA,NA,2013-01-17 23:09:21,NA,18431.98,74.59,"WA","S","TF","170601070701",0,0,"{AAC0794D-E29C-11E2-8094-0021280458E6}",74,74,"Columbia CD",2261472697.5,"Southeast",2261472697.49992,"Southeast",242550.867209,242550.867208701
"19",1,"Dry Hollow-Pataha Creek",152,"Shrubland",18137,4033.559978,"Columbia","170601070506",14492.1884903596,"huc12","{C0E4B759-030F-403B-99A9-55356D458191}",NA,NA,NA,NA,2013-01-17 23:09:21,NA,18431.98,74.59,"WA","S","TF","170601070701",0,0,"{AAC0794D-E29C-11E2-8094-0021280458E6}",74,74,"Columbia CD",2261472697.5,"Southeast",2261472697.49992,"Southeast",242550.867209,242550.867208701
"20",1,"Dry Hollow-Pataha Creek",176,"Grassland/Pasture",32507,7229.361758,"Columbia","170601070506",14492.1884903596,"huc12","{C0E4B759-030F-403B-99A9-55356D458191}",NA,NA,NA,NA,2013-01-17 23:09:21,NA,18431.98,74.59,"WA","S","TF","170601070701",0,0,"{AAC0794D-E29C-11E2-8094-0021280458E6}",74,74,"Columbia CD",2261472697.5,"Southeast",2261472697.49992,"Southeast",242550.867209,242550.867208701
"21",1,"Dry Hollow-Pataha Creek",190,"Woody Wetlands",11,2.446334,"Columbia","170601070506",14492.1884903596,"huc12","{C0E4B759-030F-403B-99A9-55356D458191}",NA,NA,NA,NA,2013-01-17 23:09:21,NA,18431.98,74.59,"WA","S","TF","170601070701",0,0,"{AAC0794D-E29C-11E2-8094-0021280458E6}",74,74,"Columbia CD",2261472697.5,"Southeast",2261472697.49992,"Southeast",242550.867209,242550.867208701
"22",1,"Dry Hollow-Pataha Creek",195,"Herbaceous Wetlands",6,1.334364,"Columbia","170601070506",14492.1884903596,"huc12","{C0E4B759-030F-403B-99A9-55356D458191}",NA,NA,NA,NA,2013-01-17 23:09:21,NA,18431.98,74.59,"WA","S","TF","170601070701",0,0,"{AAC0794D-E29C-11E2-8094-0021280458E6}",74,74,"Columbia CD",2261472697.5,"Southeast",2261472697.49992,"Southeast",242550.867209,242550.867208701
"23",2,"Headwaters Tucannon River",121,"Developed/Open Space",207,46.035558,"Columbia","170601070601",9100.03412526308,"huc12","{D62E2CB5-5ABD-479A-80AB-6B2F7CD54A92}",NA,NA,NA,NA,2013-01-17 23:09:21,NA,24508.49,99.18,"WA","S","TF","170601070603",0,0,"{AAC09039-E29C-11E2-8094-0021280458E6}",74,74,"Columbia CD",2261472697.5,"Southeast",2261472697.49992,"Southeast",242550.867209,242550.867208701
"24",2,"Headwaters Tucannon River",122,"Developed/Low Intensity",8,1.779152,"Columbia","170601070601",9100.03412526308,"huc12","{D62E2CB5-5ABD-479A-80AB-6B2F7CD54A92}",NA,NA,NA,NA,2013-01-17 23:09:21,NA,24508.49,99.18,"WA","S","TF","170601070603",0,0,"{AAC09039-E29C-11E2-8094-0021280458E6}",74,74,"Columbia CD",2261472697.5,"Southeast",2261472697.49992,"Southeast",242550.867209,242550.867208701
"25",2,"Headwaters Tucannon River",142,"Evergreen Forest",35097,7805.362218,"Columbia","170601070601",9100.03412526308,"huc12","{D62E2CB5-5ABD-479A-80AB-6B2F7CD54A92}",NA,NA,NA,NA,2013-01-17 23:09:21,NA,24508.49,99.18,"WA","S","TF","170601070603",0,0,"{AAC09039-E29C-11E2-8094-0021280458E6}",74,74,"Columbia CD",2261472697.5,"Southeast",2261472697.49992,"Southeast",242550.867209,242550.867208701
"26",2,"Headwaters Tucannon River",152,"Shrubland",3214,714.774316,"Columbia","170601070601",9100.03412526308,"huc12","{D62E2CB5-5ABD-479A-80AB-6B2F7CD54A92}",NA,NA,NA,NA,2013-01-17 23:09:21,NA,24508.49,99.18,"WA","S","TF","170601070603",0,0,"{AAC09039-E29C-11E2-8094-0021280458E6}",74,74,"Columbia CD",2261472697.5,"Southeast",2261472697.49992,"Southeast",242550.867209,242550.867208701
"27",2,"Headwaters Tucannon River",176,"Grassland/Pasture",2399,533.523206,"Columbia","170601070601",9100.03412526308,"huc12","{D62E2CB5-5ABD-479A-80AB-6B2F7CD54A92}",NA,NA,NA,NA,2013-01-17 23:09:21,NA,24508.49,99.18,"WA","S","TF","170601070603",0,0,"{AAC09039-E29C-11E2-8094-0021280458E6}",74,74,"Columbia CD",2261472697.5,"Southeast",2261472697.49992,"Southeast",242550.867209,242550.867208701
"28",3,"Panjab Creek",21,"Barley",2,0.444788,"Columbia","170601070602",16264.5398303351,"huc12","{13458BD7-8808-469D-AED7-A749E79BBEDC}",NA,NA,NA,NA,2013-01-17 23:09:21,NA,16264.6,65.82,"WA","S","TF","170601070603",0,0,"{AAC0AE5D-E29C-11E2-8094-0021280458E6}",74,74,"Columbia CD",2261472697.5,"Southeast",2261472697.49992,"Southeast",242550.867209,242550.867208701
"29",3,"Panjab Creek",24,"Winter Wheat",1,0.222394,"Columbia","170601070602",16264.5398303351,"huc12","{13458BD7-8808-469D-AED7-A749E79BBEDC}",NA,NA,NA,NA,2013-01-17 23:09:21,NA,16264.6,65.82,"WA","S","TF","170601070603",0,0,"{AAC0AE5D-E29C-11E2-8094-0021280458E6}",74,74,"Columbia CD",2261472697.5,"Southeast",2261472697.49992,"Southeast",242550.867209,242550.867208701
"30",3,"Panjab Creek",61,"Fallow/Idle Cropland",1,0.222394,"Columbia","170601070602",16264.5398303351,"huc12","{13458BD7-8808-469D-AED7-A749E79BBEDC}",NA,NA,NA,NA,2013-01-17 23:09:21,NA,16264.6,65.82,"WA","S","TF","170601070603",0,0,"{AAC0AE5D-E29C-11E2-8094-0021280458E6}",74,74,"Columbia CD",2261472697.5,"Southeast",2261472697.49992,"Southeast",242550.867209,242550.867208701
"31",3,"Panjab Creek",121,"Developed/Open Space",604,134.325976,"Columbia","170601070602",16264.5398303351,"huc12","{13458BD7-8808-469D-AED7-A749E79BBEDC}",NA,NA,NA,NA,2013-01-17 23:09:21,NA,16264.6,65.82,"WA","S","TF","170601070603",0,0,"{AAC0AE5D-E29C-11E2-8094-0021280458E6}",74,74,"Columbia CD",2261472697.5,"Southeast",2261472697.49992,"Southeast",242550.867209,242550.867208701
"32",3,"Panjab Creek",122,"Developed/Low Intensity",62,13.788428,"Columbia","170601070602",16264.5398303351,"huc12","{13458BD7-8808-469D-AED7-A749E79BBEDC}",NA,NA,NA,NA,2013-01-17 23:09:21,NA,16264.6,65.82,"WA","S","TF","170601070603",0,0,"{AAC0AE5D-E29C-11E2-8094-0021280458E6}",74,74,"Columbia CD",2261472697.5,"Southeast",2261472697.49992,"Southeast",242550.867209,242550.867208701
"33",3,"Panjab Creek",123,"Developed/Med Intensity",6,1.334364,"Columbia","170601070602",16264.5398303351,"huc12","{13458BD7-8808-469D-AED7-A749E79BBEDC}",NA,NA,NA,NA,2013-01-17 23:09:21,NA,16264.6,65.82,"WA","S","TF","170601070603",0,0,"{AAC0AE5D-E29C-11E2-8094-0021280458E6}",74,74,"Columbia CD",2261472697.5,"Southeast",2261472697.49992,"Southeast",242550.867209,242550.867208701
"34",3,"Panjab Creek",142,"Evergreen Forest",65015,14458.94591,"Columbia","170601070602",16264.5398303351,"huc12","{13458BD7-8808-469D-AED7-A749E79BBEDC}",NA,NA,NA,NA,2013-01-17 23:09:21,NA,16264.6,65.82,"WA","S","TF","170601070603",0,0,"{AAC0AE5D-E29C-11E2-8094-0021280458E6}",74,74,"Columbia CD",2261472697.5,"Southeast",2261472697.49992,"Southeast",242550.867209,242550.867208701
"35",3,"Panjab Creek",152,"Shrubland",3726,828.640044,"Columbia","170601070602",16264.5398303351,"huc12","{13458BD7-8808-469D-AED7-A749E79BBEDC}",NA,NA,NA,NA,2013-01-17 23:09:21,NA,16264.6,65.82,"WA","S","TF","170601070603",0,0,"{AAC0AE5D-E29C-11E2-8094-0021280458E6}",74,74,"Columbia CD",2261472697.5,"Southeast",2261472697.49992,"Southeast",242550.867209,242550.867208701
"36",3,"Panjab Creek",176,"Grassland/Pasture",3716,826.416104,"Columbia","170601070602",16264.5398303351,"huc12","{13458BD7-8808-469D-AED7-A749E79BBEDC}",NA,NA,NA,NA,2013-01-17 23:09:21,NA,16264.6,65.82,"WA","S","TF","170601070603",0,0,"{AAC0AE5D-E29C-11E2-8094-0021280458E6}",74,74,"Columbia CD",2261472697.5,"Southeast",2261472697.49992,"Southeast",242550.867209,242550.867208701
"37",4,"Little Tucannon River-Tucannon River",24,"Winter Wheat",3,0.667182,"Columbia","170601070603",22089.6064349784,"huc12","{526A5BA0-2F8F-4F5C-9B5B-9C03C4C8B752}",NA,NA,NA,NA,2013-01-17 23:09:21,NA,22089.68,89.39,"WA","S","TF","170601070606",0,0,"{AAC0C5C8-E29C-11E2-8094-0021280458E6}",74,74,"Columbia CD",2261472697.5,"Southeast",2261472697.49992,"Southeast",242550.867209,242550.867208701
"38",4,"Little Tucannon River-Tucannon River",28,"Oats",3,0.667182,"Columbia","170601070603",22089.6064349784,"huc12","{526A5BA0-2F8F-4F5C-9B5B-9C03C4C8B752}",NA,NA,NA,NA,2013-01-17 23:09:21,NA,22089.68,89.39,"WA","S","TF","170601070606",0,0,"{AAC0C5C8-E29C-11E2-8094-0021280458E6}",74,74,"Columbia CD",2261472697.5,"Southeast",2261472697.49992,"Southeast",242550.867209,242550.867208701
"39",4,"Little Tucannon River-Tucannon River",36,"Alfalfa",1,0.222394,"Columbia","170601070603",22089.6064349784,"huc12","{526A5BA0-2F8F-4F5C-9B5B-9C03C4C8B752}",NA,NA,NA,NA,2013-01-17 23:09:21,NA,22089.68,89.39,"WA","S","TF","170601070606",0,0,"{AAC0C5C8-E29C-11E2-8094-0021280458E6}",74,74,"Columbia CD",2261472697.5,"Southeast",2261472697.49992,"Southeast",242550.867209,242550.867208701
"40",4,"Little Tucannon River-Tucannon River",37,"Other Hay/Non Alfalfa",10,2.22394,"Columbia","170601070603",22089.6064349784,"huc12","{526A5BA0-2F8F-4F5C-9B5B-9C03C4C8B752}",NA,NA,NA,NA,2013-01-17 23:09:21,NA,22089.68,89.39,"WA","S","TF","170601070606",0,0,"{AAC0C5C8-E29C-11E2-8094-0021280458E6}",74,74,"Columbia CD",2261472697.5,"Southeast",2261472697.49992,"Southeast",242550.867209,242550.867208701
"41",4,"Little Tucannon River-Tucannon River",61,"Fallow/Idle Cropland",14,3.113516,"Columbia","170601070603",22089.6064349784,"huc12","{526A5BA0-2F8F-4F5C-9B5B-9C03C4C8B752}",NA,NA,NA,NA,2013-01-17 23:09:21,NA,22089.68,89.39,"WA","S","TF","170601070606",0,0,"{AAC0C5C8-E29C-11E2-8094-0021280458E6}",74,74,"Columbia CD",2261472697.5,"Southeast",2261472697.49992,"Southeast",242550.867209,242550.867208701
"42",4,"Little Tucannon River-Tucannon River",111,"Open Water",7,1.556758,"Columbia","170601070603",22089.6064349784,"huc12","{526A5BA0-2F8F-4F5C-9B5B-9C03C4C8B752}",NA,NA,NA,NA,2013-01-17 23:09:21,NA,22089.68,89.39,"WA","S","TF","170601070606",0,0,"{AAC0C5C8-E29C-11E2-8094-0021280458E6}",74,74,"Columbia CD",2261472697.5,"Southeast",2261472697.49992,"Southeast",242550.867209,242550.867208701
"43",4,"Little Tucannon River-Tucannon River",121,"Developed/Open Space",1422,316.244268,"Columbia","170601070603",22089.6064349784,"huc12","{526A5BA0-2F8F-4F5C-9B5B-9C03C4C8B752}",NA,NA,NA,NA,2013-01-17 23:09:21,NA,22089.68,89.39,"WA","S","TF","170601070606",0,0,"{AAC0C5C8-E29C-11E2-8094-0021280458E6}",74,74,"Columbia CD",2261472697.5,"Southeast",2261472697.49992,"Southeast",242550.867209,242550.867208701
"44",4,"Little Tucannon River-Tucannon River",122,"Developed/Low Intensity",98,21.794612,"Columbia","170601070603",22089.6064349784,"huc12","{526A5BA0-2F8F-4F5C-9B5B-9C03C4C8B752}",NA,NA,NA,NA,2013-01-17 23:09:21,NA,22089.68,89.39,"WA","S","TF","170601070606",0,0,"{AAC0C5C8-E29C-11E2-8094-0021280458E6}",74,74,"Columbia CD",2261472697.5,"Southeast",2261472697.49992,"Southeast",242550.867209,242550.867208701
"45",4,"Little Tucannon River-Tucannon River",142,"Evergreen Forest",62238,13841.357772,"Columbia","170601070603",22089.6064349784,"huc12","{526A5BA0-2F8F-4F5C-9B5B-9C03C4C8B752}",NA,NA,NA,NA,2013-01-17 23:09:21,NA,22089.68,89.39,"WA","S","TF","170601070606",0,0,"{AAC0C5C8-E29C-11E2-8094-0021280458E6}",74,74,"Columbia CD",2261472697.5,"Southeast",2261472697.49992,"Southeast",242550.867209,242550.867208701
"46",4,"Little Tucannon River-Tucannon River",152,"Shrubland",18275,4064.25035,"Columbia","170601070603",22089.6064349784,"huc12","{526A5BA0-2F8F-4F5C-9B5B-9C03C4C8B752}",NA,NA,NA,NA,2013-01-17 23:09:21,NA,22089.68,89.39,"WA","S","TF","170601070606",0,0,"{AAC0C5C8-E29C-11E2-8094-0021280458E6}",74,74,"Columbia CD",2261472697.5,"Southeast",2261472697.49992,"Southeast",242550.867209,242550.867208701
"47",4,"Little Tucannon River-Tucannon River",176,"Grassland/Pasture",17247,3835.629318,"Columbia","170601070603",22089.6064349784,"huc12","{526A5BA0-2F8F-4F5C-9B5B-9C03C4C8B752}",NA,NA,NA,NA,2013-01-17 23:09:21,NA,22089.68,89.39,"WA","S","TF","170601070606",0,0,"{AAC0C5C8-E29C-11E2-8094-0021280458E6}",74,74,"Columbia CD",2261472697.5,"Southeast",2261472697.49992,"Southeast",242550.867209,242550.867208701
"48",4,"Little Tucannon River-Tucannon River",195,"Herbaceous Wetlands",8,1.779152,"Columbia","170601070603",22089.6064349784,"huc12","{526A5BA0-2F8F-4F5C-9B5B-9C03C4C8B752}",NA,NA,NA,NA,2013-01-17 23:09:21,NA,22089.68,89.39,"WA","S","TF","170601070606",0,0,"{AAC0C5C8-E29C-11E2-8094-0021280458E6}",74,74,"Columbia CD",2261472697.5,"Southeast",2261472697.49992,"Southeast",242550.867209,242550.867208701
"49",5,"Cummings Creek",23,"Spring Wheat",2,0.444788,"Columbia","170601070604",7510.23880229902,"huc12","{B8F6813A-3547-4908-8168-A37957DF3808}",NA,NA,NA,NA,2013-01-17 23:09:21,NA,12727.02,51.5,"WA","S","TF","170601070606",0,0,"{AAC0E498-E29C-11E2-8094-0021280458E6}",74,74,"Columbia CD",2261472697.5,"Southeast",2261472697.49992,"Southeast",242550.867209,242550.867208701
"50",5,"Cummings Creek",24,"Winter Wheat",49,10.897306,"Columbia","170601070604",7510.23880229902,"huc12","{B8F6813A-3547-4908-8168-A37957DF3808}",NA,NA,NA,NA,2013-01-17 23:09:21,NA,12727.02,51.5,"WA","S","TF","170601070606",0,0,"{AAC0E498-E29C-11E2-8094-0021280458E6}",74,74,"Columbia CD",2261472697.5,"Southeast",2261472697.49992,"Southeast",242550.867209,242550.867208701
"51",5,"Cummings Creek",37,"Other Hay/Non Alfalfa",1,0.222394,"Columbia","170601070604",7510.23880229902,"huc12","{B8F6813A-3547-4908-8168-A37957DF3808}",NA,NA,NA,NA,2013-01-17 23:09:21,NA,12727.02,51.5,"WA","S","TF","170601070606",0,0,"{AAC0E498-E29C-11E2-8094-0021280458E6}",74,74,"Columbia CD",2261472697.5,"Southeast",2261472697.49992,"Southeast",242550.867209,242550.867208701
"52",5,"Cummings Creek",61,"Fallow/Idle Cropland",14,3.113516,"Columbia","170601070604",7510.23880229902,"huc12","{B8F6813A-3547-4908-8168-A37957DF3808}",NA,NA,NA,NA,2013-01-17 23:09:21,NA,12727.02,51.5,"WA","S","TF","170601070606",0,0,"{AAC0E498-E29C-11E2-8094-0021280458E6}",74,74,"Columbia CD",2261472697.5,"Southeast",2261472697.49992,"Southeast",242550.867209,242550.867208701
"53",5,"Cummings Creek",121,"Developed/Open Space",520,115.64488,"Columbia","170601070604",7510.23880229902,"huc12","{B8F6813A-3547-4908-8168-A37957DF3808}",NA,NA,NA,NA,2013-01-17 23:09:21,NA,12727.02,51.5,"WA","S","TF","170601070606",0,0,"{AAC0E498-E29C-11E2-8094-0021280458E6}",74,74,"Columbia CD",2261472697.5,"Southeast",2261472697.49992,"Southeast",242550.867209,242550.867208701
"54",5,"Cummings Creek",122,"Developed/Low Intensity",23,5.115062,"Columbia","170601070604",7510.23880229902,"huc12","{B8F6813A-3547-4908-8168-A37957DF3808}",NA,NA,NA,NA,2013-01-17 23:09:21,NA,12727.02,51.5,"WA","S","TF","170601070606",0,0,"{AAC0E498-E29C-11E2-8094-0021280458E6}",74,74,"Columbia CD",2261472697.5,"Southeast",2261472697.49992,"Southeast",242550.867209,242550.867208701
"55",5,"Cummings Creek",142,"Evergreen Forest",17624,3919.471856,"Columbia","170601070604",7510.23880229902,"huc12","{B8F6813A-3547-4908-8168-A37957DF3808}",NA,NA,NA,NA,2013-01-17 23:09:21,NA,12727.02,51.5,"WA","S","TF","170601070606",0,0,"{AAC0E498-E29C-11E2-8094-0021280458E6}",74,74,"Columbia CD",2261472697.5,"Southeast",2261472697.49992,"Southeast",242550.867209,242550.867208701
"56",5,"Cummings Creek",152,"Shrubland",9100,2023.7854,"Columbia","170601070604",7510.23880229902,"huc12","{B8F6813A-3547-4908-8168-A37957DF3808}",NA,NA,NA,NA,2013-01-17 23:09:21,NA,12727.02,51.5,"WA","S","TF","170601070606",0,0,"{AAC0E498-E29C-11E2-8094-0021280458E6}",74,74,"Columbia CD",2261472697.5,"Southeast",2261472697.49992,"Southeast",242550.867209,242550.867208701
"57",5,"Cummings Creek",176,"Grassland/Pasture",6450,1434.4413,"Columbia","170601070604",7510.23880229902,"huc12","{B8F6813A-3547-4908-8168-A37957DF3808}",NA,NA,NA,NA,2013-01-17 23:09:21,NA,12727.02,51.5,"WA","S","TF","170601070606",0,0,"{AAC0E498-E29C-11E2-8094-0021280458E6}",74,74,"Columbia CD",2261472697.5,"Southeast",2261472697.49992,"Southeast",242550.867209,242550.867208701
"58",6,"Tumalum Creek",24,"Winter Wheat",1,0.222394,"Columbia","170601070605",709.270636812645,"huc12","{7026625D-A926-4D8C-9281-8E1CCCDC0ACC}",NA,NA,NA,NA,2013-01-17 23:09:21,NA,10276.34,41.59,"WA","S","TF","170601070606",0,0,"{AAC0FC13-E29C-11E2-8094-0021280458E6}",74,74,"Columbia CD",2261472697.5,"Southeast",2261472697.49992,"Southeast",242550.867209,242550.867208701
"59",6,"Tumalum Creek",28,"Oats",1,0.222394,"Columbia","170601070605",709.270636812645,"huc12","{7026625D-A926-4D8C-9281-8E1CCCDC0ACC}",NA,NA,NA,NA,2013-01-17 23:09:21,NA,10276.34,41.59,"WA","S","TF","170601070606",0,0,"{AAC0FC13-E29C-11E2-8094-0021280458E6}",74,74,"Columbia CD",2261472697.5,"Southeast",2261472697.49992,"Southeast",242550.867209,242550.867208701
"60",6,"Tumalum Creek",121,"Developed/Open Space",32,7.116608,"Columbia","170601070605",709.270636812645,"huc12","{7026625D-A926-4D8C-9281-8E1CCCDC0ACC}",NA,NA,NA,NA,2013-01-17 23:09:21,NA,10276.34,41.59,"WA","S","TF","170601070606",0,0,"{AAC0FC13-E29C-11E2-8094-0021280458E6}",74,74,"Columbia CD",2261472697.5,"Southeast",2261472697.49992,"Southeast",242550.867209,242550.867208701
"61",6,"Tumalum Creek",122,"Developed/Low Intensity",7,1.556758,"Columbia","170601070605",709.270636812645,"huc12","{7026625D-A926-4D8C-9281-8E1CCCDC0ACC}",NA,NA,NA,NA,2013-01-17 23:09:21,NA,10276.34,41.59,"WA","S","TF","170601070606",0,0,"{AAC0FC13-E29C-11E2-8094-0021280458E6}",74,74,"Columbia CD",2261472697.5,"Southeast",2261472697.49992,"Southeast",242550.867209,242550.867208701
"62",6,"Tumalum Creek",142,"Evergreen Forest",1077,239.518338,"Columbia","170601070605",709.270636812645,"huc12","{7026625D-A926-4D8C-9281-8E1CCCDC0ACC}",NA,NA,NA,NA,2013-01-17 23:09:21,NA,10276.34,41.59,"WA","S","TF","170601070606",0,0,"{AAC0FC13-E29C-11E2-8094-0021280458E6}",74,74,"Columbia CD",2261472697.5,"Southeast",2261472697.49992,"Southeast",242550.867209,242550.867208701
"63",6,"Tumalum Creek",152,"Shrubland",784,174.356896,"Columbia","170601070605",709.270636812645,"huc12","{7026625D-A926-4D8C-9281-8E1CCCDC0ACC}",NA,NA,NA,NA,2013-01-17 23:09:21,NA,10276.34,41.59,"WA","S","TF","170601070606",0,0,"{AAC0FC13-E29C-11E2-8094-0021280458E6}",74,74,"Columbia CD",2261472697.5,"Southeast",2261472697.49992,"Southeast",242550.867209,242550.867208701
"64",6,"Tumalum Creek",176,"Grassland/Pasture",1291,287.110654,"Columbia","170601070605",709.270636812645,"huc12","{7026625D-A926-4D8C-9281-8E1CCCDC0ACC}",NA,NA,NA,NA,2013-01-17 23:09:21,NA,10276.34,41.59,"WA","S","TF","170601070606",0,0,"{AAC0FC13-E29C-11E2-8094-0021280458E6}",74,74,"Columbia CD",2261472697.5,"Southeast",2261472697.49992,"Southeast",242550.867209,242550.867208701
"65",7,"Hartsock Grade-Tucannon River",21,"Barley",2099,466.805006,"Columbia","170601070606",11425.8359196857,"huc12","{1FB4C6B4-B924-4FE9-B9D4-6B88602DB43F}",NA,NA,NA,NA,2013-01-17 23:09:21,NA,12709.37,51.43,"WA","S","TF","170601070608",0,0,"{AAC11AEF-E29C-11E2-8094-0021280458E6}",74,74,"Columbia CD",2261472697.5,"Southeast",2261472697.49992,"Southeast",242550.867209,242550.867208701
"66",7,"Hartsock Grade-Tucannon River",23,"Spring Wheat",526,116.979244,"Columbia","170601070606",11425.8359196857,"huc12","{1FB4C6B4-B924-4FE9-B9D4-6B88602DB43F}",NA,NA,NA,NA,2013-01-17 23:09:21,NA,12709.37,51.43,"WA","S","TF","170601070608",0,0,"{AAC11AEF-E29C-11E2-8094-0021280458E6}",74,74,"Columbia CD",2261472697.5,"Southeast",2261472697.49992,"Southeast",242550.867209,242550.867208701
"67",7,"Hartsock Grade-Tucannon River",24,"Winter Wheat",8857,1969.743658,"Columbia","170601070606",11425.8359196857,"huc12","{1FB4C6B4-B924-4FE9-B9D4-6B88602DB43F}",NA,NA,NA,NA,2013-01-17 23:09:21,NA,12709.37,51.43,"WA","S","TF","170601070608",0,0,"{AAC11AEF-E29C-11E2-8094-0021280458E6}",74,74,"Columbia CD",2261472697.5,"Southeast",2261472697.49992,"Southeast",242550.867209,242550.867208701
"68",7,"Hartsock Grade-Tucannon River",28,"Oats",5,1.11197,"Columbia","170601070606",11425.8359196857,"huc12","{1FB4C6B4-B924-4FE9-B9D4-6B88602DB43F}",NA,NA,NA,NA,2013-01-17 23:09:21,NA,12709.37,51.43,"WA","S","TF","170601070608",0,0,"{AAC11AEF-E29C-11E2-8094-0021280458E6}",74,74,"Columbia CD",2261472697.5,"Southeast",2261472697.49992,"Southeast",242550.867209,242550.867208701
"69",7,"Hartsock Grade-Tucannon River",36,"Alfalfa",227,50.483438,"Columbia","170601070606",11425.8359196857,"huc12","{1FB4C6B4-B924-4FE9-B9D4-6B88602DB43F}",NA,NA,NA,NA,2013-01-17 23:09:21,NA,12709.37,51.43,"WA","S","TF","170601070608",0,0,"{AAC11AEF-E29C-11E2-8094-0021280458E6}",74,74,"Columbia CD",2261472697.5,"Southeast",2261472697.49992,"Southeast",242550.867209,242550.867208701
"70",7,"Hartsock Grade-Tucannon River",37,"Other Hay/Non Alfalfa",552,122.761488,"Columbia","170601070606",11425.8359196857,"huc12","{1FB4C6B4-B924-4FE9-B9D4-6B88602DB43F}",NA,NA,NA,NA,2013-01-17 23:09:21,NA,12709.37,51.43,"WA","S","TF","170601070608",0,0,"{AAC11AEF-E29C-11E2-8094-0021280458E6}",74,74,"Columbia CD",2261472697.5,"Southeast",2261472697.49992,"Southeast",242550.867209,242550.867208701
"71",7,"Hartsock Grade-Tucannon River",42,"Dry Beans",20,4.44788,"Columbia","170601070606",11425.8359196857,"huc12","{1FB4C6B4-B924-4FE9-B9D4-6B88602DB43F}",NA,NA,NA,NA,2013-01-17 23:09:21,NA,12709.37,51.43,"WA","S","TF","170601070608",0,0,"{AAC11AEF-E29C-11E2-8094-0021280458E6}",74,74,"Columbia CD",2261472697.5,"Southeast",2261472697.49992,"Southeast",242550.867209,242550.867208701
"72",7,"Hartsock Grade-Tucannon River",52,"Lentils",16,3.558304,"Columbia","170601070606",11425.8359196857,"huc12","{1FB4C6B4-B924-4FE9-B9D4-6B88602DB43F}",NA,NA,NA,NA,2013-01-17 23:09:21,NA,12709.37,51.43,"WA","S","TF","170601070608",0,0,"{AAC11AEF-E29C-11E2-8094-0021280458E6}",74,74,"Columbia CD",2261472697.5,"Southeast",2261472697.49992,"Southeast",242550.867209,242550.867208701
"73",7,"Hartsock Grade-Tucannon River",53,"Peas",923,205.269662,"Columbia","170601070606",11425.8359196857,"huc12","{1FB4C6B4-B924-4FE9-B9D4-6B88602DB43F}",NA,NA,NA,NA,2013-01-17 23:09:21,NA,12709.37,51.43,"WA","S","TF","170601070608",0,0,"{AAC11AEF-E29C-11E2-8094-0021280458E6}",74,74,"Columbia CD",2261472697.5,"Southeast",2261472697.49992,"Southeast",242550.867209,242550.867208701
"74",7,"Hartsock Grade-Tucannon River",59,"Sod/Grass Seed",2,0.444788,"Columbia","170601070606",11425.8359196857,"huc12","{1FB4C6B4-B924-4FE9-B9D4-6B88602DB43F}",NA,NA,NA,NA,2013-01-17 23:09:21,NA,12709.37,51.43,"WA","S","TF","170601070608",0,0,"{AAC11AEF-E29C-11E2-8094-0021280458E6}",74,74,"Columbia CD",2261472697.5,"Southeast",2261472697.49992,"Southeast",242550.867209,242550.867208701
"75",7,"Hartsock Grade-Tucannon River",61,"Fallow/Idle Cropland",139,30.912766,"Columbia","170601070606",11425.8359196857,"huc12","{1FB4C6B4-B924-4FE9-B9D4-6B88602DB43F}",NA,NA,NA,NA,2013-01-17 23:09:21,NA,12709.37,51.43,"WA","S","TF","170601070608",0,0,"{AAC11AEF-E29C-11E2-8094-0021280458E6}",74,74,"Columbia CD",2261472697.5,"Southeast",2261472697.49992,"Southeast",242550.867209,242550.867208701
"76",7,"Hartsock Grade-Tucannon River",68,"Apples",9,2.001546,"Columbia","170601070606",11425.8359196857,"huc12","{1FB4C6B4-B924-4FE9-B9D4-6B88602DB43F}",NA,NA,NA,NA,2013-01-17 23:09:21,NA,12709.37,51.43,"WA","S","TF","170601070608",0,0,"{AAC11AEF-E29C-11E2-8094-0021280458E6}",74,74,"Columbia CD",2261472697.5,"Southeast",2261472697.49992,"Southeast",242550.867209,242550.867208701
"77",7,"Hartsock Grade-Tucannon River",77,"Pears",2,0.444788,"Columbia","170601070606",11425.8359196857,"huc12","{1FB4C6B4-B924-4FE9-B9D4-6B88602DB43F}",NA,NA,NA,NA,2013-01-17 23:09:21,NA,12709.37,51.43,"WA","S","TF","170601070608",0,0,"{AAC11AEF-E29C-11E2-8094-0021280458E6}",74,74,"Columbia CD",2261472697.5,"Southeast",2261472697.49992,"Southeast",242550.867209,242550.867208701
"78",7,"Hartsock Grade-Tucannon River",111,"Open Water",1,0.222394,"Columbia","170601070606",11425.8359196857,"huc12","{1FB4C6B4-B924-4FE9-B9D4-6B88602DB43F}",NA,NA,NA,NA,2013-01-17 23:09:21,NA,12709.37,51.43,"WA","S","TF","170601070608",0,0,"{AAC11AEF-E29C-11E2-8094-0021280458E6}",74,74,"Columbia CD",2261472697.5,"Southeast",2261472697.49992,"Southeast",242550.867209,242550.867208701
"79",7,"Hartsock Grade-Tucannon River",121,"Developed/Open Space",1258,279.771652,"Columbia","170601070606",11425.8359196857,"huc12","{1FB4C6B4-B924-4FE9-B9D4-6B88602DB43F}",NA,NA,NA,NA,2013-01-17 23:09:21,NA,12709.37,51.43,"WA","S","TF","170601070608",0,0,"{AAC11AEF-E29C-11E2-8094-0021280458E6}",74,74,"Columbia CD",2261472697.5,"Southeast",2261472697.49992,"Southeast",242550.867209,242550.867208701
"80",7,"Hartsock Grade-Tucannon River",122,"Developed/Low Intensity",77,17.124338,"Columbia","170601070606",11425.8359196857,"huc12","{1FB4C6B4-B924-4FE9-B9D4-6B88602DB43F}",NA,NA,NA,NA,2013-01-17 23:09:21,NA,12709.37,51.43,"WA","S","TF","170601070608",0,0,"{AAC11AEF-E29C-11E2-8094-0021280458E6}",74,74,"Columbia CD",2261472697.5,"Southeast",2261472697.49992,"Southeast",242550.867209,242550.867208701
"81",7,"Hartsock Grade-Tucannon River",123,"Developed/Med Intensity",3,0.667182,"Columbia","170601070606",11425.8359196857,"huc12","{1FB4C6B4-B924-4FE9-B9D4-6B88602DB43F}",NA,NA,NA,NA,2013-01-17 23:09:21,NA,12709.37,51.43,"WA","S","TF","170601070608",0,0,"{AAC11AEF-E29C-11E2-8094-0021280458E6}",74,74,"Columbia CD",2261472697.5,"Southeast",2261472697.49992,"Southeast",242550.867209,242550.867208701
"82",7,"Hartsock Grade-Tucannon River",141,"Deciduous Forest",2,0.444788,"Columbia","170601070606",11425.8359196857,"huc12","{1FB4C6B4-B924-4FE9-B9D4-6B88602DB43F}",NA,NA,NA,NA,2013-01-17 23:09:21,NA,12709.37,51.43,"WA","S","TF","170601070608",0,0,"{AAC11AEF-E29C-11E2-8094-0021280458E6}",74,74,"Columbia CD",2261472697.5,"Southeast",2261472697.49992,"Southeast",242550.867209,242550.867208701
"83",7,"Hartsock Grade-Tucannon River",142,"Evergreen Forest",5675,1262.08595,"Columbia","170601070606",11425.8359196857,"huc12","{1FB4C6B4-B924-4FE9-B9D4-6B88602DB43F}",NA,NA,NA,NA,2013-01-17 23:09:21,NA,12709.37,51.43,"WA","S","TF","170601070608",0,0,"{AAC11AEF-E29C-11E2-8094-0021280458E6}",74,74,"Columbia CD",2261472697.5,"Southeast",2261472697.49992,"Southeast",242550.867209,242550.867208701
"84",7,"Hartsock Grade-Tucannon River",143,"Mixed Forest",5,1.11197,"Columbia","170601070606",11425.8359196857,"huc12","{1FB4C6B4-B924-4FE9-B9D4-6B88602DB43F}",NA,NA,NA,NA,2013-01-17 23:09:21,NA,12709.37,51.43,"WA","S","TF","170601070608",0,0,"{AAC11AEF-E29C-11E2-8094-0021280458E6}",74,74,"Columbia CD",2261472697.5,"Southeast",2261472697.49992,"Southeast",242550.867209,242550.867208701
"85",7,"Hartsock Grade-Tucannon River",152,"Shrubland",4893,1088.173842,"Columbia","170601070606",11425.8359196857,"huc12","{1FB4C6B4-B924-4FE9-B9D4-6B88602DB43F}",NA,NA,NA,NA,2013-01-17 23:09:21,NA,12709.37,51.43,"WA","S","TF","170601070608",0,0,"{AAC11AEF-E29C-11E2-8094-0021280458E6}",74,74,"Columbia CD",2261472697.5,"Southeast",2261472697.49992,"Southeast",242550.867209,242550.867208701
"86",7,"Hartsock Grade-Tucannon River",176,"Grassland/Pasture",26018,5786.247092,"Columbia","170601070606",11425.8359196857,"huc12","{1FB4C6B4-B924-4FE9-B9D4-6B88602DB43F}",NA,NA,NA,NA,2013-01-17 23:09:21,NA,12709.37,51.43,"WA","S","TF","170601070608",0,0,"{AAC11AEF-E29C-11E2-8094-0021280458E6}",74,74,"Columbia CD",2261472697.5,"Southeast",2261472697.49992,"Southeast",242550.867209,242550.867208701
"87",7,"Hartsock Grade-Tucannon River",190,"Woody Wetlands",21,4.670274,"Columbia","170601070606",11425.8359196857,"huc12","{1FB4C6B4-B924-4FE9-B9D4-6B88602DB43F}",NA,NA,NA,NA,2013-01-17 23:09:21,NA,12709.37,51.43,"WA","S","TF","170601070608",0,0,"{AAC11AEF-E29C-11E2-8094-0021280458E6}",74,74,"Columbia CD",2261472697.5,"Southeast",2261472697.49992,"Southeast",242550.867209,242550.867208701
"88",7,"Hartsock Grade-Tucannon River",195,"Herbaceous Wetlands",43,9.562942,"Columbia","170601070606",11425.8359196857,"huc12","{1FB4C6B4-B924-4FE9-B9D4-6B88602DB43F}",NA,NA,NA,NA,2013-01-17 23:09:21,NA,12709.37,51.43,"WA","S","TF","170601070608",0,0,"{AAC11AEF-E29C-11E2-8094-0021280458E6}",74,74,"Columbia CD",2261472697.5,"Southeast",2261472697.49992,"Southeast",242550.867209,242550.867208701
"89",8,"Willow Creek",21,"Barley",2441,542.863754,"Columbia","170601070607",19131.3377015236,"huc12","{D86BCF53-34A3-4B59-9B19-65FD99869F06}",NA,NA,NA,NA,2013-01-17 23:09:21,NA,19131.41,77.42,"WA","S","TF","170601070608",0,0,"{AAC13268-E29C-11E2-8094-0021280458E6}",74,74,"Columbia CD",2261472697.5,"Southeast",2261472697.49992,"Southeast",242550.867209,242550.867208701
"90",8,"Willow Creek",23,"Spring Wheat",6504,1446.450576,"Columbia","170601070607",19131.3377015236,"huc12","{D86BCF53-34A3-4B59-9B19-65FD99869F06}",NA,NA,NA,NA,2013-01-17 23:09:21,NA,19131.41,77.42,"WA","S","TF","170601070608",0,0,"{AAC13268-E29C-11E2-8094-0021280458E6}",74,74,"Columbia CD",2261472697.5,"Southeast",2261472697.49992,"Southeast",242550.867209,242550.867208701
"91",8,"Willow Creek",24,"Winter Wheat",23827,5298.981838,"Columbia","170601070607",19131.3377015236,"huc12","{D86BCF53-34A3-4B59-9B19-65FD99869F06}",NA,NA,NA,NA,2013-01-17 23:09:21,NA,19131.41,77.42,"WA","S","TF","170601070608",0,0,"{AAC13268-E29C-11E2-8094-0021280458E6}",74,74,"Columbia CD",2261472697.5,"Southeast",2261472697.49992,"Southeast",242550.867209,242550.867208701
"92",8,"Willow Creek",31,"Canola",348,77.393112,"Columbia","170601070607",19131.3377015236,"huc12","{D86BCF53-34A3-4B59-9B19-65FD99869F06}",NA,NA,NA,NA,2013-01-17 23:09:21,NA,19131.41,77.42,"WA","S","TF","170601070608",0,0,"{AAC13268-E29C-11E2-8094-0021280458E6}",74,74,"Columbia CD",2261472697.5,"Southeast",2261472697.49992,"Southeast",242550.867209,242550.867208701
"93",8,"Willow Creek",35,"Mustard",7,1.556758,"Columbia","170601070607",19131.3377015236,"huc12","{D86BCF53-34A3-4B59-9B19-65FD99869F06}",NA,NA,NA,NA,2013-01-17 23:09:21,NA,19131.41,77.42,"WA","S","TF","170601070608",0,0,"{AAC13268-E29C-11E2-8094-0021280458E6}",74,74,"Columbia CD",2261472697.5,"Southeast",2261472697.49992,"Southeast",242550.867209,242550.867208701
"94",8,"Willow Creek",36,"Alfalfa",18,4.003092,"Columbia","170601070607",19131.3377015236,"huc12","{D86BCF53-34A3-4B59-9B19-65FD99869F06}",NA,NA,NA,NA,2013-01-17 23:09:21,NA,19131.41,77.42,"WA","S","TF","170601070608",0,0,"{AAC13268-E29C-11E2-8094-0021280458E6}",74,74,"Columbia CD",2261472697.5,"Southeast",2261472697.49992,"Southeast",242550.867209,242550.867208701
"95",8,"Willow Creek",37,"Other Hay/Non Alfalfa",85,18.90349,"Columbia","170601070607",19131.3377015236,"huc12","{D86BCF53-34A3-4B59-9B19-65FD99869F06}",NA,NA,NA,NA,2013-01-17 23:09:21,NA,19131.41,77.42,"WA","S","TF","170601070608",0,0,"{AAC13268-E29C-11E2-8094-0021280458E6}",74,74,"Columbia CD",2261472697.5,"Southeast",2261472697.49992,"Southeast",242550.867209,242550.867208701
"96",8,"Willow Creek",42,"Dry Beans",138,30.690372,"Columbia","170601070607",19131.3377015236,"huc12","{D86BCF53-34A3-4B59-9B19-65FD99869F06}",NA,NA,NA,NA,2013-01-17 23:09:21,NA,19131.41,77.42,"WA","S","TF","170601070608",0,0,"{AAC13268-E29C-11E2-8094-0021280458E6}",74,74,"Columbia CD",2261472697.5,"Southeast",2261472697.49992,"Southeast",242550.867209,242550.867208701
"97",8,"Willow Creek",52,"Lentils",1,0.222394,"Columbia","170601070607",19131.3377015236,"huc12","{D86BCF53-34A3-4B59-9B19-65FD99869F06}",NA,NA,NA,NA,2013-01-17 23:09:21,NA,19131.41,77.42,"WA","S","TF","170601070608",0,0,"{AAC13268-E29C-11E2-8094-0021280458E6}",74,74,"Columbia CD",2261472697.5,"Southeast",2261472697.49992,"Southeast",242550.867209,242550.867208701
"98",8,"Willow Creek",53,"Peas",1090,242.40946,"Columbia","170601070607",19131.3377015236,"huc12","{D86BCF53-34A3-4B59-9B19-65FD99869F06}",NA,NA,NA,NA,2013-01-17 23:09:21,NA,19131.41,77.42,"WA","S","TF","170601070608",0,0,"{AAC13268-E29C-11E2-8094-0021280458E6}",74,74,"Columbia CD",2261472697.5,"Southeast",2261472697.49992,"Southeast",242550.867209,242550.867208701
"99",8,"Willow Creek",61,"Fallow/Idle Cropland",10474,2329.354756,"Columbia","170601070607",19131.3377015236,"huc12","{D86BCF53-34A3-4B59-9B19-65FD99869F06}",NA,NA,NA,NA,2013-01-17 23:09:21,NA,19131.41,77.42,"WA","S","TF","170601070608",0,0,"{AAC13268-E29C-11E2-8094-0021280458E6}",74,74,"Columbia CD",2261472697.5,"Southeast",2261472697.49992,"Southeast",242550.867209,242550.867208701
"100",8,"Willow Creek",121,"Developed/Open Space",2523,561.100062,"Columbia","170601070607",19131.3377015236,"huc12","{D86BCF53-34A3-4B59-9B19-65FD99869F06}",NA,NA,NA,NA,2013-01-17 23:09:21,NA,19131.41,77.42,"WA","S","TF","170601070608",0,0,"{AAC13268-E29C-11E2-8094-0021280458E6}",74,74,"Columbia CD",2261472697.5,"Southeast",2261472697.49992,"Southeast",242550.867209,242550.867208701
"101",8,"Willow Creek",122,"Developed/Low Intensity",194,43.144436,"Columbia","170601070607",19131.3377015236,"huc12","{D86BCF53-34A3-4B59-9B19-65FD99869F06}",NA,NA,NA,NA,2013-01-17 23:09:21,NA,19131.41,77.42,"WA","S","TF","170601070608",0,0,"{AAC13268-E29C-11E2-8094-0021280458E6}",74,74,"Columbia CD",2261472697.5,"Southeast",2261472697.49992,"Southeast",242550.867209,242550.867208701
"102",8,"Willow Creek",123,"Developed/Med Intensity",6,1.334364,"Columbia","170601070607",19131.3377015236,"huc12","{D86BCF53-34A3-4B59-9B19-65FD99869F06}",NA,NA,NA,NA,2013-01-17 23:09:21,NA,19131.41,77.42,"WA","S","TF","170601070608",0,0,"{AAC13268-E29C-11E2-8094-0021280458E6}",74,74,"Columbia CD",2261472697.5,"Southeast",2261472697.49992,"Southeast",242550.867209,242550.867208701
"103",8,"Willow Creek",142,"Evergreen Forest",62,13.788428,"Columbia","170601070607",19131.3377015236,"huc12","{D86BCF53-34A3-4B59-9B19-65FD99869F06}",NA,NA,NA,NA,2013-01-17 23:09:21,NA,19131.41,77.42,"WA","S","TF","170601070608",0,0,"{AAC13268-E29C-11E2-8094-0021280458E6}",74,74,"Columbia CD",2261472697.5,"Southeast",2261472697.49992,"Southeast",242550.867209,242550.867208701
"104",8,"Willow Creek",143,"Mixed Forest",1,0.222394,"Columbia","170601070607",19131.3377015236,"huc12","{D86BCF53-34A3-4B59-9B19-65FD99869F06}",NA,NA,NA,NA,2013-01-17 23:09:21,NA,19131.41,77.42,"WA","S","TF","170601070608",0,0,"{AAC13268-E29C-11E2-8094-0021280458E6}",74,74,"Columbia CD",2261472697.5,"Southeast",2261472697.49992,"Southeast",242550.867209,242550.867208701
"105",8,"Willow Creek",152,"Shrubland",8707,1936.384558,"Columbia","170601070607",19131.3377015236,"huc12","{D86BCF53-34A3-4B59-9B19-65FD99869F06}",NA,NA,NA,NA,2013-01-17 23:09:21,NA,19131.41,77.42,"WA","S","TF","170601070608",0,0,"{AAC13268-E29C-11E2-8094-0021280458E6}",74,74,"Columbia CD",2261472697.5,"Southeast",2261472697.49992,"Southeast",242550.867209,242550.867208701
"106",8,"Willow Creek",176,"Grassland/Pasture",29582,6578.859308,"Columbia","170601070607",19131.3377015236,"huc12","{D86BCF53-34A3-4B59-9B19-65FD99869F06}",NA,NA,NA,NA,2013-01-17 23:09:21,NA,19131.41,77.42,"WA","S","TF","170601070608",0,0,"{AAC13268-E29C-11E2-8094-0021280458E6}",74,74,"Columbia CD",2261472697.5,"Southeast",2261472697.49992,"Southeast",242550.867209,242550.867208701
"107",8,"Willow Creek",190,"Woody Wetlands",4,0.889576,"Columbia","170601070607",19131.3377015236,"huc12","{D86BCF53-34A3-4B59-9B19-65FD99869F06}",NA,NA,NA,NA,2013-01-17 23:09:21,NA,19131.41,77.42,"WA","S","TF","170601070608",0,0,"{AAC13268-E29C-11E2-8094-0021280458E6}",74,74,"Columbia CD",2261472697.5,"Southeast",2261472697.49992,"Southeast",242550.867209,242550.867208701
"108",8,"Willow Creek",195,"Herbaceous Wetlands",10,2.22394,"Columbia","170601070607",19131.3377015236,"huc12","{D86BCF53-34A3-4B59-9B19-65FD99869F06}",NA,NA,NA,NA,2013-01-17 23:09:21,NA,19131.41,77.42,"WA","S","TF","170601070608",0,0,"{AAC13268-E29C-11E2-8094-0021280458E6}",74,74,"Columbia CD",2261472697.5,"Southeast",2261472697.49992,"Southeast",242550.867209,242550.867208701
"109",9,"Town of Marengo-Tucannon River",1,"Corn",42,9.340548,"Columbia","170601070608",21183.27763852,"huc12","{955C3936-4D7A-4F9B-862C-6C7AA0DF986C}",NA,NA,NA,NA,2013-01-17 23:09:21,NA,23039.65,93.24,"WA","S","TF","170601070701",0,0,"{AAC15144-E29C-11E2-8094-0021280458E6}",74,74,"Columbia CD",2261472697.5,"Southeast",2261472697.49992,"Southeast",242550.867209,242550.867208701
"110",9,"Town of Marengo-Tucannon River",5,"Soybeans",1,0.222394,"Columbia","170601070608",21183.27763852,"huc12","{955C3936-4D7A-4F9B-862C-6C7AA0DF986C}",NA,NA,NA,NA,2013-01-17 23:09:21,NA,23039.65,93.24,"WA","S","TF","170601070701",0,0,"{AAC15144-E29C-11E2-8094-0021280458E6}",74,74,"Columbia CD",2261472697.5,"Southeast",2261472697.49992,"Southeast",242550.867209,242550.867208701
"111",9,"Town of Marengo-Tucannon River",21,"Barley",479,106.526726,"Columbia","170601070608",21183.27763852,"huc12","{955C3936-4D7A-4F9B-862C-6C7AA0DF986C}",NA,NA,NA,NA,2013-01-17 23:09:21,NA,23039.65,93.24,"WA","S","TF","170601070701",0,0,"{AAC15144-E29C-11E2-8094-0021280458E6}",74,74,"Columbia CD",2261472697.5,"Southeast",2261472697.49992,"Southeast",242550.867209,242550.867208701
"112",9,"Town of Marengo-Tucannon River",23,"Spring Wheat",4159,924.936646,"Columbia","170601070608",21183.27763852,"huc12","{955C3936-4D7A-4F9B-862C-6C7AA0DF986C}",NA,NA,NA,NA,2013-01-17 23:09:21,NA,23039.65,93.24,"WA","S","TF","170601070701",0,0,"{AAC15144-E29C-11E2-8094-0021280458E6}",74,74,"Columbia CD",2261472697.5,"Southeast",2261472697.49992,"Southeast",242550.867209,242550.867208701
"113",9,"Town of Marengo-Tucannon River",24,"Winter Wheat",5788,1287.216472,"Columbia","170601070608",21183.27763852,"huc12","{955C3936-4D7A-4F9B-862C-6C7AA0DF986C}",NA,NA,NA,NA,2013-01-17 23:09:21,NA,23039.65,93.24,"WA","S","TF","170601070701",0,0,"{AAC15144-E29C-11E2-8094-0021280458E6}",74,74,"Columbia CD",2261472697.5,"Southeast",2261472697.49992,"Southeast",242550.867209,242550.867208701
"114",9,"Town of Marengo-Tucannon River",28,"Oats",1,0.222394,"Columbia","170601070608",21183.27763852,"huc12","{955C3936-4D7A-4F9B-862C-6C7AA0DF986C}",NA,NA,NA,NA,2013-01-17 23:09:21,NA,23039.65,93.24,"WA","S","TF","170601070701",0,0,"{AAC15144-E29C-11E2-8094-0021280458E6}",74,74,"Columbia CD",2261472697.5,"Southeast",2261472697.49992,"Southeast",242550.867209,242550.867208701
"115",9,"Town of Marengo-Tucannon River",36,"Alfalfa",1085,241.29749,"Columbia","170601070608",21183.27763852,"huc12","{955C3936-4D7A-4F9B-862C-6C7AA0DF986C}",NA,NA,NA,NA,2013-01-17 23:09:21,NA,23039.65,93.24,"WA","S","TF","170601070701",0,0,"{AAC15144-E29C-11E2-8094-0021280458E6}",74,74,"Columbia CD",2261472697.5,"Southeast",2261472697.49992,"Southeast",242550.867209,242550.867208701
"116",9,"Town of Marengo-Tucannon River",37,"Other Hay/Non Alfalfa",1769,393.414986,"Columbia","170601070608",21183.27763852,"huc12","{955C3936-4D7A-4F9B-862C-6C7AA0DF986C}",NA,NA,NA,NA,2013-01-17 23:09:21,NA,23039.65,93.24,"WA","S","TF","170601070701",0,0,"{AAC15144-E29C-11E2-8094-0021280458E6}",74,74,"Columbia CD",2261472697.5,"Southeast",2261472697.49992,"Southeast",242550.867209,242550.867208701
"117",9,"Town of Marengo-Tucannon River",42,"Dry Beans",10,2.22394,"Columbia","170601070608",21183.27763852,"huc12","{955C3936-4D7A-4F9B-862C-6C7AA0DF986C}",NA,NA,NA,NA,2013-01-17 23:09:21,NA,23039.65,93.24,"WA","S","TF","170601070701",0,0,"{AAC15144-E29C-11E2-8094-0021280458E6}",74,74,"Columbia CD",2261472697.5,"Southeast",2261472697.49992,"Southeast",242550.867209,242550.867208701
"118",9,"Town of Marengo-Tucannon River",43,"Potatoes",3,0.667182,"Columbia","170601070608",21183.27763852,"huc12","{955C3936-4D7A-4F9B-862C-6C7AA0DF986C}",NA,NA,NA,NA,2013-01-17 23:09:21,NA,23039.65,93.24,"WA","S","TF","170601070701",0,0,"{AAC15144-E29C-11E2-8094-0021280458E6}",74,74,"Columbia CD",2261472697.5,"Southeast",2261472697.49992,"Southeast",242550.867209,242550.867208701
"119",9,"Town of Marengo-Tucannon River",52,"Lentils",26,5.782244,"Columbia","170601070608",21183.27763852,"huc12","{955C3936-4D7A-4F9B-862C-6C7AA0DF986C}",NA,NA,NA,NA,2013-01-17 23:09:21,NA,23039.65,93.24,"WA","S","TF","170601070701",0,0,"{AAC15144-E29C-11E2-8094-0021280458E6}",74,74,"Columbia CD",2261472697.5,"Southeast",2261472697.49992,"Southeast",242550.867209,242550.867208701
"120",9,"Town of Marengo-Tucannon River",53,"Peas",1633,363.169402,"Columbia","170601070608",21183.27763852,"huc12","{955C3936-4D7A-4F9B-862C-6C7AA0DF986C}",NA,NA,NA,NA,2013-01-17 23:09:21,NA,23039.65,93.24,"WA","S","TF","170601070701",0,0,"{AAC15144-E29C-11E2-8094-0021280458E6}",74,74,"Columbia CD",2261472697.5,"Southeast",2261472697.49992,"Southeast",242550.867209,242550.867208701
"121",9,"Town of Marengo-Tucannon River",61,"Fallow/Idle Cropland",5506,1224.501364,"Columbia","170601070608",21183.27763852,"huc12","{955C3936-4D7A-4F9B-862C-6C7AA0DF986C}",NA,NA,NA,NA,2013-01-17 23:09:21,NA,23039.65,93.24,"WA","S","TF","170601070701",0,0,"{AAC15144-E29C-11E2-8094-0021280458E6}",74,74,"Columbia CD",2261472697.5,"Southeast",2261472697.49992,"Southeast",242550.867209,242550.867208701
"122",9,"Town of Marengo-Tucannon River",68,"Apples",9,2.001546,"Columbia","170601070608",21183.27763852,"huc12","{955C3936-4D7A-4F9B-862C-6C7AA0DF986C}",NA,NA,NA,NA,2013-01-17 23:09:21,NA,23039.65,93.24,"WA","S","TF","170601070701",0,0,"{AAC15144-E29C-11E2-8094-0021280458E6}",74,74,"Columbia CD",2261472697.5,"Southeast",2261472697.49992,"Southeast",242550.867209,242550.867208701
"123",9,"Town of Marengo-Tucannon River",69,"Grapes",9,2.001546,"Columbia","170601070608",21183.27763852,"huc12","{955C3936-4D7A-4F9B-862C-6C7AA0DF986C}",NA,NA,NA,NA,2013-01-17 23:09:21,NA,23039.65,93.24,"WA","S","TF","170601070701",0,0,"{AAC15144-E29C-11E2-8094-0021280458E6}",74,74,"Columbia CD",2261472697.5,"Southeast",2261472697.49992,"Southeast",242550.867209,242550.867208701
"124",9,"Town of Marengo-Tucannon River",111,"Open Water",16,3.558304,"Columbia","170601070608",21183.27763852,"huc12","{955C3936-4D7A-4F9B-862C-6C7AA0DF986C}",NA,NA,NA,NA,2013-01-17 23:09:21,NA,23039.65,93.24,"WA","S","TF","170601070701",0,0,"{AAC15144-E29C-11E2-8094-0021280458E6}",74,74,"Columbia CD",2261472697.5,"Southeast",2261472697.49992,"Southeast",242550.867209,242550.867208701
"125",9,"Town of Marengo-Tucannon River",121,"Developed/Open Space",1894,421.214236,"Columbia","170601070608",21183.27763852,"huc12","{955C3936-4D7A-4F9B-862C-6C7AA0DF986C}",NA,NA,NA,NA,2013-01-17 23:09:21,NA,23039.65,93.24,"WA","S","TF","170601070701",0,0,"{AAC15144-E29C-11E2-8094-0021280458E6}",74,74,"Columbia CD",2261472697.5,"Southeast",2261472697.49992,"Southeast",242550.867209,242550.867208701
"126",9,"Town of Marengo-Tucannon River",122,"Developed/Low Intensity",164,36.472616,"Columbia","170601070608",21183.27763852,"huc12","{955C3936-4D7A-4F9B-862C-6C7AA0DF986C}",NA,NA,NA,NA,2013-01-17 23:09:21,NA,23039.65,93.24,"WA","S","TF","170601070701",0,0,"{AAC15144-E29C-11E2-8094-0021280458E6}",74,74,"Columbia CD",2261472697.5,"Southeast",2261472697.49992,"Southeast",242550.867209,242550.867208701
"127",9,"Town of Marengo-Tucannon River",123,"Developed/Med Intensity",4,0.889576,"Columbia","170601070608",21183.27763852,"huc12","{955C3936-4D7A-4F9B-862C-6C7AA0DF986C}",NA,NA,NA,NA,2013-01-17 23:09:21,NA,23039.65,93.24,"WA","S","TF","170601070701",0,0,"{AAC15144-E29C-11E2-8094-0021280458E6}",74,74,"Columbia CD",2261472697.5,"Southeast",2261472697.49992,"Southeast",242550.867209,242550.867208701
"128",9,"Town of Marengo-Tucannon River",141,"Deciduous Forest",1,0.222394,"Columbia","170601070608",21183.27763852,"huc12","{955C3936-4D7A-4F9B-862C-6C7AA0DF986C}",NA,NA,NA,NA,2013-01-17 23:09:21,NA,23039.65,93.24,"WA","S","TF","170601070701",0,0,"{AAC15144-E29C-11E2-8094-0021280458E6}",74,74,"Columbia CD",2261472697.5,"Southeast",2261472697.49992,"Southeast",242550.867209,242550.867208701
"129",9,"Town of Marengo-Tucannon River",142,"Evergreen Forest",756,168.129864,"Columbia","170601070608",21183.27763852,"huc12","{955C3936-4D7A-4F9B-862C-6C7AA0DF986C}",NA,NA,NA,NA,2013-01-17 23:09:21,NA,23039.65,93.24,"WA","S","TF","170601070701",0,0,"{AAC15144-E29C-11E2-8094-0021280458E6}",74,74,"Columbia CD",2261472697.5,"Southeast",2261472697.49992,"Southeast",242550.867209,242550.867208701
"130",9,"Town of Marengo-Tucannon River",143,"Mixed Forest",61,13.566034,"Columbia","170601070608",21183.27763852,"huc12","{955C3936-4D7A-4F9B-862C-6C7AA0DF986C}",NA,NA,NA,NA,2013-01-17 23:09:21,NA,23039.65,93.24,"WA","S","TF","170601070701",0,0,"{AAC15144-E29C-11E2-8094-0021280458E6}",74,74,"Columbia CD",2261472697.5,"Southeast",2261472697.49992,"Southeast",242550.867209,242550.867208701
"131",9,"Town of Marengo-Tucannon River",152,"Shrubland",13856,3081.491264,"Columbia","170601070608",21183.27763852,"huc12","{955C3936-4D7A-4F9B-862C-6C7AA0DF986C}",NA,NA,NA,NA,2013-01-17 23:09:21,NA,23039.65,93.24,"WA","S","TF","170601070701",0,0,"{AAC15144-E29C-11E2-8094-0021280458E6}",74,74,"Columbia CD",2261472697.5,"Southeast",2261472697.49992,"Southeast",242550.867209,242550.867208701
"132",9,"Town of Marengo-Tucannon River",176,"Grassland/Pasture",57528,12793.882032,"Columbia","170601070608",21183.27763852,"huc12","{955C3936-4D7A-4F9B-862C-6C7AA0DF986C}",NA,NA,NA,NA,2013-01-17 23:09:21,NA,23039.65,93.24,"WA","S","TF","170601070701",0,0,"{AAC15144-E29C-11E2-8094-0021280458E6}",74,74,"Columbia CD",2261472697.5,"Southeast",2261472697.49992,"Southeast",242550.867209,242550.867208701
"133",9,"Town of Marengo-Tucannon River",190,"Woody Wetlands",367,81.618598,"Columbia","170601070608",21183.27763852,"huc12","{955C3936-4D7A-4F9B-862C-6C7AA0DF986C}",NA,NA,NA,NA,2013-01-17 23:09:21,NA,23039.65,93.24,"WA","S","TF","170601070701",0,0,"{AAC15144-E29C-11E2-8094-0021280458E6}",74,74,"Columbia CD",2261472697.5,"Southeast",2261472697.49992,"Southeast",242550.867209,242550.867208701
"134",9,"Town of Marengo-Tucannon River",195,"Herbaceous Wetlands",70,15.56758,"Columbia","170601070608",21183.27763852,"huc12","{955C3936-4D7A-4F9B-862C-6C7AA0DF986C}",NA,NA,NA,NA,2013-01-17 23:09:21,NA,23039.65,93.24,"WA","S","TF","170601070701",0,0,"{AAC15144-E29C-11E2-8094-0021280458E6}",74,74,"Columbia CD",2261472697.5,"Southeast",2261472697.49992,"Southeast",242550.867209,242550.867208701
"135",9,"Town of Marengo-Tucannon River",205,"Triticale",24,5.337456,"Columbia","170601070608",21183.27763852,"huc12","{955C3936-4D7A-4F9B-862C-6C7AA0DF986C}",NA,NA,NA,NA,2013-01-17 23:09:21,NA,23039.65,93.24,"WA","S","TF","170601070701",0,0,"{AAC15144-E29C-11E2-8094-0021280458E6}",74,74,"Columbia CD",2261472697.5,"Southeast",2261472697.49992,"Southeast",242550.867209,242550.867208701
"136",9,"Town of Marengo-Tucannon River",218,"Nectarines",1,0.222394,"Columbia","170601070608",21183.27763852,"huc12","{955C3936-4D7A-4F9B-862C-6C7AA0DF986C}",NA,NA,NA,NA,2013-01-17 23:09:21,NA,23039.65,93.24,"WA","S","TF","170601070701",0,0,"{AAC15144-E29C-11E2-8094-0021280458E6}",74,74,"Columbia CD",2261472697.5,"Southeast",2261472697.49992,"Southeast",242550.867209,242550.867208701
"137",10,"Smith Hollow-Tucannon River",1,"Corn",31,6.894214,"Columbia","170601070701",16708.2681788243,"huc12","{48656F59-BFB7-4FA2-B2DB-F324466FE938}",NA,NA,NA,NA,2013-01-17 23:09:21,NA,16708.35,67.62,"WA","S","TF","170601070703",0,0,"{AAC168B0-E29C-11E2-8094-0021280458E6}",74,74,"Columbia CD",2261472697.5,"Southeast",2261472697.49992,"Southeast",242550.867209,242550.867208701
"138",10,"Smith Hollow-Tucannon River",21,"Barley",863,191.926022,"Columbia","170601070701",16708.2681788243,"huc12","{48656F59-BFB7-4FA2-B2DB-F324466FE938}",NA,NA,NA,NA,2013-01-17 23:09:21,NA,16708.35,67.62,"WA","S","TF","170601070703",0,0,"{AAC168B0-E29C-11E2-8094-0021280458E6}",74,74,"Columbia CD",2261472697.5,"Southeast",2261472697.49992,"Southeast",242550.867209,242550.867208701
"139",10,"Smith Hollow-Tucannon River",23,"Spring Wheat",5965,1326.58021,"Columbia","170601070701",16708.2681788243,"huc12","{48656F59-BFB7-4FA2-B2DB-F324466FE938}",NA,NA,NA,NA,2013-01-17 23:09:21,NA,16708.35,67.62,"WA","S","TF","170601070703",0,0,"{AAC168B0-E29C-11E2-8094-0021280458E6}",74,74,"Columbia CD",2261472697.5,"Southeast",2261472697.49992,"Southeast",242550.867209,242550.867208701
"140",10,"Smith Hollow-Tucannon River",24,"Winter Wheat",11952,2658.053088,"Columbia","170601070701",16708.2681788243,"huc12","{48656F59-BFB7-4FA2-B2DB-F324466FE938}",NA,NA,NA,NA,2013-01-17 23:09:21,NA,16708.35,67.62,"WA","S","TF","170601070703",0,0,"{AAC168B0-E29C-11E2-8094-0021280458E6}",74,74,"Columbia CD",2261472697.5,"Southeast",2261472697.49992,"Southeast",242550.867209,242550.867208701
"141",10,"Smith Hollow-Tucannon River",31,"Canola",1,0.222394,"Columbia","170601070701",16708.2681788243,"huc12","{48656F59-BFB7-4FA2-B2DB-F324466FE938}",NA,NA,NA,NA,2013-01-17 23:09:21,NA,16708.35,67.62,"WA","S","TF","170601070703",0,0,"{AAC168B0-E29C-11E2-8094-0021280458E6}",74,74,"Columbia CD",2261472697.5,"Southeast",2261472697.49992,"Southeast",242550.867209,242550.867208701
"142",10,"Smith Hollow-Tucannon River",32,"Flaxseed",1,0.222394,"Columbia","170601070701",16708.2681788243,"huc12","{48656F59-BFB7-4FA2-B2DB-F324466FE938}",NA,NA,NA,NA,2013-01-17 23:09:21,NA,16708.35,67.62,"WA","S","TF","170601070703",0,0,"{AAC168B0-E29C-11E2-8094-0021280458E6}",74,74,"Columbia CD",2261472697.5,"Southeast",2261472697.49992,"Southeast",242550.867209,242550.867208701
"143",10,"Smith Hollow-Tucannon River",35,"Mustard",2,0.444788,"Columbia","170601070701",16708.2681788243,"huc12","{48656F59-BFB7-4FA2-B2DB-F324466FE938}",NA,NA,NA,NA,2013-01-17 23:09:21,NA,16708.35,67.62,"WA","S","TF","170601070703",0,0,"{AAC168B0-E29C-11E2-8094-0021280458E6}",74,74,"Columbia CD",2261472697.5,"Southeast",2261472697.49992,"Southeast",242550.867209,242550.867208701
"144",10,"Smith Hollow-Tucannon River",36,"Alfalfa",377,83.842538,"Columbia","170601070701",16708.2681788243,"huc12","{48656F59-BFB7-4FA2-B2DB-F324466FE938}",NA,NA,NA,NA,2013-01-17 23:09:21,NA,16708.35,67.62,"WA","S","TF","170601070703",0,0,"{AAC168B0-E29C-11E2-8094-0021280458E6}",74,74,"Columbia CD",2261472697.5,"Southeast",2261472697.49992,"Southeast",242550.867209,242550.867208701
"145",10,"Smith Hollow-Tucannon River",37,"Other Hay/Non Alfalfa",44,9.785336,"Columbia","170601070701",16708.2681788243,"huc12","{48656F59-BFB7-4FA2-B2DB-F324466FE938}",NA,NA,NA,NA,2013-01-17 23:09:21,NA,16708.35,67.62,"WA","S","TF","170601070703",0,0,"{AAC168B0-E29C-11E2-8094-0021280458E6}",74,74,"Columbia CD",2261472697.5,"Southeast",2261472697.49992,"Southeast",242550.867209,242550.867208701
"146",10,"Smith Hollow-Tucannon River",42,"Dry Beans",5,1.11197,"Columbia","170601070701",16708.2681788243,"huc12","{48656F59-BFB7-4FA2-B2DB-F324466FE938}",NA,NA,NA,NA,2013-01-17 23:09:21,NA,16708.35,67.62,"WA","S","TF","170601070703",0,0,"{AAC168B0-E29C-11E2-8094-0021280458E6}",74,74,"Columbia CD",2261472697.5,"Southeast",2261472697.49992,"Southeast",242550.867209,242550.867208701
"147",10,"Smith Hollow-Tucannon River",53,"Peas",5976,1329.026544,"Columbia","170601070701",16708.2681788243,"huc12","{48656F59-BFB7-4FA2-B2DB-F324466FE938}",NA,NA,NA,NA,2013-01-17 23:09:21,NA,16708.35,67.62,"WA","S","TF","170601070703",0,0,"{AAC168B0-E29C-11E2-8094-0021280458E6}",74,74,"Columbia CD",2261472697.5,"Southeast",2261472697.49992,"Southeast",242550.867209,242550.867208701
"148",10,"Smith Hollow-Tucannon River",59,"Sod/Grass Seed",4,0.889576,"Columbia","170601070701",16708.2681788243,"huc12","{48656F59-BFB7-4FA2-B2DB-F324466FE938}",NA,NA,NA,NA,2013-01-17 23:09:21,NA,16708.35,67.62,"WA","S","TF","170601070703",0,0,"{AAC168B0-E29C-11E2-8094-0021280458E6}",74,74,"Columbia CD",2261472697.5,"Southeast",2261472697.49992,"Southeast",242550.867209,242550.867208701
"149",10,"Smith Hollow-Tucannon River",61,"Fallow/Idle Cropland",4357,968.970658,"Columbia","170601070701",16708.2681788243,"huc12","{48656F59-BFB7-4FA2-B2DB-F324466FE938}",NA,NA,NA,NA,2013-01-17 23:09:21,NA,16708.35,67.62,"WA","S","TF","170601070703",0,0,"{AAC168B0-E29C-11E2-8094-0021280458E6}",74,74,"Columbia CD",2261472697.5,"Southeast",2261472697.49992,"Southeast",242550.867209,242550.867208701
"150",10,"Smith Hollow-Tucannon River",68,"Apples",5,1.11197,"Columbia","170601070701",16708.2681788243,"huc12","{48656F59-BFB7-4FA2-B2DB-F324466FE938}",NA,NA,NA,NA,2013-01-17 23:09:21,NA,16708.35,67.62,"WA","S","TF","170601070703",0,0,"{AAC168B0-E29C-11E2-8094-0021280458E6}",74,74,"Columbia CD",2261472697.5,"Southeast",2261472697.49992,"Southeast",242550.867209,242550.867208701
"151",10,"Smith Hollow-Tucannon River",69,"Grapes",28,6.227032,"Columbia","170601070701",16708.2681788243,"huc12","{48656F59-BFB7-4FA2-B2DB-F324466FE938}",NA,NA,NA,NA,2013-01-17 23:09:21,NA,16708.35,67.62,"WA","S","TF","170601070703",0,0,"{AAC168B0-E29C-11E2-8094-0021280458E6}",74,74,"Columbia CD",2261472697.5,"Southeast",2261472697.49992,"Southeast",242550.867209,242550.867208701
"152",10,"Smith Hollow-Tucannon River",111,"Open Water",4,0.889576,"Columbia","170601070701",16708.2681788243,"huc12","{48656F59-BFB7-4FA2-B2DB-F324466FE938}",NA,NA,NA,NA,2013-01-17 23:09:21,NA,16708.35,67.62,"WA","S","TF","170601070703",0,0,"{AAC168B0-E29C-11E2-8094-0021280458E6}",74,74,"Columbia CD",2261472697.5,"Southeast",2261472697.49992,"Southeast",242550.867209,242550.867208701
"153",10,"Smith Hollow-Tucannon River",121,"Developed/Open Space",1190,264.64886,"Columbia","170601070701",16708.2681788243,"huc12","{48656F59-BFB7-4FA2-B2DB-F324466FE938}",NA,NA,NA,NA,2013-01-17 23:09:21,NA,16708.35,67.62,"WA","S","TF","170601070703",0,0,"{AAC168B0-E29C-11E2-8094-0021280458E6}",74,74,"Columbia CD",2261472697.5,"Southeast",2261472697.49992,"Southeast",242550.867209,242550.867208701
"154",10,"Smith Hollow-Tucannon River",122,"Developed/Low Intensity",57,12.676458,"Columbia","170601070701",16708.2681788243,"huc12","{48656F59-BFB7-4FA2-B2DB-F324466FE938}",NA,NA,NA,NA,2013-01-17 23:09:21,NA,16708.35,67.62,"WA","S","TF","170601070703",0,0,"{AAC168B0-E29C-11E2-8094-0021280458E6}",74,74,"Columbia CD",2261472697.5,"Southeast",2261472697.49992,"Southeast",242550.867209,242550.867208701
"155",10,"Smith Hollow-Tucannon River",123,"Developed/Med Intensity",9,2.001546,"Columbia","170601070701",16708.2681788243,"huc12","{48656F59-BFB7-4FA2-B2DB-F324466FE938}",NA,NA,NA,NA,2013-01-17 23:09:21,NA,16708.35,67.62,"WA","S","TF","170601070703",0,0,"{AAC168B0-E29C-11E2-8094-0021280458E6}",74,74,"Columbia CD",2261472697.5,"Southeast",2261472697.49992,"Southeast",242550.867209,242550.867208701
"156",10,"Smith Hollow-Tucannon River",141,"Deciduous Forest",10,2.22394,"Columbia","170601070701",16708.2681788243,"huc12","{48656F59-BFB7-4FA2-B2DB-F324466FE938}",NA,NA,NA,NA,2013-01-17 23:09:21,NA,16708.35,67.62,"WA","S","TF","170601070703",0,0,"{AAC168B0-E29C-11E2-8094-0021280458E6}",74,74,"Columbia CD",2261472697.5,"Southeast",2261472697.49992,"Southeast",242550.867209,242550.867208701
"157",10,"Smith Hollow-Tucannon River",142,"Evergreen Forest",142,31.579948,"Columbia","170601070701",16708.2681788243,"huc12","{48656F59-BFB7-4FA2-B2DB-F324466FE938}",NA,NA,NA,NA,2013-01-17 23:09:21,NA,16708.35,67.62,"WA","S","TF","170601070703",0,0,"{AAC168B0-E29C-11E2-8094-0021280458E6}",74,74,"Columbia CD",2261472697.5,"Southeast",2261472697.49992,"Southeast",242550.867209,242550.867208701
"158",10,"Smith Hollow-Tucannon River",143,"Mixed Forest",62,13.788428,"Columbia","170601070701",16708.2681788243,"huc12","{48656F59-BFB7-4FA2-B2DB-F324466FE938}",NA,NA,NA,NA,2013-01-17 23:09:21,NA,16708.35,67.62,"WA","S","TF","170601070703",0,0,"{AAC168B0-E29C-11E2-8094-0021280458E6}",74,74,"Columbia CD",2261472697.5,"Southeast",2261472697.49992,"Southeast",242550.867209,242550.867208701
"159",10,"Smith Hollow-Tucannon River",152,"Shrubland",21121,4697.183674,"Columbia","170601070701",16708.2681788243,"huc12","{48656F59-BFB7-4FA2-B2DB-F324466FE938}",NA,NA,NA,NA,2013-01-17 23:09:21,NA,16708.35,67.62,"WA","S","TF","170601070703",0,0,"{AAC168B0-E29C-11E2-8094-0021280458E6}",74,74,"Columbia CD",2261472697.5,"Southeast",2261472697.49992,"Southeast",242550.867209,242550.867208701
"160",10,"Smith Hollow-Tucannon River",176,"Grassland/Pasture",22816,5074.141504,"Columbia","170601070701",16708.2681788243,"huc12","{48656F59-BFB7-4FA2-B2DB-F324466FE938}",NA,NA,NA,NA,2013-01-17 23:09:21,NA,16708.35,67.62,"WA","S","TF","170601070703",0,0,"{AAC168B0-E29C-11E2-8094-0021280458E6}",74,74,"Columbia CD",2261472697.5,"Southeast",2261472697.49992,"Southeast",242550.867209,242550.867208701
"161",10,"Smith Hollow-Tucannon River",190,"Woody Wetlands",49,10.897306,"Columbia","170601070701",16708.2681788243,"huc12","{48656F59-BFB7-4FA2-B2DB-F324466FE938}",NA,NA,NA,NA,2013-01-17 23:09:21,NA,16708.35,67.62,"WA","S","TF","170601070703",0,0,"{AAC168B0-E29C-11E2-8094-0021280458E6}",74,74,"Columbia CD",2261472697.5,"Southeast",2261472697.49992,"Southeast",242550.867209,242550.867208701
"162",10,"Smith Hollow-Tucannon River",195,"Herbaceous Wetlands",42,9.340548,"Columbia","170601070701",16708.2681788243,"huc12","{48656F59-BFB7-4FA2-B2DB-F324466FE938}",NA,NA,NA,NA,2013-01-17 23:09:21,NA,16708.35,67.62,"WA","S","TF","170601070703",0,0,"{AAC168B0-E29C-11E2-8094-0021280458E6}",74,74,"Columbia CD",2261472697.5,"Southeast",2261472697.49992,"Southeast",242550.867209,242550.867208701
"163",11,"Kellogg Creek",1,"Corn",1,0.222394,"Columbia","170601070702",22102.34304913,"huc12","{9675C129-9858-4905-BE81-A9DC3D43FF09}","{140A8DBC-2B30-4291-97E8-972BD34A119B}",NA,NA,NA,2016-03-22 09:51:56,NA,22102.41,89.45,"WA","S","TF","170601070704",0,0,"{AAC1880A-E29C-11E2-8094-0021280458E6}",74,74,"Columbia CD",2261472697.5,"Southeast",2261472697.49992,"Southeast",242550.867209,242550.867208701
"164",11,"Kellogg Creek",21,"Barley",137,30.467978,"Columbia","170601070702",22102.34304913,"huc12","{9675C129-9858-4905-BE81-A9DC3D43FF09}","{140A8DBC-2B30-4291-97E8-972BD34A119B}",NA,NA,NA,2016-03-22 09:51:56,NA,22102.41,89.45,"WA","S","TF","170601070704",0,0,"{AAC1880A-E29C-11E2-8094-0021280458E6}",74,74,"Columbia CD",2261472697.5,"Southeast",2261472697.49992,"Southeast",242550.867209,242550.867208701
"165",11,"Kellogg Creek",23,"Spring Wheat",12565,2794.38061,"Columbia","170601070702",22102.34304913,"huc12","{9675C129-9858-4905-BE81-A9DC3D43FF09}","{140A8DBC-2B30-4291-97E8-972BD34A119B}",NA,NA,NA,2016-03-22 09:51:56,NA,22102.41,89.45,"WA","S","TF","170601070704",0,0,"{AAC1880A-E29C-11E2-8094-0021280458E6}",74,74,"Columbia CD",2261472697.5,"Southeast",2261472697.49992,"Southeast",242550.867209,242550.867208701
"166",11,"Kellogg Creek",24,"Winter Wheat",16417,3651.042298,"Columbia","170601070702",22102.34304913,"huc12","{9675C129-9858-4905-BE81-A9DC3D43FF09}","{140A8DBC-2B30-4291-97E8-972BD34A119B}",NA,NA,NA,2016-03-22 09:51:56,NA,22102.41,89.45,"WA","S","TF","170601070704",0,0,"{AAC1880A-E29C-11E2-8094-0021280458E6}",74,74,"Columbia CD",2261472697.5,"Southeast",2261472697.49992,"Southeast",242550.867209,242550.867208701
"167",11,"Kellogg Creek",36,"Alfalfa",48,10.674912,"Columbia","170601070702",22102.34304913,"huc12","{9675C129-9858-4905-BE81-A9DC3D43FF09}","{140A8DBC-2B30-4291-97E8-972BD34A119B}",NA,NA,NA,2016-03-22 09:51:56,NA,22102.41,89.45,"WA","S","TF","170601070704",0,0,"{AAC1880A-E29C-11E2-8094-0021280458E6}",74,74,"Columbia CD",2261472697.5,"Southeast",2261472697.49992,"Southeast",242550.867209,242550.867208701
"168",11,"Kellogg Creek",37,"Other Hay/Non Alfalfa",326,72.500444,"Columbia","170601070702",22102.34304913,"huc12","{9675C129-9858-4905-BE81-A9DC3D43FF09}","{140A8DBC-2B30-4291-97E8-972BD34A119B}",NA,NA,NA,2016-03-22 09:51:56,NA,22102.41,89.45,"WA","S","TF","170601070704",0,0,"{AAC1880A-E29C-11E2-8094-0021280458E6}",74,74,"Columbia CD",2261472697.5,"Southeast",2261472697.49992,"Southeast",242550.867209,242550.867208701
"169",11,"Kellogg Creek",42,"Dry Beans",1,0.222394,"Columbia","170601070702",22102.34304913,"huc12","{9675C129-9858-4905-BE81-A9DC3D43FF09}","{140A8DBC-2B30-4291-97E8-972BD34A119B}",NA,NA,NA,2016-03-22 09:51:56,NA,22102.41,89.45,"WA","S","TF","170601070704",0,0,"{AAC1880A-E29C-11E2-8094-0021280458E6}",74,74,"Columbia CD",2261472697.5,"Southeast",2261472697.49992,"Southeast",242550.867209,242550.867208701
"170",11,"Kellogg Creek",43,"Potatoes",1,0.222394,"Columbia","170601070702",22102.34304913,"huc12","{9675C129-9858-4905-BE81-A9DC3D43FF09}","{140A8DBC-2B30-4291-97E8-972BD34A119B}",NA,NA,NA,2016-03-22 09:51:56,NA,22102.41,89.45,"WA","S","TF","170601070704",0,0,"{AAC1880A-E29C-11E2-8094-0021280458E6}",74,74,"Columbia CD",2261472697.5,"Southeast",2261472697.49992,"Southeast",242550.867209,242550.867208701
"171",11,"Kellogg Creek",53,"Peas",190,42.25486,"Columbia","170601070702",22102.34304913,"huc12","{9675C129-9858-4905-BE81-A9DC3D43FF09}","{140A8DBC-2B30-4291-97E8-972BD34A119B}",NA,NA,NA,2016-03-22 09:51:56,NA,22102.41,89.45,"WA","S","TF","170601070704",0,0,"{AAC1880A-E29C-11E2-8094-0021280458E6}",74,74,"Columbia CD",2261472697.5,"Southeast",2261472697.49992,"Southeast",242550.867209,242550.867208701
"172",11,"Kellogg Creek",61,"Fallow/Idle Cropland",12684,2820.845496,"Columbia","170601070702",22102.34304913,"huc12","{9675C129-9858-4905-BE81-A9DC3D43FF09}","{140A8DBC-2B30-4291-97E8-972BD34A119B}",NA,NA,NA,2016-03-22 09:51:56,NA,22102.41,89.45,"WA","S","TF","170601070704",0,0,"{AAC1880A-E29C-11E2-8094-0021280458E6}",74,74,"Columbia CD",2261472697.5,"Southeast",2261472697.49992,"Southeast",242550.867209,242550.867208701
"173",11,"Kellogg Creek",68,"Apples",2,0.444788,"Columbia","170601070702",22102.34304913,"huc12","{9675C129-9858-4905-BE81-A9DC3D43FF09}","{140A8DBC-2B30-4291-97E8-972BD34A119B}",NA,NA,NA,2016-03-22 09:51:56,NA,22102.41,89.45,"WA","S","TF","170601070704",0,0,"{AAC1880A-E29C-11E2-8094-0021280458E6}",74,74,"Columbia CD",2261472697.5,"Southeast",2261472697.49992,"Southeast",242550.867209,242550.867208701
"174",11,"Kellogg Creek",69,"Grapes",80,17.79152,"Columbia","170601070702",22102.34304913,"huc12","{9675C129-9858-4905-BE81-A9DC3D43FF09}","{140A8DBC-2B30-4291-97E8-972BD34A119B}",NA,NA,NA,2016-03-22 09:51:56,NA,22102.41,89.45,"WA","S","TF","170601070704",0,0,"{AAC1880A-E29C-11E2-8094-0021280458E6}",74,74,"Columbia CD",2261472697.5,"Southeast",2261472697.49992,"Southeast",242550.867209,242550.867208701
"175",11,"Kellogg Creek",111,"Open Water",6,1.334364,"Columbia","170601070702",22102.34304913,"huc12","{9675C129-9858-4905-BE81-A9DC3D43FF09}","{140A8DBC-2B30-4291-97E8-972BD34A119B}",NA,NA,NA,2016-03-22 09:51:56,NA,22102.41,89.45,"WA","S","TF","170601070704",0,0,"{AAC1880A-E29C-11E2-8094-0021280458E6}",74,74,"Columbia CD",2261472697.5,"Southeast",2261472697.49992,"Southeast",242550.867209,242550.867208701
"176",11,"Kellogg Creek",121,"Developed/Open Space",1253,278.659682,"Columbia","170601070702",22102.34304913,"huc12","{9675C129-9858-4905-BE81-A9DC3D43FF09}","{140A8DBC-2B30-4291-97E8-972BD34A119B}",NA,NA,NA,2016-03-22 09:51:56,NA,22102.41,89.45,"WA","S","TF","170601070704",0,0,"{AAC1880A-E29C-11E2-8094-0021280458E6}",74,74,"Columbia CD",2261472697.5,"Southeast",2261472697.49992,"Southeast",242550.867209,242550.867208701
"177",11,"Kellogg Creek",122,"Developed/Low Intensity",15,3.33591,"Columbia","170601070702",22102.34304913,"huc12","{9675C129-9858-4905-BE81-A9DC3D43FF09}","{140A8DBC-2B30-4291-97E8-972BD34A119B}",NA,NA,NA,2016-03-22 09:51:56,NA,22102.41,89.45,"WA","S","TF","170601070704",0,0,"{AAC1880A-E29C-11E2-8094-0021280458E6}",74,74,"Columbia CD",2261472697.5,"Southeast",2261472697.49992,"Southeast",242550.867209,242550.867208701
"178",11,"Kellogg Creek",123,"Developed/Med Intensity",1,0.222394,"Columbia","170601070702",22102.34304913,"huc12","{9675C129-9858-4905-BE81-A9DC3D43FF09}","{140A8DBC-2B30-4291-97E8-972BD34A119B}",NA,NA,NA,2016-03-22 09:51:56,NA,22102.41,89.45,"WA","S","TF","170601070704",0,0,"{AAC1880A-E29C-11E2-8094-0021280458E6}",74,74,"Columbia CD",2261472697.5,"Southeast",2261472697.49992,"Southeast",242550.867209,242550.867208701
"179",11,"Kellogg Creek",141,"Deciduous Forest",8,1.779152,"Columbia","170601070702",22102.34304913,"huc12","{9675C129-9858-4905-BE81-A9DC3D43FF09}","{140A8DBC-2B30-4291-97E8-972BD34A119B}",NA,NA,NA,2016-03-22 09:51:56,NA,22102.41,89.45,"WA","S","TF","170601070704",0,0,"{AAC1880A-E29C-11E2-8094-0021280458E6}",74,74,"Columbia CD",2261472697.5,"Southeast",2261472697.49992,"Southeast",242550.867209,242550.867208701
"180",11,"Kellogg Creek",142,"Evergreen Forest",275,61.15835,"Columbia","170601070702",22102.34304913,"huc12","{9675C129-9858-4905-BE81-A9DC3D43FF09}","{140A8DBC-2B30-4291-97E8-972BD34A119B}",NA,NA,NA,2016-03-22 09:51:56,NA,22102.41,89.45,"WA","S","TF","170601070704",0,0,"{AAC1880A-E29C-11E2-8094-0021280458E6}",74,74,"Columbia CD",2261472697.5,"Southeast",2261472697.49992,"Southeast",242550.867209,242550.867208701
"181",11,"Kellogg Creek",143,"Mixed Forest",4,0.889576,"Columbia","170601070702",22102.34304913,"huc12","{9675C129-9858-4905-BE81-A9DC3D43FF09}","{140A8DBC-2B30-4291-97E8-972BD34A119B}",NA,NA,NA,2016-03-22 09:51:56,NA,22102.41,89.45,"WA","S","TF","170601070704",0,0,"{AAC1880A-E29C-11E2-8094-0021280458E6}",74,74,"Columbia CD",2261472697.5,"Southeast",2261472697.49992,"Southeast",242550.867209,242550.867208701
"182",11,"Kellogg Creek",152,"Shrubland",19450,4325.5633,"Columbia","170601070702",22102.34304913,"huc12","{9675C129-9858-4905-BE81-A9DC3D43FF09}","{140A8DBC-2B30-4291-97E8-972BD34A119B}",NA,NA,NA,2016-03-22 09:51:56,NA,22102.41,89.45,"WA","S","TF","170601070704",0,0,"{AAC1880A-E29C-11E2-8094-0021280458E6}",74,74,"Columbia CD",2261472697.5,"Southeast",2261472697.49992,"Southeast",242550.867209,242550.867208701
"183",11,"Kellogg Creek",176,"Grassland/Pasture",35862,7975.493628,"Columbia","170601070702",22102.34304913,"huc12","{9675C129-9858-4905-BE81-A9DC3D43FF09}","{140A8DBC-2B30-4291-97E8-972BD34A119B}",NA,NA,NA,2016-03-22 09:51:56,NA,22102.41,89.45,"WA","S","TF","170601070704",0,0,"{AAC1880A-E29C-11E2-8094-0021280458E6}",74,74,"Columbia CD",2261472697.5,"Southeast",2261472697.49992,"Southeast",242550.867209,242550.867208701
"184",11,"Kellogg Creek",190,"Woody Wetlands",40,8.89576,"Columbia","170601070702",22102.34304913,"huc12","{9675C129-9858-4905-BE81-A9DC3D43FF09}","{140A8DBC-2B30-4291-97E8-972BD34A119B}",NA,NA,NA,2016-03-22 09:51:56,NA,22102.41,89.45,"WA","S","TF","170601070704",0,0,"{AAC1880A-E29C-11E2-8094-0021280458E6}",74,74,"Columbia CD",2261472697.5,"Southeast",2261472697.49992,"Southeast",242550.867209,242550.867208701
"185",11,"Kellogg Creek",195,"Herbaceous Wetlands",11,2.446334,"Columbia","170601070702",22102.34304913,"huc12","{9675C129-9858-4905-BE81-A9DC3D43FF09}","{140A8DBC-2B30-4291-97E8-972BD34A119B}",NA,NA,NA,2016-03-22 09:51:56,NA,22102.41,89.45,"WA","S","TF","170601070704",0,0,"{AAC1880A-E29C-11E2-8094-0021280458E6}",74,74,"Columbia CD",2261472697.5,"Southeast",2261472697.49992,"Southeast",242550.867209,242550.867208701
"186",11,"Kellogg Creek",205,"Triticale",1,0.222394,"Columbia","170601070702",22102.34304913,"huc12","{9675C129-9858-4905-BE81-A9DC3D43FF09}","{140A8DBC-2B30-4291-97E8-972BD34A119B}",NA,NA,NA,2016-03-22 09:51:56,NA,22102.41,89.45,"WA","S","TF","170601070704",0,0,"{AAC1880A-E29C-11E2-8094-0021280458E6}",74,74,"Columbia CD",2261472697.5,"Southeast",2261472697.49992,"Southeast",242550.867209,242550.867208701
"187",12,"Town of Starbuck-Tucannon River",1,"Corn",327,72.722838,"Columbia","170601070703",15486.0067258189,"huc12","{D2711D6F-0FE9-44B3-BD5B-F56E4812B398}",NA,NA,NA,NA,2013-01-17 23:09:21,NA,15486.07,62.67,"WA","S","TF","170601070704",0,0,"{AAC19F28-E29C-11E2-8094-0021280458E6}",74,74,"Columbia CD",2261472697.5,"Southeast",2261472697.49992,"Southeast",242550.867209,242550.867208701
"188",12,"Town of Starbuck-Tucannon River",12,"Sweet Corn",1,0.222394,"Columbia","170601070703",15486.0067258189,"huc12","{D2711D6F-0FE9-44B3-BD5B-F56E4812B398}",NA,NA,NA,NA,2013-01-17 23:09:21,NA,15486.07,62.67,"WA","S","TF","170601070704",0,0,"{AAC19F28-E29C-11E2-8094-0021280458E6}",74,74,"Columbia CD",2261472697.5,"Southeast",2261472697.49992,"Southeast",242550.867209,242550.867208701
"189",12,"Town of Starbuck-Tucannon River",21,"Barley",26,5.782244,"Columbia","170601070703",15486.0067258189,"huc12","{D2711D6F-0FE9-44B3-BD5B-F56E4812B398}",NA,NA,NA,NA,2013-01-17 23:09:21,NA,15486.07,62.67,"WA","S","TF","170601070704",0,0,"{AAC19F28-E29C-11E2-8094-0021280458E6}",74,74,"Columbia CD",2261472697.5,"Southeast",2261472697.49992,"Southeast",242550.867209,242550.867208701
"190",12,"Town of Starbuck-Tucannon River",23,"Spring Wheat",1476,328.253544,"Columbia","170601070703",15486.0067258189,"huc12","{D2711D6F-0FE9-44B3-BD5B-F56E4812B398}",NA,NA,NA,NA,2013-01-17 23:09:21,NA,15486.07,62.67,"WA","S","TF","170601070704",0,0,"{AAC19F28-E29C-11E2-8094-0021280458E6}",74,74,"Columbia CD",2261472697.5,"Southeast",2261472697.49992,"Southeast",242550.867209,242550.867208701
"191",12,"Town of Starbuck-Tucannon River",24,"Winter Wheat",7320,1627.92408,"Columbia","170601070703",15486.0067258189,"huc12","{D2711D6F-0FE9-44B3-BD5B-F56E4812B398}",NA,NA,NA,NA,2013-01-17 23:09:21,NA,15486.07,62.67,"WA","S","TF","170601070704",0,0,"{AAC19F28-E29C-11E2-8094-0021280458E6}",74,74,"Columbia CD",2261472697.5,"Southeast",2261472697.49992,"Southeast",242550.867209,242550.867208701
"192",12,"Town of Starbuck-Tucannon River",28,"Oats",2,0.444788,"Columbia","170601070703",15486.0067258189,"huc12","{D2711D6F-0FE9-44B3-BD5B-F56E4812B398}",NA,NA,NA,NA,2013-01-17 23:09:21,NA,15486.07,62.67,"WA","S","TF","170601070704",0,0,"{AAC19F28-E29C-11E2-8094-0021280458E6}",74,74,"Columbia CD",2261472697.5,"Southeast",2261472697.49992,"Southeast",242550.867209,242550.867208701
"193",12,"Town of Starbuck-Tucannon River",36,"Alfalfa",178,39.586132,"Columbia","170601070703",15486.0067258189,"huc12","{D2711D6F-0FE9-44B3-BD5B-F56E4812B398}",NA,NA,NA,NA,2013-01-17 23:09:21,NA,15486.07,62.67,"WA","S","TF","170601070704",0,0,"{AAC19F28-E29C-11E2-8094-0021280458E6}",74,74,"Columbia CD",2261472697.5,"Southeast",2261472697.49992,"Southeast",242550.867209,242550.867208701
"194",12,"Town of Starbuck-Tucannon River",37,"Other Hay/Non Alfalfa",45,10.00773,"Columbia","170601070703",15486.0067258189,"huc12","{D2711D6F-0FE9-44B3-BD5B-F56E4812B398}",NA,NA,NA,NA,2013-01-17 23:09:21,NA,15486.07,62.67,"WA","S","TF","170601070704",0,0,"{AAC19F28-E29C-11E2-8094-0021280458E6}",74,74,"Columbia CD",2261472697.5,"Southeast",2261472697.49992,"Southeast",242550.867209,242550.867208701
"195",12,"Town of Starbuck-Tucannon River",42,"Dry Beans",6,1.334364,"Columbia","170601070703",15486.0067258189,"huc12","{D2711D6F-0FE9-44B3-BD5B-F56E4812B398}",NA,NA,NA,NA,2013-01-17 23:09:21,NA,15486.07,62.67,"WA","S","TF","170601070704",0,0,"{AAC19F28-E29C-11E2-8094-0021280458E6}",74,74,"Columbia CD",2261472697.5,"Southeast",2261472697.49992,"Southeast",242550.867209,242550.867208701
"196",12,"Town of Starbuck-Tucannon River",43,"Potatoes",4,0.889576,"Columbia","170601070703",15486.0067258189,"huc12","{D2711D6F-0FE9-44B3-BD5B-F56E4812B398}",NA,NA,NA,NA,2013-01-17 23:09:21,NA,15486.07,62.67,"WA","S","TF","170601070704",0,0,"{AAC19F28-E29C-11E2-8094-0021280458E6}",74,74,"Columbia CD",2261472697.5,"Southeast",2261472697.49992,"Southeast",242550.867209,242550.867208701
"197",12,"Town of Starbuck-Tucannon River",53,"Peas",2,0.444788,"Columbia","170601070703",15486.0067258189,"huc12","{D2711D6F-0FE9-44B3-BD5B-F56E4812B398}",NA,NA,NA,NA,2013-01-17 23:09:21,NA,15486.07,62.67,"WA","S","TF","170601070704",0,0,"{AAC19F28-E29C-11E2-8094-0021280458E6}",74,74,"Columbia CD",2261472697.5,"Southeast",2261472697.49992,"Southeast",242550.867209,242550.867208701
"198",12,"Town of Starbuck-Tucannon River",61,"Fallow/Idle Cropland",8041,1788.270154,"Columbia","170601070703",15486.0067258189,"huc12","{D2711D6F-0FE9-44B3-BD5B-F56E4812B398}",NA,NA,NA,NA,2013-01-17 23:09:21,NA,15486.07,62.67,"WA","S","TF","170601070704",0,0,"{AAC19F28-E29C-11E2-8094-0021280458E6}",74,74,"Columbia CD",2261472697.5,"Southeast",2261472697.49992,"Southeast",242550.867209,242550.867208701
"199",12,"Town of Starbuck-Tucannon River",68,"Apples",3,0.667182,"Columbia","170601070703",15486.0067258189,"huc12","{D2711D6F-0FE9-44B3-BD5B-F56E4812B398}",NA,NA,NA,NA,2013-01-17 23:09:21,NA,15486.07,62.67,"WA","S","TF","170601070704",0,0,"{AAC19F28-E29C-11E2-8094-0021280458E6}",74,74,"Columbia CD",2261472697.5,"Southeast",2261472697.49992,"Southeast",242550.867209,242550.867208701
"200",12,"Town of Starbuck-Tucannon River",69,"Grapes",139,30.912766,"Columbia","170601070703",15486.0067258189,"huc12","{D2711D6F-0FE9-44B3-BD5B-F56E4812B398}",NA,NA,NA,NA,2013-01-17 23:09:21,NA,15486.07,62.67,"WA","S","TF","170601070704",0,0,"{AAC19F28-E29C-11E2-8094-0021280458E6}",74,74,"Columbia CD",2261472697.5,"Southeast",2261472697.49992,"Southeast",242550.867209,242550.867208701
"201",12,"Town of Starbuck-Tucannon River",111,"Open Water",12,2.668728,"Columbia","170601070703",15486.0067258189,"huc12","{D2711D6F-0FE9-44B3-BD5B-F56E4812B398}",NA,NA,NA,NA,2013-01-17 23:09:21,NA,15486.07,62.67,"WA","S","TF","170601070704",0,0,"{AAC19F28-E29C-11E2-8094-0021280458E6}",74,74,"Columbia CD",2261472697.5,"Southeast",2261472697.49992,"Southeast",242550.867209,242550.867208701
"202",12,"Town of Starbuck-Tucannon River",121,"Developed/Open Space",995,221.28203,"Columbia","170601070703",15486.0067258189,"huc12","{D2711D6F-0FE9-44B3-BD5B-F56E4812B398}",NA,NA,NA,NA,2013-01-17 23:09:21,NA,15486.07,62.67,"WA","S","TF","170601070704",0,0,"{AAC19F28-E29C-11E2-8094-0021280458E6}",74,74,"Columbia CD",2261472697.5,"Southeast",2261472697.49992,"Southeast",242550.867209,242550.867208701
"203",12,"Town of Starbuck-Tucannon River",122,"Developed/Low Intensity",72,16.012368,"Columbia","170601070703",15486.0067258189,"huc12","{D2711D6F-0FE9-44B3-BD5B-F56E4812B398}",NA,NA,NA,NA,2013-01-17 23:09:21,NA,15486.07,62.67,"WA","S","TF","170601070704",0,0,"{AAC19F28-E29C-11E2-8094-0021280458E6}",74,74,"Columbia CD",2261472697.5,"Southeast",2261472697.49992,"Southeast",242550.867209,242550.867208701
"204",12,"Town of Starbuck-Tucannon River",123,"Developed/Med Intensity",4,0.889576,"Columbia","170601070703",15486.0067258189,"huc12","{D2711D6F-0FE9-44B3-BD5B-F56E4812B398}",NA,NA,NA,NA,2013-01-17 23:09:21,NA,15486.07,62.67,"WA","S","TF","170601070704",0,0,"{AAC19F28-E29C-11E2-8094-0021280458E6}",74,74,"Columbia CD",2261472697.5,"Southeast",2261472697.49992,"Southeast",242550.867209,242550.867208701
"205",12,"Town of Starbuck-Tucannon River",142,"Evergreen Forest",18,4.003092,"Columbia","170601070703",15486.0067258189,"huc12","{D2711D6F-0FE9-44B3-BD5B-F56E4812B398}",NA,NA,NA,NA,2013-01-17 23:09:21,NA,15486.07,62.67,"WA","S","TF","170601070704",0,0,"{AAC19F28-E29C-11E2-8094-0021280458E6}",74,74,"Columbia CD",2261472697.5,"Southeast",2261472697.49992,"Southeast",242550.867209,242550.867208701
"206",12,"Town of Starbuck-Tucannon River",143,"Mixed Forest",3,0.667182,"Columbia","170601070703",15486.0067258189,"huc12","{D2711D6F-0FE9-44B3-BD5B-F56E4812B398}",NA,NA,NA,NA,2013-01-17 23:09:21,NA,15486.07,62.67,"WA","S","TF","170601070704",0,0,"{AAC19F28-E29C-11E2-8094-0021280458E6}",74,74,"Columbia CD",2261472697.5,"Southeast",2261472697.49992,"Southeast",242550.867209,242550.867208701
"207",12,"Town of Starbuck-Tucannon River",152,"Shrubland",25440,5657.70336,"Columbia","170601070703",15486.0067258189,"huc12","{D2711D6F-0FE9-44B3-BD5B-F56E4812B398}",NA,NA,NA,NA,2013-01-17 23:09:21,NA,15486.07,62.67,"WA","S","TF","170601070704",0,0,"{AAC19F28-E29C-11E2-8094-0021280458E6}",74,74,"Columbia CD",2261472697.5,"Southeast",2261472697.49992,"Southeast",242550.867209,242550.867208701
"208",12,"Town of Starbuck-Tucannon River",176,"Grassland/Pasture",25511,5673.493334,"Columbia","170601070703",15486.0067258189,"huc12","{D2711D6F-0FE9-44B3-BD5B-F56E4812B398}",NA,NA,NA,NA,2013-01-17 23:09:21,NA,15486.07,62.67,"WA","S","TF","170601070704",0,0,"{AAC19F28-E29C-11E2-8094-0021280458E6}",74,74,"Columbia CD",2261472697.5,"Southeast",2261472697.49992,"Southeast",242550.867209,242550.867208701
"209",12,"Town of Starbuck-Tucannon River",190,"Woody Wetlands",12,2.668728,"Columbia","170601070703",15486.0067258189,"huc12","{D2711D6F-0FE9-44B3-BD5B-F56E4812B398}",NA,NA,NA,NA,2013-01-17 23:09:21,NA,15486.07,62.67,"WA","S","TF","170601070704",0,0,"{AAC19F28-E29C-11E2-8094-0021280458E6}",74,74,"Columbia CD",2261472697.5,"Southeast",2261472697.49992,"Southeast",242550.867209,242550.867208701
"210",12,"Town of Starbuck-Tucannon River",195,"Herbaceous Wetlands",17,3.780698,"Columbia","170601070703",15486.0067258189,"huc12","{D2711D6F-0FE9-44B3-BD5B-F56E4812B398}",NA,NA,NA,NA,2013-01-17 23:09:21,NA,15486.07,62.67,"WA","S","TF","170601070704",0,0,"{AAC19F28-E29C-11E2-8094-0021280458E6}",74,74,"Columbia CD",2261472697.5,"Southeast",2261472697.49992,"Southeast",242550.867209,242550.867208701
"211",13,"Tucannon River",1,"Corn",6,1.334364,"Columbia","170601070704",8434.37124902893,"huc12","{0E938DDE-AD95-48ED-AAD6-2086F9889E07}",NA,NA,NA,NA,2013-01-17 23:09:21,NA,8434.39,34.13,"WA","S","TF","170601070808",0,0,"{AAC1BFD5-E29C-11E2-8094-0021280458E6}",74,74,"Columbia CD",2261472697.5,"Southeast",2261472697.49992,"Southeast",242550.867209,242550.867208701
"212",13,"Tucannon River",21,"Barley",1,0.222394,"Columbia","170601070704",8434.37124902893,"huc12","{0E938DDE-AD95-48ED-AAD6-2086F9889E07}",NA,NA,NA,NA,2013-01-17 23:09:21,NA,8434.39,34.13,"WA","S","TF","170601070808",0,0,"{AAC1BFD5-E29C-11E2-8094-0021280458E6}",74,74,"Columbia CD",2261472697.5,"Southeast",2261472697.49992,"Southeast",242550.867209,242550.867208701
"213",13,"Tucannon River",23,"Spring Wheat",9,2.001546,"Columbia","170601070704",8434.37124902893,"huc12","{0E938DDE-AD95-48ED-AAD6-2086F9889E07}",NA,NA,NA,NA,2013-01-17 23:09:21,NA,8434.39,34.13,"WA","S","TF","170601070808",0,0,"{AAC1BFD5-E29C-11E2-8094-0021280458E6}",74,74,"Columbia CD",2261472697.5,"Southeast",2261472697.49992,"Southeast",242550.867209,242550.867208701
"214",13,"Tucannon River",24,"Winter Wheat",11,2.446334,"Columbia","170601070704",8434.37124902893,"huc12","{0E938DDE-AD95-48ED-AAD6-2086F9889E07}",NA,NA,NA,NA,2013-01-17 23:09:21,NA,8434.39,34.13,"WA","S","TF","170601070808",0,0,"{AAC1BFD5-E29C-11E2-8094-0021280458E6}",74,74,"Columbia CD",2261472697.5,"Southeast",2261472697.49992,"Southeast",242550.867209,242550.867208701
"215",13,"Tucannon River",36,"Alfalfa",28,6.227032,"Columbia","170601070704",8434.37124902893,"huc12","{0E938DDE-AD95-48ED-AAD6-2086F9889E07}",NA,NA,NA,NA,2013-01-17 23:09:21,NA,8434.39,34.13,"WA","S","TF","170601070808",0,0,"{AAC1BFD5-E29C-11E2-8094-0021280458E6}",74,74,"Columbia CD",2261472697.5,"Southeast",2261472697.49992,"Southeast",242550.867209,242550.867208701
"216",13,"Tucannon River",37,"Other Hay/Non Alfalfa",26,5.782244,"Columbia","170601070704",8434.37124902893,"huc12","{0E938DDE-AD95-48ED-AAD6-2086F9889E07}",NA,NA,NA,NA,2013-01-17 23:09:21,NA,8434.39,34.13,"WA","S","TF","170601070808",0,0,"{AAC1BFD5-E29C-11E2-8094-0021280458E6}",74,74,"Columbia CD",2261472697.5,"Southeast",2261472697.49992,"Southeast",242550.867209,242550.867208701
"217",13,"Tucannon River",61,"Fallow/Idle Cropland",334,74.279596,"Columbia","170601070704",8434.37124902893,"huc12","{0E938DDE-AD95-48ED-AAD6-2086F9889E07}",NA,NA,NA,NA,2013-01-17 23:09:21,NA,8434.39,34.13,"WA","S","TF","170601070808",0,0,"{AAC1BFD5-E29C-11E2-8094-0021280458E6}",74,74,"Columbia CD",2261472697.5,"Southeast",2261472697.49992,"Southeast",242550.867209,242550.867208701
"218",13,"Tucannon River",66,"Cherries",2,0.444788,"Columbia","170601070704",8434.37124902893,"huc12","{0E938DDE-AD95-48ED-AAD6-2086F9889E07}",NA,NA,NA,NA,2013-01-17 23:09:21,NA,8434.39,34.13,"WA","S","TF","170601070808",0,0,"{AAC1BFD5-E29C-11E2-8094-0021280458E6}",74,74,"Columbia CD",2261472697.5,"Southeast",2261472697.49992,"Southeast",242550.867209,242550.867208701
"219",13,"Tucannon River",68,"Apples",47,10.452518,"Columbia","170601070704",8434.37124902893,"huc12","{0E938DDE-AD95-48ED-AAD6-2086F9889E07}",NA,NA,NA,NA,2013-01-17 23:09:21,NA,8434.39,34.13,"WA","S","TF","170601070808",0,0,"{AAC1BFD5-E29C-11E2-8094-0021280458E6}",74,74,"Columbia CD",2261472697.5,"Southeast",2261472697.49992,"Southeast",242550.867209,242550.867208701
"220",13,"Tucannon River",69,"Grapes",124,27.576856,"Columbia","170601070704",8434.37124902893,"huc12","{0E938DDE-AD95-48ED-AAD6-2086F9889E07}",NA,NA,NA,NA,2013-01-17 23:09:21,NA,8434.39,34.13,"WA","S","TF","170601070808",0,0,"{AAC1BFD5-E29C-11E2-8094-0021280458E6}",74,74,"Columbia CD",2261472697.5,"Southeast",2261472697.49992,"Southeast",242550.867209,242550.867208701
"221",13,"Tucannon River",111,"Open Water",21,4.670274,"Columbia","170601070704",8434.37124902893,"huc12","{0E938DDE-AD95-48ED-AAD6-2086F9889E07}",NA,NA,NA,NA,2013-01-17 23:09:21,NA,8434.39,34.13,"WA","S","TF","170601070808",0,0,"{AAC1BFD5-E29C-11E2-8094-0021280458E6}",74,74,"Columbia CD",2261472697.5,"Southeast",2261472697.49992,"Southeast",242550.867209,242550.867208701
"222",13,"Tucannon River",121,"Developed/Open Space",457,101.634058,"Columbia","170601070704",8434.37124902893,"huc12","{0E938DDE-AD95-48ED-AAD6-2086F9889E07}",NA,NA,NA,NA,2013-01-17 23:09:21,NA,8434.39,34.13,"WA","S","TF","170601070808",0,0,"{AAC1BFD5-E29C-11E2-8094-0021280458E6}",74,74,"Columbia CD",2261472697.5,"Southeast",2261472697.49992,"Southeast",242550.867209,242550.867208701
"223",13,"Tucannon River",122,"Developed/Low Intensity",332,73.834808,"Columbia","170601070704",8434.37124902893,"huc12","{0E938DDE-AD95-48ED-AAD6-2086F9889E07}",NA,NA,NA,NA,2013-01-17 23:09:21,NA,8434.39,34.13,"WA","S","TF","170601070808",0,0,"{AAC1BFD5-E29C-11E2-8094-0021280458E6}",74,74,"Columbia CD",2261472697.5,"Southeast",2261472697.49992,"Southeast",242550.867209,242550.867208701
"224",13,"Tucannon River",123,"Developed/Med Intensity",40,8.89576,"Columbia","170601070704",8434.37124902893,"huc12","{0E938DDE-AD95-48ED-AAD6-2086F9889E07}",NA,NA,NA,NA,2013-01-17 23:09:21,NA,8434.39,34.13,"WA","S","TF","170601070808",0,0,"{AAC1BFD5-E29C-11E2-8094-0021280458E6}",74,74,"Columbia CD",2261472697.5,"Southeast",2261472697.49992,"Southeast",242550.867209,242550.867208701
"225",13,"Tucannon River",141,"Deciduous Forest",6,1.334364,"Columbia","170601070704",8434.37124902893,"huc12","{0E938DDE-AD95-48ED-AAD6-2086F9889E07}",NA,NA,NA,NA,2013-01-17 23:09:21,NA,8434.39,34.13,"WA","S","TF","170601070808",0,0,"{AAC1BFD5-E29C-11E2-8094-0021280458E6}",74,74,"Columbia CD",2261472697.5,"Southeast",2261472697.49992,"Southeast",242550.867209,242550.867208701
"226",13,"Tucannon River",142,"Evergreen Forest",18,4.003092,"Columbia","170601070704",8434.37124902893,"huc12","{0E938DDE-AD95-48ED-AAD6-2086F9889E07}",NA,NA,NA,NA,2013-01-17 23:09:21,NA,8434.39,34.13,"WA","S","TF","170601070808",0,0,"{AAC1BFD5-E29C-11E2-8094-0021280458E6}",74,74,"Columbia CD",2261472697.5,"Southeast",2261472697.49992,"Southeast",242550.867209,242550.867208701
"227",13,"Tucannon River",152,"Shrubland",17563,3905.905822,"Columbia","170601070704",8434.37124902893,"huc12","{0E938DDE-AD95-48ED-AAD6-2086F9889E07}",NA,NA,NA,NA,2013-01-17 23:09:21,NA,8434.39,34.13,"WA","S","TF","170601070808",0,0,"{AAC1BFD5-E29C-11E2-8094-0021280458E6}",74,74,"Columbia CD",2261472697.5,"Southeast",2261472697.49992,"Southeast",242550.867209,242550.867208701
"228",13,"Tucannon River",176,"Grassland/Pasture",18818,4185.010292,"Columbia","170601070704",8434.37124902893,"huc12","{0E938DDE-AD95-48ED-AAD6-2086F9889E07}",NA,NA,NA,NA,2013-01-17 23:09:21,NA,8434.39,34.13,"WA","S","TF","170601070808",0,0,"{AAC1BFD5-E29C-11E2-8094-0021280458E6}",74,74,"Columbia CD",2261472697.5,"Southeast",2261472697.49992,"Southeast",242550.867209,242550.867208701
"229",13,"Tucannon River",190,"Woody Wetlands",8,1.779152,"Columbia","170601070704",8434.37124902893,"huc12","{0E938DDE-AD95-48ED-AAD6-2086F9889E07}",NA,NA,NA,NA,2013-01-17 23:09:21,NA,8434.39,34.13,"WA","S","TF","170601070808",0,0,"{AAC1BFD5-E29C-11E2-8094-0021280458E6}",74,74,"Columbia CD",2261472697.5,"Southeast",2261472697.49992,"Southeast",242550.867209,242550.867208701
"230",13,"Tucannon River",195,"Herbaceous Wetlands",62,13.788428,"Columbia","170601070704",8434.37124902893,"huc12","{0E938DDE-AD95-48ED-AAD6-2086F9889E07}",NA,NA,NA,NA,2013-01-17 23:09:21,NA,8434.39,34.13,"WA","S","TF","170601070808",0,0,"{AAC1BFD5-E29C-11E2-8094-0021280458E6}",74,74,"Columbia CD",2261472697.5,"Southeast",2261472697.49992,"Southeast",242550.867209,242550.867208701
"231",14,"Town of Central Ferry-Snake River",1,"Corn",1,0.222394,"Columbia","170601070804",930.87860693734,"huc12","{04E84848-1E67-4D74-A5BF-A0F526470C23}",NA,NA,NA,NA,2013-01-17 23:09:21,NA,26509.34,107.28,"WA","S","TF","170601070807",0,0,"{AAC22A35-E29C-11E2-8094-0021280458E6}",74,74,"Columbia CD",2261472697.5,"Southeast",2261472697.49992,"Southeast",242550.867209,242550.867208701
"232",14,"Town of Central Ferry-Snake River",36,"Alfalfa",4,0.889576,"Columbia","170601070804",930.87860693734,"huc12","{04E84848-1E67-4D74-A5BF-A0F526470C23}",NA,NA,NA,NA,2013-01-17 23:09:21,NA,26509.34,107.28,"WA","S","TF","170601070807",0,0,"{AAC22A35-E29C-11E2-8094-0021280458E6}",74,74,"Columbia CD",2261472697.5,"Southeast",2261472697.49992,"Southeast",242550.867209,242550.867208701
"233",14,"Town of Central Ferry-Snake River",37,"Other Hay/Non Alfalfa",2,0.444788,"Columbia","170601070804",930.87860693734,"huc12","{04E84848-1E67-4D74-A5BF-A0F526470C23}",NA,NA,NA,NA,2013-01-17 23:09:21,NA,26509.34,107.28,"WA","S","TF","170601070807",0,0,"{AAC22A35-E29C-11E2-8094-0021280458E6}",74,74,"Columbia CD",2261472697.5,"Southeast",2261472697.49992,"Southeast",242550.867209,242550.867208701
"234",14,"Town of Central Ferry-Snake River",61,"Fallow/Idle Cropland",83,18.458702,"Columbia","170601070804",930.87860693734,"huc12","{04E84848-1E67-4D74-A5BF-A0F526470C23}",NA,NA,NA,NA,2013-01-17 23:09:21,NA,26509.34,107.28,"WA","S","TF","170601070807",0,0,"{AAC22A35-E29C-11E2-8094-0021280458E6}",74,74,"Columbia CD",2261472697.5,"Southeast",2261472697.49992,"Southeast",242550.867209,242550.867208701
"235",14,"Town of Central Ferry-Snake River",111,"Open Water",2584,574.666096,"Columbia","170601070804",930.87860693734,"huc12","{04E84848-1E67-4D74-A5BF-A0F526470C23}",NA,NA,NA,NA,2013-01-17 23:09:21,NA,26509.34,107.28,"WA","S","TF","170601070807",0,0,"{AAC22A35-E29C-11E2-8094-0021280458E6}",74,74,"Columbia CD",2261472697.5,"Southeast",2261472697.49992,"Southeast",242550.867209,242550.867208701
"236",14,"Town of Central Ferry-Snake River",141,"Deciduous Forest",4,0.889576,"Columbia","170601070804",930.87860693734,"huc12","{04E84848-1E67-4D74-A5BF-A0F526470C23}",NA,NA,NA,NA,2013-01-17 23:09:21,NA,26509.34,107.28,"WA","S","TF","170601070807",0,0,"{AAC22A35-E29C-11E2-8094-0021280458E6}",74,74,"Columbia CD",2261472697.5,"Southeast",2261472697.49992,"Southeast",242550.867209,242550.867208701
"237",14,"Town of Central Ferry-Snake River",142,"Evergreen Forest",26,5.782244,"Columbia","170601070804",930.87860693734,"huc12","{04E84848-1E67-4D74-A5BF-A0F526470C23}",NA,NA,NA,NA,2013-01-17 23:09:21,NA,26509.34,107.28,"WA","S","TF","170601070807",0,0,"{AAC22A35-E29C-11E2-8094-0021280458E6}",74,74,"Columbia CD",2261472697.5,"Southeast",2261472697.49992,"Southeast",242550.867209,242550.867208701
"238",14,"Town of Central Ferry-Snake River",143,"Mixed Forest",1,0.222394,"Columbia","170601070804",930.87860693734,"huc12","{04E84848-1E67-4D74-A5BF-A0F526470C23}",NA,NA,NA,NA,2013-01-17 23:09:21,NA,26509.34,107.28,"WA","S","TF","170601070807",0,0,"{AAC22A35-E29C-11E2-8094-0021280458E6}",74,74,"Columbia CD",2261472697.5,"Southeast",2261472697.49992,"Southeast",242550.867209,242550.867208701
"239",14,"Town of Central Ferry-Snake River",152,"Shrubland",544,120.982336,"Columbia","170601070804",930.87860693734,"huc12","{04E84848-1E67-4D74-A5BF-A0F526470C23}",NA,NA,NA,NA,2013-01-17 23:09:21,NA,26509.34,107.28,"WA","S","TF","170601070807",0,0,"{AAC22A35-E29C-11E2-8094-0021280458E6}",74,74,"Columbia CD",2261472697.5,"Southeast",2261472697.49992,"Southeast",242550.867209,242550.867208701
"240",14,"Town of Central Ferry-Snake River",176,"Grassland/Pasture",785,174.57929,"Columbia","170601070804",930.87860693734,"huc12","{04E84848-1E67-4D74-A5BF-A0F526470C23}",NA,NA,NA,NA,2013-01-17 23:09:21,NA,26509.34,107.28,"WA","S","TF","170601070807",0,0,"{AAC22A35-E29C-11E2-8094-0021280458E6}",74,74,"Columbia CD",2261472697.5,"Southeast",2261472697.49992,"Southeast",242550.867209,242550.867208701
"241",14,"Town of Central Ferry-Snake River",190,"Woody Wetlands",1,0.222394,"Columbia","170601070804",930.87860693734,"huc12","{04E84848-1E67-4D74-A5BF-A0F526470C23}",NA,NA,NA,NA,2013-01-17 23:09:21,NA,26509.34,107.28,"WA","S","TF","170601070807",0,0,"{AAC22A35-E29C-11E2-8094-0021280458E6}",74,74,"Columbia CD",2261472697.5,"Southeast",2261472697.49992,"Southeast",242550.867209,242550.867208701
"242",14,"Town of Central Ferry-Snake River",195,"Herbaceous Wetlands",6,1.334364,"Columbia","170601070804",930.87860693734,"huc12","{04E84848-1E67-4D74-A5BF-A0F526470C23}",NA,NA,NA,NA,2013-01-17 23:09:21,NA,26509.34,107.28,"WA","S","TF","170601070807",0,0,"{AAC22A35-E29C-11E2-8094-0021280458E6}",74,74,"Columbia CD",2261472697.5,"Southeast",2261472697.49992,"Southeast",242550.867209,242550.867208701
"243",15,"New York Gulch",1,"Corn",12,2.668728,"Columbia","170601070805",613.90254885341,"huc12","{BDC5C032-D6D6-4A4B-8119-4A59C863F16B}","{B1AC9B54-3E77-434F-BC92-AFE77DE72C8E}",NA,NA,NA,2016-11-18 02:25:29,NA,14544.63,58.86,"WA","S","TF","170601070807",0,0,"{AAC24112-E29C-11E2-8094-0021280458E6}",74,74,"Columbia CD",2261472697.5,"Southeast",2261472697.49992,"Southeast",242550.867209,242550.867208701
"244",15,"New York Gulch",24,"Winter Wheat",38,8.450972,"Columbia","170601070805",613.90254885341,"huc12","{BDC5C032-D6D6-4A4B-8119-4A59C863F16B}","{B1AC9B54-3E77-434F-BC92-AFE77DE72C8E}",NA,NA,NA,2016-11-18 02:25:29,NA,14544.63,58.86,"WA","S","TF","170601070807",0,0,"{AAC24112-E29C-11E2-8094-0021280458E6}",74,74,"Columbia CD",2261472697.5,"Southeast",2261472697.49992,"Southeast",242550.867209,242550.867208701
"245",15,"New York Gulch",36,"Alfalfa",1,0.222394,"Columbia","170601070805",613.90254885341,"huc12","{BDC5C032-D6D6-4A4B-8119-4A59C863F16B}","{B1AC9B54-3E77-434F-BC92-AFE77DE72C8E}",NA,NA,NA,2016-11-18 02:25:29,NA,14544.63,58.86,"WA","S","TF","170601070807",0,0,"{AAC24112-E29C-11E2-8094-0021280458E6}",74,74,"Columbia CD",2261472697.5,"Southeast",2261472697.49992,"Southeast",242550.867209,242550.867208701
"246",15,"New York Gulch",37,"Other Hay/Non Alfalfa",6,1.334364,"Columbia","170601070805",613.90254885341,"huc12","{BDC5C032-D6D6-4A4B-8119-4A59C863F16B}","{B1AC9B54-3E77-434F-BC92-AFE77DE72C8E}",NA,NA,NA,2016-11-18 02:25:29,NA,14544.63,58.86,"WA","S","TF","170601070807",0,0,"{AAC24112-E29C-11E2-8094-0021280458E6}",74,74,"Columbia CD",2261472697.5,"Southeast",2261472697.49992,"Southeast",242550.867209,242550.867208701
"247",15,"New York Gulch",61,"Fallow/Idle Cropland",12,2.668728,"Columbia","170601070805",613.90254885341,"huc12","{BDC5C032-D6D6-4A4B-8119-4A59C863F16B}","{B1AC9B54-3E77-434F-BC92-AFE77DE72C8E}",NA,NA,NA,2016-11-18 02:25:29,NA,14544.63,58.86,"WA","S","TF","170601070807",0,0,"{AAC24112-E29C-11E2-8094-0021280458E6}",74,74,"Columbia CD",2261472697.5,"Southeast",2261472697.49992,"Southeast",242550.867209,242550.867208701
"248",15,"New York Gulch",111,"Open Water",105,23.35137,"Columbia","170601070805",613.90254885341,"huc12","{BDC5C032-D6D6-4A4B-8119-4A59C863F16B}","{B1AC9B54-3E77-434F-BC92-AFE77DE72C8E}",NA,NA,NA,2016-11-18 02:25:29,NA,14544.63,58.86,"WA","S","TF","170601070807",0,0,"{AAC24112-E29C-11E2-8094-0021280458E6}",74,74,"Columbia CD",2261472697.5,"Southeast",2261472697.49992,"Southeast",242550.867209,242550.867208701
"249",15,"New York Gulch",121,"Developed/Open Space",76,16.901944,"Columbia","170601070805",613.90254885341,"huc12","{BDC5C032-D6D6-4A4B-8119-4A59C863F16B}","{B1AC9B54-3E77-434F-BC92-AFE77DE72C8E}",NA,NA,NA,2016-11-18 02:25:29,NA,14544.63,58.86,"WA","S","TF","170601070807",0,0,"{AAC24112-E29C-11E2-8094-0021280458E6}",74,74,"Columbia CD",2261472697.5,"Southeast",2261472697.49992,"Southeast",242550.867209,242550.867208701
"250",15,"New York Gulch",152,"Shrubland",780,173.46732,"Columbia","170601070805",613.90254885341,"huc12","{BDC5C032-D6D6-4A4B-8119-4A59C863F16B}","{B1AC9B54-3E77-434F-BC92-AFE77DE72C8E}",NA,NA,NA,2016-11-18 02:25:29,NA,14544.63,58.86,"WA","S","TF","170601070807",0,0,"{AAC24112-E29C-11E2-8094-0021280458E6}",74,74,"Columbia CD",2261472697.5,"Southeast",2261472697.49992,"Southeast",242550.867209,242550.867208701
"251",15,"New York Gulch",176,"Grassland/Pasture",1735,385.85359,"Columbia","170601070805",613.90254885341,"huc12","{BDC5C032-D6D6-4A4B-8119-4A59C863F16B}","{B1AC9B54-3E77-434F-BC92-AFE77DE72C8E}",NA,NA,NA,2016-11-18 02:25:29,NA,14544.63,58.86,"WA","S","TF","170601070807",0,0,"{AAC24112-E29C-11E2-8094-0021280458E6}",74,74,"Columbia CD",2261472697.5,"Southeast",2261472697.49992,"Southeast",242550.867209,242550.867208701
"252",16,"Dry Gulch",1,"Corn",2,0.444788,"Columbia","170601070806",3242.63646284514,"huc12","{E190A83D-FCFF-484F-931F-E4BFCB034EE8}","{B1AC9B54-3E77-434F-BC92-AFE77DE72C8E}",NA,NA,NA,2016-11-18 02:25:31,NA,10655.41,43.12,"WA","S","TF","170601070807",0,0,"{AAC25F1B-E29C-11E2-8094-0021280458E6}",74,74,"Columbia CD",2261472697.5,"Southeast",2261472697.49992,"Southeast",242550.867209,242550.867208701
"253",16,"Dry Gulch",23,"Spring Wheat",16,3.558304,"Columbia","170601070806",3242.63646284514,"huc12","{E190A83D-FCFF-484F-931F-E4BFCB034EE8}","{B1AC9B54-3E77-434F-BC92-AFE77DE72C8E}",NA,NA,NA,2016-11-18 02:25:31,NA,10655.41,43.12,"WA","S","TF","170601070807",0,0,"{AAC25F1B-E29C-11E2-8094-0021280458E6}",74,74,"Columbia CD",2261472697.5,"Southeast",2261472697.49992,"Southeast",242550.867209,242550.867208701
"254",16,"Dry Gulch",24,"Winter Wheat",459,102.078846,"Columbia","170601070806",3242.63646284514,"huc12","{E190A83D-FCFF-484F-931F-E4BFCB034EE8}","{B1AC9B54-3E77-434F-BC92-AFE77DE72C8E}",NA,NA,NA,2016-11-18 02:25:31,NA,10655.41,43.12,"WA","S","TF","170601070807",0,0,"{AAC25F1B-E29C-11E2-8094-0021280458E6}",74,74,"Columbia CD",2261472697.5,"Southeast",2261472697.49992,"Southeast",242550.867209,242550.867208701
"255",16,"Dry Gulch",36,"Alfalfa",7,1.556758,"Columbia","170601070806",3242.63646284514,"huc12","{E190A83D-FCFF-484F-931F-E4BFCB034EE8}","{B1AC9B54-3E77-434F-BC92-AFE77DE72C8E}",NA,NA,NA,2016-11-18 02:25:31,NA,10655.41,43.12,"WA","S","TF","170601070807",0,0,"{AAC25F1B-E29C-11E2-8094-0021280458E6}",74,74,"Columbia CD",2261472697.5,"Southeast",2261472697.49992,"Southeast",242550.867209,242550.867208701
"256",16,"Dry Gulch",37,"Other Hay/Non Alfalfa",17,3.780698,"Columbia","170601070806",3242.63646284514,"huc12","{E190A83D-FCFF-484F-931F-E4BFCB034EE8}","{B1AC9B54-3E77-434F-BC92-AFE77DE72C8E}",NA,NA,NA,2016-11-18 02:25:31,NA,10655.41,43.12,"WA","S","TF","170601070807",0,0,"{AAC25F1B-E29C-11E2-8094-0021280458E6}",74,74,"Columbia CD",2261472697.5,"Southeast",2261472697.49992,"Southeast",242550.867209,242550.867208701
"257",16,"Dry Gulch",44,"Other Crops",1,0.222394,"Columbia","170601070806",3242.63646284514,"huc12","{E190A83D-FCFF-484F-931F-E4BFCB034EE8}","{B1AC9B54-3E77-434F-BC92-AFE77DE72C8E}",NA,NA,NA,2016-11-18 02:25:31,NA,10655.41,43.12,"WA","S","TF","170601070807",0,0,"{AAC25F1B-E29C-11E2-8094-0021280458E6}",74,74,"Columbia CD",2261472697.5,"Southeast",2261472697.49992,"Southeast",242550.867209,242550.867208701
"258",16,"Dry Gulch",61,"Fallow/Idle Cropland",1713,380.960922,"Columbia","170601070806",3242.63646284514,"huc12","{E190A83D-FCFF-484F-931F-E4BFCB034EE8}","{B1AC9B54-3E77-434F-BC92-AFE77DE72C8E}",NA,NA,NA,2016-11-18 02:25:31,NA,10655.41,43.12,"WA","S","TF","170601070807",0,0,"{AAC25F1B-E29C-11E2-8094-0021280458E6}",74,74,"Columbia CD",2261472697.5,"Southeast",2261472697.49992,"Southeast",242550.867209,242550.867208701
"259",16,"Dry Gulch",69,"Grapes",1,0.222394,"Columbia","170601070806",3242.63646284514,"huc12","{E190A83D-FCFF-484F-931F-E4BFCB034EE8}","{B1AC9B54-3E77-434F-BC92-AFE77DE72C8E}",NA,NA,NA,2016-11-18 02:25:31,NA,10655.41,43.12,"WA","S","TF","170601070807",0,0,"{AAC25F1B-E29C-11E2-8094-0021280458E6}",74,74,"Columbia CD",2261472697.5,"Southeast",2261472697.49992,"Southeast",242550.867209,242550.867208701
"260",16,"Dry Gulch",111,"Open Water",114,25.352916,"Columbia","170601070806",3242.63646284514,"huc12","{E190A83D-FCFF-484F-931F-E4BFCB034EE8}","{B1AC9B54-3E77-434F-BC92-AFE77DE72C8E}",NA,NA,NA,2016-11-18 02:25:31,NA,10655.41,43.12,"WA","S","TF","170601070807",0,0,"{AAC25F1B-E29C-11E2-8094-0021280458E6}",74,74,"Columbia CD",2261472697.5,"Southeast",2261472697.49992,"Southeast",242550.867209,242550.867208701
"261",16,"Dry Gulch",121,"Developed/Open Space",144,32.024736,"Columbia","170601070806",3242.63646284514,"huc12","{E190A83D-FCFF-484F-931F-E4BFCB034EE8}","{B1AC9B54-3E77-434F-BC92-AFE77DE72C8E}",NA,NA,NA,2016-11-18 02:25:31,NA,10655.41,43.12,"WA","S","TF","170601070807",0,0,"{AAC25F1B-E29C-11E2-8094-0021280458E6}",74,74,"Columbia CD",2261472697.5,"Southeast",2261472697.49992,"Southeast",242550.867209,242550.867208701
"262",16,"Dry Gulch",142,"Evergreen Forest",8,1.779152,"Columbia","170601070806",3242.63646284514,"huc12","{E190A83D-FCFF-484F-931F-E4BFCB034EE8}","{B1AC9B54-3E77-434F-BC92-AFE77DE72C8E}",NA,NA,NA,2016-11-18 02:25:31,NA,10655.41,43.12,"WA","S","TF","170601070807",0,0,"{AAC25F1B-E29C-11E2-8094-0021280458E6}",74,74,"Columbia CD",2261472697.5,"Southeast",2261472697.49992,"Southeast",242550.867209,242550.867208701
"263",16,"Dry Gulch",152,"Shrubland",5159,1147.330646,"Columbia","170601070806",3242.63646284514,"huc12","{E190A83D-FCFF-484F-931F-E4BFCB034EE8}","{B1AC9B54-3E77-434F-BC92-AFE77DE72C8E}",NA,NA,NA,2016-11-18 02:25:31,NA,10655.41,43.12,"WA","S","TF","170601070807",0,0,"{AAC25F1B-E29C-11E2-8094-0021280458E6}",74,74,"Columbia CD",2261472697.5,"Southeast",2261472697.49992,"Southeast",242550.867209,242550.867208701
"264",16,"Dry Gulch",176,"Grassland/Pasture",6930,1541.19042,"Columbia","170601070806",3242.63646284514,"huc12","{E190A83D-FCFF-484F-931F-E4BFCB034EE8}","{B1AC9B54-3E77-434F-BC92-AFE77DE72C8E}",NA,NA,NA,2016-11-18 02:25:31,NA,10655.41,43.12,"WA","S","TF","170601070807",0,0,"{AAC25F1B-E29C-11E2-8094-0021280458E6}",74,74,"Columbia CD",2261472697.5,"Southeast",2261472697.49992,"Southeast",242550.867209,242550.867208701
"265",16,"Dry Gulch",195,"Herbaceous Wetlands",6,1.334364,"Columbia","170601070806",3242.63646284514,"huc12","{E190A83D-FCFF-484F-931F-E4BFCB034EE8}","{B1AC9B54-3E77-434F-BC92-AFE77DE72C8E}",NA,NA,NA,2016-11-18 02:25:31,NA,10655.41,43.12,"WA","S","TF","170601070807",0,0,"{AAC25F1B-E29C-11E2-8094-0021280458E6}",74,74,"Columbia CD",2261472697.5,"Southeast",2261472697.49992,"Southeast",242550.867209,242550.867208701
"266",17,"Flagpole Gulch-Snake River",21,"Barley",27,6.004638,"Columbia","170601070807",7905.34233217283,"huc12","{5F51A39D-DAAA-4842-ADAA-B0FF7D8E73A9}","{B1AC9B54-3E77-434F-BC92-AFE77DE72C8E}",NA,NA,NA,2016-11-18 02:25:31,NA,20394.99,82.54,"WA","S","TF","170601070808",0,0,"{AAC27600-E29C-11E2-8094-0021280458E6}",74,74,"Columbia CD",2261472697.5,"Southeast",2261472697.49992,"Southeast",242550.867209,242550.867208701
"267",17,"Flagpole Gulch-Snake River",23,"Spring Wheat",16,3.558304,"Columbia","170601070807",7905.34233217283,"huc12","{5F51A39D-DAAA-4842-ADAA-B0FF7D8E73A9}","{B1AC9B54-3E77-434F-BC92-AFE77DE72C8E}",NA,NA,NA,2016-11-18 02:25:31,NA,20394.99,82.54,"WA","S","TF","170601070808",0,0,"{AAC27600-E29C-11E2-8094-0021280458E6}",74,74,"Columbia CD",2261472697.5,"Southeast",2261472697.49992,"Southeast",242550.867209,242550.867208701
"268",17,"Flagpole Gulch-Snake River",24,"Winter Wheat",1824,405.646656,"Columbia","170601070807",7905.34233217283,"huc12","{5F51A39D-DAAA-4842-ADAA-B0FF7D8E73A9}","{B1AC9B54-3E77-434F-BC92-AFE77DE72C8E}",NA,NA,NA,2016-11-18 02:25:31,NA,20394.99,82.54,"WA","S","TF","170601070808",0,0,"{AAC27600-E29C-11E2-8094-0021280458E6}",74,74,"Columbia CD",2261472697.5,"Southeast",2261472697.49992,"Southeast",242550.867209,242550.867208701
"269",17,"Flagpole Gulch-Snake River",36,"Alfalfa",4,0.889576,"Columbia","170601070807",7905.34233217283,"huc12","{5F51A39D-DAAA-4842-ADAA-B0FF7D8E73A9}","{B1AC9B54-3E77-434F-BC92-AFE77DE72C8E}",NA,NA,NA,2016-11-18 02:25:31,NA,20394.99,82.54,"WA","S","TF","170601070808",0,0,"{AAC27600-E29C-11E2-8094-0021280458E6}",74,74,"Columbia CD",2261472697.5,"Southeast",2261472697.49992,"Southeast",242550.867209,242550.867208701
"270",17,"Flagpole Gulch-Snake River",37,"Other Hay/Non Alfalfa",1,0.222394,"Columbia","170601070807",7905.34233217283,"huc12","{5F51A39D-DAAA-4842-ADAA-B0FF7D8E73A9}","{B1AC9B54-3E77-434F-BC92-AFE77DE72C8E}",NA,NA,NA,2016-11-18 02:25:31,NA,20394.99,82.54,"WA","S","TF","170601070808",0,0,"{AAC27600-E29C-11E2-8094-0021280458E6}",74,74,"Columbia CD",2261472697.5,"Southeast",2261472697.49992,"Southeast",242550.867209,242550.867208701
"271",17,"Flagpole Gulch-Snake River",53,"Peas",43,9.562942,"Columbia","170601070807",7905.34233217283,"huc12","{5F51A39D-DAAA-4842-ADAA-B0FF7D8E73A9}","{B1AC9B54-3E77-434F-BC92-AFE77DE72C8E}",NA,NA,NA,2016-11-18 02:25:31,NA,20394.99,82.54,"WA","S","TF","170601070808",0,0,"{AAC27600-E29C-11E2-8094-0021280458E6}",74,74,"Columbia CD",2261472697.5,"Southeast",2261472697.49992,"Southeast",242550.867209,242550.867208701
"272",17,"Flagpole Gulch-Snake River",61,"Fallow/Idle Cropland",2495,554.87303,"Columbia","170601070807",7905.34233217283,"huc12","{5F51A39D-DAAA-4842-ADAA-B0FF7D8E73A9}","{B1AC9B54-3E77-434F-BC92-AFE77DE72C8E}",NA,NA,NA,2016-11-18 02:25:31,NA,20394.99,82.54,"WA","S","TF","170601070808",0,0,"{AAC27600-E29C-11E2-8094-0021280458E6}",74,74,"Columbia CD",2261472697.5,"Southeast",2261472697.49992,"Southeast",242550.867209,242550.867208701
"273",17,"Flagpole Gulch-Snake River",69,"Grapes",2,0.444788,"Columbia","170601070807",7905.34233217283,"huc12","{5F51A39D-DAAA-4842-ADAA-B0FF7D8E73A9}","{B1AC9B54-3E77-434F-BC92-AFE77DE72C8E}",NA,NA,NA,2016-11-18 02:25:31,NA,20394.99,82.54,"WA","S","TF","170601070808",0,0,"{AAC27600-E29C-11E2-8094-0021280458E6}",74,74,"Columbia CD",2261472697.5,"Southeast",2261472697.49992,"Southeast",242550.867209,242550.867208701
"274",17,"Flagpole Gulch-Snake River",111,"Open Water",6817,1516.059898,"Columbia","170601070807",7905.34233217283,"huc12","{5F51A39D-DAAA-4842-ADAA-B0FF7D8E73A9}","{B1AC9B54-3E77-434F-BC92-AFE77DE72C8E}",NA,NA,NA,2016-11-18 02:25:31,NA,20394.99,82.54,"WA","S","TF","170601070808",0,0,"{AAC27600-E29C-11E2-8094-0021280458E6}",74,74,"Columbia CD",2261472697.5,"Southeast",2261472697.49992,"Southeast",242550.867209,242550.867208701
"275",17,"Flagpole Gulch-Snake River",121,"Developed/Open Space",387,86.066478,"Columbia","170601070807",7905.34233217283,"huc12","{5F51A39D-DAAA-4842-ADAA-B0FF7D8E73A9}","{B1AC9B54-3E77-434F-BC92-AFE77DE72C8E}",NA,NA,NA,2016-11-18 02:25:31,NA,20394.99,82.54,"WA","S","TF","170601070808",0,0,"{AAC27600-E29C-11E2-8094-0021280458E6}",74,74,"Columbia CD",2261472697.5,"Southeast",2261472697.49992,"Southeast",242550.867209,242550.867208701
"276",17,"Flagpole Gulch-Snake River",122,"Developed/Low Intensity",28,6.227032,"Columbia","170601070807",7905.34233217283,"huc12","{5F51A39D-DAAA-4842-ADAA-B0FF7D8E73A9}","{B1AC9B54-3E77-434F-BC92-AFE77DE72C8E}",NA,NA,NA,2016-11-18 02:25:31,NA,20394.99,82.54,"WA","S","TF","170601070808",0,0,"{AAC27600-E29C-11E2-8094-0021280458E6}",74,74,"Columbia CD",2261472697.5,"Southeast",2261472697.49992,"Southeast",242550.867209,242550.867208701
"277",17,"Flagpole Gulch-Snake River",123,"Developed/Med Intensity",16,3.558304,"Columbia","170601070807",7905.34233217283,"huc12","{5F51A39D-DAAA-4842-ADAA-B0FF7D8E73A9}","{B1AC9B54-3E77-434F-BC92-AFE77DE72C8E}",NA,NA,NA,2016-11-18 02:25:31,NA,20394.99,82.54,"WA","S","TF","170601070808",0,0,"{AAC27600-E29C-11E2-8094-0021280458E6}",74,74,"Columbia CD",2261472697.5,"Southeast",2261472697.49992,"Southeast",242550.867209,242550.867208701
"278",17,"Flagpole Gulch-Snake River",124,"Developed/High Intensity",2,0.444788,"Columbia","170601070807",7905.34233217283,"huc12","{5F51A39D-DAAA-4842-ADAA-B0FF7D8E73A9}","{B1AC9B54-3E77-434F-BC92-AFE77DE72C8E}",NA,NA,NA,2016-11-18 02:25:31,NA,20394.99,82.54,"WA","S","TF","170601070808",0,0,"{AAC27600-E29C-11E2-8094-0021280458E6}",74,74,"Columbia CD",2261472697.5,"Southeast",2261472697.49992,"Southeast",242550.867209,242550.867208701
"279",17,"Flagpole Gulch-Snake River",142,"Evergreen Forest",2,0.444788,"Columbia","170601070807",7905.34233217283,"huc12","{5F51A39D-DAAA-4842-ADAA-B0FF7D8E73A9}","{B1AC9B54-3E77-434F-BC92-AFE77DE72C8E}",NA,NA,NA,2016-11-18 02:25:31,NA,20394.99,82.54,"WA","S","TF","170601070808",0,0,"{AAC27600-E29C-11E2-8094-0021280458E6}",74,74,"Columbia CD",2261472697.5,"Southeast",2261472697.49992,"Southeast",242550.867209,242550.867208701
"280",17,"Flagpole Gulch-Snake River",152,"Shrubland",12513,2782.816122,"Columbia","170601070807",7905.34233217283,"huc12","{5F51A39D-DAAA-4842-ADAA-B0FF7D8E73A9}","{B1AC9B54-3E77-434F-BC92-AFE77DE72C8E}",NA,NA,NA,2016-11-18 02:25:31,NA,20394.99,82.54,"WA","S","TF","170601070808",0,0,"{AAC27600-E29C-11E2-8094-0021280458E6}",74,74,"Columbia CD",2261472697.5,"Southeast",2261472697.49992,"Southeast",242550.867209,242550.867208701
"281",17,"Flagpole Gulch-Snake River",176,"Grassland/Pasture",10993,2444.777242,"Columbia","170601070807",7905.34233217283,"huc12","{5F51A39D-DAAA-4842-ADAA-B0FF7D8E73A9}","{B1AC9B54-3E77-434F-BC92-AFE77DE72C8E}",NA,NA,NA,2016-11-18 02:25:31,NA,20394.99,82.54,"WA","S","TF","170601070808",0,0,"{AAC27600-E29C-11E2-8094-0021280458E6}",74,74,"Columbia CD",2261472697.5,"Southeast",2261472697.49992,"Southeast",242550.867209,242550.867208701
"282",17,"Flagpole Gulch-Snake River",195,"Herbaceous Wetlands",4,0.889576,"Columbia","170601070807",7905.34233217283,"huc12","{5F51A39D-DAAA-4842-ADAA-B0FF7D8E73A9}","{B1AC9B54-3E77-434F-BC92-AFE77DE72C8E}",NA,NA,NA,2016-11-18 02:25:31,NA,20394.99,82.54,"WA","S","TF","170601070808",0,0,"{AAC27600-E29C-11E2-8094-0021280458E6}",74,74,"Columbia CD",2261472697.5,"Southeast",2261472697.49992,"Southeast",242550.867209,242550.867208701
"283",18,"Choke Cherry Spring-Snake River",23,"Spring Wheat",1,0.222394,"Columbia","170601070808",8418.87438185607,"huc12","{A9C9707B-5729-479B-AD2D-81F219E39012}","{34968E48-60BF-4A40-97FC-E009B822A946}",NA,NA,NA,2013-01-17 23:09:21,NA,19667.91,79.59,"WA","S","TF","170601100102",0,0,"{AAC2940B-E29C-11E2-8094-0021280458E6}",74,74,"Columbia CD",2261472697.5,"Southeast",2261472697.49992,"Southeast",242550.867209,242550.867208701
"284",18,"Choke Cherry Spring-Snake River",24,"Winter Wheat",567,126.097398,"Columbia","170601070808",8418.87438185607,"huc12","{A9C9707B-5729-479B-AD2D-81F219E39012}","{34968E48-60BF-4A40-97FC-E009B822A946}",NA,NA,NA,2013-01-17 23:09:21,NA,19667.91,79.59,"WA","S","TF","170601100102",0,0,"{AAC2940B-E29C-11E2-8094-0021280458E6}",74,74,"Columbia CD",2261472697.5,"Southeast",2261472697.49992,"Southeast",242550.867209,242550.867208701
"285",18,"Choke Cherry Spring-Snake River",36,"Alfalfa",4,0.889576,"Columbia","170601070808",8418.87438185607,"huc12","{A9C9707B-5729-479B-AD2D-81F219E39012}","{34968E48-60BF-4A40-97FC-E009B822A946}",NA,NA,NA,2013-01-17 23:09:21,NA,19667.91,79.59,"WA","S","TF","170601100102",0,0,"{AAC2940B-E29C-11E2-8094-0021280458E6}",74,74,"Columbia CD",2261472697.5,"Southeast",2261472697.49992,"Southeast",242550.867209,242550.867208701
"286",18,"Choke Cherry Spring-Snake River",37,"Other Hay/Non Alfalfa",2,0.444788,"Columbia","170601070808",8418.87438185607,"huc12","{A9C9707B-5729-479B-AD2D-81F219E39012}","{34968E48-60BF-4A40-97FC-E009B822A946}",NA,NA,NA,2013-01-17 23:09:21,NA,19667.91,79.59,"WA","S","TF","170601100102",0,0,"{AAC2940B-E29C-11E2-8094-0021280458E6}",74,74,"Columbia CD",2261472697.5,"Southeast",2261472697.49992,"Southeast",242550.867209,242550.867208701
"287",18,"Choke Cherry Spring-Snake River",61,"Fallow/Idle Cropland",386,85.844084,"Columbia","170601070808",8418.87438185607,"huc12","{A9C9707B-5729-479B-AD2D-81F219E39012}","{34968E48-60BF-4A40-97FC-E009B822A946}",NA,NA,NA,2013-01-17 23:09:21,NA,19667.91,79.59,"WA","S","TF","170601100102",0,0,"{AAC2940B-E29C-11E2-8094-0021280458E6}",74,74,"Columbia CD",2261472697.5,"Southeast",2261472697.49992,"Southeast",242550.867209,242550.867208701
"288",18,"Choke Cherry Spring-Snake River",111,"Open Water",4518,1004.776092,"Columbia","170601070808",8418.87438185607,"huc12","{A9C9707B-5729-479B-AD2D-81F219E39012}","{34968E48-60BF-4A40-97FC-E009B822A946}",NA,NA,NA,2013-01-17 23:09:21,NA,19667.91,79.59,"WA","S","TF","170601100102",0,0,"{AAC2940B-E29C-11E2-8094-0021280458E6}",74,74,"Columbia CD",2261472697.5,"Southeast",2261472697.49992,"Southeast",242550.867209,242550.867208701
"289",18,"Choke Cherry Spring-Snake River",121,"Developed/Open Space",1095,243.52143,"Columbia","170601070808",8418.87438185607,"huc12","{A9C9707B-5729-479B-AD2D-81F219E39012}","{34968E48-60BF-4A40-97FC-E009B822A946}",NA,NA,NA,2013-01-17 23:09:21,NA,19667.91,79.59,"WA","S","TF","170601100102",0,0,"{AAC2940B-E29C-11E2-8094-0021280458E6}",74,74,"Columbia CD",2261472697.5,"Southeast",2261472697.49992,"Southeast",242550.867209,242550.867208701
"290",18,"Choke Cherry Spring-Snake River",122,"Developed/Low Intensity",164,36.472616,"Columbia","170601070808",8418.87438185607,"huc12","{A9C9707B-5729-479B-AD2D-81F219E39012}","{34968E48-60BF-4A40-97FC-E009B822A946}",NA,NA,NA,2013-01-17 23:09:21,NA,19667.91,79.59,"WA","S","TF","170601100102",0,0,"{AAC2940B-E29C-11E2-8094-0021280458E6}",74,74,"Columbia CD",2261472697.5,"Southeast",2261472697.49992,"Southeast",242550.867209,242550.867208701
"291",18,"Choke Cherry Spring-Snake River",123,"Developed/Med Intensity",52,11.564488,"Columbia","170601070808",8418.87438185607,"huc12","{A9C9707B-5729-479B-AD2D-81F219E39012}","{34968E48-60BF-4A40-97FC-E009B822A946}",NA,NA,NA,2013-01-17 23:09:21,NA,19667.91,79.59,"WA","S","TF","170601100102",0,0,"{AAC2940B-E29C-11E2-8094-0021280458E6}",74,74,"Columbia CD",2261472697.5,"Southeast",2261472697.49992,"Southeast",242550.867209,242550.867208701
"292",18,"Choke Cherry Spring-Snake River",124,"Developed/High Intensity",5,1.11197,"Columbia","170601070808",8418.87438185607,"huc12","{A9C9707B-5729-479B-AD2D-81F219E39012}","{34968E48-60BF-4A40-97FC-E009B822A946}",NA,NA,NA,2013-01-17 23:09:21,NA,19667.91,79.59,"WA","S","TF","170601100102",0,0,"{AAC2940B-E29C-11E2-8094-0021280458E6}",74,74,"Columbia CD",2261472697.5,"Southeast",2261472697.49992,"Southeast",242550.867209,242550.867208701
"293",18,"Choke Cherry Spring-Snake River",152,"Shrubland",18366,4084.488204,"Columbia","170601070808",8418.87438185607,"huc12","{A9C9707B-5729-479B-AD2D-81F219E39012}","{34968E48-60BF-4A40-97FC-E009B822A946}",NA,NA,NA,2013-01-17 23:09:21,NA,19667.91,79.59,"WA","S","TF","170601100102",0,0,"{AAC2940B-E29C-11E2-8094-0021280458E6}",74,74,"Columbia CD",2261472697.5,"Southeast",2261472697.49992,"Southeast",242550.867209,242550.867208701
"294",18,"Choke Cherry Spring-Snake River",176,"Grassland/Pasture",12617,2805.945098,"Columbia","170601070808",8418.87438185607,"huc12","{A9C9707B-5729-479B-AD2D-81F219E39012}","{34968E48-60BF-4A40-97FC-E009B822A946}",NA,NA,NA,2013-01-17 23:09:21,NA,19667.91,79.59,"WA","S","TF","170601100102",0,0,"{AAC2940B-E29C-11E2-8094-0021280458E6}",74,74,"Columbia CD",2261472697.5,"Southeast",2261472697.49992,"Southeast",242550.867209,242550.867208701
"295",18,"Choke Cherry Spring-Snake River",195,"Herbaceous Wetlands",6,1.334364,"Columbia","170601070808",8418.87438185607,"huc12","{A9C9707B-5729-479B-AD2D-81F219E39012}","{34968E48-60BF-4A40-97FC-E009B822A946}",NA,NA,NA,2013-01-17 23:09:21,NA,19667.91,79.59,"WA","S","TF","170601100102",0,0,"{AAC2940B-E29C-11E2-8094-0021280458E6}",74,74,"Columbia CD",2261472697.5,"Southeast",2261472697.49992,"Southeast",242550.867209,242550.867208701
"296",19,"Upper South Fork Wenaha River",121,"Developed/Open Space",20,4.44788,"Columbia","170601060301",160.330474928122,"huc12","{CC74422D-3ADC-4545-BDE7-FD40F7161066}",NA,NA,NA,NA,2013-01-17 23:09:21,NA,20250.29,81.95,"OR,WA","S","TF","170601060302",0,0,"{AB22A748-E29C-11E2-8094-0021280458E6}",74,74,"Columbia CD",2261472697.5,"Southeast",2261472697.49992,"Southeast",242550.867209,242550.867208701
"297",19,"Upper South Fork Wenaha River",122,"Developed/Low Intensity",1,0.222394,"Columbia","170601060301",160.330474928122,"huc12","{CC74422D-3ADC-4545-BDE7-FD40F7161066}",NA,NA,NA,NA,2013-01-17 23:09:21,NA,20250.29,81.95,"OR,WA","S","TF","170601060302",0,0,"{AB22A748-E29C-11E2-8094-0021280458E6}",74,74,"Columbia CD",2261472697.5,"Southeast",2261472697.49992,"Southeast",242550.867209,242550.867208701
"298",19,"Upper South Fork Wenaha River",142,"Evergreen Forest",667,148.336798,"Columbia","170601060301",160.330474928122,"huc12","{CC74422D-3ADC-4545-BDE7-FD40F7161066}",NA,NA,NA,NA,2013-01-17 23:09:21,NA,20250.29,81.95,"OR,WA","S","TF","170601060302",0,0,"{AB22A748-E29C-11E2-8094-0021280458E6}",74,74,"Columbia CD",2261472697.5,"Southeast",2261472697.49992,"Southeast",242550.867209,242550.867208701
"299",19,"Upper South Fork Wenaha River",152,"Shrubland",9,2.001546,"Columbia","170601060301",160.330474928122,"huc12","{CC74422D-3ADC-4545-BDE7-FD40F7161066}",NA,NA,NA,NA,2013-01-17 23:09:21,NA,20250.29,81.95,"OR,WA","S","TF","170601060302",0,0,"{AB22A748-E29C-11E2-8094-0021280458E6}",74,74,"Columbia CD",2261472697.5,"Southeast",2261472697.49992,"Southeast",242550.867209,242550.867208701
"300",19,"Upper South Fork Wenaha River",176,"Grassland/Pasture",16,3.558304,"Columbia","170601060301",160.330474928122,"huc12","{CC74422D-3ADC-4545-BDE7-FD40F7161066}",NA,NA,NA,NA,2013-01-17 23:09:21,NA,20250.29,81.95,"OR,WA","S","TF","170601060302",0,0,"{AB22A748-E29C-11E2-8094-0021280458E6}",74,74,"Columbia CD",2261472697.5,"Southeast",2261472697.49992,"Southeast",242550.867209,242550.867208701
"301",20,"North Fork Wenaha River",23,"Spring Wheat",12,2.668728,"Columbia","170601060303",11262.3638899076,"huc12","{7B8E0127-FAC0-457C-A508-ADBA9FA1FF03}",NA,NA,NA,NA,2013-01-17 23:09:21,NA,17585.54,71.17,"OR,WA","S","TF","170601060305",0,0,"{AB22C579-E29C-11E2-8094-0021280458E6}",74,74,"Columbia CD",2261472697.5,"Southeast",2261472697.49992,"Southeast",242550.867209,242550.867208701
"302",20,"North Fork Wenaha River",36,"Alfalfa",2,0.444788,"Columbia","170601060303",11262.3638899076,"huc12","{7B8E0127-FAC0-457C-A508-ADBA9FA1FF03}",NA,NA,NA,NA,2013-01-17 23:09:21,NA,17585.54,71.17,"OR,WA","S","TF","170601060305",0,0,"{AB22C579-E29C-11E2-8094-0021280458E6}",74,74,"Columbia CD",2261472697.5,"Southeast",2261472697.49992,"Southeast",242550.867209,242550.867208701
"303",20,"North Fork Wenaha River",42,"Dry Beans",11,2.446334,"Columbia","170601060303",11262.3638899076,"huc12","{7B8E0127-FAC0-457C-A508-ADBA9FA1FF03}",NA,NA,NA,NA,2013-01-17 23:09:21,NA,17585.54,71.17,"OR,WA","S","TF","170601060305",0,0,"{AB22C579-E29C-11E2-8094-0021280458E6}",74,74,"Columbia CD",2261472697.5,"Southeast",2261472697.49992,"Southeast",242550.867209,242550.867208701
"304",20,"North Fork Wenaha River",43,"Potatoes",8,1.779152,"Columbia","170601060303",11262.3638899076,"huc12","{7B8E0127-FAC0-457C-A508-ADBA9FA1FF03}",NA,NA,NA,NA,2013-01-17 23:09:21,NA,17585.54,71.17,"OR,WA","S","TF","170601060305",0,0,"{AB22C579-E29C-11E2-8094-0021280458E6}",74,74,"Columbia CD",2261472697.5,"Southeast",2261472697.49992,"Southeast",242550.867209,242550.867208701
"305",20,"North Fork Wenaha River",52,"Lentils",5,1.11197,"Columbia","170601060303",11262.3638899076,"huc12","{7B8E0127-FAC0-457C-A508-ADBA9FA1FF03}",NA,NA,NA,NA,2013-01-17 23:09:21,NA,17585.54,71.17,"OR,WA","S","TF","170601060305",0,0,"{AB22C579-E29C-11E2-8094-0021280458E6}",74,74,"Columbia CD",2261472697.5,"Southeast",2261472697.49992,"Southeast",242550.867209,242550.867208701
"306",20,"North Fork Wenaha River",59,"Sod/Grass Seed",1,0.222394,"Columbia","170601060303",11262.3638899076,"huc12","{7B8E0127-FAC0-457C-A508-ADBA9FA1FF03}",NA,NA,NA,NA,2013-01-17 23:09:21,NA,17585.54,71.17,"OR,WA","S","TF","170601060305",0,0,"{AB22C579-E29C-11E2-8094-0021280458E6}",74,74,"Columbia CD",2261472697.5,"Southeast",2261472697.49992,"Southeast",242550.867209,242550.867208701
"307",20,"North Fork Wenaha River",61,"Fallow/Idle Cropland",14,3.113516,"Columbia","170601060303",11262.3638899076,"huc12","{7B8E0127-FAC0-457C-A508-ADBA9FA1FF03}",NA,NA,NA,NA,2013-01-17 23:09:21,NA,17585.54,71.17,"OR,WA","S","TF","170601060305",0,0,"{AB22C579-E29C-11E2-8094-0021280458E6}",74,74,"Columbia CD",2261472697.5,"Southeast",2261472697.49992,"Southeast",242550.867209,242550.867208701
"308",20,"North Fork Wenaha River",68,"Apples",2,0.444788,"Columbia","170601060303",11262.3638899076,"huc12","{7B8E0127-FAC0-457C-A508-ADBA9FA1FF03}",NA,NA,NA,NA,2013-01-17 23:09:21,NA,17585.54,71.17,"OR,WA","S","TF","170601060305",0,0,"{AB22C579-E29C-11E2-8094-0021280458E6}",74,74,"Columbia CD",2261472697.5,"Southeast",2261472697.49992,"Southeast",242550.867209,242550.867208701
"309",20,"North Fork Wenaha River",121,"Developed/Open Space",360,80.06184,"Columbia","170601060303",11262.3638899076,"huc12","{7B8E0127-FAC0-457C-A508-ADBA9FA1FF03}",NA,NA,NA,NA,2013-01-17 23:09:21,NA,17585.54,71.17,"OR,WA","S","TF","170601060305",0,0,"{AB22C579-E29C-11E2-8094-0021280458E6}",74,74,"Columbia CD",2261472697.5,"Southeast",2261472697.49992,"Southeast",242550.867209,242550.867208701
"310",20,"North Fork Wenaha River",122,"Developed/Low Intensity",67,14.900398,"Columbia","170601060303",11262.3638899076,"huc12","{7B8E0127-FAC0-457C-A508-ADBA9FA1FF03}",NA,NA,NA,NA,2013-01-17 23:09:21,NA,17585.54,71.17,"OR,WA","S","TF","170601060305",0,0,"{AB22C579-E29C-11E2-8094-0021280458E6}",74,74,"Columbia CD",2261472697.5,"Southeast",2261472697.49992,"Southeast",242550.867209,242550.867208701
"311",20,"North Fork Wenaha River",123,"Developed/Med Intensity",2,0.444788,"Columbia","170601060303",11262.3638899076,"huc12","{7B8E0127-FAC0-457C-A508-ADBA9FA1FF03}",NA,NA,NA,NA,2013-01-17 23:09:21,NA,17585.54,71.17,"OR,WA","S","TF","170601060305",0,0,"{AB22C579-E29C-11E2-8094-0021280458E6}",74,74,"Columbia CD",2261472697.5,"Southeast",2261472697.49992,"Southeast",242550.867209,242550.867208701
"312",20,"North Fork Wenaha River",124,"Developed/High Intensity",2,0.444788,"Columbia","170601060303",11262.3638899076,"huc12","{7B8E0127-FAC0-457C-A508-ADBA9FA1FF03}",NA,NA,NA,NA,2013-01-17 23:09:21,NA,17585.54,71.17,"OR,WA","S","TF","170601060305",0,0,"{AB22C579-E29C-11E2-8094-0021280458E6}",74,74,"Columbia CD",2261472697.5,"Southeast",2261472697.49992,"Southeast",242550.867209,242550.867208701
"313",20,"North Fork Wenaha River",141,"Deciduous Forest",1,0.222394,"Columbia","170601060303",11262.3638899076,"huc12","{7B8E0127-FAC0-457C-A508-ADBA9FA1FF03}",NA,NA,NA,NA,2013-01-17 23:09:21,NA,17585.54,71.17,"OR,WA","S","TF","170601060305",0,0,"{AB22C579-E29C-11E2-8094-0021280458E6}",74,74,"Columbia CD",2261472697.5,"Southeast",2261472697.49992,"Southeast",242550.867209,242550.867208701
"314",20,"North Fork Wenaha River",142,"Evergreen Forest",45567,10133.827398,"Columbia","170601060303",11262.3638899076,"huc12","{7B8E0127-FAC0-457C-A508-ADBA9FA1FF03}",NA,NA,NA,NA,2013-01-17 23:09:21,NA,17585.54,71.17,"OR,WA","S","TF","170601060305",0,0,"{AB22C579-E29C-11E2-8094-0021280458E6}",74,74,"Columbia CD",2261472697.5,"Southeast",2261472697.49992,"Southeast",242550.867209,242550.867208701
"315",20,"North Fork Wenaha River",152,"Shrubland",1948,433.223512,"Columbia","170601060303",11262.3638899076,"huc12","{7B8E0127-FAC0-457C-A508-ADBA9FA1FF03}",NA,NA,NA,NA,2013-01-17 23:09:21,NA,17585.54,71.17,"OR,WA","S","TF","170601060305",0,0,"{AB22C579-E29C-11E2-8094-0021280458E6}",74,74,"Columbia CD",2261472697.5,"Southeast",2261472697.49992,"Southeast",242550.867209,242550.867208701
"316",20,"North Fork Wenaha River",176,"Grassland/Pasture",2637,586.452978,"Columbia","170601060303",11262.3638899076,"huc12","{7B8E0127-FAC0-457C-A508-ADBA9FA1FF03}",NA,NA,NA,NA,2013-01-17 23:09:21,NA,17585.54,71.17,"OR,WA","S","TF","170601060305",0,0,"{AB22C579-E29C-11E2-8094-0021280458E6}",74,74,"Columbia CD",2261472697.5,"Southeast",2261472697.49992,"Southeast",242550.867209,242550.867208701
"317",21,"Beaver Creek",24,"Winter Wheat",5,1.11197,"Columbia","170601060304",7660.2510665595,"huc12","{5B30EBE6-BA91-48CF-A55F-0EEF2B5F1CA0}",NA,NA,NA,NA,2013-01-17 23:09:21,NA,12485.23,50.53,"OR,WA","S","TF","170601060305",0,0,"{AB22DCE5-E29C-11E2-8094-0021280458E6}",74,74,"Columbia CD",2261472697.5,"Southeast",2261472697.49992,"Southeast",242550.867209,242550.867208701
"318",21,"Beaver Creek",36,"Alfalfa",2,0.444788,"Columbia","170601060304",7660.2510665595,"huc12","{5B30EBE6-BA91-48CF-A55F-0EEF2B5F1CA0}",NA,NA,NA,NA,2013-01-17 23:09:21,NA,12485.23,50.53,"OR,WA","S","TF","170601060305",0,0,"{AB22DCE5-E29C-11E2-8094-0021280458E6}",74,74,"Columbia CD",2261472697.5,"Southeast",2261472697.49992,"Southeast",242550.867209,242550.867208701
"319",21,"Beaver Creek",37,"Other Hay/Non Alfalfa",1,0.222394,"Columbia","170601060304",7660.2510665595,"huc12","{5B30EBE6-BA91-48CF-A55F-0EEF2B5F1CA0}",NA,NA,NA,NA,2013-01-17 23:09:21,NA,12485.23,50.53,"OR,WA","S","TF","170601060305",0,0,"{AB22DCE5-E29C-11E2-8094-0021280458E6}",74,74,"Columbia CD",2261472697.5,"Southeast",2261472697.49992,"Southeast",242550.867209,242550.867208701
"320",21,"Beaver Creek",61,"Fallow/Idle Cropland",6,1.334364,"Columbia","170601060304",7660.2510665595,"huc12","{5B30EBE6-BA91-48CF-A55F-0EEF2B5F1CA0}",NA,NA,NA,NA,2013-01-17 23:09:21,NA,12485.23,50.53,"OR,WA","S","TF","170601060305",0,0,"{AB22DCE5-E29C-11E2-8094-0021280458E6}",74,74,"Columbia CD",2261472697.5,"Southeast",2261472697.49992,"Southeast",242550.867209,242550.867208701
"321",21,"Beaver Creek",121,"Developed/Open Space",129,28.688826,"Columbia","170601060304",7660.2510665595,"huc12","{5B30EBE6-BA91-48CF-A55F-0EEF2B5F1CA0}",NA,NA,NA,NA,2013-01-17 23:09:21,NA,12485.23,50.53,"OR,WA","S","TF","170601060305",0,0,"{AB22DCE5-E29C-11E2-8094-0021280458E6}",74,74,"Columbia CD",2261472697.5,"Southeast",2261472697.49992,"Southeast",242550.867209,242550.867208701
"322",21,"Beaver Creek",122,"Developed/Low Intensity",37,8.228578,"Columbia","170601060304",7660.2510665595,"huc12","{5B30EBE6-BA91-48CF-A55F-0EEF2B5F1CA0}",NA,NA,NA,NA,2013-01-17 23:09:21,NA,12485.23,50.53,"OR,WA","S","TF","170601060305",0,0,"{AB22DCE5-E29C-11E2-8094-0021280458E6}",74,74,"Columbia CD",2261472697.5,"Southeast",2261472697.49992,"Southeast",242550.867209,242550.867208701
"323",21,"Beaver Creek",131,"Barren",1,0.222394,"Columbia","170601060304",7660.2510665595,"huc12","{5B30EBE6-BA91-48CF-A55F-0EEF2B5F1CA0}",NA,NA,NA,NA,2013-01-17 23:09:21,NA,12485.23,50.53,"OR,WA","S","TF","170601060305",0,0,"{AB22DCE5-E29C-11E2-8094-0021280458E6}",74,74,"Columbia CD",2261472697.5,"Southeast",2261472697.49992,"Southeast",242550.867209,242550.867208701
"324",21,"Beaver Creek",142,"Evergreen Forest",32239,7169.760166,"Columbia","170601060304",7660.2510665595,"huc12","{5B30EBE6-BA91-48CF-A55F-0EEF2B5F1CA0}",NA,NA,NA,NA,2013-01-17 23:09:21,NA,12485.23,50.53,"OR,WA","S","TF","170601060305",0,0,"{AB22DCE5-E29C-11E2-8094-0021280458E6}",74,74,"Columbia CD",2261472697.5,"Southeast",2261472697.49992,"Southeast",242550.867209,242550.867208701
"325",21,"Beaver Creek",152,"Shrubland",965,214.61021,"Columbia","170601060304",7660.2510665595,"huc12","{5B30EBE6-BA91-48CF-A55F-0EEF2B5F1CA0}",NA,NA,NA,NA,2013-01-17 23:09:21,NA,12485.23,50.53,"OR,WA","S","TF","170601060305",0,0,"{AB22DCE5-E29C-11E2-8094-0021280458E6}",74,74,"Columbia CD",2261472697.5,"Southeast",2261472697.49992,"Southeast",242550.867209,242550.867208701
"326",21,"Beaver Creek",176,"Grassland/Pasture",1055,234.62567,"Columbia","170601060304",7660.2510665595,"huc12","{5B30EBE6-BA91-48CF-A55F-0EEF2B5F1CA0}",NA,NA,NA,NA,2013-01-17 23:09:21,NA,12485.23,50.53,"OR,WA","S","TF","170601060305",0,0,"{AB22DCE5-E29C-11E2-8094-0021280458E6}",74,74,"Columbia CD",2261472697.5,"Southeast",2261472697.49992,"Southeast",242550.867209,242550.867208701
"327",22,"Rock Creek-Wenaha River",24,"Winter Wheat",1,0.222394,"Columbia","170601060305",1710.61592890076,"huc12","{06BD1D72-9765-45D3-85F8-D1EF5FD29D5F}",NA,NA,NA,NA,2013-01-17 23:09:21,NA,14389.19,58.23,"OR,WA","S","TF","170601060308",0,0,"{AB22FB30-E29C-11E2-8094-0021280458E6}",74,74,"Columbia CD",2261472697.5,"Southeast",2261472697.49992,"Southeast",242550.867209,242550.867208701
"328",22,"Rock Creek-Wenaha River",61,"Fallow/Idle Cropland",3,0.667182,"Columbia","170601060305",1710.61592890076,"huc12","{06BD1D72-9765-45D3-85F8-D1EF5FD29D5F}",NA,NA,NA,NA,2013-01-17 23:09:21,NA,14389.19,58.23,"OR,WA","S","TF","170601060308",0,0,"{AB22FB30-E29C-11E2-8094-0021280458E6}",74,74,"Columbia CD",2261472697.5,"Southeast",2261472697.49992,"Southeast",242550.867209,242550.867208701
"329",22,"Rock Creek-Wenaha River",121,"Developed/Open Space",100,22.2394,"Columbia","170601060305",1710.61592890076,"huc12","{06BD1D72-9765-45D3-85F8-D1EF5FD29D5F}",NA,NA,NA,NA,2013-01-17 23:09:21,NA,14389.19,58.23,"OR,WA","S","TF","170601060308",0,0,"{AB22FB30-E29C-11E2-8094-0021280458E6}",74,74,"Columbia CD",2261472697.5,"Southeast",2261472697.49992,"Southeast",242550.867209,242550.867208701
"330",22,"Rock Creek-Wenaha River",122,"Developed/Low Intensity",19,4.225486,"Columbia","170601060305",1710.61592890076,"huc12","{06BD1D72-9765-45D3-85F8-D1EF5FD29D5F}",NA,NA,NA,NA,2013-01-17 23:09:21,NA,14389.19,58.23,"OR,WA","S","TF","170601060308",0,0,"{AB22FB30-E29C-11E2-8094-0021280458E6}",74,74,"Columbia CD",2261472697.5,"Southeast",2261472697.49992,"Southeast",242550.867209,242550.867208701
"331",22,"Rock Creek-Wenaha River",142,"Evergreen Forest",7251,1612.578894,"Columbia","170601060305",1710.61592890076,"huc12","{06BD1D72-9765-45D3-85F8-D1EF5FD29D5F}",NA,NA,NA,NA,2013-01-17 23:09:21,NA,14389.19,58.23,"OR,WA","S","TF","170601060308",0,0,"{AB22FB30-E29C-11E2-8094-0021280458E6}",74,74,"Columbia CD",2261472697.5,"Southeast",2261472697.49992,"Southeast",242550.867209,242550.867208701
"332",22,"Rock Creek-Wenaha River",152,"Shrubland",216,48.037104,"Columbia","170601060305",1710.61592890076,"huc12","{06BD1D72-9765-45D3-85F8-D1EF5FD29D5F}",NA,NA,NA,NA,2013-01-17 23:09:21,NA,14389.19,58.23,"OR,WA","S","TF","170601060308",0,0,"{AB22FB30-E29C-11E2-8094-0021280458E6}",74,74,"Columbia CD",2261472697.5,"Southeast",2261472697.49992,"Southeast",242550.867209,242550.867208701
"333",22,"Rock Creek-Wenaha River",176,"Grassland/Pasture",106,23.573764,"Columbia","170601060305",1710.61592890076,"huc12","{06BD1D72-9765-45D3-85F8-D1EF5FD29D5F}",NA,NA,NA,NA,2013-01-17 23:09:21,NA,14389.19,58.23,"OR,WA","S","TF","170601060308",0,0,"{AB22FB30-E29C-11E2-8094-0021280458E6}",74,74,"Columbia CD",2261472697.5,"Southeast",2261472697.49992,"Southeast",242550.867209,242550.867208701
"334",23,"Butte Creek",23,"Spring Wheat",7,1.556758,"Columbia","170601060307",9600.29622629622,"huc12","{6055BEA9-5A99-460A-B8B5-9A4AB978D0BB}","{E99CB89E-86C5-46FA-932D-BF4C5BA21F65}",NA,NA,NA,2016-11-18 01:44:55,NA,11800.15,47.75,"OR,WA","S","NM","170601060308",0,0,"{AB231235-E29C-11E2-8094-0021280458E6}",74,74,"Columbia CD",2261472697.5,"Southeast",2261472697.49992,"Southeast",242550.867209,242550.867208701
"335",23,"Butte Creek",24,"Winter Wheat",4,0.889576,"Columbia","170601060307",9600.29622629622,"huc12","{6055BEA9-5A99-460A-B8B5-9A4AB978D0BB}","{E99CB89E-86C5-46FA-932D-BF4C5BA21F65}",NA,NA,NA,2016-11-18 01:44:55,NA,11800.15,47.75,"OR,WA","S","NM","170601060308",0,0,"{AB231235-E29C-11E2-8094-0021280458E6}",74,74,"Columbia CD",2261472697.5,"Southeast",2261472697.49992,"Southeast",242550.867209,242550.867208701
"336",23,"Butte Creek",36,"Alfalfa",1,0.222394,"Columbia","170601060307",9600.29622629622,"huc12","{6055BEA9-5A99-460A-B8B5-9A4AB978D0BB}","{E99CB89E-86C5-46FA-932D-BF4C5BA21F65}",NA,NA,NA,2016-11-18 01:44:55,NA,11800.15,47.75,"OR,WA","S","NM","170601060308",0,0,"{AB231235-E29C-11E2-8094-0021280458E6}",74,74,"Columbia CD",2261472697.5,"Southeast",2261472697.49992,"Southeast",242550.867209,242550.867208701
"337",23,"Butte Creek",37,"Other Hay/Non Alfalfa",2,0.444788,"Columbia","170601060307",9600.29622629622,"huc12","{6055BEA9-5A99-460A-B8B5-9A4AB978D0BB}","{E99CB89E-86C5-46FA-932D-BF4C5BA21F65}",NA,NA,NA,2016-11-18 01:44:55,NA,11800.15,47.75,"OR,WA","S","NM","170601060308",0,0,"{AB231235-E29C-11E2-8094-0021280458E6}",74,74,"Columbia CD",2261472697.5,"Southeast",2261472697.49992,"Southeast",242550.867209,242550.867208701
"338",23,"Butte Creek",61,"Fallow/Idle Cropland",3,0.667182,"Columbia","170601060307",9600.29622629622,"huc12","{6055BEA9-5A99-460A-B8B5-9A4AB978D0BB}","{E99CB89E-86C5-46FA-932D-BF4C5BA21F65}",NA,NA,NA,2016-11-18 01:44:55,NA,11800.15,47.75,"OR,WA","S","NM","170601060308",0,0,"{AB231235-E29C-11E2-8094-0021280458E6}",74,74,"Columbia CD",2261472697.5,"Southeast",2261472697.49992,"Southeast",242550.867209,242550.867208701
"339",23,"Butte Creek",142,"Evergreen Forest",35607,7918.783158,"Columbia","170601060307",9600.29622629622,"huc12","{6055BEA9-5A99-460A-B8B5-9A4AB978D0BB}","{E99CB89E-86C5-46FA-932D-BF4C5BA21F65}",NA,NA,NA,2016-11-18 01:44:55,NA,11800.15,47.75,"OR,WA","S","NM","170601060308",0,0,"{AB231235-E29C-11E2-8094-0021280458E6}",74,74,"Columbia CD",2261472697.5,"Southeast",2261472697.49992,"Southeast",242550.867209,242550.867208701
"340",23,"Butte Creek",152,"Shrubland",4530,1007.44482,"Columbia","170601060307",9600.29622629622,"huc12","{6055BEA9-5A99-460A-B8B5-9A4AB978D0BB}","{E99CB89E-86C5-46FA-932D-BF4C5BA21F65}",NA,NA,NA,2016-11-18 01:44:55,NA,11800.15,47.75,"OR,WA","S","NM","170601060308",0,0,"{AB231235-E29C-11E2-8094-0021280458E6}",74,74,"Columbia CD",2261472697.5,"Southeast",2261472697.49992,"Southeast",242550.867209,242550.867208701
"341",23,"Butte Creek",176,"Grassland/Pasture",3015,670.51791,"Columbia","170601060307",9600.29622629622,"huc12","{6055BEA9-5A99-460A-B8B5-9A4AB978D0BB}","{E99CB89E-86C5-46FA-932D-BF4C5BA21F65}",NA,NA,NA,2016-11-18 01:44:55,NA,11800.15,47.75,"OR,WA","S","NM","170601060308",0,0,"{AB231235-E29C-11E2-8094-0021280458E6}",74,74,"Columbia CD",2261472697.5,"Southeast",2261472697.49992,"Southeast",242550.867209,242550.867208701
"342",23,"Butte Creek",195,"Herbaceous Wetlands",1,0.222394,"Columbia","170601060307",9600.29622629622,"huc12","{6055BEA9-5A99-460A-B8B5-9A4AB978D0BB}","{E99CB89E-86C5-46FA-932D-BF4C5BA21F65}",NA,NA,NA,2016-11-18 01:44:55,NA,11800.15,47.75,"OR,WA","S","NM","170601060308",0,0,"{AB231235-E29C-11E2-8094-0021280458E6}",74,74,"Columbia CD",2261472697.5,"Southeast",2261472697.49992,"Southeast",242550.867209,242550.867208701
"343",24,"Cross Canyon-Wenaha River",24,"Winter Wheat",3,0.667182,"Columbia","170601060308",5016.81975158144,"huc12","{DDD7A0AC-995E-48EC-A8D6-A0D1359CF492}",NA,NA,NA,NA,2013-01-17 23:09:21,NA,19638.21,79.47,"OR,WA","S","NM","170601060312",0,0,"{AB233055-E29C-11E2-8094-0021280458E6}",74,74,"Columbia CD",2261472697.5,"Southeast",2261472697.49992,"Southeast",242550.867209,242550.867208701
"344",24,"Cross Canyon-Wenaha River",37,"Other Hay/Non Alfalfa",5,1.11197,"Columbia","170601060308",5016.81975158144,"huc12","{DDD7A0AC-995E-48EC-A8D6-A0D1359CF492}",NA,NA,NA,NA,2013-01-17 23:09:21,NA,19638.21,79.47,"OR,WA","S","NM","170601060312",0,0,"{AB233055-E29C-11E2-8094-0021280458E6}",74,74,"Columbia CD",2261472697.5,"Southeast",2261472697.49992,"Southeast",242550.867209,242550.867208701
"345",24,"Cross Canyon-Wenaha River",61,"Fallow/Idle Cropland",2,0.444788,"Columbia","170601060308",5016.81975158144,"huc12","{DDD7A0AC-995E-48EC-A8D6-A0D1359CF492}",NA,NA,NA,NA,2013-01-17 23:09:21,NA,19638.21,79.47,"OR,WA","S","NM","170601060312",0,0,"{AB233055-E29C-11E2-8094-0021280458E6}",74,74,"Columbia CD",2261472697.5,"Southeast",2261472697.49992,"Southeast",242550.867209,242550.867208701
"346",24,"Cross Canyon-Wenaha River",142,"Evergreen Forest",18266,4062.248804,"Columbia","170601060308",5016.81975158144,"huc12","{DDD7A0AC-995E-48EC-A8D6-A0D1359CF492}",NA,NA,NA,NA,2013-01-17 23:09:21,NA,19638.21,79.47,"OR,WA","S","NM","170601060312",0,0,"{AB233055-E29C-11E2-8094-0021280458E6}",74,74,"Columbia CD",2261472697.5,"Southeast",2261472697.49992,"Southeast",242550.867209,242550.867208701
"347",24,"Cross Canyon-Wenaha River",152,"Shrubland",1939,431.221966,"Columbia","170601060308",5016.81975158144,"huc12","{DDD7A0AC-995E-48EC-A8D6-A0D1359CF492}",NA,NA,NA,NA,2013-01-17 23:09:21,NA,19638.21,79.47,"OR,WA","S","NM","170601060312",0,0,"{AB233055-E29C-11E2-8094-0021280458E6}",74,74,"Columbia CD",2261472697.5,"Southeast",2261472697.49992,"Southeast",242550.867209,242550.867208701
"348",24,"Cross Canyon-Wenaha River",176,"Grassland/Pasture",2343,521.069142,"Columbia","170601060308",5016.81975158144,"huc12","{DDD7A0AC-995E-48EC-A8D6-A0D1359CF492}",NA,NA,NA,NA,2013-01-17 23:09:21,NA,19638.21,79.47,"OR,WA","S","NM","170601060312",0,0,"{AB233055-E29C-11E2-8094-0021280458E6}",74,74,"Columbia CD",2261472697.5,"Southeast",2261472697.49992,"Southeast",242550.867209,242550.867208701
"349",25,"Lower Crooked Creek",24,"Winter Wheat",1,0.222394,"Columbia","170601060311",1722.38748882191,"huc12","{024651F9-B35E-49A0-A080-0219D42A44C4}",NA,NA,NA,NA,2013-01-17 23:09:21,NA,16921.75,68.48,"OR,WA","S","TF","170601060312",0,0,"{AB234784-E29C-11E2-8094-0021280458E6}",74,74,"Columbia CD",2261472697.5,"Southeast",2261472697.49992,"Southeast",242550.867209,242550.867208701
"350",25,"Lower Crooked Creek",37,"Other Hay/Non Alfalfa",2,0.444788,"Columbia","170601060311",1722.38748882191,"huc12","{024651F9-B35E-49A0-A080-0219D42A44C4}",NA,NA,NA,NA,2013-01-17 23:09:21,NA,16921.75,68.48,"OR,WA","S","TF","170601060312",0,0,"{AB234784-E29C-11E2-8094-0021280458E6}",74,74,"Columbia CD",2261472697.5,"Southeast",2261472697.49992,"Southeast",242550.867209,242550.867208701
"351",25,"Lower Crooked Creek",142,"Evergreen Forest",6082,1352.600308,"Columbia","170601060311",1722.38748882191,"huc12","{024651F9-B35E-49A0-A080-0219D42A44C4}",NA,NA,NA,NA,2013-01-17 23:09:21,NA,16921.75,68.48,"OR,WA","S","TF","170601060312",0,0,"{AB234784-E29C-11E2-8094-0021280458E6}",74,74,"Columbia CD",2261472697.5,"Southeast",2261472697.49992,"Southeast",242550.867209,242550.867208701
"352",25,"Lower Crooked Creek",152,"Shrubland",806,179.249564,"Columbia","170601060311",1722.38748882191,"huc12","{024651F9-B35E-49A0-A080-0219D42A44C4}",NA,NA,NA,NA,2013-01-17 23:09:21,NA,16921.75,68.48,"OR,WA","S","TF","170601060312",0,0,"{AB234784-E29C-11E2-8094-0021280458E6}",74,74,"Columbia CD",2261472697.5,"Southeast",2261472697.49992,"Southeast",242550.867209,242550.867208701
"353",25,"Lower Crooked Creek",176,"Grassland/Pasture",857,190.591658,"Columbia","170601060311",1722.38748882191,"huc12","{024651F9-B35E-49A0-A080-0219D42A44C4}",NA,NA,NA,NA,2013-01-17 23:09:21,NA,16921.75,68.48,"OR,WA","S","TF","170601060312",0,0,"{AB234784-E29C-11E2-8094-0021280458E6}",74,74,"Columbia CD",2261472697.5,"Southeast",2261472697.49992,"Southeast",242550.867209,242550.867208701
"354",26,"Fields Gulch",21,"Barley",6,1.334364,"Columbia","170601100101",18736.9198096484,"huc12","{09E3BF59-E113-4C27-B06A-D4741F7051DA}","{E99CB89E-86C5-46FA-932D-BF4C5BA21F65}",NA,NA,NA,2016-11-18 01:44:55,NA,43456.52,175.86,"WA","S","AD,TF","170601100102",0,0,"{AB25C704-E29C-11E2-8094-0021280458E6}",74,74,"Columbia CD",2261472697.5,"Southeast",2261472697.49992,"Southeast",242550.867209,242550.867208701
"355",26,"Fields Gulch",23,"Spring Wheat",3172,705.433768,"Columbia","170601100101",18736.9198096484,"huc12","{09E3BF59-E113-4C27-B06A-D4741F7051DA}","{E99CB89E-86C5-46FA-932D-BF4C5BA21F65}",NA,NA,NA,2016-11-18 01:44:55,NA,43456.52,175.86,"WA","S","AD,TF","170601100102",0,0,"{AB25C704-E29C-11E2-8094-0021280458E6}",74,74,"Columbia CD",2261472697.5,"Southeast",2261472697.49992,"Southeast",242550.867209,242550.867208701
"356",26,"Fields Gulch",24,"Winter Wheat",9745,2167.22953,"Columbia","170601100101",18736.9198096484,"huc12","{09E3BF59-E113-4C27-B06A-D4741F7051DA}","{E99CB89E-86C5-46FA-932D-BF4C5BA21F65}",NA,NA,NA,2016-11-18 01:44:55,NA,43456.52,175.86,"WA","S","AD,TF","170601100102",0,0,"{AB25C704-E29C-11E2-8094-0021280458E6}",74,74,"Columbia CD",2261472697.5,"Southeast",2261472697.49992,"Southeast",242550.867209,242550.867208701
"357",26,"Fields Gulch",37,"Other Hay/Non Alfalfa",1,0.222394,"Columbia","170601100101",18736.9198096484,"huc12","{09E3BF59-E113-4C27-B06A-D4741F7051DA}","{E99CB89E-86C5-46FA-932D-BF4C5BA21F65}",NA,NA,NA,2016-11-18 01:44:55,NA,43456.52,175.86,"WA","S","AD,TF","170601100102",0,0,"{AB25C704-E29C-11E2-8094-0021280458E6}",74,74,"Columbia CD",2261472697.5,"Southeast",2261472697.49992,"Southeast",242550.867209,242550.867208701
"358",26,"Fields Gulch",42,"Dry Beans",1,0.222394,"Columbia","170601100101",18736.9198096484,"huc12","{09E3BF59-E113-4C27-B06A-D4741F7051DA}","{E99CB89E-86C5-46FA-932D-BF4C5BA21F65}",NA,NA,NA,2016-11-18 01:44:55,NA,43456.52,175.86,"WA","S","AD,TF","170601100102",0,0,"{AB25C704-E29C-11E2-8094-0021280458E6}",74,74,"Columbia CD",2261472697.5,"Southeast",2261472697.49992,"Southeast",242550.867209,242550.867208701
"359",26,"Fields Gulch",53,"Peas",1,0.222394,"Columbia","170601100101",18736.9198096484,"huc12","{09E3BF59-E113-4C27-B06A-D4741F7051DA}","{E99CB89E-86C5-46FA-932D-BF4C5BA21F65}",NA,NA,NA,2016-11-18 01:44:55,NA,43456.52,175.86,"WA","S","AD,TF","170601100102",0,0,"{AB25C704-E29C-11E2-8094-0021280458E6}",74,74,"Columbia CD",2261472697.5,"Southeast",2261472697.49992,"Southeast",242550.867209,242550.867208701
"360",26,"Fields Gulch",61,"Fallow/Idle Cropland",5324,1184.025656,"Columbia","170601100101",18736.9198096484,"huc12","{09E3BF59-E113-4C27-B06A-D4741F7051DA}","{E99CB89E-86C5-46FA-932D-BF4C5BA21F65}",NA,NA,NA,2016-11-18 01:44:55,NA,43456.52,175.86,"WA","S","AD,TF","170601100102",0,0,"{AB25C704-E29C-11E2-8094-0021280458E6}",74,74,"Columbia CD",2261472697.5,"Southeast",2261472697.49992,"Southeast",242550.867209,242550.867208701
"361",26,"Fields Gulch",121,"Developed/Open Space",913,203.045722,"Columbia","170601100101",18736.9198096484,"huc12","{09E3BF59-E113-4C27-B06A-D4741F7051DA}","{E99CB89E-86C5-46FA-932D-BF4C5BA21F65}",NA,NA,NA,2016-11-18 01:44:55,NA,43456.52,175.86,"WA","S","AD,TF","170601100102",0,0,"{AB25C704-E29C-11E2-8094-0021280458E6}",74,74,"Columbia CD",2261472697.5,"Southeast",2261472697.49992,"Southeast",242550.867209,242550.867208701
"362",26,"Fields Gulch",122,"Developed/Low Intensity",8,1.779152,"Columbia","170601100101",18736.9198096484,"huc12","{09E3BF59-E113-4C27-B06A-D4741F7051DA}","{E99CB89E-86C5-46FA-932D-BF4C5BA21F65}",NA,NA,NA,2016-11-18 01:44:55,NA,43456.52,175.86,"WA","S","AD,TF","170601100102",0,0,"{AB25C704-E29C-11E2-8094-0021280458E6}",74,74,"Columbia CD",2261472697.5,"Southeast",2261472697.49992,"Southeast",242550.867209,242550.867208701
"363",26,"Fields Gulch",123,"Developed/Med Intensity",3,0.667182,"Columbia","170601100101",18736.9198096484,"huc12","{09E3BF59-E113-4C27-B06A-D4741F7051DA}","{E99CB89E-86C5-46FA-932D-BF4C5BA21F65}",NA,NA,NA,2016-11-18 01:44:55,NA,43456.52,175.86,"WA","S","AD,TF","170601100102",0,0,"{AB25C704-E29C-11E2-8094-0021280458E6}",74,74,"Columbia CD",2261472697.5,"Southeast",2261472697.49992,"Southeast",242550.867209,242550.867208701
"364",26,"Fields Gulch",142,"Evergreen Forest",6,1.334364,"Columbia","170601100101",18736.9198096484,"huc12","{09E3BF59-E113-4C27-B06A-D4741F7051DA}","{E99CB89E-86C5-46FA-932D-BF4C5BA21F65}",NA,NA,NA,2016-11-18 01:44:55,NA,43456.52,175.86,"WA","S","AD,TF","170601100102",0,0,"{AB25C704-E29C-11E2-8094-0021280458E6}",74,74,"Columbia CD",2261472697.5,"Southeast",2261472697.49992,"Southeast",242550.867209,242550.867208701
"365",26,"Fields Gulch",143,"Mixed Forest",1,0.222394,"Columbia","170601100101",18736.9198096484,"huc12","{09E3BF59-E113-4C27-B06A-D4741F7051DA}","{E99CB89E-86C5-46FA-932D-BF4C5BA21F65}",NA,NA,NA,2016-11-18 01:44:55,NA,43456.52,175.86,"WA","S","AD,TF","170601100102",0,0,"{AB25C704-E29C-11E2-8094-0021280458E6}",74,74,"Columbia CD",2261472697.5,"Southeast",2261472697.49992,"Southeast",242550.867209,242550.867208701
"366",26,"Fields Gulch",152,"Shrubland",11858,2637.148052,"Columbia","170601100101",18736.9198096484,"huc12","{09E3BF59-E113-4C27-B06A-D4741F7051DA}","{E99CB89E-86C5-46FA-932D-BF4C5BA21F65}",NA,NA,NA,2016-11-18 01:44:55,NA,43456.52,175.86,"WA","S","AD,TF","170601100102",0,0,"{AB25C704-E29C-11E2-8094-0021280458E6}",74,74,"Columbia CD",2261472697.5,"Southeast",2261472697.49992,"Southeast",242550.867209,242550.867208701
"367",26,"Fields Gulch",176,"Grassland/Pasture",53217,11835.141498,"Columbia","170601100101",18736.9198096484,"huc12","{09E3BF59-E113-4C27-B06A-D4741F7051DA}","{E99CB89E-86C5-46FA-932D-BF4C5BA21F65}",NA,NA,NA,2016-11-18 01:44:55,NA,43456.52,175.86,"WA","S","AD,TF","170601100102",0,0,"{AB25C704-E29C-11E2-8094-0021280458E6}",74,74,"Columbia CD",2261472697.5,"Southeast",2261472697.49992,"Southeast",242550.867209,242550.867208701
"368",27,"Lyons Dam-Snake River",61,"Fallow/Idle Cropland",36,8.006184,"Columbia","170601100102",1211.8263169211,"huc12","{C3D11F5B-9490-4BC5-87BC-AA94AAE9306F}",NA,NA,NA,NA,2013-01-17 23:09:24,NA,41314.83,167.2,"WA","S","AD,TF","170601100103",0,0,"{AB25E525-E29C-11E2-8094-0021280458E6}",74,74,"Columbia CD",2261472697.5,"Southeast",2261472697.49992,"Southeast",242550.867209,242550.867208701
"369",27,"Lyons Dam-Snake River",111,"Open Water",379,84.287326,"Columbia","170601100102",1211.8263169211,"huc12","{C3D11F5B-9490-4BC5-87BC-AA94AAE9306F}",NA,NA,NA,NA,2013-01-17 23:09:24,NA,41314.83,167.2,"WA","S","AD,TF","170601100103",0,0,"{AB25E525-E29C-11E2-8094-0021280458E6}",74,74,"Columbia CD",2261472697.5,"Southeast",2261472697.49992,"Southeast",242550.867209,242550.867208701
"370",27,"Lyons Dam-Snake River",121,"Developed/Open Space",266,59.156804,"Columbia","170601100102",1211.8263169211,"huc12","{C3D11F5B-9490-4BC5-87BC-AA94AAE9306F}",NA,NA,NA,NA,2013-01-17 23:09:24,NA,41314.83,167.2,"WA","S","AD,TF","170601100103",0,0,"{AB25E525-E29C-11E2-8094-0021280458E6}",74,74,"Columbia CD",2261472697.5,"Southeast",2261472697.49992,"Southeast",242550.867209,242550.867208701
"371",27,"Lyons Dam-Snake River",122,"Developed/Low Intensity",34,7.561396,"Columbia","170601100102",1211.8263169211,"huc12","{C3D11F5B-9490-4BC5-87BC-AA94AAE9306F}",NA,NA,NA,NA,2013-01-17 23:09:24,NA,41314.83,167.2,"WA","S","AD,TF","170601100103",0,0,"{AB25E525-E29C-11E2-8094-0021280458E6}",74,74,"Columbia CD",2261472697.5,"Southeast",2261472697.49992,"Southeast",242550.867209,242550.867208701
"372",27,"Lyons Dam-Snake River",123,"Developed/Med Intensity",2,0.444788,"Columbia","170601100102",1211.8263169211,"huc12","{C3D11F5B-9490-4BC5-87BC-AA94AAE9306F}",NA,NA,NA,NA,2013-01-17 23:09:24,NA,41314.83,167.2,"WA","S","AD,TF","170601100103",0,0,"{AB25E525-E29C-11E2-8094-0021280458E6}",74,74,"Columbia CD",2261472697.5,"Southeast",2261472697.49992,"Southeast",242550.867209,242550.867208701
"373",27,"Lyons Dam-Snake River",142,"Evergreen Forest",20,4.44788,"Columbia","170601100102",1211.8263169211,"huc12","{C3D11F5B-9490-4BC5-87BC-AA94AAE9306F}",NA,NA,NA,NA,2013-01-17 23:09:24,NA,41314.83,167.2,"WA","S","AD,TF","170601100103",0,0,"{AB25E525-E29C-11E2-8094-0021280458E6}",74,74,"Columbia CD",2261472697.5,"Southeast",2261472697.49992,"Southeast",242550.867209,242550.867208701
"374",27,"Lyons Dam-Snake River",152,"Shrubland",4109,913.816946,"Columbia","170601100102",1211.8263169211,"huc12","{C3D11F5B-9490-4BC5-87BC-AA94AAE9306F}",NA,NA,NA,NA,2013-01-17 23:09:24,NA,41314.83,167.2,"WA","S","AD,TF","170601100103",0,0,"{AB25E525-E29C-11E2-8094-0021280458E6}",74,74,"Columbia CD",2261472697.5,"Southeast",2261472697.49992,"Southeast",242550.867209,242550.867208701
"375",27,"Lyons Dam-Snake River",176,"Grassland/Pasture",592,131.657248,"Columbia","170601100102",1211.8263169211,"huc12","{C3D11F5B-9490-4BC5-87BC-AA94AAE9306F}",NA,NA,NA,NA,2013-01-17 23:09:24,NA,41314.83,167.2,"WA","S","AD,TF","170601100103",0,0,"{AB25E525-E29C-11E2-8094-0021280458E6}",74,74,"Columbia CD",2261472697.5,"Southeast",2261472697.49992,"Southeast",242550.867209,242550.867208701
"376",27,"Lyons Dam-Snake River",190,"Woody Wetlands",3,0.667182,"Columbia","170601100102",1211.8263169211,"huc12","{C3D11F5B-9490-4BC5-87BC-AA94AAE9306F}",NA,NA,NA,NA,2013-01-17 23:09:24,NA,41314.83,167.2,"WA","S","AD,TF","170601100103",0,0,"{AB25E525-E29C-11E2-8094-0021280458E6}",74,74,"Columbia CD",2261472697.5,"Southeast",2261472697.49992,"Southeast",242550.867209,242550.867208701
"377",27,"Lyons Dam-Snake River",195,"Herbaceous Wetlands",4,0.889576,"Columbia","170601100102",1211.8263169211,"huc12","{C3D11F5B-9490-4BC5-87BC-AA94AAE9306F}",NA,NA,NA,NA,2013-01-17 23:09:24,NA,41314.83,167.2,"WA","S","AD,TF","170601100103",0,0,"{AB25E525-E29C-11E2-8094-0021280458E6}",74,74,"Columbia CD",2261472697.5,"Southeast",2261472697.49992,"Southeast",242550.867209,242550.867208701
"378",28,"West Fork Butte Creek",53,"Peas",1,0.222394,"Columbia","170601060306",16822.2289708785,"huc12","{BCF2AE5B-18E3-4BF2-8782-B95F37BF7E20}","{E99CB89E-86C5-46FA-932D-BF4C5BA21F65}",NA,NA,NA,2016-11-18 01:44:57,NA,16822.3,68.08,"WA","S","TF","170601060307",0,0,"{AB848741-E29C-11E2-8094-0021280458E6}",74,74,"Columbia CD",2261472697.5,"Southeast",2261472697.49992,"Southeast",242550.867209,242550.867208701
"379",28,"West Fork Butte Creek",61,"Fallow/Idle Cropland",2,0.444788,"Columbia","170601060306",16822.2289708785,"huc12","{BCF2AE5B-18E3-4BF2-8782-B95F37BF7E20}","{E99CB89E-86C5-46FA-932D-BF4C5BA21F65}",NA,NA,NA,2016-11-18 01:44:57,NA,16822.3,68.08,"WA","S","TF","170601060307",0,0,"{AB848741-E29C-11E2-8094-0021280458E6}",74,74,"Columbia CD",2261472697.5,"Southeast",2261472697.49992,"Southeast",242550.867209,242550.867208701
"380",28,"West Fork Butte Creek",121,"Developed/Open Space",190,42.25486,"Columbia","170601060306",16822.2289708785,"huc12","{BCF2AE5B-18E3-4BF2-8782-B95F37BF7E20}","{E99CB89E-86C5-46FA-932D-BF4C5BA21F65}",NA,NA,NA,2016-11-18 01:44:57,NA,16822.3,68.08,"WA","S","TF","170601060307",0,0,"{AB848741-E29C-11E2-8094-0021280458E6}",74,74,"Columbia CD",2261472697.5,"Southeast",2261472697.49992,"Southeast",242550.867209,242550.867208701
"381",28,"West Fork Butte Creek",122,"Developed/Low Intensity",15,3.33591,"Columbia","170601060306",16822.2289708785,"huc12","{BCF2AE5B-18E3-4BF2-8782-B95F37BF7E20}","{E99CB89E-86C5-46FA-932D-BF4C5BA21F65}",NA,NA,NA,2016-11-18 01:44:57,NA,16822.3,68.08,"WA","S","TF","170601060307",0,0,"{AB848741-E29C-11E2-8094-0021280458E6}",74,74,"Columbia CD",2261472697.5,"Southeast",2261472697.49992,"Southeast",242550.867209,242550.867208701
"382",28,"West Fork Butte Creek",123,"Developed/Med Intensity",4,0.889576,"Columbia","170601060306",16822.2289708785,"huc12","{BCF2AE5B-18E3-4BF2-8782-B95F37BF7E20}","{E99CB89E-86C5-46FA-932D-BF4C5BA21F65}",NA,NA,NA,2016-11-18 01:44:57,NA,16822.3,68.08,"WA","S","TF","170601060307",0,0,"{AB848741-E29C-11E2-8094-0021280458E6}",74,74,"Columbia CD",2261472697.5,"Southeast",2261472697.49992,"Southeast",242550.867209,242550.867208701
"383",28,"West Fork Butte Creek",131,"Barren",4,0.889576,"Columbia","170601060306",16822.2289708785,"huc12","{BCF2AE5B-18E3-4BF2-8782-B95F37BF7E20}","{E99CB89E-86C5-46FA-932D-BF4C5BA21F65}",NA,NA,NA,2016-11-18 01:44:57,NA,16822.3,68.08,"WA","S","TF","170601060307",0,0,"{AB848741-E29C-11E2-8094-0021280458E6}",74,74,"Columbia CD",2261472697.5,"Southeast",2261472697.49992,"Southeast",242550.867209,242550.867208701
"384",28,"West Fork Butte Creek",142,"Evergreen Forest",64120,14259.90328,"Columbia","170601060306",16822.2289708785,"huc12","{BCF2AE5B-18E3-4BF2-8782-B95F37BF7E20}","{E99CB89E-86C5-46FA-932D-BF4C5BA21F65}",NA,NA,NA,2016-11-18 01:44:57,NA,16822.3,68.08,"WA","S","TF","170601060307",0,0,"{AB848741-E29C-11E2-8094-0021280458E6}",74,74,"Columbia CD",2261472697.5,"Southeast",2261472697.49992,"Southeast",242550.867209,242550.867208701
"385",28,"West Fork Butte Creek",152,"Shrubland",6373,1417.316962,"Columbia","170601060306",16822.2289708785,"huc12","{BCF2AE5B-18E3-4BF2-8782-B95F37BF7E20}","{E99CB89E-86C5-46FA-932D-BF4C5BA21F65}",NA,NA,NA,2016-11-18 01:44:57,NA,16822.3,68.08,"WA","S","TF","170601060307",0,0,"{AB848741-E29C-11E2-8094-0021280458E6}",74,74,"Columbia CD",2261472697.5,"Southeast",2261472697.49992,"Southeast",242550.867209,242550.867208701
"386",28,"West Fork Butte Creek",176,"Grassland/Pasture",4931,1096.624814,"Columbia","170601060306",16822.2289708785,"huc12","{BCF2AE5B-18E3-4BF2-8782-B95F37BF7E20}","{E99CB89E-86C5-46FA-932D-BF4C5BA21F65}",NA,NA,NA,2016-11-18 01:44:57,NA,16822.3,68.08,"WA","S","TF","170601060307",0,0,"{AB848741-E29C-11E2-8094-0021280458E6}",74,74,"Columbia CD",2261472697.5,"Southeast",2261472697.49992,"Southeast",242550.867209,242550.867208701
"387",29,"Upper Crooked Creek",23,"Spring Wheat",3,0.667182,"Columbia","170601060309",17217.2912240238,"huc12","{FA367A34-6EDD-4427-BF96-04B6EA12E26B}",NA,NA,NA,NA,2013-01-17 23:09:21,NA,18987.43,76.84,"WA","S","NM","170601060311",0,0,"{AB84A4AB-E29C-11E2-8094-0021280458E6}",74,74,"Columbia CD",2261472697.5,"Southeast",2261472697.49992,"Southeast",242550.867209,242550.867208701
"388",29,"Upper Crooked Creek",24,"Winter Wheat",10,2.22394,"Columbia","170601060309",17217.2912240238,"huc12","{FA367A34-6EDD-4427-BF96-04B6EA12E26B}",NA,NA,NA,NA,2013-01-17 23:09:21,NA,18987.43,76.84,"WA","S","NM","170601060311",0,0,"{AB84A4AB-E29C-11E2-8094-0021280458E6}",74,74,"Columbia CD",2261472697.5,"Southeast",2261472697.49992,"Southeast",242550.867209,242550.867208701
"389",29,"Upper Crooked Creek",37,"Other Hay/Non Alfalfa",3,0.667182,"Columbia","170601060309",17217.2912240238,"huc12","{FA367A34-6EDD-4427-BF96-04B6EA12E26B}",NA,NA,NA,NA,2013-01-17 23:09:21,NA,18987.43,76.84,"WA","S","NM","170601060311",0,0,"{AB84A4AB-E29C-11E2-8094-0021280458E6}",74,74,"Columbia CD",2261472697.5,"Southeast",2261472697.49992,"Southeast",242550.867209,242550.867208701
"390",29,"Upper Crooked Creek",53,"Peas",1,0.222394,"Columbia","170601060309",17217.2912240238,"huc12","{FA367A34-6EDD-4427-BF96-04B6EA12E26B}",NA,NA,NA,NA,2013-01-17 23:09:21,NA,18987.43,76.84,"WA","S","NM","170601060311",0,0,"{AB84A4AB-E29C-11E2-8094-0021280458E6}",74,74,"Columbia CD",2261472697.5,"Southeast",2261472697.49992,"Southeast",242550.867209,242550.867208701
"391",29,"Upper Crooked Creek",61,"Fallow/Idle Cropland",5,1.11197,"Columbia","170601060309",17217.2912240238,"huc12","{FA367A34-6EDD-4427-BF96-04B6EA12E26B}",NA,NA,NA,NA,2013-01-17 23:09:21,NA,18987.43,76.84,"WA","S","NM","170601060311",0,0,"{AB84A4AB-E29C-11E2-8094-0021280458E6}",74,74,"Columbia CD",2261472697.5,"Southeast",2261472697.49992,"Southeast",242550.867209,242550.867208701
"392",29,"Upper Crooked Creek",131,"Barren",2,0.444788,"Columbia","170601060309",17217.2912240238,"huc12","{FA367A34-6EDD-4427-BF96-04B6EA12E26B}",NA,NA,NA,NA,2013-01-17 23:09:21,NA,18987.43,76.84,"WA","S","NM","170601060311",0,0,"{AB84A4AB-E29C-11E2-8094-0021280458E6}",74,74,"Columbia CD",2261472697.5,"Southeast",2261472697.49992,"Southeast",242550.867209,242550.867208701
"393",29,"Upper Crooked Creek",142,"Evergreen Forest",65014,14458.723516,"Columbia","170601060309",17217.2912240238,"huc12","{FA367A34-6EDD-4427-BF96-04B6EA12E26B}",NA,NA,NA,NA,2013-01-17 23:09:21,NA,18987.43,76.84,"WA","S","NM","170601060311",0,0,"{AB84A4AB-E29C-11E2-8094-0021280458E6}",74,74,"Columbia CD",2261472697.5,"Southeast",2261472697.49992,"Southeast",242550.867209,242550.867208701
"394",29,"Upper Crooked Creek",152,"Shrubland",7053,1568.544882,"Columbia","170601060309",17217.2912240238,"huc12","{FA367A34-6EDD-4427-BF96-04B6EA12E26B}",NA,NA,NA,NA,2013-01-17 23:09:21,NA,18987.43,76.84,"WA","S","NM","170601060311",0,0,"{AB84A4AB-E29C-11E2-8094-0021280458E6}",74,74,"Columbia CD",2261472697.5,"Southeast",2261472697.49992,"Southeast",242550.867209,242550.867208701
"395",29,"Upper Crooked Creek",176,"Grassland/Pasture",5320,1183.13608,"Columbia","170601060309",17217.2912240238,"huc12","{FA367A34-6EDD-4427-BF96-04B6EA12E26B}",NA,NA,NA,NA,2013-01-17 23:09:21,NA,18987.43,76.84,"WA","S","NM","170601060311",0,0,"{AB84A4AB-E29C-11E2-8094-0021280458E6}",74,74,"Columbia CD",2261472697.5,"Southeast",2261472697.49992,"Southeast",242550.867209,242550.867208701
"396",30,"Linville Gulch",23,"Spring Wheat",132,29.356008,"Columbia","170601070504",92.1636018700099,"huc12","{F130C15B-0126-49CA-AD0F-B40CED6CE64C}",NA,NA,NA,NA,2013-01-17 23:09:21,NA,19221.97,77.79,"WA","S","TF","170601070505",0,0,"{AB878CF0-E29C-11E2-8094-0021280458E6}",74,74,"Columbia CD",2261472697.5,"Southeast",2261472697.49992,"Southeast",242550.867209,242550.867208701
"397",30,"Linville Gulch",24,"Winter Wheat",146,32.469524,"Columbia","170601070504",92.1636018700099,"huc12","{F130C15B-0126-49CA-AD0F-B40CED6CE64C}",NA,NA,NA,NA,2013-01-17 23:09:21,NA,19221.97,77.79,"WA","S","TF","170601070505",0,0,"{AB878CF0-E29C-11E2-8094-0021280458E6}",74,74,"Columbia CD",2261472697.5,"Southeast",2261472697.49992,"Southeast",242550.867209,242550.867208701
"398",30,"Linville Gulch",53,"Peas",1,0.222394,"Columbia","170601070504",92.1636018700099,"huc12","{F130C15B-0126-49CA-AD0F-B40CED6CE64C}",NA,NA,NA,NA,2013-01-17 23:09:21,NA,19221.97,77.79,"WA","S","TF","170601070505",0,0,"{AB878CF0-E29C-11E2-8094-0021280458E6}",74,74,"Columbia CD",2261472697.5,"Southeast",2261472697.49992,"Southeast",242550.867209,242550.867208701
"399",30,"Linville Gulch",61,"Fallow/Idle Cropland",42,9.340548,"Columbia","170601070504",92.1636018700099,"huc12","{F130C15B-0126-49CA-AD0F-B40CED6CE64C}",NA,NA,NA,NA,2013-01-17 23:09:21,NA,19221.97,77.79,"WA","S","TF","170601070505",0,0,"{AB878CF0-E29C-11E2-8094-0021280458E6}",74,74,"Columbia CD",2261472697.5,"Southeast",2261472697.49992,"Southeast",242550.867209,242550.867208701
"400",30,"Linville Gulch",121,"Developed/Open Space",15,3.33591,"Columbia","170601070504",92.1636018700099,"huc12","{F130C15B-0126-49CA-AD0F-B40CED6CE64C}",NA,NA,NA,NA,2013-01-17 23:09:21,NA,19221.97,77.79,"WA","S","TF","170601070505",0,0,"{AB878CF0-E29C-11E2-8094-0021280458E6}",74,74,"Columbia CD",2261472697.5,"Southeast",2261472697.49992,"Southeast",242550.867209,242550.867208701
"401",30,"Linville Gulch",142,"Evergreen Forest",3,0.667182,"Columbia","170601070504",92.1636018700099,"huc12","{F130C15B-0126-49CA-AD0F-B40CED6CE64C}",NA,NA,NA,NA,2013-01-17 23:09:21,NA,19221.97,77.79,"WA","S","TF","170601070505",0,0,"{AB878CF0-E29C-11E2-8094-0021280458E6}",74,74,"Columbia CD",2261472697.5,"Southeast",2261472697.49992,"Southeast",242550.867209,242550.867208701
"402",30,"Linville Gulch",152,"Shrubland",8,1.779152,"Columbia","170601070504",92.1636018700099,"huc12","{F130C15B-0126-49CA-AD0F-B40CED6CE64C}",NA,NA,NA,NA,2013-01-17 23:09:21,NA,19221.97,77.79,"WA","S","TF","170601070505",0,0,"{AB878CF0-E29C-11E2-8094-0021280458E6}",74,74,"Columbia CD",2261472697.5,"Southeast",2261472697.49992,"Southeast",242550.867209,242550.867208701
"403",30,"Linville Gulch",176,"Grassland/Pasture",67,14.900398,"Columbia","170601070504",92.1636018700099,"huc12","{F130C15B-0126-49CA-AD0F-B40CED6CE64C}",NA,NA,NA,NA,2013-01-17 23:09:21,NA,19221.97,77.79,"WA","S","TF","170601070505",0,0,"{AB878CF0-E29C-11E2-8094-0021280458E6}",74,74,"Columbia CD",2261472697.5,"Southeast",2261472697.49992,"Southeast",242550.867209,242550.867208701
"404",31,"Chard Gulch-Pataha Creek",21,"Barley",32,7.116608,"Columbia","170601070505",5384.44092596048,"huc12","{5853C5DA-EC35-46BD-B7BE-2A6A1A972B60}",NA,NA,NA,NA,2013-01-17 23:09:21,NA,20631.35,83.49,"WA","S","TF","170601070506",0,0,"{AB87AA44-E29C-11E2-8094-0021280458E6}",74,74,"Columbia CD",2261472697.5,"Southeast",2261472697.49992,"Southeast",242550.867209,242550.867208701
"405",31,"Chard Gulch-Pataha Creek",23,"Spring Wheat",658,146.335252,"Columbia","170601070505",5384.44092596048,"huc12","{5853C5DA-EC35-46BD-B7BE-2A6A1A972B60}",NA,NA,NA,NA,2013-01-17 23:09:21,NA,20631.35,83.49,"WA","S","TF","170601070506",0,0,"{AB87AA44-E29C-11E2-8094-0021280458E6}",74,74,"Columbia CD",2261472697.5,"Southeast",2261472697.49992,"Southeast",242550.867209,242550.867208701
"406",31,"Chard Gulch-Pataha Creek",24,"Winter Wheat",6499,1445.338606,"Columbia","170601070505",5384.44092596048,"huc12","{5853C5DA-EC35-46BD-B7BE-2A6A1A972B60}",NA,NA,NA,NA,2013-01-17 23:09:21,NA,20631.35,83.49,"WA","S","TF","170601070506",0,0,"{AB87AA44-E29C-11E2-8094-0021280458E6}",74,74,"Columbia CD",2261472697.5,"Southeast",2261472697.49992,"Southeast",242550.867209,242550.867208701
"407",31,"Chard Gulch-Pataha Creek",36,"Alfalfa",19,4.225486,"Columbia","170601070505",5384.44092596048,"huc12","{5853C5DA-EC35-46BD-B7BE-2A6A1A972B60}",NA,NA,NA,NA,2013-01-17 23:09:21,NA,20631.35,83.49,"WA","S","TF","170601070506",0,0,"{AB87AA44-E29C-11E2-8094-0021280458E6}",74,74,"Columbia CD",2261472697.5,"Southeast",2261472697.49992,"Southeast",242550.867209,242550.867208701
"408",31,"Chard Gulch-Pataha Creek",37,"Other Hay/Non Alfalfa",52,11.564488,"Columbia","170601070505",5384.44092596048,"huc12","{5853C5DA-EC35-46BD-B7BE-2A6A1A972B60}",NA,NA,NA,NA,2013-01-17 23:09:21,NA,20631.35,83.49,"WA","S","TF","170601070506",0,0,"{AB87AA44-E29C-11E2-8094-0021280458E6}",74,74,"Columbia CD",2261472697.5,"Southeast",2261472697.49992,"Southeast",242550.867209,242550.867208701
"409",31,"Chard Gulch-Pataha Creek",53,"Peas",6,1.334364,"Columbia","170601070505",5384.44092596048,"huc12","{5853C5DA-EC35-46BD-B7BE-2A6A1A972B60}",NA,NA,NA,NA,2013-01-17 23:09:21,NA,20631.35,83.49,"WA","S","TF","170601070506",0,0,"{AB87AA44-E29C-11E2-8094-0021280458E6}",74,74,"Columbia CD",2261472697.5,"Southeast",2261472697.49992,"Southeast",242550.867209,242550.867208701
"410",31,"Chard Gulch-Pataha Creek",59,"Sod/Grass Seed",1,0.222394,"Columbia","170601070505",5384.44092596048,"huc12","{5853C5DA-EC35-46BD-B7BE-2A6A1A972B60}",NA,NA,NA,NA,2013-01-17 23:09:21,NA,20631.35,83.49,"WA","S","TF","170601070506",0,0,"{AB87AA44-E29C-11E2-8094-0021280458E6}",74,74,"Columbia CD",2261472697.5,"Southeast",2261472697.49992,"Southeast",242550.867209,242550.867208701
"411",31,"Chard Gulch-Pataha Creek",61,"Fallow/Idle Cropland",4747,1055.704318,"Columbia","170601070505",5384.44092596048,"huc12","{5853C5DA-EC35-46BD-B7BE-2A6A1A972B60}",NA,NA,NA,NA,2013-01-17 23:09:21,NA,20631.35,83.49,"WA","S","TF","170601070506",0,0,"{AB87AA44-E29C-11E2-8094-0021280458E6}",74,74,"Columbia CD",2261472697.5,"Southeast",2261472697.49992,"Southeast",242550.867209,242550.867208701
"412",31,"Chard Gulch-Pataha Creek",121,"Developed/Open Space",673,149.671162,"Columbia","170601070505",5384.44092596048,"huc12","{5853C5DA-EC35-46BD-B7BE-2A6A1A972B60}",NA,NA,NA,NA,2013-01-17 23:09:21,NA,20631.35,83.49,"WA","S","TF","170601070506",0,0,"{AB87AA44-E29C-11E2-8094-0021280458E6}",74,74,"Columbia CD",2261472697.5,"Southeast",2261472697.49992,"Southeast",242550.867209,242550.867208701
"413",31,"Chard Gulch-Pataha Creek",122,"Developed/Low Intensity",20,4.44788,"Columbia","170601070505",5384.44092596048,"huc12","{5853C5DA-EC35-46BD-B7BE-2A6A1A972B60}",NA,NA,NA,NA,2013-01-17 23:09:21,NA,20631.35,83.49,"WA","S","TF","170601070506",0,0,"{AB87AA44-E29C-11E2-8094-0021280458E6}",74,74,"Columbia CD",2261472697.5,"Southeast",2261472697.49992,"Southeast",242550.867209,242550.867208701
"414",31,"Chard Gulch-Pataha Creek",152,"Shrubland",1338,297.563172,"Columbia","170601070505",5384.44092596048,"huc12","{5853C5DA-EC35-46BD-B7BE-2A6A1A972B60}",NA,NA,NA,NA,2013-01-17 23:09:21,NA,20631.35,83.49,"WA","S","TF","170601070506",0,0,"{AB87AA44-E29C-11E2-8094-0021280458E6}",74,74,"Columbia CD",2261472697.5,"Southeast",2261472697.49992,"Southeast",242550.867209,242550.867208701
"415",31,"Chard Gulch-Pataha Creek",176,"Grassland/Pasture",10156,2258.633464,"Columbia","170601070505",5384.44092596048,"huc12","{5853C5DA-EC35-46BD-B7BE-2A6A1A972B60}",NA,NA,NA,NA,2013-01-17 23:09:21,NA,20631.35,83.49,"WA","S","TF","170601070506",0,0,"{AB87AA44-E29C-11E2-8094-0021280458E6}",74,74,"Columbia CD",2261472697.5,"Southeast",2261472697.49992,"Southeast",242550.867209,242550.867208701
"416",31,"Chard Gulch-Pataha Creek",195,"Herbaceous Wetlands",1,0.222394,"Columbia","170601070505",5384.44092596048,"huc12","{5853C5DA-EC35-46BD-B7BE-2A6A1A972B60}",NA,NA,NA,NA,2013-01-17 23:09:21,NA,20631.35,83.49,"WA","S","TF","170601070506",0,0,"{AB87AA44-E29C-11E2-8094-0021280458E6}",74,74,"Columbia CD",2261472697.5,"Southeast",2261472697.49992,"Southeast",242550.867209,242550.867208701
"417",32,"Upper Mill Creek",21,"Barley",1,0.222394,"Columbia","170701020201",10422.263839277,"huc12","{BB178838-E4E9-4025-8C83-B0BCA3E5F8C0}",NA,NA,NA,NA,2013-01-17 23:09:29,NA,21439.82,86.76,"OR,WA","S","NM","170701020202",0,0,"{ADE22517-E29C-11E2-8094-0021280458E6}",74,74,"Columbia CD",2261472697.5,"Southeast",2261472697.49992,"Southeast",242550.867209,242550.867208701
"418",32,"Upper Mill Creek",23,"Spring Wheat",22,4.892668,"Columbia","170701020201",10422.263839277,"huc12","{BB178838-E4E9-4025-8C83-B0BCA3E5F8C0}",NA,NA,NA,NA,2013-01-17 23:09:29,NA,21439.82,86.76,"OR,WA","S","NM","170701020202",0,0,"{ADE22517-E29C-11E2-8094-0021280458E6}",74,74,"Columbia CD",2261472697.5,"Southeast",2261472697.49992,"Southeast",242550.867209,242550.867208701
"419",32,"Upper Mill Creek",37,"Other Hay/Non Alfalfa",1,0.222394,"Columbia","170701020201",10422.263839277,"huc12","{BB178838-E4E9-4025-8C83-B0BCA3E5F8C0}",NA,NA,NA,NA,2013-01-17 23:09:29,NA,21439.82,86.76,"OR,WA","S","NM","170701020202",0,0,"{ADE22517-E29C-11E2-8094-0021280458E6}",74,74,"Columbia CD",2261472697.5,"Southeast",2261472697.49992,"Southeast",242550.867209,242550.867208701
"420",32,"Upper Mill Creek",121,"Developed/Open Space",35,7.78379,"Columbia","170701020201",10422.263839277,"huc12","{BB178838-E4E9-4025-8C83-B0BCA3E5F8C0}",NA,NA,NA,NA,2013-01-17 23:09:29,NA,21439.82,86.76,"OR,WA","S","NM","170701020202",0,0,"{ADE22517-E29C-11E2-8094-0021280458E6}",74,74,"Columbia CD",2261472697.5,"Southeast",2261472697.49992,"Southeast",242550.867209,242550.867208701
"421",32,"Upper Mill Creek",122,"Developed/Low Intensity",10,2.22394,"Columbia","170701020201",10422.263839277,"huc12","{BB178838-E4E9-4025-8C83-B0BCA3E5F8C0}",NA,NA,NA,NA,2013-01-17 23:09:29,NA,21439.82,86.76,"OR,WA","S","NM","170701020202",0,0,"{ADE22517-E29C-11E2-8094-0021280458E6}",74,74,"Columbia CD",2261472697.5,"Southeast",2261472697.49992,"Southeast",242550.867209,242550.867208701
"422",32,"Upper Mill Creek",142,"Evergreen Forest",39563,8798.573822,"Columbia","170701020201",10422.263839277,"huc12","{BB178838-E4E9-4025-8C83-B0BCA3E5F8C0}",NA,NA,NA,NA,2013-01-17 23:09:29,NA,21439.82,86.76,"OR,WA","S","NM","170701020202",0,0,"{ADE22517-E29C-11E2-8094-0021280458E6}",74,74,"Columbia CD",2261472697.5,"Southeast",2261472697.49992,"Southeast",242550.867209,242550.867208701
"423",32,"Upper Mill Creek",152,"Shrubland",3196,710.771224,"Columbia","170701020201",10422.263839277,"huc12","{BB178838-E4E9-4025-8C83-B0BCA3E5F8C0}",NA,NA,NA,NA,2013-01-17 23:09:29,NA,21439.82,86.76,"OR,WA","S","NM","170701020202",0,0,"{ADE22517-E29C-11E2-8094-0021280458E6}",74,74,"Columbia CD",2261472697.5,"Southeast",2261472697.49992,"Southeast",242550.867209,242550.867208701
"424",32,"Upper Mill Creek",176,"Grassland/Pasture",4038,898.026972,"Columbia","170701020201",10422.263839277,"huc12","{BB178838-E4E9-4025-8C83-B0BCA3E5F8C0}",NA,NA,NA,NA,2013-01-17 23:09:29,NA,21439.82,86.76,"OR,WA","S","NM","170701020202",0,0,"{ADE22517-E29C-11E2-8094-0021280458E6}",74,74,"Columbia CD",2261472697.5,"Southeast",2261472697.49992,"Southeast",242550.867209,242550.867208701
"425",33,"Upper North Fork Touchet River",23,"Spring Wheat",4,0.889576,"Columbia","170701020301",17805.1984486809,"huc12","{40BC8542-C356-422B-8216-AB11811B8BF2}",NA,NA,NA,NA,2013-01-17 23:09:29,NA,17805.28,72.06,"WA","S","TF","170701020302",0,0,"{AE15E7C5-E29C-11E2-8094-0021280458E6}",74,74,"Columbia CD",2261472697.5,"Southeast",2261472697.49992,"Southeast",242550.867209,242550.867208701
"426",33,"Upper North Fork Touchet River",24,"Winter Wheat",7,1.556758,"Columbia","170701020301",17805.1984486809,"huc12","{40BC8542-C356-422B-8216-AB11811B8BF2}",NA,NA,NA,NA,2013-01-17 23:09:29,NA,17805.28,72.06,"WA","S","TF","170701020302",0,0,"{AE15E7C5-E29C-11E2-8094-0021280458E6}",74,74,"Columbia CD",2261472697.5,"Southeast",2261472697.49992,"Southeast",242550.867209,242550.867208701
"427",33,"Upper North Fork Touchet River",61,"Fallow/Idle Cropland",6,1.334364,"Columbia","170701020301",17805.1984486809,"huc12","{40BC8542-C356-422B-8216-AB11811B8BF2}",NA,NA,NA,NA,2013-01-17 23:09:29,NA,17805.28,72.06,"WA","S","TF","170701020302",0,0,"{AE15E7C5-E29C-11E2-8094-0021280458E6}",74,74,"Columbia CD",2261472697.5,"Southeast",2261472697.49992,"Southeast",242550.867209,242550.867208701
"428",33,"Upper North Fork Touchet River",121,"Developed/Open Space",709,157.677346,"Columbia","170701020301",17805.1984486809,"huc12","{40BC8542-C356-422B-8216-AB11811B8BF2}",NA,NA,NA,NA,2013-01-17 23:09:29,NA,17805.28,72.06,"WA","S","TF","170701020302",0,0,"{AE15E7C5-E29C-11E2-8094-0021280458E6}",74,74,"Columbia CD",2261472697.5,"Southeast",2261472697.49992,"Southeast",242550.867209,242550.867208701
"429",33,"Upper North Fork Touchet River",122,"Developed/Low Intensity",119,26.464886,"Columbia","170701020301",17805.1984486809,"huc12","{40BC8542-C356-422B-8216-AB11811B8BF2}",NA,NA,NA,NA,2013-01-17 23:09:29,NA,17805.28,72.06,"WA","S","TF","170701020302",0,0,"{AE15E7C5-E29C-11E2-8094-0021280458E6}",74,74,"Columbia CD",2261472697.5,"Southeast",2261472697.49992,"Southeast",242550.867209,242550.867208701
"430",33,"Upper North Fork Touchet River",123,"Developed/Med Intensity",1,0.222394,"Columbia","170701020301",17805.1984486809,"huc12","{40BC8542-C356-422B-8216-AB11811B8BF2}",NA,NA,NA,NA,2013-01-17 23:09:29,NA,17805.28,72.06,"WA","S","TF","170701020302",0,0,"{AE15E7C5-E29C-11E2-8094-0021280458E6}",74,74,"Columbia CD",2261472697.5,"Southeast",2261472697.49992,"Southeast",242550.867209,242550.867208701
"431",33,"Upper North Fork Touchet River",142,"Evergreen Forest",68752,15290.032288,"Columbia","170701020301",17805.1984486809,"huc12","{40BC8542-C356-422B-8216-AB11811B8BF2}",NA,NA,NA,NA,2013-01-17 23:09:29,NA,17805.28,72.06,"WA","S","TF","170701020302",0,0,"{AE15E7C5-E29C-11E2-8094-0021280458E6}",74,74,"Columbia CD",2261472697.5,"Southeast",2261472697.49992,"Southeast",242550.867209,242550.867208701
"432",33,"Upper North Fork Touchet River",152,"Shrubland",4556,1013.227064,"Columbia","170701020301",17805.1984486809,"huc12","{40BC8542-C356-422B-8216-AB11811B8BF2}",NA,NA,NA,NA,2013-01-17 23:09:29,NA,17805.28,72.06,"WA","S","TF","170701020302",0,0,"{AE15E7C5-E29C-11E2-8094-0021280458E6}",74,74,"Columbia CD",2261472697.5,"Southeast",2261472697.49992,"Southeast",242550.867209,242550.867208701
"433",33,"Upper North Fork Touchet River",176,"Grassland/Pasture",5907,1313.681358,"Columbia","170701020301",17805.1984486809,"huc12","{40BC8542-C356-422B-8216-AB11811B8BF2}",NA,NA,NA,NA,2013-01-17 23:09:29,NA,17805.28,72.06,"WA","S","TF","170701020302",0,0,"{AE15E7C5-E29C-11E2-8094-0021280458E6}",74,74,"Columbia CD",2261472697.5,"Southeast",2261472697.49992,"Southeast",242550.867209,242550.867208701
"434",34,"Middle North Fork Touchet River",21,"Barley",23,5.115062,"Columbia","170701020302",20613.6841942531,"huc12","{47105D4E-ACAE-4C6A-8EBD-1372FAF869DD}",NA,NA,NA,NA,2013-01-17 23:09:29,NA,20613.77,83.42,"WA","S","NM","170701020308",0,0,"{AE1606D1-E29C-11E2-8094-0021280458E6}",74,74,"Columbia CD",2261472697.5,"Southeast",2261472697.49992,"Southeast",242550.867209,242550.867208701
"435",34,"Middle North Fork Touchet River",23,"Spring Wheat",36,8.006184,"Columbia","170701020302",20613.6841942531,"huc12","{47105D4E-ACAE-4C6A-8EBD-1372FAF869DD}",NA,NA,NA,NA,2013-01-17 23:09:29,NA,20613.77,83.42,"WA","S","NM","170701020308",0,0,"{AE1606D1-E29C-11E2-8094-0021280458E6}",74,74,"Columbia CD",2261472697.5,"Southeast",2261472697.49992,"Southeast",242550.867209,242550.867208701
"436",34,"Middle North Fork Touchet River",24,"Winter Wheat",1057,235.070458,"Columbia","170701020302",20613.6841942531,"huc12","{47105D4E-ACAE-4C6A-8EBD-1372FAF869DD}",NA,NA,NA,NA,2013-01-17 23:09:29,NA,20613.77,83.42,"WA","S","NM","170701020308",0,0,"{AE1606D1-E29C-11E2-8094-0021280458E6}",74,74,"Columbia CD",2261472697.5,"Southeast",2261472697.49992,"Southeast",242550.867209,242550.867208701
"437",34,"Middle North Fork Touchet River",28,"Oats",6,1.334364,"Columbia","170701020302",20613.6841942531,"huc12","{47105D4E-ACAE-4C6A-8EBD-1372FAF869DD}",NA,NA,NA,NA,2013-01-17 23:09:29,NA,20613.77,83.42,"WA","S","NM","170701020308",0,0,"{AE1606D1-E29C-11E2-8094-0021280458E6}",74,74,"Columbia CD",2261472697.5,"Southeast",2261472697.49992,"Southeast",242550.867209,242550.867208701
"438",34,"Middle North Fork Touchet River",31,"Canola",1,0.222394,"Columbia","170701020302",20613.6841942531,"huc12","{47105D4E-ACAE-4C6A-8EBD-1372FAF869DD}",NA,NA,NA,NA,2013-01-17 23:09:29,NA,20613.77,83.42,"WA","S","NM","170701020308",0,0,"{AE1606D1-E29C-11E2-8094-0021280458E6}",74,74,"Columbia CD",2261472697.5,"Southeast",2261472697.49992,"Southeast",242550.867209,242550.867208701
"439",34,"Middle North Fork Touchet River",35,"Mustard",1,0.222394,"Columbia","170701020302",20613.6841942531,"huc12","{47105D4E-ACAE-4C6A-8EBD-1372FAF869DD}",NA,NA,NA,NA,2013-01-17 23:09:29,NA,20613.77,83.42,"WA","S","NM","170701020308",0,0,"{AE1606D1-E29C-11E2-8094-0021280458E6}",74,74,"Columbia CD",2261472697.5,"Southeast",2261472697.49992,"Southeast",242550.867209,242550.867208701
"440",34,"Middle North Fork Touchet River",36,"Alfalfa",84,18.681096,"Columbia","170701020302",20613.6841942531,"huc12","{47105D4E-ACAE-4C6A-8EBD-1372FAF869DD}",NA,NA,NA,NA,2013-01-17 23:09:29,NA,20613.77,83.42,"WA","S","NM","170701020308",0,0,"{AE1606D1-E29C-11E2-8094-0021280458E6}",74,74,"Columbia CD",2261472697.5,"Southeast",2261472697.49992,"Southeast",242550.867209,242550.867208701
"441",34,"Middle North Fork Touchet River",37,"Other Hay/Non Alfalfa",169,37.584586,"Columbia","170701020302",20613.6841942531,"huc12","{47105D4E-ACAE-4C6A-8EBD-1372FAF869DD}",NA,NA,NA,NA,2013-01-17 23:09:29,NA,20613.77,83.42,"WA","S","NM","170701020308",0,0,"{AE1606D1-E29C-11E2-8094-0021280458E6}",74,74,"Columbia CD",2261472697.5,"Southeast",2261472697.49992,"Southeast",242550.867209,242550.867208701
"442",34,"Middle North Fork Touchet River",53,"Peas",3,0.667182,"Columbia","170701020302",20613.6841942531,"huc12","{47105D4E-ACAE-4C6A-8EBD-1372FAF869DD}",NA,NA,NA,NA,2013-01-17 23:09:29,NA,20613.77,83.42,"WA","S","NM","170701020308",0,0,"{AE1606D1-E29C-11E2-8094-0021280458E6}",74,74,"Columbia CD",2261472697.5,"Southeast",2261472697.49992,"Southeast",242550.867209,242550.867208701
"443",34,"Middle North Fork Touchet River",59,"Sod/Grass Seed",13,2.891122,"Columbia","170701020302",20613.6841942531,"huc12","{47105D4E-ACAE-4C6A-8EBD-1372FAF869DD}",NA,NA,NA,NA,2013-01-17 23:09:29,NA,20613.77,83.42,"WA","S","NM","170701020308",0,0,"{AE1606D1-E29C-11E2-8094-0021280458E6}",74,74,"Columbia CD",2261472697.5,"Southeast",2261472697.49992,"Southeast",242550.867209,242550.867208701
"444",34,"Middle North Fork Touchet River",61,"Fallow/Idle Cropland",327,72.722838,"Columbia","170701020302",20613.6841942531,"huc12","{47105D4E-ACAE-4C6A-8EBD-1372FAF869DD}",NA,NA,NA,NA,2013-01-17 23:09:29,NA,20613.77,83.42,"WA","S","NM","170701020308",0,0,"{AE1606D1-E29C-11E2-8094-0021280458E6}",74,74,"Columbia CD",2261472697.5,"Southeast",2261472697.49992,"Southeast",242550.867209,242550.867208701
"445",34,"Middle North Fork Touchet River",77,"Pears",1,0.222394,"Columbia","170701020302",20613.6841942531,"huc12","{47105D4E-ACAE-4C6A-8EBD-1372FAF869DD}",NA,NA,NA,NA,2013-01-17 23:09:29,NA,20613.77,83.42,"WA","S","NM","170701020308",0,0,"{AE1606D1-E29C-11E2-8094-0021280458E6}",74,74,"Columbia CD",2261472697.5,"Southeast",2261472697.49992,"Southeast",242550.867209,242550.867208701
"446",34,"Middle North Fork Touchet River",111,"Open Water",2,0.444788,"Columbia","170701020302",20613.6841942531,"huc12","{47105D4E-ACAE-4C6A-8EBD-1372FAF869DD}",NA,NA,NA,NA,2013-01-17 23:09:29,NA,20613.77,83.42,"WA","S","NM","170701020308",0,0,"{AE1606D1-E29C-11E2-8094-0021280458E6}",74,74,"Columbia CD",2261472697.5,"Southeast",2261472697.49992,"Southeast",242550.867209,242550.867208701
"447",34,"Middle North Fork Touchet River",121,"Developed/Open Space",1407,312.908358,"Columbia","170701020302",20613.6841942531,"huc12","{47105D4E-ACAE-4C6A-8EBD-1372FAF869DD}",NA,NA,NA,NA,2013-01-17 23:09:29,NA,20613.77,83.42,"WA","S","NM","170701020308",0,0,"{AE1606D1-E29C-11E2-8094-0021280458E6}",74,74,"Columbia CD",2261472697.5,"Southeast",2261472697.49992,"Southeast",242550.867209,242550.867208701
"448",34,"Middle North Fork Touchet River",122,"Developed/Low Intensity",132,29.356008,"Columbia","170701020302",20613.6841942531,"huc12","{47105D4E-ACAE-4C6A-8EBD-1372FAF869DD}",NA,NA,NA,NA,2013-01-17 23:09:29,NA,20613.77,83.42,"WA","S","NM","170701020308",0,0,"{AE1606D1-E29C-11E2-8094-0021280458E6}",74,74,"Columbia CD",2261472697.5,"Southeast",2261472697.49992,"Southeast",242550.867209,242550.867208701
"449",34,"Middle North Fork Touchet River",142,"Evergreen Forest",52044,11574.273336,"Columbia","170701020302",20613.6841942531,"huc12","{47105D4E-ACAE-4C6A-8EBD-1372FAF869DD}",NA,NA,NA,NA,2013-01-17 23:09:29,NA,20613.77,83.42,"WA","S","NM","170701020308",0,0,"{AE1606D1-E29C-11E2-8094-0021280458E6}",74,74,"Columbia CD",2261472697.5,"Southeast",2261472697.49992,"Southeast",242550.867209,242550.867208701
"450",34,"Middle North Fork Touchet River",152,"Shrubland",8305,1846.98217,"Columbia","170701020302",20613.6841942531,"huc12","{47105D4E-ACAE-4C6A-8EBD-1372FAF869DD}",NA,NA,NA,NA,2013-01-17 23:09:29,NA,20613.77,83.42,"WA","S","NM","170701020308",0,0,"{AE1606D1-E29C-11E2-8094-0021280458E6}",74,74,"Columbia CD",2261472697.5,"Southeast",2261472697.49992,"Southeast",242550.867209,242550.867208701
"451",34,"Middle North Fork Touchet River",176,"Grassland/Pasture",29055,6461.65767,"Columbia","170701020302",20613.6841942531,"huc12","{47105D4E-ACAE-4C6A-8EBD-1372FAF869DD}",NA,NA,NA,NA,2013-01-17 23:09:29,NA,20613.77,83.42,"WA","S","NM","170701020308",0,0,"{AE1606D1-E29C-11E2-8094-0021280458E6}",74,74,"Columbia CD",2261472697.5,"Southeast",2261472697.49992,"Southeast",242550.867209,242550.867208701
"452",34,"Middle North Fork Touchet River",195,"Herbaceous Wetlands",30,6.67182,"Columbia","170701020302",20613.6841942531,"huc12","{47105D4E-ACAE-4C6A-8EBD-1372FAF869DD}",NA,NA,NA,NA,2013-01-17 23:09:29,NA,20613.77,83.42,"WA","S","NM","170701020308",0,0,"{AE1606D1-E29C-11E2-8094-0021280458E6}",74,74,"Columbia CD",2261472697.5,"Southeast",2261472697.49992,"Southeast",242550.867209,242550.867208701
"453",35,"Wolf Fork",21,"Barley",190,42.25486,"Columbia","170701020303",26756.9110593764,"huc12","{1D8AB22B-389D-45F5-956B-FDF7DC9CBFFD}","{4F682C27-3237-4F93-8B32-E51E7E5E494E}",NA,NA,NA,2016-11-29 04:14:11,NA,26757,108.28,"WA","S","TF","170701020308",0,0,"{AE161E46-E29C-11E2-8094-0021280458E6}",74,74,"Columbia CD",2261472697.5,"Southeast",2261472697.49992,"Southeast",242550.867209,242550.867208701
"454",35,"Wolf Fork",23,"Spring Wheat",860,191.25884,"Columbia","170701020303",26756.9110593764,"huc12","{1D8AB22B-389D-45F5-956B-FDF7DC9CBFFD}","{4F682C27-3237-4F93-8B32-E51E7E5E494E}",NA,NA,NA,2016-11-29 04:14:11,NA,26757,108.28,"WA","S","TF","170701020308",0,0,"{AE161E46-E29C-11E2-8094-0021280458E6}",74,74,"Columbia CD",2261472697.5,"Southeast",2261472697.49992,"Southeast",242550.867209,242550.867208701
"455",35,"Wolf Fork",24,"Winter Wheat",2035,452.57179,"Columbia","170701020303",26756.9110593764,"huc12","{1D8AB22B-389D-45F5-956B-FDF7DC9CBFFD}","{4F682C27-3237-4F93-8B32-E51E7E5E494E}",NA,NA,NA,2016-11-29 04:14:11,NA,26757,108.28,"WA","S","TF","170701020308",0,0,"{AE161E46-E29C-11E2-8094-0021280458E6}",74,74,"Columbia CD",2261472697.5,"Southeast",2261472697.49992,"Southeast",242550.867209,242550.867208701
"456",35,"Wolf Fork",28,"Oats",1,0.222394,"Columbia","170701020303",26756.9110593764,"huc12","{1D8AB22B-389D-45F5-956B-FDF7DC9CBFFD}","{4F682C27-3237-4F93-8B32-E51E7E5E494E}",NA,NA,NA,2016-11-29 04:14:11,NA,26757,108.28,"WA","S","TF","170701020308",0,0,"{AE161E46-E29C-11E2-8094-0021280458E6}",74,74,"Columbia CD",2261472697.5,"Southeast",2261472697.49992,"Southeast",242550.867209,242550.867208701
"457",35,"Wolf Fork",36,"Alfalfa",20,4.44788,"Columbia","170701020303",26756.9110593764,"huc12","{1D8AB22B-389D-45F5-956B-FDF7DC9CBFFD}","{4F682C27-3237-4F93-8B32-E51E7E5E494E}",NA,NA,NA,2016-11-29 04:14:11,NA,26757,108.28,"WA","S","TF","170701020308",0,0,"{AE161E46-E29C-11E2-8094-0021280458E6}",74,74,"Columbia CD",2261472697.5,"Southeast",2261472697.49992,"Southeast",242550.867209,242550.867208701
"458",35,"Wolf Fork",37,"Other Hay/Non Alfalfa",473,105.192362,"Columbia","170701020303",26756.9110593764,"huc12","{1D8AB22B-389D-45F5-956B-FDF7DC9CBFFD}","{4F682C27-3237-4F93-8B32-E51E7E5E494E}",NA,NA,NA,2016-11-29 04:14:11,NA,26757,108.28,"WA","S","TF","170701020308",0,0,"{AE161E46-E29C-11E2-8094-0021280458E6}",74,74,"Columbia CD",2261472697.5,"Southeast",2261472697.49992,"Southeast",242550.867209,242550.867208701
"459",35,"Wolf Fork",42,"Dry Beans",7,1.556758,"Columbia","170701020303",26756.9110593764,"huc12","{1D8AB22B-389D-45F5-956B-FDF7DC9CBFFD}","{4F682C27-3237-4F93-8B32-E51E7E5E494E}",NA,NA,NA,2016-11-29 04:14:11,NA,26757,108.28,"WA","S","TF","170701020308",0,0,"{AE161E46-E29C-11E2-8094-0021280458E6}",74,74,"Columbia CD",2261472697.5,"Southeast",2261472697.49992,"Southeast",242550.867209,242550.867208701
"460",35,"Wolf Fork",52,"Lentils",3,0.667182,"Columbia","170701020303",26756.9110593764,"huc12","{1D8AB22B-389D-45F5-956B-FDF7DC9CBFFD}","{4F682C27-3237-4F93-8B32-E51E7E5E494E}",NA,NA,NA,2016-11-29 04:14:11,NA,26757,108.28,"WA","S","TF","170701020308",0,0,"{AE161E46-E29C-11E2-8094-0021280458E6}",74,74,"Columbia CD",2261472697.5,"Southeast",2261472697.49992,"Southeast",242550.867209,242550.867208701
"461",35,"Wolf Fork",53,"Peas",9,2.001546,"Columbia","170701020303",26756.9110593764,"huc12","{1D8AB22B-389D-45F5-956B-FDF7DC9CBFFD}","{4F682C27-3237-4F93-8B32-E51E7E5E494E}",NA,NA,NA,2016-11-29 04:14:11,NA,26757,108.28,"WA","S","TF","170701020308",0,0,"{AE161E46-E29C-11E2-8094-0021280458E6}",74,74,"Columbia CD",2261472697.5,"Southeast",2261472697.49992,"Southeast",242550.867209,242550.867208701
"462",35,"Wolf Fork",59,"Sod/Grass Seed",14,3.113516,"Columbia","170701020303",26756.9110593764,"huc12","{1D8AB22B-389D-45F5-956B-FDF7DC9CBFFD}","{4F682C27-3237-4F93-8B32-E51E7E5E494E}",NA,NA,NA,2016-11-29 04:14:11,NA,26757,108.28,"WA","S","TF","170701020308",0,0,"{AE161E46-E29C-11E2-8094-0021280458E6}",74,74,"Columbia CD",2261472697.5,"Southeast",2261472697.49992,"Southeast",242550.867209,242550.867208701
"463",35,"Wolf Fork",61,"Fallow/Idle Cropland",176,39.141344,"Columbia","170701020303",26756.9110593764,"huc12","{1D8AB22B-389D-45F5-956B-FDF7DC9CBFFD}","{4F682C27-3237-4F93-8B32-E51E7E5E494E}",NA,NA,NA,2016-11-29 04:14:11,NA,26757,108.28,"WA","S","TF","170701020308",0,0,"{AE161E46-E29C-11E2-8094-0021280458E6}",74,74,"Columbia CD",2261472697.5,"Southeast",2261472697.49992,"Southeast",242550.867209,242550.867208701
"464",35,"Wolf Fork",121,"Developed/Open Space",2454,545.754876,"Columbia","170701020303",26756.9110593764,"huc12","{1D8AB22B-389D-45F5-956B-FDF7DC9CBFFD}","{4F682C27-3237-4F93-8B32-E51E7E5E494E}",NA,NA,NA,2016-11-29 04:14:11,NA,26757,108.28,"WA","S","TF","170701020308",0,0,"{AE161E46-E29C-11E2-8094-0021280458E6}",74,74,"Columbia CD",2261472697.5,"Southeast",2261472697.49992,"Southeast",242550.867209,242550.867208701
"465",35,"Wolf Fork",122,"Developed/Low Intensity",471,104.747574,"Columbia","170701020303",26756.9110593764,"huc12","{1D8AB22B-389D-45F5-956B-FDF7DC9CBFFD}","{4F682C27-3237-4F93-8B32-E51E7E5E494E}",NA,NA,NA,2016-11-29 04:14:11,NA,26757,108.28,"WA","S","TF","170701020308",0,0,"{AE161E46-E29C-11E2-8094-0021280458E6}",74,74,"Columbia CD",2261472697.5,"Southeast",2261472697.49992,"Southeast",242550.867209,242550.867208701
"466",35,"Wolf Fork",123,"Developed/Med Intensity",4,0.889576,"Columbia","170701020303",26756.9110593764,"huc12","{1D8AB22B-389D-45F5-956B-FDF7DC9CBFFD}","{4F682C27-3237-4F93-8B32-E51E7E5E494E}",NA,NA,NA,2016-11-29 04:14:11,NA,26757,108.28,"WA","S","TF","170701020308",0,0,"{AE161E46-E29C-11E2-8094-0021280458E6}",74,74,"Columbia CD",2261472697.5,"Southeast",2261472697.49992,"Southeast",242550.867209,242550.867208701
"467",35,"Wolf Fork",141,"Deciduous Forest",1,0.222394,"Columbia","170701020303",26756.9110593764,"huc12","{1D8AB22B-389D-45F5-956B-FDF7DC9CBFFD}","{4F682C27-3237-4F93-8B32-E51E7E5E494E}",NA,NA,NA,2016-11-29 04:14:11,NA,26757,108.28,"WA","S","TF","170701020308",0,0,"{AE161E46-E29C-11E2-8094-0021280458E6}",74,74,"Columbia CD",2261472697.5,"Southeast",2261472697.49992,"Southeast",242550.867209,242550.867208701
"468",35,"Wolf Fork",142,"Evergreen Forest",86267,19185.263198,"Columbia","170701020303",26756.9110593764,"huc12","{1D8AB22B-389D-45F5-956B-FDF7DC9CBFFD}","{4F682C27-3237-4F93-8B32-E51E7E5E494E}",NA,NA,NA,2016-11-29 04:14:11,NA,26757,108.28,"WA","S","TF","170701020308",0,0,"{AE161E46-E29C-11E2-8094-0021280458E6}",74,74,"Columbia CD",2261472697.5,"Southeast",2261472697.49992,"Southeast",242550.867209,242550.867208701
"469",35,"Wolf Fork",152,"Shrubland",5930,1318.79642,"Columbia","170701020303",26756.9110593764,"huc12","{1D8AB22B-389D-45F5-956B-FDF7DC9CBFFD}","{4F682C27-3237-4F93-8B32-E51E7E5E494E}",NA,NA,NA,2016-11-29 04:14:11,NA,26757,108.28,"WA","S","TF","170701020308",0,0,"{AE161E46-E29C-11E2-8094-0021280458E6}",74,74,"Columbia CD",2261472697.5,"Southeast",2261472697.49992,"Southeast",242550.867209,242550.867208701
"470",35,"Wolf Fork",176,"Grassland/Pasture",21397,4758.564418,"Columbia","170701020303",26756.9110593764,"huc12","{1D8AB22B-389D-45F5-956B-FDF7DC9CBFFD}","{4F682C27-3237-4F93-8B32-E51E7E5E494E}",NA,NA,NA,2016-11-29 04:14:11,NA,26757,108.28,"WA","S","TF","170701020308",0,0,"{AE161E46-E29C-11E2-8094-0021280458E6}",74,74,"Columbia CD",2261472697.5,"Southeast",2261472697.49992,"Southeast",242550.867209,242550.867208701
"471",35,"Wolf Fork",195,"Herbaceous Wetlands",18,4.003092,"Columbia","170701020303",26756.9110593764,"huc12","{1D8AB22B-389D-45F5-956B-FDF7DC9CBFFD}","{4F682C27-3237-4F93-8B32-E51E7E5E494E}",NA,NA,NA,2016-11-29 04:14:11,NA,26757,108.28,"WA","S","TF","170701020308",0,0,"{AE161E46-E29C-11E2-8094-0021280458E6}",74,74,"Columbia CD",2261472697.5,"Southeast",2261472697.49992,"Southeast",242550.867209,242550.867208701
"472",35,"Wolf Fork",205,"Triticale",1,0.222394,"Columbia","170701020303",26756.9110593764,"huc12","{1D8AB22B-389D-45F5-956B-FDF7DC9CBFFD}","{4F682C27-3237-4F93-8B32-E51E7E5E494E}",NA,NA,NA,2016-11-29 04:14:11,NA,26757,108.28,"WA","S","TF","170701020308",0,0,"{AE161E46-E29C-11E2-8094-0021280458E6}",74,74,"Columbia CD",2261472697.5,"Southeast",2261472697.49992,"Southeast",242550.867209,242550.867208701
"473",36,"South Fork Touchet River",21,"Barley",604,134.325976,"Columbia","170701020304",26641.2768466977,"huc12","{7DA9717C-C78F-48C3-B959-70E2002DD159}",NA,NA,NA,NA,2013-01-17 23:09:29,NA,27932.08,113.04,"WA","S","NM","170701020308",0,0,"{AE163D57-E29C-11E2-8094-0021280458E6}",74,74,"Columbia CD",2261472697.5,"Southeast",2261472697.49992,"Southeast",242550.867209,242550.867208701
"474",36,"South Fork Touchet River",23,"Spring Wheat",1066,237.072004,"Columbia","170701020304",26641.2768466977,"huc12","{7DA9717C-C78F-48C3-B959-70E2002DD159}",NA,NA,NA,NA,2013-01-17 23:09:29,NA,27932.08,113.04,"WA","S","NM","170701020308",0,0,"{AE163D57-E29C-11E2-8094-0021280458E6}",74,74,"Columbia CD",2261472697.5,"Southeast",2261472697.49992,"Southeast",242550.867209,242550.867208701
"475",36,"South Fork Touchet River",24,"Winter Wheat",10790,2399.63126,"Columbia","170701020304",26641.2768466977,"huc12","{7DA9717C-C78F-48C3-B959-70E2002DD159}",NA,NA,NA,NA,2013-01-17 23:09:29,NA,27932.08,113.04,"WA","S","NM","170701020308",0,0,"{AE163D57-E29C-11E2-8094-0021280458E6}",74,74,"Columbia CD",2261472697.5,"Southeast",2261472697.49992,"Southeast",242550.867209,242550.867208701
"476",36,"South Fork Touchet River",28,"Oats",1,0.222394,"Columbia","170701020304",26641.2768466977,"huc12","{7DA9717C-C78F-48C3-B959-70E2002DD159}",NA,NA,NA,NA,2013-01-17 23:09:29,NA,27932.08,113.04,"WA","S","NM","170701020308",0,0,"{AE163D57-E29C-11E2-8094-0021280458E6}",74,74,"Columbia CD",2261472697.5,"Southeast",2261472697.49992,"Southeast",242550.867209,242550.867208701
"477",36,"South Fork Touchet River",31,"Canola",1,0.222394,"Columbia","170701020304",26641.2768466977,"huc12","{7DA9717C-C78F-48C3-B959-70E2002DD159}",NA,NA,NA,NA,2013-01-17 23:09:29,NA,27932.08,113.04,"WA","S","NM","170701020308",0,0,"{AE163D57-E29C-11E2-8094-0021280458E6}",74,74,"Columbia CD",2261472697.5,"Southeast",2261472697.49992,"Southeast",242550.867209,242550.867208701
"478",36,"South Fork Touchet River",35,"Mustard",1,0.222394,"Columbia","170701020304",26641.2768466977,"huc12","{7DA9717C-C78F-48C3-B959-70E2002DD159}",NA,NA,NA,NA,2013-01-17 23:09:29,NA,27932.08,113.04,"WA","S","NM","170701020308",0,0,"{AE163D57-E29C-11E2-8094-0021280458E6}",74,74,"Columbia CD",2261472697.5,"Southeast",2261472697.49992,"Southeast",242550.867209,242550.867208701
"479",36,"South Fork Touchet River",36,"Alfalfa",82,18.236308,"Columbia","170701020304",26641.2768466977,"huc12","{7DA9717C-C78F-48C3-B959-70E2002DD159}",NA,NA,NA,NA,2013-01-17 23:09:29,NA,27932.08,113.04,"WA","S","NM","170701020308",0,0,"{AE163D57-E29C-11E2-8094-0021280458E6}",74,74,"Columbia CD",2261472697.5,"Southeast",2261472697.49992,"Southeast",242550.867209,242550.867208701
"480",36,"South Fork Touchet River",37,"Other Hay/Non Alfalfa",584,129.878096,"Columbia","170701020304",26641.2768466977,"huc12","{7DA9717C-C78F-48C3-B959-70E2002DD159}",NA,NA,NA,NA,2013-01-17 23:09:29,NA,27932.08,113.04,"WA","S","NM","170701020308",0,0,"{AE163D57-E29C-11E2-8094-0021280458E6}",74,74,"Columbia CD",2261472697.5,"Southeast",2261472697.49992,"Southeast",242550.867209,242550.867208701
"481",36,"South Fork Touchet River",42,"Dry Beans",9,2.001546,"Columbia","170701020304",26641.2768466977,"huc12","{7DA9717C-C78F-48C3-B959-70E2002DD159}",NA,NA,NA,NA,2013-01-17 23:09:29,NA,27932.08,113.04,"WA","S","NM","170701020308",0,0,"{AE163D57-E29C-11E2-8094-0021280458E6}",74,74,"Columbia CD",2261472697.5,"Southeast",2261472697.49992,"Southeast",242550.867209,242550.867208701
"482",36,"South Fork Touchet River",52,"Lentils",28,6.227032,"Columbia","170701020304",26641.2768466977,"huc12","{7DA9717C-C78F-48C3-B959-70E2002DD159}",NA,NA,NA,NA,2013-01-17 23:09:29,NA,27932.08,113.04,"WA","S","NM","170701020308",0,0,"{AE163D57-E29C-11E2-8094-0021280458E6}",74,74,"Columbia CD",2261472697.5,"Southeast",2261472697.49992,"Southeast",242550.867209,242550.867208701
"483",36,"South Fork Touchet River",53,"Peas",1148,255.308312,"Columbia","170701020304",26641.2768466977,"huc12","{7DA9717C-C78F-48C3-B959-70E2002DD159}",NA,NA,NA,NA,2013-01-17 23:09:29,NA,27932.08,113.04,"WA","S","NM","170701020308",0,0,"{AE163D57-E29C-11E2-8094-0021280458E6}",74,74,"Columbia CD",2261472697.5,"Southeast",2261472697.49992,"Southeast",242550.867209,242550.867208701
"484",36,"South Fork Touchet River",59,"Sod/Grass Seed",38,8.450972,"Columbia","170701020304",26641.2768466977,"huc12","{7DA9717C-C78F-48C3-B959-70E2002DD159}",NA,NA,NA,NA,2013-01-17 23:09:29,NA,27932.08,113.04,"WA","S","NM","170701020308",0,0,"{AE163D57-E29C-11E2-8094-0021280458E6}",74,74,"Columbia CD",2261472697.5,"Southeast",2261472697.49992,"Southeast",242550.867209,242550.867208701
"485",36,"South Fork Touchet River",61,"Fallow/Idle Cropland",510,113.42094,"Columbia","170701020304",26641.2768466977,"huc12","{7DA9717C-C78F-48C3-B959-70E2002DD159}",NA,NA,NA,NA,2013-01-17 23:09:29,NA,27932.08,113.04,"WA","S","NM","170701020308",0,0,"{AE163D57-E29C-11E2-8094-0021280458E6}",74,74,"Columbia CD",2261472697.5,"Southeast",2261472697.49992,"Southeast",242550.867209,242550.867208701
"486",36,"South Fork Touchet River",68,"Apples",3,0.667182,"Columbia","170701020304",26641.2768466977,"huc12","{7DA9717C-C78F-48C3-B959-70E2002DD159}",NA,NA,NA,NA,2013-01-17 23:09:29,NA,27932.08,113.04,"WA","S","NM","170701020308",0,0,"{AE163D57-E29C-11E2-8094-0021280458E6}",74,74,"Columbia CD",2261472697.5,"Southeast",2261472697.49992,"Southeast",242550.867209,242550.867208701
"487",36,"South Fork Touchet River",71,"Other Tree Crops",2,0.444788,"Columbia","170701020304",26641.2768466977,"huc12","{7DA9717C-C78F-48C3-B959-70E2002DD159}",NA,NA,NA,NA,2013-01-17 23:09:29,NA,27932.08,113.04,"WA","S","NM","170701020308",0,0,"{AE163D57-E29C-11E2-8094-0021280458E6}",74,74,"Columbia CD",2261472697.5,"Southeast",2261472697.49992,"Southeast",242550.867209,242550.867208701
"488",36,"South Fork Touchet River",121,"Developed/Open Space",2220,493.71468,"Columbia","170701020304",26641.2768466977,"huc12","{7DA9717C-C78F-48C3-B959-70E2002DD159}",NA,NA,NA,NA,2013-01-17 23:09:29,NA,27932.08,113.04,"WA","S","NM","170701020308",0,0,"{AE163D57-E29C-11E2-8094-0021280458E6}",74,74,"Columbia CD",2261472697.5,"Southeast",2261472697.49992,"Southeast",242550.867209,242550.867208701
"489",36,"South Fork Touchet River",122,"Developed/Low Intensity",277,61.603138,"Columbia","170701020304",26641.2768466977,"huc12","{7DA9717C-C78F-48C3-B959-70E2002DD159}",NA,NA,NA,NA,2013-01-17 23:09:29,NA,27932.08,113.04,"WA","S","NM","170701020308",0,0,"{AE163D57-E29C-11E2-8094-0021280458E6}",74,74,"Columbia CD",2261472697.5,"Southeast",2261472697.49992,"Southeast",242550.867209,242550.867208701
"490",36,"South Fork Touchet River",123,"Developed/Med Intensity",3,0.667182,"Columbia","170701020304",26641.2768466977,"huc12","{7DA9717C-C78F-48C3-B959-70E2002DD159}",NA,NA,NA,NA,2013-01-17 23:09:29,NA,27932.08,113.04,"WA","S","NM","170701020308",0,0,"{AE163D57-E29C-11E2-8094-0021280458E6}",74,74,"Columbia CD",2261472697.5,"Southeast",2261472697.49992,"Southeast",242550.867209,242550.867208701
"491",36,"South Fork Touchet River",141,"Deciduous Forest",7,1.556758,"Columbia","170701020304",26641.2768466977,"huc12","{7DA9717C-C78F-48C3-B959-70E2002DD159}",NA,NA,NA,NA,2013-01-17 23:09:29,NA,27932.08,113.04,"WA","S","NM","170701020308",0,0,"{AE163D57-E29C-11E2-8094-0021280458E6}",74,74,"Columbia CD",2261472697.5,"Southeast",2261472697.49992,"Southeast",242550.867209,242550.867208701
"492",36,"South Fork Touchet River",142,"Evergreen Forest",69344,15421.689536,"Columbia","170701020304",26641.2768466977,"huc12","{7DA9717C-C78F-48C3-B959-70E2002DD159}",NA,NA,NA,NA,2013-01-17 23:09:29,NA,27932.08,113.04,"WA","S","NM","170701020308",0,0,"{AE163D57-E29C-11E2-8094-0021280458E6}",74,74,"Columbia CD",2261472697.5,"Southeast",2261472697.49992,"Southeast",242550.867209,242550.867208701
"493",36,"South Fork Touchet River",143,"Mixed Forest",4,0.889576,"Columbia","170701020304",26641.2768466977,"huc12","{7DA9717C-C78F-48C3-B959-70E2002DD159}",NA,NA,NA,NA,2013-01-17 23:09:29,NA,27932.08,113.04,"WA","S","NM","170701020308",0,0,"{AE163D57-E29C-11E2-8094-0021280458E6}",74,74,"Columbia CD",2261472697.5,"Southeast",2261472697.49992,"Southeast",242550.867209,242550.867208701
"494",36,"South Fork Touchet River",152,"Shrubland",10965,2438.55021,"Columbia","170701020304",26641.2768466977,"huc12","{7DA9717C-C78F-48C3-B959-70E2002DD159}",NA,NA,NA,NA,2013-01-17 23:09:29,NA,27932.08,113.04,"WA","S","NM","170701020308",0,0,"{AE163D57-E29C-11E2-8094-0021280458E6}",74,74,"Columbia CD",2261472697.5,"Southeast",2261472697.49992,"Southeast",242550.867209,242550.867208701
"495",36,"South Fork Touchet River",176,"Grassland/Pasture",22049,4903.565306,"Columbia","170701020304",26641.2768466977,"huc12","{7DA9717C-C78F-48C3-B959-70E2002DD159}",NA,NA,NA,NA,2013-01-17 23:09:29,NA,27932.08,113.04,"WA","S","NM","170701020308",0,0,"{AE163D57-E29C-11E2-8094-0021280458E6}",74,74,"Columbia CD",2261472697.5,"Southeast",2261472697.49992,"Southeast",242550.867209,242550.867208701
"496",36,"South Fork Touchet River",190,"Woody Wetlands",1,0.222394,"Columbia","170701020304",26641.2768466977,"huc12","{7DA9717C-C78F-48C3-B959-70E2002DD159}",NA,NA,NA,NA,2013-01-17 23:09:29,NA,27932.08,113.04,"WA","S","NM","170701020308",0,0,"{AE163D57-E29C-11E2-8094-0021280458E6}",74,74,"Columbia CD",2261472697.5,"Southeast",2261472697.49992,"Southeast",242550.867209,242550.867208701
"497",36,"South Fork Touchet River",195,"Herbaceous Wetlands",57,12.676458,"Columbia","170701020304",26641.2768466977,"huc12","{7DA9717C-C78F-48C3-B959-70E2002DD159}",NA,NA,NA,NA,2013-01-17 23:09:29,NA,27932.08,113.04,"WA","S","NM","170701020308",0,0,"{AE163D57-E29C-11E2-8094-0021280458E6}",74,74,"Columbia CD",2261472697.5,"Southeast",2261472697.49992,"Southeast",242550.867209,242550.867208701
"498",36,"South Fork Touchet River",205,"Triticale",12,2.668728,"Columbia","170701020304",26641.2768466977,"huc12","{7DA9717C-C78F-48C3-B959-70E2002DD159}",NA,NA,NA,NA,2013-01-17 23:09:29,NA,27932.08,113.04,"WA","S","NM","170701020308",0,0,"{AE163D57-E29C-11E2-8094-0021280458E6}",74,74,"Columbia CD",2261472697.5,"Southeast",2261472697.49992,"Southeast",242550.867209,242550.867208701
"499",37,"West Patit Creek",21,"Barley",10,2.22394,"Columbia","170701020305",14423.061823383,"huc12","{3123B43E-ED72-44AC-8109-91A5F83A6923}",NA,NA,NA,NA,2013-01-17 23:09:29,NA,14423.14,58.37,"WA","S","TF","170701020307",0,0,"{AE165505-E29C-11E2-8094-0021280458E6}",74,74,"Columbia CD",2261472697.5,"Southeast",2261472697.49992,"Southeast",242550.867209,242550.867208701
"500",37,"West Patit Creek",23,"Spring Wheat",287,63.827078,"Columbia","170701020305",14423.061823383,"huc12","{3123B43E-ED72-44AC-8109-91A5F83A6923}",NA,NA,NA,NA,2013-01-17 23:09:29,NA,14423.14,58.37,"WA","S","TF","170701020307",0,0,"{AE165505-E29C-11E2-8094-0021280458E6}",74,74,"Columbia CD",2261472697.5,"Southeast",2261472697.49992,"Southeast",242550.867209,242550.867208701
"501",37,"West Patit Creek",24,"Winter Wheat",1042,231.734548,"Columbia","170701020305",14423.061823383,"huc12","{3123B43E-ED72-44AC-8109-91A5F83A6923}",NA,NA,NA,NA,2013-01-17 23:09:29,NA,14423.14,58.37,"WA","S","TF","170701020307",0,0,"{AE165505-E29C-11E2-8094-0021280458E6}",74,74,"Columbia CD",2261472697.5,"Southeast",2261472697.49992,"Southeast",242550.867209,242550.867208701
"502",37,"West Patit Creek",28,"Oats",394,87.623236,"Columbia","170701020305",14423.061823383,"huc12","{3123B43E-ED72-44AC-8109-91A5F83A6923}",NA,NA,NA,NA,2013-01-17 23:09:29,NA,14423.14,58.37,"WA","S","TF","170701020307",0,0,"{AE165505-E29C-11E2-8094-0021280458E6}",74,74,"Columbia CD",2261472697.5,"Southeast",2261472697.49992,"Southeast",242550.867209,242550.867208701
"503",37,"West Patit Creek",35,"Mustard",164,36.472616,"Columbia","170701020305",14423.061823383,"huc12","{3123B43E-ED72-44AC-8109-91A5F83A6923}",NA,NA,NA,NA,2013-01-17 23:09:29,NA,14423.14,58.37,"WA","S","TF","170701020307",0,0,"{AE165505-E29C-11E2-8094-0021280458E6}",74,74,"Columbia CD",2261472697.5,"Southeast",2261472697.49992,"Southeast",242550.867209,242550.867208701
"504",37,"West Patit Creek",36,"Alfalfa",38,8.450972,"Columbia","170701020305",14423.061823383,"huc12","{3123B43E-ED72-44AC-8109-91A5F83A6923}",NA,NA,NA,NA,2013-01-17 23:09:29,NA,14423.14,58.37,"WA","S","TF","170701020307",0,0,"{AE165505-E29C-11E2-8094-0021280458E6}",74,74,"Columbia CD",2261472697.5,"Southeast",2261472697.49992,"Southeast",242550.867209,242550.867208701
"505",37,"West Patit Creek",37,"Other Hay/Non Alfalfa",354,78.727476,"Columbia","170701020305",14423.061823383,"huc12","{3123B43E-ED72-44AC-8109-91A5F83A6923}",NA,NA,NA,NA,2013-01-17 23:09:29,NA,14423.14,58.37,"WA","S","TF","170701020307",0,0,"{AE165505-E29C-11E2-8094-0021280458E6}",74,74,"Columbia CD",2261472697.5,"Southeast",2261472697.49992,"Southeast",242550.867209,242550.867208701
"506",37,"West Patit Creek",42,"Dry Beans",137,30.467978,"Columbia","170701020305",14423.061823383,"huc12","{3123B43E-ED72-44AC-8109-91A5F83A6923}",NA,NA,NA,NA,2013-01-17 23:09:29,NA,14423.14,58.37,"WA","S","TF","170701020307",0,0,"{AE165505-E29C-11E2-8094-0021280458E6}",74,74,"Columbia CD",2261472697.5,"Southeast",2261472697.49992,"Southeast",242550.867209,242550.867208701
"507",37,"West Patit Creek",52,"Lentils",8,1.779152,"Columbia","170701020305",14423.061823383,"huc12","{3123B43E-ED72-44AC-8109-91A5F83A6923}",NA,NA,NA,NA,2013-01-17 23:09:29,NA,14423.14,58.37,"WA","S","TF","170701020307",0,0,"{AE165505-E29C-11E2-8094-0021280458E6}",74,74,"Columbia CD",2261472697.5,"Southeast",2261472697.49992,"Southeast",242550.867209,242550.867208701
"508",37,"West Patit Creek",53,"Peas",12,2.668728,"Columbia","170701020305",14423.061823383,"huc12","{3123B43E-ED72-44AC-8109-91A5F83A6923}",NA,NA,NA,NA,2013-01-17 23:09:29,NA,14423.14,58.37,"WA","S","TF","170701020307",0,0,"{AE165505-E29C-11E2-8094-0021280458E6}",74,74,"Columbia CD",2261472697.5,"Southeast",2261472697.49992,"Southeast",242550.867209,242550.867208701
"509",37,"West Patit Creek",61,"Fallow/Idle Cropland",158,35.138252,"Columbia","170701020305",14423.061823383,"huc12","{3123B43E-ED72-44AC-8109-91A5F83A6923}",NA,NA,NA,NA,2013-01-17 23:09:29,NA,14423.14,58.37,"WA","S","TF","170701020307",0,0,"{AE165505-E29C-11E2-8094-0021280458E6}",74,74,"Columbia CD",2261472697.5,"Southeast",2261472697.49992,"Southeast",242550.867209,242550.867208701
"510",37,"West Patit Creek",69,"Grapes",1,0.222394,"Columbia","170701020305",14423.061823383,"huc12","{3123B43E-ED72-44AC-8109-91A5F83A6923}",NA,NA,NA,NA,2013-01-17 23:09:29,NA,14423.14,58.37,"WA","S","TF","170701020307",0,0,"{AE165505-E29C-11E2-8094-0021280458E6}",74,74,"Columbia CD",2261472697.5,"Southeast",2261472697.49992,"Southeast",242550.867209,242550.867208701
"511",37,"West Patit Creek",121,"Developed/Open Space",1640,364.72616,"Columbia","170701020305",14423.061823383,"huc12","{3123B43E-ED72-44AC-8109-91A5F83A6923}",NA,NA,NA,NA,2013-01-17 23:09:29,NA,14423.14,58.37,"WA","S","TF","170701020307",0,0,"{AE165505-E29C-11E2-8094-0021280458E6}",74,74,"Columbia CD",2261472697.5,"Southeast",2261472697.49992,"Southeast",242550.867209,242550.867208701
"512",37,"West Patit Creek",122,"Developed/Low Intensity",94,20.905036,"Columbia","170701020305",14423.061823383,"huc12","{3123B43E-ED72-44AC-8109-91A5F83A6923}",NA,NA,NA,NA,2013-01-17 23:09:29,NA,14423.14,58.37,"WA","S","TF","170701020307",0,0,"{AE165505-E29C-11E2-8094-0021280458E6}",74,74,"Columbia CD",2261472697.5,"Southeast",2261472697.49992,"Southeast",242550.867209,242550.867208701
"513",37,"West Patit Creek",123,"Developed/Med Intensity",1,0.222394,"Columbia","170701020305",14423.061823383,"huc12","{3123B43E-ED72-44AC-8109-91A5F83A6923}",NA,NA,NA,NA,2013-01-17 23:09:29,NA,14423.14,58.37,"WA","S","TF","170701020307",0,0,"{AE165505-E29C-11E2-8094-0021280458E6}",74,74,"Columbia CD",2261472697.5,"Southeast",2261472697.49992,"Southeast",242550.867209,242550.867208701
"514",37,"West Patit Creek",142,"Evergreen Forest",38459,8553.050846,"Columbia","170701020305",14423.061823383,"huc12","{3123B43E-ED72-44AC-8109-91A5F83A6923}",NA,NA,NA,NA,2013-01-17 23:09:29,NA,14423.14,58.37,"WA","S","TF","170701020307",0,0,"{AE165505-E29C-11E2-8094-0021280458E6}",74,74,"Columbia CD",2261472697.5,"Southeast",2261472697.49992,"Southeast",242550.867209,242550.867208701
"515",37,"West Patit Creek",152,"Shrubland",6108,1358.382552,"Columbia","170701020305",14423.061823383,"huc12","{3123B43E-ED72-44AC-8109-91A5F83A6923}",NA,NA,NA,NA,2013-01-17 23:09:29,NA,14423.14,58.37,"WA","S","TF","170701020307",0,0,"{AE165505-E29C-11E2-8094-0021280458E6}",74,74,"Columbia CD",2261472697.5,"Southeast",2261472697.49992,"Southeast",242550.867209,242550.867208701
"516",37,"West Patit Creek",176,"Grassland/Pasture",15929,3542.514026,"Columbia","170701020305",14423.061823383,"huc12","{3123B43E-ED72-44AC-8109-91A5F83A6923}",NA,NA,NA,NA,2013-01-17 23:09:29,NA,14423.14,58.37,"WA","S","TF","170701020307",0,0,"{AE165505-E29C-11E2-8094-0021280458E6}",74,74,"Columbia CD",2261472697.5,"Southeast",2261472697.49992,"Southeast",242550.867209,242550.867208701
"517",37,"West Patit Creek",195,"Herbaceous Wetlands",1,0.222394,"Columbia","170701020305",14423.061823383,"huc12","{3123B43E-ED72-44AC-8109-91A5F83A6923}",NA,NA,NA,NA,2013-01-17 23:09:29,NA,14423.14,58.37,"WA","S","TF","170701020307",0,0,"{AE165505-E29C-11E2-8094-0021280458E6}",74,74,"Columbia CD",2261472697.5,"Southeast",2261472697.49992,"Southeast",242550.867209,242550.867208701
"518",38,"North Patit Creek",21,"Barley",439,97.630966,"Columbia","170701020306",12061.8323201915,"huc12","{761CF6EE-DDD5-4F8B-83EC-A60756D549B3}",NA,NA,NA,NA,2013-01-17 23:09:29,NA,12061.86,48.81,"WA","S","TF","170701020307",0,0,"{AE16740D-E29C-11E2-8094-0021280458E6}",74,74,"Columbia CD",2261472697.5,"Southeast",2261472697.49992,"Southeast",242550.867209,242550.867208701
"519",38,"North Patit Creek",23,"Spring Wheat",2422,538.638268,"Columbia","170701020306",12061.8323201915,"huc12","{761CF6EE-DDD5-4F8B-83EC-A60756D549B3}",NA,NA,NA,NA,2013-01-17 23:09:29,NA,12061.86,48.81,"WA","S","TF","170701020307",0,0,"{AE16740D-E29C-11E2-8094-0021280458E6}",74,74,"Columbia CD",2261472697.5,"Southeast",2261472697.49992,"Southeast",242550.867209,242550.867208701
"520",38,"North Patit Creek",24,"Winter Wheat",13796,3068.147624,"Columbia","170701020306",12061.8323201915,"huc12","{761CF6EE-DDD5-4F8B-83EC-A60756D549B3}",NA,NA,NA,NA,2013-01-17 23:09:29,NA,12061.86,48.81,"WA","S","TF","170701020307",0,0,"{AE16740D-E29C-11E2-8094-0021280458E6}",74,74,"Columbia CD",2261472697.5,"Southeast",2261472697.49992,"Southeast",242550.867209,242550.867208701
"521",38,"North Patit Creek",28,"Oats",110,24.46334,"Columbia","170701020306",12061.8323201915,"huc12","{761CF6EE-DDD5-4F8B-83EC-A60756D549B3}",NA,NA,NA,NA,2013-01-17 23:09:29,NA,12061.86,48.81,"WA","S","TF","170701020307",0,0,"{AE16740D-E29C-11E2-8094-0021280458E6}",74,74,"Columbia CD",2261472697.5,"Southeast",2261472697.49992,"Southeast",242550.867209,242550.867208701
"522",38,"North Patit Creek",36,"Alfalfa",10,2.22394,"Columbia","170701020306",12061.8323201915,"huc12","{761CF6EE-DDD5-4F8B-83EC-A60756D549B3}",NA,NA,NA,NA,2013-01-17 23:09:29,NA,12061.86,48.81,"WA","S","TF","170701020307",0,0,"{AE16740D-E29C-11E2-8094-0021280458E6}",74,74,"Columbia CD",2261472697.5,"Southeast",2261472697.49992,"Southeast",242550.867209,242550.867208701
"523",38,"North Patit Creek",37,"Other Hay/Non Alfalfa",662,147.224828,"Columbia","170701020306",12061.8323201915,"huc12","{761CF6EE-DDD5-4F8B-83EC-A60756D549B3}",NA,NA,NA,NA,2013-01-17 23:09:29,NA,12061.86,48.81,"WA","S","TF","170701020307",0,0,"{AE16740D-E29C-11E2-8094-0021280458E6}",74,74,"Columbia CD",2261472697.5,"Southeast",2261472697.49992,"Southeast",242550.867209,242550.867208701
"524",38,"North Patit Creek",42,"Dry Beans",1739,386.743166,"Columbia","170701020306",12061.8323201915,"huc12","{761CF6EE-DDD5-4F8B-83EC-A60756D549B3}",NA,NA,NA,NA,2013-01-17 23:09:29,NA,12061.86,48.81,"WA","S","TF","170701020307",0,0,"{AE16740D-E29C-11E2-8094-0021280458E6}",74,74,"Columbia CD",2261472697.5,"Southeast",2261472697.49992,"Southeast",242550.867209,242550.867208701
"525",38,"North Patit Creek",52,"Lentils",84,18.681096,"Columbia","170701020306",12061.8323201915,"huc12","{761CF6EE-DDD5-4F8B-83EC-A60756D549B3}",NA,NA,NA,NA,2013-01-17 23:09:29,NA,12061.86,48.81,"WA","S","TF","170701020307",0,0,"{AE16740D-E29C-11E2-8094-0021280458E6}",74,74,"Columbia CD",2261472697.5,"Southeast",2261472697.49992,"Southeast",242550.867209,242550.867208701
"526",38,"North Patit Creek",53,"Peas",641,142.554554,"Columbia","170701020306",12061.8323201915,"huc12","{761CF6EE-DDD5-4F8B-83EC-A60756D549B3}",NA,NA,NA,NA,2013-01-17 23:09:29,NA,12061.86,48.81,"WA","S","TF","170701020307",0,0,"{AE16740D-E29C-11E2-8094-0021280458E6}",74,74,"Columbia CD",2261472697.5,"Southeast",2261472697.49992,"Southeast",242550.867209,242550.867208701
"527",38,"North Patit Creek",59,"Sod/Grass Seed",14,3.113516,"Columbia","170701020306",12061.8323201915,"huc12","{761CF6EE-DDD5-4F8B-83EC-A60756D549B3}",NA,NA,NA,NA,2013-01-17 23:09:29,NA,12061.86,48.81,"WA","S","TF","170701020307",0,0,"{AE16740D-E29C-11E2-8094-0021280458E6}",74,74,"Columbia CD",2261472697.5,"Southeast",2261472697.49992,"Southeast",242550.867209,242550.867208701
"528",38,"North Patit Creek",61,"Fallow/Idle Cropland",493,109.640242,"Columbia","170701020306",12061.8323201915,"huc12","{761CF6EE-DDD5-4F8B-83EC-A60756D549B3}",NA,NA,NA,NA,2013-01-17 23:09:29,NA,12061.86,48.81,"WA","S","TF","170701020307",0,0,"{AE16740D-E29C-11E2-8094-0021280458E6}",74,74,"Columbia CD",2261472697.5,"Southeast",2261472697.49992,"Southeast",242550.867209,242550.867208701
"529",38,"North Patit Creek",121,"Developed/Open Space",1761,391.635834,"Columbia","170701020306",12061.8323201915,"huc12","{761CF6EE-DDD5-4F8B-83EC-A60756D549B3}",NA,NA,NA,NA,2013-01-17 23:09:29,NA,12061.86,48.81,"WA","S","TF","170701020307",0,0,"{AE16740D-E29C-11E2-8094-0021280458E6}",74,74,"Columbia CD",2261472697.5,"Southeast",2261472697.49992,"Southeast",242550.867209,242550.867208701
"530",38,"North Patit Creek",122,"Developed/Low Intensity",95,21.12743,"Columbia","170701020306",12061.8323201915,"huc12","{761CF6EE-DDD5-4F8B-83EC-A60756D549B3}",NA,NA,NA,NA,2013-01-17 23:09:29,NA,12061.86,48.81,"WA","S","TF","170701020307",0,0,"{AE16740D-E29C-11E2-8094-0021280458E6}",74,74,"Columbia CD",2261472697.5,"Southeast",2261472697.49992,"Southeast",242550.867209,242550.867208701
"531",38,"North Patit Creek",142,"Evergreen Forest",10890,2421.87066,"Columbia","170701020306",12061.8323201915,"huc12","{761CF6EE-DDD5-4F8B-83EC-A60756D549B3}",NA,NA,NA,NA,2013-01-17 23:09:29,NA,12061.86,48.81,"WA","S","TF","170701020307",0,0,"{AE16740D-E29C-11E2-8094-0021280458E6}",74,74,"Columbia CD",2261472697.5,"Southeast",2261472697.49992,"Southeast",242550.867209,242550.867208701
"532",38,"North Patit Creek",152,"Shrubland",3221,716.331074,"Columbia","170701020306",12061.8323201915,"huc12","{761CF6EE-DDD5-4F8B-83EC-A60756D549B3}",NA,NA,NA,NA,2013-01-17 23:09:29,NA,12061.86,48.81,"WA","S","TF","170701020307",0,0,"{AE16740D-E29C-11E2-8094-0021280458E6}",74,74,"Columbia CD",2261472697.5,"Southeast",2261472697.49992,"Southeast",242550.867209,242550.867208701
"533",38,"North Patit Creek",176,"Grassland/Pasture",17857,3971.289658,"Columbia","170701020306",12061.8323201915,"huc12","{761CF6EE-DDD5-4F8B-83EC-A60756D549B3}",NA,NA,NA,NA,2013-01-17 23:09:29,NA,12061.86,48.81,"WA","S","TF","170701020307",0,0,"{AE16740D-E29C-11E2-8094-0021280458E6}",74,74,"Columbia CD",2261472697.5,"Southeast",2261472697.49992,"Southeast",242550.867209,242550.867208701
"534",38,"North Patit Creek",195,"Herbaceous Wetlands",2,0.444788,"Columbia","170701020306",12061.8323201915,"huc12","{761CF6EE-DDD5-4F8B-83EC-A60756D549B3}",NA,NA,NA,NA,2013-01-17 23:09:29,NA,12061.86,48.81,"WA","S","TF","170701020307",0,0,"{AE16740D-E29C-11E2-8094-0021280458E6}",74,74,"Columbia CD",2261472697.5,"Southeast",2261472697.49992,"Southeast",242550.867209,242550.867208701
"535",39,"Patit Creek",21,"Barley",1123,249.748462,"Columbia","170701020307",15726.4054377986,"huc12","{2DA7B42B-A3AF-4BC0-B393-4F19B5327B22}",NA,NA,NA,NA,2013-01-17 23:09:29,NA,15726.49,63.64,"WA","S","TF,UA","170701020308",0,0,"{AE168B6B-E29C-11E2-8094-0021280458E6}",74,74,"Columbia CD",2261472697.5,"Southeast",2261472697.49992,"Southeast",242550.867209,242550.867208701
"536",39,"Patit Creek",23,"Spring Wheat",11533,2564.870002,"Columbia","170701020307",15726.4054377986,"huc12","{2DA7B42B-A3AF-4BC0-B393-4F19B5327B22}",NA,NA,NA,NA,2013-01-17 23:09:29,NA,15726.49,63.64,"WA","S","TF,UA","170701020308",0,0,"{AE168B6B-E29C-11E2-8094-0021280458E6}",74,74,"Columbia CD",2261472697.5,"Southeast",2261472697.49992,"Southeast",242550.867209,242550.867208701
"537",39,"Patit Creek",24,"Winter Wheat",17119,3807.162886,"Columbia","170701020307",15726.4054377986,"huc12","{2DA7B42B-A3AF-4BC0-B393-4F19B5327B22}",NA,NA,NA,NA,2013-01-17 23:09:29,NA,15726.49,63.64,"WA","S","TF,UA","170701020308",0,0,"{AE168B6B-E29C-11E2-8094-0021280458E6}",74,74,"Columbia CD",2261472697.5,"Southeast",2261472697.49992,"Southeast",242550.867209,242550.867208701
"538",39,"Patit Creek",28,"Oats",817,181.695898,"Columbia","170701020307",15726.4054377986,"huc12","{2DA7B42B-A3AF-4BC0-B393-4F19B5327B22}",NA,NA,NA,NA,2013-01-17 23:09:29,NA,15726.49,63.64,"WA","S","TF,UA","170701020308",0,0,"{AE168B6B-E29C-11E2-8094-0021280458E6}",74,74,"Columbia CD",2261472697.5,"Southeast",2261472697.49992,"Southeast",242550.867209,242550.867208701
"539",39,"Patit Creek",31,"Canola",6,1.334364,"Columbia","170701020307",15726.4054377986,"huc12","{2DA7B42B-A3AF-4BC0-B393-4F19B5327B22}",NA,NA,NA,NA,2013-01-17 23:09:29,NA,15726.49,63.64,"WA","S","TF,UA","170701020308",0,0,"{AE168B6B-E29C-11E2-8094-0021280458E6}",74,74,"Columbia CD",2261472697.5,"Southeast",2261472697.49992,"Southeast",242550.867209,242550.867208701
"540",39,"Patit Creek",32,"Flaxseed",1,0.222394,"Columbia","170701020307",15726.4054377986,"huc12","{2DA7B42B-A3AF-4BC0-B393-4F19B5327B22}",NA,NA,NA,NA,2013-01-17 23:09:29,NA,15726.49,63.64,"WA","S","TF,UA","170701020308",0,0,"{AE168B6B-E29C-11E2-8094-0021280458E6}",74,74,"Columbia CD",2261472697.5,"Southeast",2261472697.49992,"Southeast",242550.867209,242550.867208701
"541",39,"Patit Creek",35,"Mustard",1100,244.6334,"Columbia","170701020307",15726.4054377986,"huc12","{2DA7B42B-A3AF-4BC0-B393-4F19B5327B22}",NA,NA,NA,NA,2013-01-17 23:09:29,NA,15726.49,63.64,"WA","S","TF,UA","170701020308",0,0,"{AE168B6B-E29C-11E2-8094-0021280458E6}",74,74,"Columbia CD",2261472697.5,"Southeast",2261472697.49992,"Southeast",242550.867209,242550.867208701
"542",39,"Patit Creek",36,"Alfalfa",116,25.797704,"Columbia","170701020307",15726.4054377986,"huc12","{2DA7B42B-A3AF-4BC0-B393-4F19B5327B22}",NA,NA,NA,NA,2013-01-17 23:09:29,NA,15726.49,63.64,"WA","S","TF,UA","170701020308",0,0,"{AE168B6B-E29C-11E2-8094-0021280458E6}",74,74,"Columbia CD",2261472697.5,"Southeast",2261472697.49992,"Southeast",242550.867209,242550.867208701
"543",39,"Patit Creek",37,"Other Hay/Non Alfalfa",286,63.604684,"Columbia","170701020307",15726.4054377986,"huc12","{2DA7B42B-A3AF-4BC0-B393-4F19B5327B22}",NA,NA,NA,NA,2013-01-17 23:09:29,NA,15726.49,63.64,"WA","S","TF,UA","170701020308",0,0,"{AE168B6B-E29C-11E2-8094-0021280458E6}",74,74,"Columbia CD",2261472697.5,"Southeast",2261472697.49992,"Southeast",242550.867209,242550.867208701
"544",39,"Patit Creek",42,"Dry Beans",1159,257.754646,"Columbia","170701020307",15726.4054377986,"huc12","{2DA7B42B-A3AF-4BC0-B393-4F19B5327B22}",NA,NA,NA,NA,2013-01-17 23:09:29,NA,15726.49,63.64,"WA","S","TF,UA","170701020308",0,0,"{AE168B6B-E29C-11E2-8094-0021280458E6}",74,74,"Columbia CD",2261472697.5,"Southeast",2261472697.49992,"Southeast",242550.867209,242550.867208701
"545",39,"Patit Creek",43,"Potatoes",4,0.889576,"Columbia","170701020307",15726.4054377986,"huc12","{2DA7B42B-A3AF-4BC0-B393-4F19B5327B22}",NA,NA,NA,NA,2013-01-17 23:09:29,NA,15726.49,63.64,"WA","S","TF,UA","170701020308",0,0,"{AE168B6B-E29C-11E2-8094-0021280458E6}",74,74,"Columbia CD",2261472697.5,"Southeast",2261472697.49992,"Southeast",242550.867209,242550.867208701
"546",39,"Patit Creek",52,"Lentils",42,9.340548,"Columbia","170701020307",15726.4054377986,"huc12","{2DA7B42B-A3AF-4BC0-B393-4F19B5327B22}",NA,NA,NA,NA,2013-01-17 23:09:29,NA,15726.49,63.64,"WA","S","TF,UA","170701020308",0,0,"{AE168B6B-E29C-11E2-8094-0021280458E6}",74,74,"Columbia CD",2261472697.5,"Southeast",2261472697.49992,"Southeast",242550.867209,242550.867208701
"547",39,"Patit Creek",53,"Peas",9432,2097.620208,"Columbia","170701020307",15726.4054377986,"huc12","{2DA7B42B-A3AF-4BC0-B393-4F19B5327B22}",NA,NA,NA,NA,2013-01-17 23:09:29,NA,15726.49,63.64,"WA","S","TF,UA","170701020308",0,0,"{AE168B6B-E29C-11E2-8094-0021280458E6}",74,74,"Columbia CD",2261472697.5,"Southeast",2261472697.49992,"Southeast",242550.867209,242550.867208701
"548",39,"Patit Creek",59,"Sod/Grass Seed",16,3.558304,"Columbia","170701020307",15726.4054377986,"huc12","{2DA7B42B-A3AF-4BC0-B393-4F19B5327B22}",NA,NA,NA,NA,2013-01-17 23:09:29,NA,15726.49,63.64,"WA","S","TF,UA","170701020308",0,0,"{AE168B6B-E29C-11E2-8094-0021280458E6}",74,74,"Columbia CD",2261472697.5,"Southeast",2261472697.49992,"Southeast",242550.867209,242550.867208701
"549",39,"Patit Creek",61,"Fallow/Idle Cropland",2409,535.747146,"Columbia","170701020307",15726.4054377986,"huc12","{2DA7B42B-A3AF-4BC0-B393-4F19B5327B22}",NA,NA,NA,NA,2013-01-17 23:09:29,NA,15726.49,63.64,"WA","S","TF,UA","170701020308",0,0,"{AE168B6B-E29C-11E2-8094-0021280458E6}",74,74,"Columbia CD",2261472697.5,"Southeast",2261472697.49992,"Southeast",242550.867209,242550.867208701
"550",39,"Patit Creek",68,"Apples",1,0.222394,"Columbia","170701020307",15726.4054377986,"huc12","{2DA7B42B-A3AF-4BC0-B393-4F19B5327B22}",NA,NA,NA,NA,2013-01-17 23:09:29,NA,15726.49,63.64,"WA","S","TF,UA","170701020308",0,0,"{AE168B6B-E29C-11E2-8094-0021280458E6}",74,74,"Columbia CD",2261472697.5,"Southeast",2261472697.49992,"Southeast",242550.867209,242550.867208701
"551",39,"Patit Creek",69,"Grapes",3,0.667182,"Columbia","170701020307",15726.4054377986,"huc12","{2DA7B42B-A3AF-4BC0-B393-4F19B5327B22}",NA,NA,NA,NA,2013-01-17 23:09:29,NA,15726.49,63.64,"WA","S","TF,UA","170701020308",0,0,"{AE168B6B-E29C-11E2-8094-0021280458E6}",74,74,"Columbia CD",2261472697.5,"Southeast",2261472697.49992,"Southeast",242550.867209,242550.867208701
"552",39,"Patit Creek",77,"Pears",1,0.222394,"Columbia","170701020307",15726.4054377986,"huc12","{2DA7B42B-A3AF-4BC0-B393-4F19B5327B22}",NA,NA,NA,NA,2013-01-17 23:09:29,NA,15726.49,63.64,"WA","S","TF,UA","170701020308",0,0,"{AE168B6B-E29C-11E2-8094-0021280458E6}",74,74,"Columbia CD",2261472697.5,"Southeast",2261472697.49992,"Southeast",242550.867209,242550.867208701
"553",39,"Patit Creek",121,"Developed/Open Space",2357,524.182658,"Columbia","170701020307",15726.4054377986,"huc12","{2DA7B42B-A3AF-4BC0-B393-4F19B5327B22}",NA,NA,NA,NA,2013-01-17 23:09:29,NA,15726.49,63.64,"WA","S","TF,UA","170701020308",0,0,"{AE168B6B-E29C-11E2-8094-0021280458E6}",74,74,"Columbia CD",2261472697.5,"Southeast",2261472697.49992,"Southeast",242550.867209,242550.867208701
"554",39,"Patit Creek",122,"Developed/Low Intensity",675,150.11595,"Columbia","170701020307",15726.4054377986,"huc12","{2DA7B42B-A3AF-4BC0-B393-4F19B5327B22}",NA,NA,NA,NA,2013-01-17 23:09:29,NA,15726.49,63.64,"WA","S","TF,UA","170701020308",0,0,"{AE168B6B-E29C-11E2-8094-0021280458E6}",74,74,"Columbia CD",2261472697.5,"Southeast",2261472697.49992,"Southeast",242550.867209,242550.867208701
"555",39,"Patit Creek",123,"Developed/Med Intensity",217,48.259498,"Columbia","170701020307",15726.4054377986,"huc12","{2DA7B42B-A3AF-4BC0-B393-4F19B5327B22}",NA,NA,NA,NA,2013-01-17 23:09:29,NA,15726.49,63.64,"WA","S","TF,UA","170701020308",0,0,"{AE168B6B-E29C-11E2-8094-0021280458E6}",74,74,"Columbia CD",2261472697.5,"Southeast",2261472697.49992,"Southeast",242550.867209,242550.867208701
"556",39,"Patit Creek",124,"Developed/High Intensity",30,6.67182,"Columbia","170701020307",15726.4054377986,"huc12","{2DA7B42B-A3AF-4BC0-B393-4F19B5327B22}",NA,NA,NA,NA,2013-01-17 23:09:29,NA,15726.49,63.64,"WA","S","TF,UA","170701020308",0,0,"{AE168B6B-E29C-11E2-8094-0021280458E6}",74,74,"Columbia CD",2261472697.5,"Southeast",2261472697.49992,"Southeast",242550.867209,242550.867208701
"557",39,"Patit Creek",142,"Evergreen Forest",3441,765.257754,"Columbia","170701020307",15726.4054377986,"huc12","{2DA7B42B-A3AF-4BC0-B393-4F19B5327B22}",NA,NA,NA,NA,2013-01-17 23:09:29,NA,15726.49,63.64,"WA","S","TF,UA","170701020308",0,0,"{AE168B6B-E29C-11E2-8094-0021280458E6}",74,74,"Columbia CD",2261472697.5,"Southeast",2261472697.49992,"Southeast",242550.867209,242550.867208701
"558",39,"Patit Creek",152,"Shrubland",946,210.384724,"Columbia","170701020307",15726.4054377986,"huc12","{2DA7B42B-A3AF-4BC0-B393-4F19B5327B22}",NA,NA,NA,NA,2013-01-17 23:09:29,NA,15726.49,63.64,"WA","S","TF,UA","170701020308",0,0,"{AE168B6B-E29C-11E2-8094-0021280458E6}",74,74,"Columbia CD",2261472697.5,"Southeast",2261472697.49992,"Southeast",242550.867209,242550.867208701
"559",39,"Patit Creek",176,"Grassland/Pasture",17872,3974.625568,"Columbia","170701020307",15726.4054377986,"huc12","{2DA7B42B-A3AF-4BC0-B393-4F19B5327B22}",NA,NA,NA,NA,2013-01-17 23:09:29,NA,15726.49,63.64,"WA","S","TF,UA","170701020308",0,0,"{AE168B6B-E29C-11E2-8094-0021280458E6}",74,74,"Columbia CD",2261472697.5,"Southeast",2261472697.49992,"Southeast",242550.867209,242550.867208701
"560",39,"Patit Creek",195,"Herbaceous Wetlands",6,1.334364,"Columbia","170701020307",15726.4054377986,"huc12","{2DA7B42B-A3AF-4BC0-B393-4F19B5327B22}",NA,NA,NA,NA,2013-01-17 23:09:29,NA,15726.49,63.64,"WA","S","TF,UA","170701020308",0,0,"{AE168B6B-E29C-11E2-8094-0021280458E6}",74,74,"Columbia CD",2261472697.5,"Southeast",2261472697.49992,"Southeast",242550.867209,242550.867208701
"561",40,"Lower North Fork Touchet River",21,"Barley",169,37.584586,"Columbia","170701020308",11386.0074339162,"huc12","{AB373739-E725-4526-977B-B754D4C7256E}",NA,NA,NA,NA,2013-01-17 23:09:29,NA,11386.05,46.08,"WA","S","LE,UA","170701020401",0,0,"{AE16AA73-E29C-11E2-8094-0021280458E6}",74,74,"Columbia CD",2261472697.5,"Southeast",2261472697.49992,"Southeast",242550.867209,242550.867208701
"562",40,"Lower North Fork Touchet River",23,"Spring Wheat",7321,1628.146474,"Columbia","170701020308",11386.0074339162,"huc12","{AB373739-E725-4526-977B-B754D4C7256E}",NA,NA,NA,NA,2013-01-17 23:09:29,NA,11386.05,46.08,"WA","S","LE,UA","170701020401",0,0,"{AE16AA73-E29C-11E2-8094-0021280458E6}",74,74,"Columbia CD",2261472697.5,"Southeast",2261472697.49992,"Southeast",242550.867209,242550.867208701
"563",40,"Lower North Fork Touchet River",24,"Winter Wheat",16398,3646.816812,"Columbia","170701020308",11386.0074339162,"huc12","{AB373739-E725-4526-977B-B754D4C7256E}",NA,NA,NA,NA,2013-01-17 23:09:29,NA,11386.05,46.08,"WA","S","LE,UA","170701020401",0,0,"{AE16AA73-E29C-11E2-8094-0021280458E6}",74,74,"Columbia CD",2261472697.5,"Southeast",2261472697.49992,"Southeast",242550.867209,242550.867208701
"564",40,"Lower North Fork Touchet River",28,"Oats",222,49.371468,"Columbia","170701020308",11386.0074339162,"huc12","{AB373739-E725-4526-977B-B754D4C7256E}",NA,NA,NA,NA,2013-01-17 23:09:29,NA,11386.05,46.08,"WA","S","LE,UA","170701020401",0,0,"{AE16AA73-E29C-11E2-8094-0021280458E6}",74,74,"Columbia CD",2261472697.5,"Southeast",2261472697.49992,"Southeast",242550.867209,242550.867208701
"565",40,"Lower North Fork Touchet River",35,"Mustard",299,66.495806,"Columbia","170701020308",11386.0074339162,"huc12","{AB373739-E725-4526-977B-B754D4C7256E}",NA,NA,NA,NA,2013-01-17 23:09:29,NA,11386.05,46.08,"WA","S","LE,UA","170701020401",0,0,"{AE16AA73-E29C-11E2-8094-0021280458E6}",74,74,"Columbia CD",2261472697.5,"Southeast",2261472697.49992,"Southeast",242550.867209,242550.867208701
"566",40,"Lower North Fork Touchet River",36,"Alfalfa",178,39.586132,"Columbia","170701020308",11386.0074339162,"huc12","{AB373739-E725-4526-977B-B754D4C7256E}",NA,NA,NA,NA,2013-01-17 23:09:29,NA,11386.05,46.08,"WA","S","LE,UA","170701020401",0,0,"{AE16AA73-E29C-11E2-8094-0021280458E6}",74,74,"Columbia CD",2261472697.5,"Southeast",2261472697.49992,"Southeast",242550.867209,242550.867208701
"567",40,"Lower North Fork Touchet River",37,"Other Hay/Non Alfalfa",394,87.623236,"Columbia","170701020308",11386.0074339162,"huc12","{AB373739-E725-4526-977B-B754D4C7256E}",NA,NA,NA,NA,2013-01-17 23:09:29,NA,11386.05,46.08,"WA","S","LE,UA","170701020401",0,0,"{AE16AA73-E29C-11E2-8094-0021280458E6}",74,74,"Columbia CD",2261472697.5,"Southeast",2261472697.49992,"Southeast",242550.867209,242550.867208701
"568",40,"Lower North Fork Touchet River",42,"Dry Beans",68,15.122792,"Columbia","170701020308",11386.0074339162,"huc12","{AB373739-E725-4526-977B-B754D4C7256E}",NA,NA,NA,NA,2013-01-17 23:09:29,NA,11386.05,46.08,"WA","S","LE,UA","170701020401",0,0,"{AE16AA73-E29C-11E2-8094-0021280458E6}",74,74,"Columbia CD",2261472697.5,"Southeast",2261472697.49992,"Southeast",242550.867209,242550.867208701
"569",40,"Lower North Fork Touchet River",52,"Lentils",9,2.001546,"Columbia","170701020308",11386.0074339162,"huc12","{AB373739-E725-4526-977B-B754D4C7256E}",NA,NA,NA,NA,2013-01-17 23:09:29,NA,11386.05,46.08,"WA","S","LE,UA","170701020401",0,0,"{AE16AA73-E29C-11E2-8094-0021280458E6}",74,74,"Columbia CD",2261472697.5,"Southeast",2261472697.49992,"Southeast",242550.867209,242550.867208701
"570",40,"Lower North Fork Touchet River",53,"Peas",1363,303.123022,"Columbia","170701020308",11386.0074339162,"huc12","{AB373739-E725-4526-977B-B754D4C7256E}",NA,NA,NA,NA,2013-01-17 23:09:29,NA,11386.05,46.08,"WA","S","LE,UA","170701020401",0,0,"{AE16AA73-E29C-11E2-8094-0021280458E6}",74,74,"Columbia CD",2261472697.5,"Southeast",2261472697.49992,"Southeast",242550.867209,242550.867208701
"571",40,"Lower North Fork Touchet River",57,"Herbs",1,0.222394,"Columbia","170701020308",11386.0074339162,"huc12","{AB373739-E725-4526-977B-B754D4C7256E}",NA,NA,NA,NA,2013-01-17 23:09:29,NA,11386.05,46.08,"WA","S","LE,UA","170701020401",0,0,"{AE16AA73-E29C-11E2-8094-0021280458E6}",74,74,"Columbia CD",2261472697.5,"Southeast",2261472697.49992,"Southeast",242550.867209,242550.867208701
"572",40,"Lower North Fork Touchet River",59,"Sod/Grass Seed",1,0.222394,"Columbia","170701020308",11386.0074339162,"huc12","{AB373739-E725-4526-977B-B754D4C7256E}",NA,NA,NA,NA,2013-01-17 23:09:29,NA,11386.05,46.08,"WA","S","LE,UA","170701020401",0,0,"{AE16AA73-E29C-11E2-8094-0021280458E6}",74,74,"Columbia CD",2261472697.5,"Southeast",2261472697.49992,"Southeast",242550.867209,242550.867208701
"573",40,"Lower North Fork Touchet River",61,"Fallow/Idle Cropland",2309,513.507746,"Columbia","170701020308",11386.0074339162,"huc12","{AB373739-E725-4526-977B-B754D4C7256E}",NA,NA,NA,NA,2013-01-17 23:09:29,NA,11386.05,46.08,"WA","S","LE,UA","170701020401",0,0,"{AE16AA73-E29C-11E2-8094-0021280458E6}",74,74,"Columbia CD",2261472697.5,"Southeast",2261472697.49992,"Southeast",242550.867209,242550.867208701
"574",40,"Lower North Fork Touchet River",66,"Cherries",1,0.222394,"Columbia","170701020308",11386.0074339162,"huc12","{AB373739-E725-4526-977B-B754D4C7256E}",NA,NA,NA,NA,2013-01-17 23:09:29,NA,11386.05,46.08,"WA","S","LE,UA","170701020401",0,0,"{AE16AA73-E29C-11E2-8094-0021280458E6}",74,74,"Columbia CD",2261472697.5,"Southeast",2261472697.49992,"Southeast",242550.867209,242550.867208701
"575",40,"Lower North Fork Touchet River",68,"Apples",408,90.736752,"Columbia","170701020308",11386.0074339162,"huc12","{AB373739-E725-4526-977B-B754D4C7256E}",NA,NA,NA,NA,2013-01-17 23:09:29,NA,11386.05,46.08,"WA","S","LE,UA","170701020401",0,0,"{AE16AA73-E29C-11E2-8094-0021280458E6}",74,74,"Columbia CD",2261472697.5,"Southeast",2261472697.49992,"Southeast",242550.867209,242550.867208701
"576",40,"Lower North Fork Touchet River",69,"Grapes",6,1.334364,"Columbia","170701020308",11386.0074339162,"huc12","{AB373739-E725-4526-977B-B754D4C7256E}",NA,NA,NA,NA,2013-01-17 23:09:29,NA,11386.05,46.08,"WA","S","LE,UA","170701020401",0,0,"{AE16AA73-E29C-11E2-8094-0021280458E6}",74,74,"Columbia CD",2261472697.5,"Southeast",2261472697.49992,"Southeast",242550.867209,242550.867208701
"577",40,"Lower North Fork Touchet River",71,"Other Tree Crops",25,5.55985,"Columbia","170701020308",11386.0074339162,"huc12","{AB373739-E725-4526-977B-B754D4C7256E}",NA,NA,NA,NA,2013-01-17 23:09:29,NA,11386.05,46.08,"WA","S","LE,UA","170701020401",0,0,"{AE16AA73-E29C-11E2-8094-0021280458E6}",74,74,"Columbia CD",2261472697.5,"Southeast",2261472697.49992,"Southeast",242550.867209,242550.867208701
"578",40,"Lower North Fork Touchet River",77,"Pears",190,42.25486,"Columbia","170701020308",11386.0074339162,"huc12","{AB373739-E725-4526-977B-B754D4C7256E}",NA,NA,NA,NA,2013-01-17 23:09:29,NA,11386.05,46.08,"WA","S","LE,UA","170701020401",0,0,"{AE16AA73-E29C-11E2-8094-0021280458E6}",74,74,"Columbia CD",2261472697.5,"Southeast",2261472697.49992,"Southeast",242550.867209,242550.867208701
"579",40,"Lower North Fork Touchet River",121,"Developed/Open Space",2460,547.08924,"Columbia","170701020308",11386.0074339162,"huc12","{AB373739-E725-4526-977B-B754D4C7256E}",NA,NA,NA,NA,2013-01-17 23:09:29,NA,11386.05,46.08,"WA","S","LE,UA","170701020401",0,0,"{AE16AA73-E29C-11E2-8094-0021280458E6}",74,74,"Columbia CD",2261472697.5,"Southeast",2261472697.49992,"Southeast",242550.867209,242550.867208701
"580",40,"Lower North Fork Touchet River",122,"Developed/Low Intensity",1167,259.533798,"Columbia","170701020308",11386.0074339162,"huc12","{AB373739-E725-4526-977B-B754D4C7256E}",NA,NA,NA,NA,2013-01-17 23:09:29,NA,11386.05,46.08,"WA","S","LE,UA","170701020401",0,0,"{AE16AA73-E29C-11E2-8094-0021280458E6}",74,74,"Columbia CD",2261472697.5,"Southeast",2261472697.49992,"Southeast",242550.867209,242550.867208701
"581",40,"Lower North Fork Touchet River",123,"Developed/Med Intensity",242,53.819348,"Columbia","170701020308",11386.0074339162,"huc12","{AB373739-E725-4526-977B-B754D4C7256E}",NA,NA,NA,NA,2013-01-17 23:09:29,NA,11386.05,46.08,"WA","S","LE,UA","170701020401",0,0,"{AE16AA73-E29C-11E2-8094-0021280458E6}",74,74,"Columbia CD",2261472697.5,"Southeast",2261472697.49992,"Southeast",242550.867209,242550.867208701
"582",40,"Lower North Fork Touchet River",124,"Developed/High Intensity",35,7.78379,"Columbia","170701020308",11386.0074339162,"huc12","{AB373739-E725-4526-977B-B754D4C7256E}",NA,NA,NA,NA,2013-01-17 23:09:29,NA,11386.05,46.08,"WA","S","LE,UA","170701020401",0,0,"{AE16AA73-E29C-11E2-8094-0021280458E6}",74,74,"Columbia CD",2261472697.5,"Southeast",2261472697.49992,"Southeast",242550.867209,242550.867208701
"583",40,"Lower North Fork Touchet River",141,"Deciduous Forest",2,0.444788,"Columbia","170701020308",11386.0074339162,"huc12","{AB373739-E725-4526-977B-B754D4C7256E}",NA,NA,NA,NA,2013-01-17 23:09:29,NA,11386.05,46.08,"WA","S","LE,UA","170701020401",0,0,"{AE16AA73-E29C-11E2-8094-0021280458E6}",74,74,"Columbia CD",2261472697.5,"Southeast",2261472697.49992,"Southeast",242550.867209,242550.867208701
"584",40,"Lower North Fork Touchet River",142,"Evergreen Forest",1986,441.674484,"Columbia","170701020308",11386.0074339162,"huc12","{AB373739-E725-4526-977B-B754D4C7256E}",NA,NA,NA,NA,2013-01-17 23:09:29,NA,11386.05,46.08,"WA","S","LE,UA","170701020401",0,0,"{AE16AA73-E29C-11E2-8094-0021280458E6}",74,74,"Columbia CD",2261472697.5,"Southeast",2261472697.49992,"Southeast",242550.867209,242550.867208701
"585",40,"Lower North Fork Touchet River",143,"Mixed Forest",3,0.667182,"Columbia","170701020308",11386.0074339162,"huc12","{AB373739-E725-4526-977B-B754D4C7256E}",NA,NA,NA,NA,2013-01-17 23:09:29,NA,11386.05,46.08,"WA","S","LE,UA","170701020401",0,0,"{AE16AA73-E29C-11E2-8094-0021280458E6}",74,74,"Columbia CD",2261472697.5,"Southeast",2261472697.49992,"Southeast",242550.867209,242550.867208701
"586",40,"Lower North Fork Touchet River",152,"Shrubland",872,193.927568,"Columbia","170701020308",11386.0074339162,"huc12","{AB373739-E725-4526-977B-B754D4C7256E}",NA,NA,NA,NA,2013-01-17 23:09:29,NA,11386.05,46.08,"WA","S","LE,UA","170701020401",0,0,"{AE16AA73-E29C-11E2-8094-0021280458E6}",74,74,"Columbia CD",2261472697.5,"Southeast",2261472697.49992,"Southeast",242550.867209,242550.867208701
"587",40,"Lower North Fork Touchet River",176,"Grassland/Pasture",14854,3303.440476,"Columbia","170701020308",11386.0074339162,"huc12","{AB373739-E725-4526-977B-B754D4C7256E}",NA,NA,NA,NA,2013-01-17 23:09:29,NA,11386.05,46.08,"WA","S","LE,UA","170701020401",0,0,"{AE16AA73-E29C-11E2-8094-0021280458E6}",74,74,"Columbia CD",2261472697.5,"Southeast",2261472697.49992,"Southeast",242550.867209,242550.867208701
"588",40,"Lower North Fork Touchet River",190,"Woody Wetlands",7,1.556758,"Columbia","170701020308",11386.0074339162,"huc12","{AB373739-E725-4526-977B-B754D4C7256E}",NA,NA,NA,NA,2013-01-17 23:09:29,NA,11386.05,46.08,"WA","S","LE,UA","170701020401",0,0,"{AE16AA73-E29C-11E2-8094-0021280458E6}",74,74,"Columbia CD",2261472697.5,"Southeast",2261472697.49992,"Southeast",242550.867209,242550.867208701
"589",40,"Lower North Fork Touchet River",195,"Herbaceous Wetlands",201,44.701194,"Columbia","170701020308",11386.0074339162,"huc12","{AB373739-E725-4526-977B-B754D4C7256E}",NA,NA,NA,NA,2013-01-17 23:09:29,NA,11386.05,46.08,"WA","S","LE,UA","170701020401",0,0,"{AE16AA73-E29C-11E2-8094-0021280458E6}",74,74,"Columbia CD",2261472697.5,"Southeast",2261472697.49992,"Southeast",242550.867209,242550.867208701
"590",41,"Payne Hollow-Touchet River",21,"Barley",1006,223.728364,"Columbia","170701020401",19513.8507055278,"huc12","{3BEA0A46-95D3-442A-9403-B19088452F44}",NA,NA,NA,NA,2013-01-17 23:09:29,NA,19532.4,79.04,"WA","S","LE,GC","170701020403",0,0,"{AE16C1F4-E29C-11E2-8094-0021280458E6}",74,74,"Columbia CD",2261472697.5,"Southeast",2261472697.49992,"Southeast",242550.867209,242550.867208701
"591",41,"Payne Hollow-Touchet River",23,"Spring Wheat",15015,3339.24591,"Columbia","170701020401",19513.8507055278,"huc12","{3BEA0A46-95D3-442A-9403-B19088452F44}",NA,NA,NA,NA,2013-01-17 23:09:29,NA,19532.4,79.04,"WA","S","LE,GC","170701020403",0,0,"{AE16C1F4-E29C-11E2-8094-0021280458E6}",74,74,"Columbia CD",2261472697.5,"Southeast",2261472697.49992,"Southeast",242550.867209,242550.867208701
"592",41,"Payne Hollow-Touchet River",24,"Winter Wheat",33620,7476.88628,"Columbia","170701020401",19513.8507055278,"huc12","{3BEA0A46-95D3-442A-9403-B19088452F44}",NA,NA,NA,NA,2013-01-17 23:09:29,NA,19532.4,79.04,"WA","S","LE,GC","170701020403",0,0,"{AE16C1F4-E29C-11E2-8094-0021280458E6}",74,74,"Columbia CD",2261472697.5,"Southeast",2261472697.49992,"Southeast",242550.867209,242550.867208701
"593",41,"Payne Hollow-Touchet River",28,"Oats",3,0.667182,"Columbia","170701020401",19513.8507055278,"huc12","{3BEA0A46-95D3-442A-9403-B19088452F44}",NA,NA,NA,NA,2013-01-17 23:09:29,NA,19532.4,79.04,"WA","S","LE,GC","170701020403",0,0,"{AE16C1F4-E29C-11E2-8094-0021280458E6}",74,74,"Columbia CD",2261472697.5,"Southeast",2261472697.49992,"Southeast",242550.867209,242550.867208701
"594",41,"Payne Hollow-Touchet River",31,"Canola",4,0.889576,"Columbia","170701020401",19513.8507055278,"huc12","{3BEA0A46-95D3-442A-9403-B19088452F44}",NA,NA,NA,NA,2013-01-17 23:09:29,NA,19532.4,79.04,"WA","S","LE,GC","170701020403",0,0,"{AE16C1F4-E29C-11E2-8094-0021280458E6}",74,74,"Columbia CD",2261472697.5,"Southeast",2261472697.49992,"Southeast",242550.867209,242550.867208701
"595",41,"Payne Hollow-Touchet River",35,"Mustard",1,0.222394,"Columbia","170701020401",19513.8507055278,"huc12","{3BEA0A46-95D3-442A-9403-B19088452F44}",NA,NA,NA,NA,2013-01-17 23:09:29,NA,19532.4,79.04,"WA","S","LE,GC","170701020403",0,0,"{AE16C1F4-E29C-11E2-8094-0021280458E6}",74,74,"Columbia CD",2261472697.5,"Southeast",2261472697.49992,"Southeast",242550.867209,242550.867208701
"596",41,"Payne Hollow-Touchet River",36,"Alfalfa",463,102.968422,"Columbia","170701020401",19513.8507055278,"huc12","{3BEA0A46-95D3-442A-9403-B19088452F44}",NA,NA,NA,NA,2013-01-17 23:09:29,NA,19532.4,79.04,"WA","S","LE,GC","170701020403",0,0,"{AE16C1F4-E29C-11E2-8094-0021280458E6}",74,74,"Columbia CD",2261472697.5,"Southeast",2261472697.49992,"Southeast",242550.867209,242550.867208701
"597",41,"Payne Hollow-Touchet River",37,"Other Hay/Non Alfalfa",356,79.172264,"Columbia","170701020401",19513.8507055278,"huc12","{3BEA0A46-95D3-442A-9403-B19088452F44}",NA,NA,NA,NA,2013-01-17 23:09:29,NA,19532.4,79.04,"WA","S","LE,GC","170701020403",0,0,"{AE16C1F4-E29C-11E2-8094-0021280458E6}",74,74,"Columbia CD",2261472697.5,"Southeast",2261472697.49992,"Southeast",242550.867209,242550.867208701
"598",41,"Payne Hollow-Touchet River",42,"Dry Beans",189,42.032466,"Columbia","170701020401",19513.8507055278,"huc12","{3BEA0A46-95D3-442A-9403-B19088452F44}",NA,NA,NA,NA,2013-01-17 23:09:29,NA,19532.4,79.04,"WA","S","LE,GC","170701020403",0,0,"{AE16C1F4-E29C-11E2-8094-0021280458E6}",74,74,"Columbia CD",2261472697.5,"Southeast",2261472697.49992,"Southeast",242550.867209,242550.867208701
"599",41,"Payne Hollow-Touchet River",53,"Peas",11341,2522.170354,"Columbia","170701020401",19513.8507055278,"huc12","{3BEA0A46-95D3-442A-9403-B19088452F44}",NA,NA,NA,NA,2013-01-17 23:09:29,NA,19532.4,79.04,"WA","S","LE,GC","170701020403",0,0,"{AE16C1F4-E29C-11E2-8094-0021280458E6}",74,74,"Columbia CD",2261472697.5,"Southeast",2261472697.49992,"Southeast",242550.867209,242550.867208701
"600",41,"Payne Hollow-Touchet River",61,"Fallow/Idle Cropland",4319,960.519686,"Columbia","170701020401",19513.8507055278,"huc12","{3BEA0A46-95D3-442A-9403-B19088452F44}",NA,NA,NA,NA,2013-01-17 23:09:29,NA,19532.4,79.04,"WA","S","LE,GC","170701020403",0,0,"{AE16C1F4-E29C-11E2-8094-0021280458E6}",74,74,"Columbia CD",2261472697.5,"Southeast",2261472697.49992,"Southeast",242550.867209,242550.867208701
"601",41,"Payne Hollow-Touchet River",66,"Cherries",2,0.444788,"Columbia","170701020401",19513.8507055278,"huc12","{3BEA0A46-95D3-442A-9403-B19088452F44}",NA,NA,NA,NA,2013-01-17 23:09:29,NA,19532.4,79.04,"WA","S","LE,GC","170701020403",0,0,"{AE16C1F4-E29C-11E2-8094-0021280458E6}",74,74,"Columbia CD",2261472697.5,"Southeast",2261472697.49992,"Southeast",242550.867209,242550.867208701
"602",41,"Payne Hollow-Touchet River",68,"Apples",36,8.006184,"Columbia","170701020401",19513.8507055278,"huc12","{3BEA0A46-95D3-442A-9403-B19088452F44}",NA,NA,NA,NA,2013-01-17 23:09:29,NA,19532.4,79.04,"WA","S","LE,GC","170701020403",0,0,"{AE16C1F4-E29C-11E2-8094-0021280458E6}",74,74,"Columbia CD",2261472697.5,"Southeast",2261472697.49992,"Southeast",242550.867209,242550.867208701
"603",41,"Payne Hollow-Touchet River",69,"Grapes",8,1.779152,"Columbia","170701020401",19513.8507055278,"huc12","{3BEA0A46-95D3-442A-9403-B19088452F44}",NA,NA,NA,NA,2013-01-17 23:09:29,NA,19532.4,79.04,"WA","S","LE,GC","170701020403",0,0,"{AE16C1F4-E29C-11E2-8094-0021280458E6}",74,74,"Columbia CD",2261472697.5,"Southeast",2261472697.49992,"Southeast",242550.867209,242550.867208701
"604",41,"Payne Hollow-Touchet River",121,"Developed/Open Space",3283,730.119502,"Columbia","170701020401",19513.8507055278,"huc12","{3BEA0A46-95D3-442A-9403-B19088452F44}",NA,NA,NA,NA,2013-01-17 23:09:29,NA,19532.4,79.04,"WA","S","LE,GC","170701020403",0,0,"{AE16C1F4-E29C-11E2-8094-0021280458E6}",74,74,"Columbia CD",2261472697.5,"Southeast",2261472697.49992,"Southeast",242550.867209,242550.867208701
"605",41,"Payne Hollow-Touchet River",122,"Developed/Low Intensity",605,134.54837,"Columbia","170701020401",19513.8507055278,"huc12","{3BEA0A46-95D3-442A-9403-B19088452F44}",NA,NA,NA,NA,2013-01-17 23:09:29,NA,19532.4,79.04,"WA","S","LE,GC","170701020403",0,0,"{AE16C1F4-E29C-11E2-8094-0021280458E6}",74,74,"Columbia CD",2261472697.5,"Southeast",2261472697.49992,"Southeast",242550.867209,242550.867208701
"606",41,"Payne Hollow-Touchet River",123,"Developed/Med Intensity",218,48.481892,"Columbia","170701020401",19513.8507055278,"huc12","{3BEA0A46-95D3-442A-9403-B19088452F44}",NA,NA,NA,NA,2013-01-17 23:09:29,NA,19532.4,79.04,"WA","S","LE,GC","170701020403",0,0,"{AE16C1F4-E29C-11E2-8094-0021280458E6}",74,74,"Columbia CD",2261472697.5,"Southeast",2261472697.49992,"Southeast",242550.867209,242550.867208701
"607",41,"Payne Hollow-Touchet River",124,"Developed/High Intensity",28,6.227032,"Columbia","170701020401",19513.8507055278,"huc12","{3BEA0A46-95D3-442A-9403-B19088452F44}",NA,NA,NA,NA,2013-01-17 23:09:29,NA,19532.4,79.04,"WA","S","LE,GC","170701020403",0,0,"{AE16C1F4-E29C-11E2-8094-0021280458E6}",74,74,"Columbia CD",2261472697.5,"Southeast",2261472697.49992,"Southeast",242550.867209,242550.867208701
"608",41,"Payne Hollow-Touchet River",141,"Deciduous Forest",6,1.334364,"Columbia","170701020401",19513.8507055278,"huc12","{3BEA0A46-95D3-442A-9403-B19088452F44}",NA,NA,NA,NA,2013-01-17 23:09:29,NA,19532.4,79.04,"WA","S","LE,GC","170701020403",0,0,"{AE16C1F4-E29C-11E2-8094-0021280458E6}",74,74,"Columbia CD",2261472697.5,"Southeast",2261472697.49992,"Southeast",242550.867209,242550.867208701
"609",41,"Payne Hollow-Touchet River",142,"Evergreen Forest",2424,539.083056,"Columbia","170701020401",19513.8507055278,"huc12","{3BEA0A46-95D3-442A-9403-B19088452F44}",NA,NA,NA,NA,2013-01-17 23:09:29,NA,19532.4,79.04,"WA","S","LE,GC","170701020403",0,0,"{AE16C1F4-E29C-11E2-8094-0021280458E6}",74,74,"Columbia CD",2261472697.5,"Southeast",2261472697.49992,"Southeast",242550.867209,242550.867208701
"610",41,"Payne Hollow-Touchet River",143,"Mixed Forest",393,87.400842,"Columbia","170701020401",19513.8507055278,"huc12","{3BEA0A46-95D3-442A-9403-B19088452F44}",NA,NA,NA,NA,2013-01-17 23:09:29,NA,19532.4,79.04,"WA","S","LE,GC","170701020403",0,0,"{AE16C1F4-E29C-11E2-8094-0021280458E6}",74,74,"Columbia CD",2261472697.5,"Southeast",2261472697.49992,"Southeast",242550.867209,242550.867208701
"611",41,"Payne Hollow-Touchet River",152,"Shrubland",1594,354.496036,"Columbia","170701020401",19513.8507055278,"huc12","{3BEA0A46-95D3-442A-9403-B19088452F44}",NA,NA,NA,NA,2013-01-17 23:09:29,NA,19532.4,79.04,"WA","S","LE,GC","170701020403",0,0,"{AE16C1F4-E29C-11E2-8094-0021280458E6}",74,74,"Columbia CD",2261472697.5,"Southeast",2261472697.49992,"Southeast",242550.867209,242550.867208701
"612",41,"Payne Hollow-Touchet River",176,"Grassland/Pasture",12768,2839.526592,"Columbia","170701020401",19513.8507055278,"huc12","{3BEA0A46-95D3-442A-9403-B19088452F44}",NA,NA,NA,NA,2013-01-17 23:09:29,NA,19532.4,79.04,"WA","S","LE,GC","170701020403",0,0,"{AE16C1F4-E29C-11E2-8094-0021280458E6}",74,74,"Columbia CD",2261472697.5,"Southeast",2261472697.49992,"Southeast",242550.867209,242550.867208701
"613",41,"Payne Hollow-Touchet River",190,"Woody Wetlands",9,2.001546,"Columbia","170701020401",19513.8507055278,"huc12","{3BEA0A46-95D3-442A-9403-B19088452F44}",NA,NA,NA,NA,2013-01-17 23:09:29,NA,19532.4,79.04,"WA","S","LE,GC","170701020403",0,0,"{AE16C1F4-E29C-11E2-8094-0021280458E6}",74,74,"Columbia CD",2261472697.5,"Southeast",2261472697.49992,"Southeast",242550.867209,242550.867208701
"614",41,"Payne Hollow-Touchet River",195,"Herbaceous Wetlands",56,12.454064,"Columbia","170701020401",19513.8507055278,"huc12","{3BEA0A46-95D3-442A-9403-B19088452F44}",NA,NA,NA,NA,2013-01-17 23:09:29,NA,19532.4,79.04,"WA","S","LE,GC","170701020403",0,0,"{AE16C1F4-E29C-11E2-8094-0021280458E6}",74,74,"Columbia CD",2261472697.5,"Southeast",2261472697.49992,"Southeast",242550.867209,242550.867208701
"615",41,"Payne Hollow-Touchet River",205,"Triticale",3,0.667182,"Columbia","170701020401",19513.8507055278,"huc12","{3BEA0A46-95D3-442A-9403-B19088452F44}",NA,NA,NA,NA,2013-01-17 23:09:29,NA,19532.4,79.04,"WA","S","LE,GC","170701020403",0,0,"{AE16C1F4-E29C-11E2-8094-0021280458E6}",74,74,"Columbia CD",2261472697.5,"Southeast",2261472697.49992,"Southeast",242550.867209,242550.867208701
"616",42,"Whiskey Creek",21,"Barley",890,197.93066,"Columbia","170701020402",18027.0741978122,"huc12","{3F443389-22B3-40F8-8019-4BB6D2DE1796}",NA,NA,NA,NA,2013-01-17 23:09:29,NA,25225.8,102.09,"WA","S","NM","170701020403",0,0,"{AE16E0F1-E29C-11E2-8094-0021280458E6}",74,74,"Columbia CD",2261472697.5,"Southeast",2261472697.49992,"Southeast",242550.867209,242550.867208701
"617",42,"Whiskey Creek",23,"Spring Wheat",5573,1239.401762,"Columbia","170701020402",18027.0741978122,"huc12","{3F443389-22B3-40F8-8019-4BB6D2DE1796}",NA,NA,NA,NA,2013-01-17 23:09:29,NA,25225.8,102.09,"WA","S","NM","170701020403",0,0,"{AE16E0F1-E29C-11E2-8094-0021280458E6}",74,74,"Columbia CD",2261472697.5,"Southeast",2261472697.49992,"Southeast",242550.867209,242550.867208701
"618",42,"Whiskey Creek",24,"Winter Wheat",37098,8250.372612,"Columbia","170701020402",18027.0741978122,"huc12","{3F443389-22B3-40F8-8019-4BB6D2DE1796}",NA,NA,NA,NA,2013-01-17 23:09:29,NA,25225.8,102.09,"WA","S","NM","170701020403",0,0,"{AE16E0F1-E29C-11E2-8094-0021280458E6}",74,74,"Columbia CD",2261472697.5,"Southeast",2261472697.49992,"Southeast",242550.867209,242550.867208701
"619",42,"Whiskey Creek",28,"Oats",1,0.222394,"Columbia","170701020402",18027.0741978122,"huc12","{3F443389-22B3-40F8-8019-4BB6D2DE1796}",NA,NA,NA,NA,2013-01-17 23:09:29,NA,25225.8,102.09,"WA","S","NM","170701020403",0,0,"{AE16E0F1-E29C-11E2-8094-0021280458E6}",74,74,"Columbia CD",2261472697.5,"Southeast",2261472697.49992,"Southeast",242550.867209,242550.867208701
"620",42,"Whiskey Creek",31,"Canola",275,61.15835,"Columbia","170701020402",18027.0741978122,"huc12","{3F443389-22B3-40F8-8019-4BB6D2DE1796}",NA,NA,NA,NA,2013-01-17 23:09:29,NA,25225.8,102.09,"WA","S","NM","170701020403",0,0,"{AE16E0F1-E29C-11E2-8094-0021280458E6}",74,74,"Columbia CD",2261472697.5,"Southeast",2261472697.49992,"Southeast",242550.867209,242550.867208701
"621",42,"Whiskey Creek",35,"Mustard",11,2.446334,"Columbia","170701020402",18027.0741978122,"huc12","{3F443389-22B3-40F8-8019-4BB6D2DE1796}",NA,NA,NA,NA,2013-01-17 23:09:29,NA,25225.8,102.09,"WA","S","NM","170701020403",0,0,"{AE16E0F1-E29C-11E2-8094-0021280458E6}",74,74,"Columbia CD",2261472697.5,"Southeast",2261472697.49992,"Southeast",242550.867209,242550.867208701
"622",42,"Whiskey Creek",36,"Alfalfa",53,11.786882,"Columbia","170701020402",18027.0741978122,"huc12","{3F443389-22B3-40F8-8019-4BB6D2DE1796}",NA,NA,NA,NA,2013-01-17 23:09:29,NA,25225.8,102.09,"WA","S","NM","170701020403",0,0,"{AE16E0F1-E29C-11E2-8094-0021280458E6}",74,74,"Columbia CD",2261472697.5,"Southeast",2261472697.49992,"Southeast",242550.867209,242550.867208701
"623",42,"Whiskey Creek",37,"Other Hay/Non Alfalfa",207,46.035558,"Columbia","170701020402",18027.0741978122,"huc12","{3F443389-22B3-40F8-8019-4BB6D2DE1796}",NA,NA,NA,NA,2013-01-17 23:09:29,NA,25225.8,102.09,"WA","S","NM","170701020403",0,0,"{AE16E0F1-E29C-11E2-8094-0021280458E6}",74,74,"Columbia CD",2261472697.5,"Southeast",2261472697.49992,"Southeast",242550.867209,242550.867208701
"624",42,"Whiskey Creek",42,"Dry Beans",1791,398.307654,"Columbia","170701020402",18027.0741978122,"huc12","{3F443389-22B3-40F8-8019-4BB6D2DE1796}",NA,NA,NA,NA,2013-01-17 23:09:29,NA,25225.8,102.09,"WA","S","NM","170701020403",0,0,"{AE16E0F1-E29C-11E2-8094-0021280458E6}",74,74,"Columbia CD",2261472697.5,"Southeast",2261472697.49992,"Southeast",242550.867209,242550.867208701
"625",42,"Whiskey Creek",52,"Lentils",3,0.667182,"Columbia","170701020402",18027.0741978122,"huc12","{3F443389-22B3-40F8-8019-4BB6D2DE1796}",NA,NA,NA,NA,2013-01-17 23:09:29,NA,25225.8,102.09,"WA","S","NM","170701020403",0,0,"{AE16E0F1-E29C-11E2-8094-0021280458E6}",74,74,"Columbia CD",2261472697.5,"Southeast",2261472697.49992,"Southeast",242550.867209,242550.867208701
"626",42,"Whiskey Creek",53,"Peas",6529,1452.010426,"Columbia","170701020402",18027.0741978122,"huc12","{3F443389-22B3-40F8-8019-4BB6D2DE1796}",NA,NA,NA,NA,2013-01-17 23:09:29,NA,25225.8,102.09,"WA","S","NM","170701020403",0,0,"{AE16E0F1-E29C-11E2-8094-0021280458E6}",74,74,"Columbia CD",2261472697.5,"Southeast",2261472697.49992,"Southeast",242550.867209,242550.867208701
"627",42,"Whiskey Creek",59,"Sod/Grass Seed",1,0.222394,"Columbia","170701020402",18027.0741978122,"huc12","{3F443389-22B3-40F8-8019-4BB6D2DE1796}",NA,NA,NA,NA,2013-01-17 23:09:29,NA,25225.8,102.09,"WA","S","NM","170701020403",0,0,"{AE16E0F1-E29C-11E2-8094-0021280458E6}",74,74,"Columbia CD",2261472697.5,"Southeast",2261472697.49992,"Southeast",242550.867209,242550.867208701
"628",42,"Whiskey Creek",61,"Fallow/Idle Cropland",3304,734.789776,"Columbia","170701020402",18027.0741978122,"huc12","{3F443389-22B3-40F8-8019-4BB6D2DE1796}",NA,NA,NA,NA,2013-01-17 23:09:29,NA,25225.8,102.09,"WA","S","NM","170701020403",0,0,"{AE16E0F1-E29C-11E2-8094-0021280458E6}",74,74,"Columbia CD",2261472697.5,"Southeast",2261472697.49992,"Southeast",242550.867209,242550.867208701
"629",42,"Whiskey Creek",68,"Apples",3,0.667182,"Columbia","170701020402",18027.0741978122,"huc12","{3F443389-22B3-40F8-8019-4BB6D2DE1796}",NA,NA,NA,NA,2013-01-17 23:09:29,NA,25225.8,102.09,"WA","S","NM","170701020403",0,0,"{AE16E0F1-E29C-11E2-8094-0021280458E6}",74,74,"Columbia CD",2261472697.5,"Southeast",2261472697.49992,"Southeast",242550.867209,242550.867208701
"630",42,"Whiskey Creek",69,"Grapes",1,0.222394,"Columbia","170701020402",18027.0741978122,"huc12","{3F443389-22B3-40F8-8019-4BB6D2DE1796}",NA,NA,NA,NA,2013-01-17 23:09:29,NA,25225.8,102.09,"WA","S","NM","170701020403",0,0,"{AE16E0F1-E29C-11E2-8094-0021280458E6}",74,74,"Columbia CD",2261472697.5,"Southeast",2261472697.49992,"Southeast",242550.867209,242550.867208701
"631",42,"Whiskey Creek",121,"Developed/Open Space",2057,457.464458,"Columbia","170701020402",18027.0741978122,"huc12","{3F443389-22B3-40F8-8019-4BB6D2DE1796}",NA,NA,NA,NA,2013-01-17 23:09:29,NA,25225.8,102.09,"WA","S","NM","170701020403",0,0,"{AE16E0F1-E29C-11E2-8094-0021280458E6}",74,74,"Columbia CD",2261472697.5,"Southeast",2261472697.49992,"Southeast",242550.867209,242550.867208701
"632",42,"Whiskey Creek",122,"Developed/Low Intensity",89,19.793066,"Columbia","170701020402",18027.0741978122,"huc12","{3F443389-22B3-40F8-8019-4BB6D2DE1796}",NA,NA,NA,NA,2013-01-17 23:09:29,NA,25225.8,102.09,"WA","S","NM","170701020403",0,0,"{AE16E0F1-E29C-11E2-8094-0021280458E6}",74,74,"Columbia CD",2261472697.5,"Southeast",2261472697.49992,"Southeast",242550.867209,242550.867208701
"633",42,"Whiskey Creek",123,"Developed/Med Intensity",3,0.667182,"Columbia","170701020402",18027.0741978122,"huc12","{3F443389-22B3-40F8-8019-4BB6D2DE1796}",NA,NA,NA,NA,2013-01-17 23:09:29,NA,25225.8,102.09,"WA","S","NM","170701020403",0,0,"{AE16E0F1-E29C-11E2-8094-0021280458E6}",74,74,"Columbia CD",2261472697.5,"Southeast",2261472697.49992,"Southeast",242550.867209,242550.867208701
"634",42,"Whiskey Creek",141,"Deciduous Forest",64,14.233216,"Columbia","170701020402",18027.0741978122,"huc12","{3F443389-22B3-40F8-8019-4BB6D2DE1796}",NA,NA,NA,NA,2013-01-17 23:09:29,NA,25225.8,102.09,"WA","S","NM","170701020403",0,0,"{AE16E0F1-E29C-11E2-8094-0021280458E6}",74,74,"Columbia CD",2261472697.5,"Southeast",2261472697.49992,"Southeast",242550.867209,242550.867208701
"635",42,"Whiskey Creek",142,"Evergreen Forest",7166,1593.675404,"Columbia","170701020402",18027.0741978122,"huc12","{3F443389-22B3-40F8-8019-4BB6D2DE1796}",NA,NA,NA,NA,2013-01-17 23:09:29,NA,25225.8,102.09,"WA","S","NM","170701020403",0,0,"{AE16E0F1-E29C-11E2-8094-0021280458E6}",74,74,"Columbia CD",2261472697.5,"Southeast",2261472697.49992,"Southeast",242550.867209,242550.867208701
"636",42,"Whiskey Creek",143,"Mixed Forest",17,3.780698,"Columbia","170701020402",18027.0741978122,"huc12","{3F443389-22B3-40F8-8019-4BB6D2DE1796}",NA,NA,NA,NA,2013-01-17 23:09:29,NA,25225.8,102.09,"WA","S","NM","170701020403",0,0,"{AE16E0F1-E29C-11E2-8094-0021280458E6}",74,74,"Columbia CD",2261472697.5,"Southeast",2261472697.49992,"Southeast",242550.867209,242550.867208701
"637",42,"Whiskey Creek",152,"Shrubland",1299,288.889806,"Columbia","170701020402",18027.0741978122,"huc12","{3F443389-22B3-40F8-8019-4BB6D2DE1796}",NA,NA,NA,NA,2013-01-17 23:09:29,NA,25225.8,102.09,"WA","S","NM","170701020403",0,0,"{AE16E0F1-E29C-11E2-8094-0021280458E6}",74,74,"Columbia CD",2261472697.5,"Southeast",2261472697.49992,"Southeast",242550.867209,242550.867208701
"638",42,"Whiskey Creek",176,"Grassland/Pasture",14250,3169.1145,"Columbia","170701020402",18027.0741978122,"huc12","{3F443389-22B3-40F8-8019-4BB6D2DE1796}",NA,NA,NA,NA,2013-01-17 23:09:29,NA,25225.8,102.09,"WA","S","NM","170701020403",0,0,"{AE16E0F1-E29C-11E2-8094-0021280458E6}",74,74,"Columbia CD",2261472697.5,"Southeast",2261472697.49992,"Southeast",242550.867209,242550.867208701
"639",42,"Whiskey Creek",195,"Herbaceous Wetlands",365,81.17381,"Columbia","170701020402",18027.0741978122,"huc12","{3F443389-22B3-40F8-8019-4BB6D2DE1796}",NA,NA,NA,NA,2013-01-17 23:09:29,NA,25225.8,102.09,"WA","S","NM","170701020403",0,0,"{AE16E0F1-E29C-11E2-8094-0021280458E6}",74,74,"Columbia CD",2261472697.5,"Southeast",2261472697.49992,"Southeast",242550.867209,242550.867208701
"640",43,"Wilson Creek-Touchet River",21,"Barley",22,4.892668,"Columbia","170701020403",4476.68195682743,"huc12","{3D7FB703-28B9-4AEE-AE48-BEC9BE6E9CBD}",NA,NA,NA,NA,2013-01-17 23:09:29,NA,8897.99,36.01,"WA","S","TF","170701020405",0,0,"{AE16F863-E29C-11E2-8094-0021280458E6}",74,74,"Columbia CD",2261472697.5,"Southeast",2261472697.49992,"Southeast",242550.867209,242550.867208701
"641",43,"Wilson Creek-Touchet River",23,"Spring Wheat",1049,233.291306,"Columbia","170701020403",4476.68195682743,"huc12","{3D7FB703-28B9-4AEE-AE48-BEC9BE6E9CBD}",NA,NA,NA,NA,2013-01-17 23:09:29,NA,8897.99,36.01,"WA","S","TF","170701020405",0,0,"{AE16F863-E29C-11E2-8094-0021280458E6}",74,74,"Columbia CD",2261472697.5,"Southeast",2261472697.49992,"Southeast",242550.867209,242550.867208701
"642",43,"Wilson Creek-Touchet River",24,"Winter Wheat",8724,1940.165256,"Columbia","170701020403",4476.68195682743,"huc12","{3D7FB703-28B9-4AEE-AE48-BEC9BE6E9CBD}",NA,NA,NA,NA,2013-01-17 23:09:29,NA,8897.99,36.01,"WA","S","TF","170701020405",0,0,"{AE16F863-E29C-11E2-8094-0021280458E6}",74,74,"Columbia CD",2261472697.5,"Southeast",2261472697.49992,"Southeast",242550.867209,242550.867208701
"643",43,"Wilson Creek-Touchet River",31,"Canola",1,0.222394,"Columbia","170701020403",4476.68195682743,"huc12","{3D7FB703-28B9-4AEE-AE48-BEC9BE6E9CBD}",NA,NA,NA,NA,2013-01-17 23:09:29,NA,8897.99,36.01,"WA","S","TF","170701020405",0,0,"{AE16F863-E29C-11E2-8094-0021280458E6}",74,74,"Columbia CD",2261472697.5,"Southeast",2261472697.49992,"Southeast",242550.867209,242550.867208701
"644",43,"Wilson Creek-Touchet River",36,"Alfalfa",25,5.55985,"Columbia","170701020403",4476.68195682743,"huc12","{3D7FB703-28B9-4AEE-AE48-BEC9BE6E9CBD}",NA,NA,NA,NA,2013-01-17 23:09:29,NA,8897.99,36.01,"WA","S","TF","170701020405",0,0,"{AE16F863-E29C-11E2-8094-0021280458E6}",74,74,"Columbia CD",2261472697.5,"Southeast",2261472697.49992,"Southeast",242550.867209,242550.867208701
"645",43,"Wilson Creek-Touchet River",37,"Other Hay/Non Alfalfa",7,1.556758,"Columbia","170701020403",4476.68195682743,"huc12","{3D7FB703-28B9-4AEE-AE48-BEC9BE6E9CBD}",NA,NA,NA,NA,2013-01-17 23:09:29,NA,8897.99,36.01,"WA","S","TF","170701020405",0,0,"{AE16F863-E29C-11E2-8094-0021280458E6}",74,74,"Columbia CD",2261472697.5,"Southeast",2261472697.49992,"Southeast",242550.867209,242550.867208701
"646",43,"Wilson Creek-Touchet River",42,"Dry Beans",290,64.49426,"Columbia","170701020403",4476.68195682743,"huc12","{3D7FB703-28B9-4AEE-AE48-BEC9BE6E9CBD}",NA,NA,NA,NA,2013-01-17 23:09:29,NA,8897.99,36.01,"WA","S","TF","170701020405",0,0,"{AE16F863-E29C-11E2-8094-0021280458E6}",74,74,"Columbia CD",2261472697.5,"Southeast",2261472697.49992,"Southeast",242550.867209,242550.867208701
"647",43,"Wilson Creek-Touchet River",44,"Other Crops",1,0.222394,"Columbia","170701020403",4476.68195682743,"huc12","{3D7FB703-28B9-4AEE-AE48-BEC9BE6E9CBD}",NA,NA,NA,NA,2013-01-17 23:09:29,NA,8897.99,36.01,"WA","S","TF","170701020405",0,0,"{AE16F863-E29C-11E2-8094-0021280458E6}",74,74,"Columbia CD",2261472697.5,"Southeast",2261472697.49992,"Southeast",242550.867209,242550.867208701
"648",43,"Wilson Creek-Touchet River",53,"Peas",3832,852.213808,"Columbia","170701020403",4476.68195682743,"huc12","{3D7FB703-28B9-4AEE-AE48-BEC9BE6E9CBD}",NA,NA,NA,NA,2013-01-17 23:09:29,NA,8897.99,36.01,"WA","S","TF","170701020405",0,0,"{AE16F863-E29C-11E2-8094-0021280458E6}",74,74,"Columbia CD",2261472697.5,"Southeast",2261472697.49992,"Southeast",242550.867209,242550.867208701
"649",43,"Wilson Creek-Touchet River",61,"Fallow/Idle Cropland",2280,507.05832,"Columbia","170701020403",4476.68195682743,"huc12","{3D7FB703-28B9-4AEE-AE48-BEC9BE6E9CBD}",NA,NA,NA,NA,2013-01-17 23:09:29,NA,8897.99,36.01,"WA","S","TF","170701020405",0,0,"{AE16F863-E29C-11E2-8094-0021280458E6}",74,74,"Columbia CD",2261472697.5,"Southeast",2261472697.49992,"Southeast",242550.867209,242550.867208701
"650",43,"Wilson Creek-Touchet River",69,"Grapes",46,10.230124,"Columbia","170701020403",4476.68195682743,"huc12","{3D7FB703-28B9-4AEE-AE48-BEC9BE6E9CBD}",NA,NA,NA,NA,2013-01-17 23:09:29,NA,8897.99,36.01,"WA","S","TF","170701020405",0,0,"{AE16F863-E29C-11E2-8094-0021280458E6}",74,74,"Columbia CD",2261472697.5,"Southeast",2261472697.49992,"Southeast",242550.867209,242550.867208701
"651",43,"Wilson Creek-Touchet River",121,"Developed/Open Space",355,78.94987,"Columbia","170701020403",4476.68195682743,"huc12","{3D7FB703-28B9-4AEE-AE48-BEC9BE6E9CBD}",NA,NA,NA,NA,2013-01-17 23:09:29,NA,8897.99,36.01,"WA","S","TF","170701020405",0,0,"{AE16F863-E29C-11E2-8094-0021280458E6}",74,74,"Columbia CD",2261472697.5,"Southeast",2261472697.49992,"Southeast",242550.867209,242550.867208701
"652",43,"Wilson Creek-Touchet River",122,"Developed/Low Intensity",4,0.889576,"Columbia","170701020403",4476.68195682743,"huc12","{3D7FB703-28B9-4AEE-AE48-BEC9BE6E9CBD}",NA,NA,NA,NA,2013-01-17 23:09:29,NA,8897.99,36.01,"WA","S","TF","170701020405",0,0,"{AE16F863-E29C-11E2-8094-0021280458E6}",74,74,"Columbia CD",2261472697.5,"Southeast",2261472697.49992,"Southeast",242550.867209,242550.867208701
"653",43,"Wilson Creek-Touchet River",142,"Evergreen Forest",16,3.558304,"Columbia","170701020403",4476.68195682743,"huc12","{3D7FB703-28B9-4AEE-AE48-BEC9BE6E9CBD}",NA,NA,NA,NA,2013-01-17 23:09:29,NA,8897.99,36.01,"WA","S","TF","170701020405",0,0,"{AE16F863-E29C-11E2-8094-0021280458E6}",74,74,"Columbia CD",2261472697.5,"Southeast",2261472697.49992,"Southeast",242550.867209,242550.867208701
"654",43,"Wilson Creek-Touchet River",152,"Shrubland",131,29.133614,"Columbia","170701020403",4476.68195682743,"huc12","{3D7FB703-28B9-4AEE-AE48-BEC9BE6E9CBD}",NA,NA,NA,NA,2013-01-17 23:09:29,NA,8897.99,36.01,"WA","S","TF","170701020405",0,0,"{AE16F863-E29C-11E2-8094-0021280458E6}",74,74,"Columbia CD",2261472697.5,"Southeast",2261472697.49992,"Southeast",242550.867209,242550.867208701
"655",43,"Wilson Creek-Touchet River",176,"Grassland/Pasture",3336,741.906384,"Columbia","170701020403",4476.68195682743,"huc12","{3D7FB703-28B9-4AEE-AE48-BEC9BE6E9CBD}",NA,NA,NA,NA,2013-01-17 23:09:29,NA,8897.99,36.01,"WA","S","TF","170701020405",0,0,"{AE16F863-E29C-11E2-8094-0021280458E6}",74,74,"Columbia CD",2261472697.5,"Southeast",2261472697.49992,"Southeast",242550.867209,242550.867208701
"656",43,"Wilson Creek-Touchet River",195,"Herbaceous Wetlands",2,0.444788,"Columbia","170701020403",4476.68195682743,"huc12","{3D7FB703-28B9-4AEE-AE48-BEC9BE6E9CBD}",NA,NA,NA,NA,2013-01-17 23:09:29,NA,8897.99,36.01,"WA","S","TF","170701020405",0,0,"{AE16F863-E29C-11E2-8094-0021280458E6}",74,74,"Columbia CD",2261472697.5,"Southeast",2261472697.49992,"Southeast",242550.867209,242550.867208701
"657",44,"Coppei Creek",24,"Winter Wheat",417,92.738298,"Columbia","170701020404",629.496840684014,"huc12","{D419A186-55AB-4795-B32A-5CB7C1A11B5C}",NA,NA,NA,NA,2013-01-17 23:09:29,NA,23322.92,94.38,"WA","S","GC","170701020405",0,0,"{AE171763-E29C-11E2-8094-0021280458E6}",74,74,"Columbia CD",2261472697.5,"Southeast",2261472697.49992,"Southeast",242550.867209,242550.867208701
"658",44,"Coppei Creek",37,"Other Hay/Non Alfalfa",2,0.444788,"Columbia","170701020404",629.496840684014,"huc12","{D419A186-55AB-4795-B32A-5CB7C1A11B5C}",NA,NA,NA,NA,2013-01-17 23:09:29,NA,23322.92,94.38,"WA","S","GC","170701020405",0,0,"{AE171763-E29C-11E2-8094-0021280458E6}",74,74,"Columbia CD",2261472697.5,"Southeast",2261472697.49992,"Southeast",242550.867209,242550.867208701
"659",44,"Coppei Creek",53,"Peas",176,39.141344,"Columbia","170701020404",629.496840684014,"huc12","{D419A186-55AB-4795-B32A-5CB7C1A11B5C}",NA,NA,NA,NA,2013-01-17 23:09:29,NA,23322.92,94.38,"WA","S","GC","170701020405",0,0,"{AE171763-E29C-11E2-8094-0021280458E6}",74,74,"Columbia CD",2261472697.5,"Southeast",2261472697.49992,"Southeast",242550.867209,242550.867208701
"660",44,"Coppei Creek",121,"Developed/Open Space",94,20.905036,"Columbia","170701020404",629.496840684014,"huc12","{D419A186-55AB-4795-B32A-5CB7C1A11B5C}",NA,NA,NA,NA,2013-01-17 23:09:29,NA,23322.92,94.38,"WA","S","GC","170701020405",0,0,"{AE171763-E29C-11E2-8094-0021280458E6}",74,74,"Columbia CD",2261472697.5,"Southeast",2261472697.49992,"Southeast",242550.867209,242550.867208701
"661",44,"Coppei Creek",122,"Developed/Low Intensity",37,8.228578,"Columbia","170701020404",629.496840684014,"huc12","{D419A186-55AB-4795-B32A-5CB7C1A11B5C}",NA,NA,NA,NA,2013-01-17 23:09:29,NA,23322.92,94.38,"WA","S","GC","170701020405",0,0,"{AE171763-E29C-11E2-8094-0021280458E6}",74,74,"Columbia CD",2261472697.5,"Southeast",2261472697.49992,"Southeast",242550.867209,242550.867208701
"662",44,"Coppei Creek",142,"Evergreen Forest",1843,409.872142,"Columbia","170701020404",629.496840684014,"huc12","{D419A186-55AB-4795-B32A-5CB7C1A11B5C}",NA,NA,NA,NA,2013-01-17 23:09:29,NA,23322.92,94.38,"WA","S","GC","170701020405",0,0,"{AE171763-E29C-11E2-8094-0021280458E6}",74,74,"Columbia CD",2261472697.5,"Southeast",2261472697.49992,"Southeast",242550.867209,242550.867208701
"663",44,"Coppei Creek",152,"Shrubland",67,14.900398,"Columbia","170701020404",629.496840684014,"huc12","{D419A186-55AB-4795-B32A-5CB7C1A11B5C}",NA,NA,NA,NA,2013-01-17 23:09:29,NA,23322.92,94.38,"WA","S","GC","170701020405",0,0,"{AE171763-E29C-11E2-8094-0021280458E6}",74,74,"Columbia CD",2261472697.5,"Southeast",2261472697.49992,"Southeast",242550.867209,242550.867208701
"664",44,"Coppei Creek",176,"Grassland/Pasture",188,41.810072,"Columbia","170701020404",629.496840684014,"huc12","{D419A186-55AB-4795-B32A-5CB7C1A11B5C}",NA,NA,NA,NA,2013-01-17 23:09:29,NA,23322.92,94.38,"WA","S","GC","170701020405",0,0,"{AE171763-E29C-11E2-8094-0021280458E6}",74,74,"Columbia CD",2261472697.5,"Southeast",2261472697.49992,"Southeast",242550.867209,242550.867208701
"665",45,"Town of Prescott-Touchet River",23,"Spring Wheat",244,54.264136,"Columbia","170701020405",478.571367607031,"huc12","{3256ED01-E0BB-4978-8ADF-9163880C2CD5}",NA,NA,NA,NA,2013-01-17 23:09:29,NA,16924.22,68.49,"WA","S","NM","170701021001",0,0,"{AE172EEB-E29C-11E2-8094-0021280458E6}",74,74,"Columbia CD",2261472697.5,"Southeast",2261472697.49992,"Southeast",242550.867209,242550.867208701
"666",45,"Town of Prescott-Touchet River",24,"Winter Wheat",1095,243.52143,"Columbia","170701020405",478.571367607031,"huc12","{3256ED01-E0BB-4978-8ADF-9163880C2CD5}",NA,NA,NA,NA,2013-01-17 23:09:29,NA,16924.22,68.49,"WA","S","NM","170701021001",0,0,"{AE172EEB-E29C-11E2-8094-0021280458E6}",74,74,"Columbia CD",2261472697.5,"Southeast",2261472697.49992,"Southeast",242550.867209,242550.867208701
"667",45,"Town of Prescott-Touchet River",53,"Peas",4,0.889576,"Columbia","170701020405",478.571367607031,"huc12","{3256ED01-E0BB-4978-8ADF-9163880C2CD5}",NA,NA,NA,NA,2013-01-17 23:09:29,NA,16924.22,68.49,"WA","S","NM","170701021001",0,0,"{AE172EEB-E29C-11E2-8094-0021280458E6}",74,74,"Columbia CD",2261472697.5,"Southeast",2261472697.49992,"Southeast",242550.867209,242550.867208701
"668",45,"Town of Prescott-Touchet River",61,"Fallow/Idle Cropland",808,179.694352,"Columbia","170701020405",478.571367607031,"huc12","{3256ED01-E0BB-4978-8ADF-9163880C2CD5}",NA,NA,NA,NA,2013-01-17 23:09:29,NA,16924.22,68.49,"WA","S","NM","170701021001",0,0,"{AE172EEB-E29C-11E2-8094-0021280458E6}",74,74,"Columbia CD",2261472697.5,"Southeast",2261472697.49992,"Southeast",242550.867209,242550.867208701
"669",45,"Town of Prescott-Touchet River",152,"Shrubland",1,0.222394,"Columbia","170701020405",478.571367607031,"huc12","{3256ED01-E0BB-4978-8ADF-9163880C2CD5}",NA,NA,NA,NA,2013-01-17 23:09:29,NA,16924.22,68.49,"WA","S","NM","170701021001",0,0,"{AE172EEB-E29C-11E2-8094-0021280458E6}",74,74,"Columbia CD",2261472697.5,"Southeast",2261472697.49992,"Southeast",242550.867209,242550.867208701
"670",45,"Town of Prescott-Touchet River",176,"Grassland/Pasture",2,0.444788,"Columbia","170701020405",478.571367607031,"huc12","{3256ED01-E0BB-4978-8ADF-9163880C2CD5}",NA,NA,NA,NA,2013-01-17 23:09:29,NA,16924.22,68.49,"WA","S","NM","170701021001",0,0,"{AE172EEB-E29C-11E2-8094-0021280458E6}",74,74,"Columbia CD",2261472697.5,"Southeast",2261472697.49992,"Southeast",242550.867209,242550.867208701
"671",46,"Upper Whetstone Hollow",21,"Barley",6899,1534.296206,"Columbia","170701020501",28609.7359540387,"huc12","{95A83BE5-B374-46D4-A018-7A3C33BDEE75}",NA,NA,NA,NA,2013-01-17 23:09:29,NA,28809.48,116.59,"WA","S","NM","170701020504",0,0,"{AE174DD3-E29C-11E2-8094-0021280458E6}",74,74,"Columbia CD",2261472697.5,"Southeast",2261472697.49992,"Southeast",242550.867209,242550.867208701
"672",46,"Upper Whetstone Hollow",23,"Spring Wheat",21798,4847.744412,"Columbia","170701020501",28609.7359540387,"huc12","{95A83BE5-B374-46D4-A018-7A3C33BDEE75}",NA,NA,NA,NA,2013-01-17 23:09:29,NA,28809.48,116.59,"WA","S","NM","170701020504",0,0,"{AE174DD3-E29C-11E2-8094-0021280458E6}",74,74,"Columbia CD",2261472697.5,"Southeast",2261472697.49992,"Southeast",242550.867209,242550.867208701
"673",46,"Upper Whetstone Hollow",24,"Winter Wheat",49742,11062.322348,"Columbia","170701020501",28609.7359540387,"huc12","{95A83BE5-B374-46D4-A018-7A3C33BDEE75}",NA,NA,NA,NA,2013-01-17 23:09:29,NA,28809.48,116.59,"WA","S","NM","170701020504",0,0,"{AE174DD3-E29C-11E2-8094-0021280458E6}",74,74,"Columbia CD",2261472697.5,"Southeast",2261472697.49992,"Southeast",242550.867209,242550.867208701
"674",46,"Upper Whetstone Hollow",31,"Canola",145,32.24713,"Columbia","170701020501",28609.7359540387,"huc12","{95A83BE5-B374-46D4-A018-7A3C33BDEE75}",NA,NA,NA,NA,2013-01-17 23:09:29,NA,28809.48,116.59,"WA","S","NM","170701020504",0,0,"{AE174DD3-E29C-11E2-8094-0021280458E6}",74,74,"Columbia CD",2261472697.5,"Southeast",2261472697.49992,"Southeast",242550.867209,242550.867208701
"675",46,"Upper Whetstone Hollow",35,"Mustard",12,2.668728,"Columbia","170701020501",28609.7359540387,"huc12","{95A83BE5-B374-46D4-A018-7A3C33BDEE75}",NA,NA,NA,NA,2013-01-17 23:09:29,NA,28809.48,116.59,"WA","S","NM","170701020504",0,0,"{AE174DD3-E29C-11E2-8094-0021280458E6}",74,74,"Columbia CD",2261472697.5,"Southeast",2261472697.49992,"Southeast",242550.867209,242550.867208701
"676",46,"Upper Whetstone Hollow",36,"Alfalfa",1042,231.734548,"Columbia","170701020501",28609.7359540387,"huc12","{95A83BE5-B374-46D4-A018-7A3C33BDEE75}",NA,NA,NA,NA,2013-01-17 23:09:29,NA,28809.48,116.59,"WA","S","NM","170701020504",0,0,"{AE174DD3-E29C-11E2-8094-0021280458E6}",74,74,"Columbia CD",2261472697.5,"Southeast",2261472697.49992,"Southeast",242550.867209,242550.867208701
"677",46,"Upper Whetstone Hollow",37,"Other Hay/Non Alfalfa",202,44.923588,"Columbia","170701020501",28609.7359540387,"huc12","{95A83BE5-B374-46D4-A018-7A3C33BDEE75}",NA,NA,NA,NA,2013-01-17 23:09:29,NA,28809.48,116.59,"WA","S","NM","170701020504",0,0,"{AE174DD3-E29C-11E2-8094-0021280458E6}",74,74,"Columbia CD",2261472697.5,"Southeast",2261472697.49992,"Southeast",242550.867209,242550.867208701
"678",46,"Upper Whetstone Hollow",42,"Dry Beans",1828,406.536232,"Columbia","170701020501",28609.7359540387,"huc12","{95A83BE5-B374-46D4-A018-7A3C33BDEE75}",NA,NA,NA,NA,2013-01-17 23:09:29,NA,28809.48,116.59,"WA","S","NM","170701020504",0,0,"{AE174DD3-E29C-11E2-8094-0021280458E6}",74,74,"Columbia CD",2261472697.5,"Southeast",2261472697.49992,"Southeast",242550.867209,242550.867208701
"679",46,"Upper Whetstone Hollow",52,"Lentils",43,9.562942,"Columbia","170701020501",28609.7359540387,"huc12","{95A83BE5-B374-46D4-A018-7A3C33BDEE75}",NA,NA,NA,NA,2013-01-17 23:09:29,NA,28809.48,116.59,"WA","S","NM","170701020504",0,0,"{AE174DD3-E29C-11E2-8094-0021280458E6}",74,74,"Columbia CD",2261472697.5,"Southeast",2261472697.49992,"Southeast",242550.867209,242550.867208701
"680",46,"Upper Whetstone Hollow",53,"Peas",12947,2879.335118,"Columbia","170701020501",28609.7359540387,"huc12","{95A83BE5-B374-46D4-A018-7A3C33BDEE75}",NA,NA,NA,NA,2013-01-17 23:09:29,NA,28809.48,116.59,"WA","S","NM","170701020504",0,0,"{AE174DD3-E29C-11E2-8094-0021280458E6}",74,74,"Columbia CD",2261472697.5,"Southeast",2261472697.49992,"Southeast",242550.867209,242550.867208701
"681",46,"Upper Whetstone Hollow",59,"Sod/Grass Seed",1,0.222394,"Columbia","170701020501",28609.7359540387,"huc12","{95A83BE5-B374-46D4-A018-7A3C33BDEE75}",NA,NA,NA,NA,2013-01-17 23:09:29,NA,28809.48,116.59,"WA","S","NM","170701020504",0,0,"{AE174DD3-E29C-11E2-8094-0021280458E6}",74,74,"Columbia CD",2261472697.5,"Southeast",2261472697.49992,"Southeast",242550.867209,242550.867208701
"682",46,"Upper Whetstone Hollow",61,"Fallow/Idle Cropland",11493,2555.974242,"Columbia","170701020501",28609.7359540387,"huc12","{95A83BE5-B374-46D4-A018-7A3C33BDEE75}",NA,NA,NA,NA,2013-01-17 23:09:29,NA,28809.48,116.59,"WA","S","NM","170701020504",0,0,"{AE174DD3-E29C-11E2-8094-0021280458E6}",74,74,"Columbia CD",2261472697.5,"Southeast",2261472697.49992,"Southeast",242550.867209,242550.867208701
"683",46,"Upper Whetstone Hollow",69,"Grapes",2,0.444788,"Columbia","170701020501",28609.7359540387,"huc12","{95A83BE5-B374-46D4-A018-7A3C33BDEE75}",NA,NA,NA,NA,2013-01-17 23:09:29,NA,28809.48,116.59,"WA","S","NM","170701020504",0,0,"{AE174DD3-E29C-11E2-8094-0021280458E6}",74,74,"Columbia CD",2261472697.5,"Southeast",2261472697.49992,"Southeast",242550.867209,242550.867208701
"684",46,"Upper Whetstone Hollow",121,"Developed/Open Space",2488,553.316272,"Columbia","170701020501",28609.7359540387,"huc12","{95A83BE5-B374-46D4-A018-7A3C33BDEE75}",NA,NA,NA,NA,2013-01-17 23:09:29,NA,28809.48,116.59,"WA","S","NM","170701020504",0,0,"{AE174DD3-E29C-11E2-8094-0021280458E6}",74,74,"Columbia CD",2261472697.5,"Southeast",2261472697.49992,"Southeast",242550.867209,242550.867208701
"685",46,"Upper Whetstone Hollow",122,"Developed/Low Intensity",139,30.912766,"Columbia","170701020501",28609.7359540387,"huc12","{95A83BE5-B374-46D4-A018-7A3C33BDEE75}",NA,NA,NA,NA,2013-01-17 23:09:29,NA,28809.48,116.59,"WA","S","NM","170701020504",0,0,"{AE174DD3-E29C-11E2-8094-0021280458E6}",74,74,"Columbia CD",2261472697.5,"Southeast",2261472697.49992,"Southeast",242550.867209,242550.867208701
"686",46,"Upper Whetstone Hollow",123,"Developed/Med Intensity",4,0.889576,"Columbia","170701020501",28609.7359540387,"huc12","{95A83BE5-B374-46D4-A018-7A3C33BDEE75}",NA,NA,NA,NA,2013-01-17 23:09:29,NA,28809.48,116.59,"WA","S","NM","170701020504",0,0,"{AE174DD3-E29C-11E2-8094-0021280458E6}",74,74,"Columbia CD",2261472697.5,"Southeast",2261472697.49992,"Southeast",242550.867209,242550.867208701
"687",46,"Upper Whetstone Hollow",141,"Deciduous Forest",9,2.001546,"Columbia","170701020501",28609.7359540387,"huc12","{95A83BE5-B374-46D4-A018-7A3C33BDEE75}",NA,NA,NA,NA,2013-01-17 23:09:29,NA,28809.48,116.59,"WA","S","NM","170701020504",0,0,"{AE174DD3-E29C-11E2-8094-0021280458E6}",74,74,"Columbia CD",2261472697.5,"Southeast",2261472697.49992,"Southeast",242550.867209,242550.867208701
"688",46,"Upper Whetstone Hollow",142,"Evergreen Forest",607,134.993158,"Columbia","170701020501",28609.7359540387,"huc12","{95A83BE5-B374-46D4-A018-7A3C33BDEE75}",NA,NA,NA,NA,2013-01-17 23:09:29,NA,28809.48,116.59,"WA","S","NM","170701020504",0,0,"{AE174DD3-E29C-11E2-8094-0021280458E6}",74,74,"Columbia CD",2261472697.5,"Southeast",2261472697.49992,"Southeast",242550.867209,242550.867208701
"689",46,"Upper Whetstone Hollow",143,"Mixed Forest",74,16.457156,"Columbia","170701020501",28609.7359540387,"huc12","{95A83BE5-B374-46D4-A018-7A3C33BDEE75}",NA,NA,NA,NA,2013-01-17 23:09:29,NA,28809.48,116.59,"WA","S","NM","170701020504",0,0,"{AE174DD3-E29C-11E2-8094-0021280458E6}",74,74,"Columbia CD",2261472697.5,"Southeast",2261472697.49992,"Southeast",242550.867209,242550.867208701
"690",46,"Upper Whetstone Hollow",152,"Shrubland",1268,281.995592,"Columbia","170701020501",28609.7359540387,"huc12","{95A83BE5-B374-46D4-A018-7A3C33BDEE75}",NA,NA,NA,NA,2013-01-17 23:09:29,NA,28809.48,116.59,"WA","S","NM","170701020504",0,0,"{AE174DD3-E29C-11E2-8094-0021280458E6}",74,74,"Columbia CD",2261472697.5,"Southeast",2261472697.49992,"Southeast",242550.867209,242550.867208701
"691",46,"Upper Whetstone Hollow",176,"Grassland/Pasture",17873,3974.847962,"Columbia","170701020501",28609.7359540387,"huc12","{95A83BE5-B374-46D4-A018-7A3C33BDEE75}",NA,NA,NA,NA,2013-01-17 23:09:29,NA,28809.48,116.59,"WA","S","NM","170701020504",0,0,"{AE174DD3-E29C-11E2-8094-0021280458E6}",74,74,"Columbia CD",2261472697.5,"Southeast",2261472697.49992,"Southeast",242550.867209,242550.867208701
"692",46,"Upper Whetstone Hollow",190,"Woody Wetlands",1,0.222394,"Columbia","170701020501",28609.7359540387,"huc12","{95A83BE5-B374-46D4-A018-7A3C33BDEE75}",NA,NA,NA,NA,2013-01-17 23:09:29,NA,28809.48,116.59,"WA","S","NM","170701020504",0,0,"{AE174DD3-E29C-11E2-8094-0021280458E6}",74,74,"Columbia CD",2261472697.5,"Southeast",2261472697.49992,"Southeast",242550.867209,242550.867208701
"693",46,"Upper Whetstone Hollow",195,"Herbaceous Wetlands",41,9.118154,"Columbia","170701020501",28609.7359540387,"huc12","{95A83BE5-B374-46D4-A018-7A3C33BDEE75}",NA,NA,NA,NA,2013-01-17 23:09:29,NA,28809.48,116.59,"WA","S","NM","170701020504",0,0,"{AE174DD3-E29C-11E2-8094-0021280458E6}",74,74,"Columbia CD",2261472697.5,"Southeast",2261472697.49992,"Southeast",242550.867209,242550.867208701
"694",47,"McKay Creek",21,"Barley",21,4.670274,"Columbia","170701020502",10922.9538508528,"huc12","{985BD772-9E39-4A24-A843-C5F4CB4F7CD0}",NA,NA,NA,NA,2013-01-17 23:09:29,NA,10923.02,44.2,"WA","S","NM","170701020504",0,0,"{AE176540-E29C-11E2-8094-0021280458E6}",74,74,"Columbia CD",2261472697.5,"Southeast",2261472697.49992,"Southeast",242550.867209,242550.867208701
"695",47,"McKay Creek",23,"Spring Wheat",7375,1640.15575,"Columbia","170701020502",10922.9538508528,"huc12","{985BD772-9E39-4A24-A843-C5F4CB4F7CD0}",NA,NA,NA,NA,2013-01-17 23:09:29,NA,10923.02,44.2,"WA","S","NM","170701020504",0,0,"{AE176540-E29C-11E2-8094-0021280458E6}",74,74,"Columbia CD",2261472697.5,"Southeast",2261472697.49992,"Southeast",242550.867209,242550.867208701
"696",47,"McKay Creek",24,"Winter Wheat",21203,4715.419982,"Columbia","170701020502",10922.9538508528,"huc12","{985BD772-9E39-4A24-A843-C5F4CB4F7CD0}",NA,NA,NA,NA,2013-01-17 23:09:29,NA,10923.02,44.2,"WA","S","NM","170701020504",0,0,"{AE176540-E29C-11E2-8094-0021280458E6}",74,74,"Columbia CD",2261472697.5,"Southeast",2261472697.49992,"Southeast",242550.867209,242550.867208701
"697",47,"McKay Creek",36,"Alfalfa",7,1.556758,"Columbia","170701020502",10922.9538508528,"huc12","{985BD772-9E39-4A24-A843-C5F4CB4F7CD0}",NA,NA,NA,NA,2013-01-17 23:09:29,NA,10923.02,44.2,"WA","S","NM","170701020504",0,0,"{AE176540-E29C-11E2-8094-0021280458E6}",74,74,"Columbia CD",2261472697.5,"Southeast",2261472697.49992,"Southeast",242550.867209,242550.867208701
"698",47,"McKay Creek",37,"Other Hay/Non Alfalfa",8,1.779152,"Columbia","170701020502",10922.9538508528,"huc12","{985BD772-9E39-4A24-A843-C5F4CB4F7CD0}",NA,NA,NA,NA,2013-01-17 23:09:29,NA,10923.02,44.2,"WA","S","NM","170701020504",0,0,"{AE176540-E29C-11E2-8094-0021280458E6}",74,74,"Columbia CD",2261472697.5,"Southeast",2261472697.49992,"Southeast",242550.867209,242550.867208701
"699",47,"McKay Creek",42,"Dry Beans",78,17.346732,"Columbia","170701020502",10922.9538508528,"huc12","{985BD772-9E39-4A24-A843-C5F4CB4F7CD0}",NA,NA,NA,NA,2013-01-17 23:09:29,NA,10923.02,44.2,"WA","S","NM","170701020504",0,0,"{AE176540-E29C-11E2-8094-0021280458E6}",74,74,"Columbia CD",2261472697.5,"Southeast",2261472697.49992,"Southeast",242550.867209,242550.867208701
"700",47,"McKay Creek",52,"Lentils",1,0.222394,"Columbia","170701020502",10922.9538508528,"huc12","{985BD772-9E39-4A24-A843-C5F4CB4F7CD0}",NA,NA,NA,NA,2013-01-17 23:09:29,NA,10923.02,44.2,"WA","S","NM","170701020504",0,0,"{AE176540-E29C-11E2-8094-0021280458E6}",74,74,"Columbia CD",2261472697.5,"Southeast",2261472697.49992,"Southeast",242550.867209,242550.867208701
"701",47,"McKay Creek",53,"Peas",1725,383.62965,"Columbia","170701020502",10922.9538508528,"huc12","{985BD772-9E39-4A24-A843-C5F4CB4F7CD0}",NA,NA,NA,NA,2013-01-17 23:09:29,NA,10923.02,44.2,"WA","S","NM","170701020504",0,0,"{AE176540-E29C-11E2-8094-0021280458E6}",74,74,"Columbia CD",2261472697.5,"Southeast",2261472697.49992,"Southeast",242550.867209,242550.867208701
"702",47,"McKay Creek",61,"Fallow/Idle Cropland",4420,982.98148,"Columbia","170701020502",10922.9538508528,"huc12","{985BD772-9E39-4A24-A843-C5F4CB4F7CD0}",NA,NA,NA,NA,2013-01-17 23:09:29,NA,10923.02,44.2,"WA","S","NM","170701020504",0,0,"{AE176540-E29C-11E2-8094-0021280458E6}",74,74,"Columbia CD",2261472697.5,"Southeast",2261472697.49992,"Southeast",242550.867209,242550.867208701
"703",47,"McKay Creek",69,"Grapes",3,0.667182,"Columbia","170701020502",10922.9538508528,"huc12","{985BD772-9E39-4A24-A843-C5F4CB4F7CD0}",NA,NA,NA,NA,2013-01-17 23:09:29,NA,10923.02,44.2,"WA","S","NM","170701020504",0,0,"{AE176540-E29C-11E2-8094-0021280458E6}",74,74,"Columbia CD",2261472697.5,"Southeast",2261472697.49992,"Southeast",242550.867209,242550.867208701
"704",47,"McKay Creek",121,"Developed/Open Space",750,166.7955,"Columbia","170701020502",10922.9538508528,"huc12","{985BD772-9E39-4A24-A843-C5F4CB4F7CD0}",NA,NA,NA,NA,2013-01-17 23:09:29,NA,10923.02,44.2,"WA","S","NM","170701020504",0,0,"{AE176540-E29C-11E2-8094-0021280458E6}",74,74,"Columbia CD",2261472697.5,"Southeast",2261472697.49992,"Southeast",242550.867209,242550.867208701
"705",47,"McKay Creek",122,"Developed/Low Intensity",35,7.78379,"Columbia","170701020502",10922.9538508528,"huc12","{985BD772-9E39-4A24-A843-C5F4CB4F7CD0}",NA,NA,NA,NA,2013-01-17 23:09:29,NA,10923.02,44.2,"WA","S","NM","170701020504",0,0,"{AE176540-E29C-11E2-8094-0021280458E6}",74,74,"Columbia CD",2261472697.5,"Southeast",2261472697.49992,"Southeast",242550.867209,242550.867208701
"706",47,"McKay Creek",141,"Deciduous Forest",37,8.228578,"Columbia","170701020502",10922.9538508528,"huc12","{985BD772-9E39-4A24-A843-C5F4CB4F7CD0}",NA,NA,NA,NA,2013-01-17 23:09:29,NA,10923.02,44.2,"WA","S","NM","170701020504",0,0,"{AE176540-E29C-11E2-8094-0021280458E6}",74,74,"Columbia CD",2261472697.5,"Southeast",2261472697.49992,"Southeast",242550.867209,242550.867208701
"707",47,"McKay Creek",142,"Evergreen Forest",259,57.600046,"Columbia","170701020502",10922.9538508528,"huc12","{985BD772-9E39-4A24-A843-C5F4CB4F7CD0}",NA,NA,NA,NA,2013-01-17 23:09:29,NA,10923.02,44.2,"WA","S","NM","170701020504",0,0,"{AE176540-E29C-11E2-8094-0021280458E6}",74,74,"Columbia CD",2261472697.5,"Southeast",2261472697.49992,"Southeast",242550.867209,242550.867208701
"708",47,"McKay Creek",143,"Mixed Forest",169,37.584586,"Columbia","170701020502",10922.9538508528,"huc12","{985BD772-9E39-4A24-A843-C5F4CB4F7CD0}",NA,NA,NA,NA,2013-01-17 23:09:29,NA,10923.02,44.2,"WA","S","NM","170701020504",0,0,"{AE176540-E29C-11E2-8094-0021280458E6}",74,74,"Columbia CD",2261472697.5,"Southeast",2261472697.49992,"Southeast",242550.867209,242550.867208701
"709",47,"McKay Creek",152,"Shrubland",491,109.195454,"Columbia","170701020502",10922.9538508528,"huc12","{985BD772-9E39-4A24-A843-C5F4CB4F7CD0}",NA,NA,NA,NA,2013-01-17 23:09:29,NA,10923.02,44.2,"WA","S","NM","170701020504",0,0,"{AE176540-E29C-11E2-8094-0021280458E6}",74,74,"Columbia CD",2261472697.5,"Southeast",2261472697.49992,"Southeast",242550.867209,242550.867208701
"710",47,"McKay Creek",176,"Grassland/Pasture",12498,2779.480212,"Columbia","170701020502",10922.9538508528,"huc12","{985BD772-9E39-4A24-A843-C5F4CB4F7CD0}",NA,NA,NA,NA,2013-01-17 23:09:29,NA,10923.02,44.2,"WA","S","NM","170701020504",0,0,"{AE176540-E29C-11E2-8094-0021280458E6}",74,74,"Columbia CD",2261472697.5,"Southeast",2261472697.49992,"Southeast",242550.867209,242550.867208701
"711",47,"McKay Creek",190,"Woody Wetlands",8,1.779152,"Columbia","170701020502",10922.9538508528,"huc12","{985BD772-9E39-4A24-A843-C5F4CB4F7CD0}",NA,NA,NA,NA,2013-01-17 23:09:29,NA,10923.02,44.2,"WA","S","NM","170701020504",0,0,"{AE176540-E29C-11E2-8094-0021280458E6}",74,74,"Columbia CD",2261472697.5,"Southeast",2261472697.49992,"Southeast",242550.867209,242550.867208701
"712",47,"McKay Creek",195,"Herbaceous Wetlands",25,5.55985,"Columbia","170701020502",10922.9538508528,"huc12","{985BD772-9E39-4A24-A843-C5F4CB4F7CD0}",NA,NA,NA,NA,2013-01-17 23:09:29,NA,10923.02,44.2,"WA","S","NM","170701020504",0,0,"{AE176540-E29C-11E2-8094-0021280458E6}",74,74,"Columbia CD",2261472697.5,"Southeast",2261472697.49992,"Southeast",242550.867209,242550.867208701
"713",48,"Colville Springs",23,"Spring Wheat",2624,583.561856,"Columbia","170701020503",5351.83662795032,"huc12","{9B53817A-C7A0-457C-8D9B-D5FBC3A28983}",NA,NA,NA,NA,2013-01-17 23:09:29,NA,10801.39,43.71,"WA","S","NM","170701020504",0,0,"{AE17843A-E29C-11E2-8094-0021280458E6}",74,74,"Columbia CD",2261472697.5,"Southeast",2261472697.49992,"Southeast",242550.867209,242550.867208701
"714",48,"Colville Springs",24,"Winter Wheat",9040,2010.44176,"Columbia","170701020503",5351.83662795032,"huc12","{9B53817A-C7A0-457C-8D9B-D5FBC3A28983}",NA,NA,NA,NA,2013-01-17 23:09:29,NA,10801.39,43.71,"WA","S","NM","170701020504",0,0,"{AE17843A-E29C-11E2-8094-0021280458E6}",74,74,"Columbia CD",2261472697.5,"Southeast",2261472697.49992,"Southeast",242550.867209,242550.867208701
"715",48,"Colville Springs",42,"Dry Beans",1,0.222394,"Columbia","170701020503",5351.83662795032,"huc12","{9B53817A-C7A0-457C-8D9B-D5FBC3A28983}",NA,NA,NA,NA,2013-01-17 23:09:29,NA,10801.39,43.71,"WA","S","NM","170701020504",0,0,"{AE17843A-E29C-11E2-8094-0021280458E6}",74,74,"Columbia CD",2261472697.5,"Southeast",2261472697.49992,"Southeast",242550.867209,242550.867208701
"716",48,"Colville Springs",53,"Peas",31,6.894214,"Columbia","170701020503",5351.83662795032,"huc12","{9B53817A-C7A0-457C-8D9B-D5FBC3A28983}",NA,NA,NA,NA,2013-01-17 23:09:29,NA,10801.39,43.71,"WA","S","NM","170701020504",0,0,"{AE17843A-E29C-11E2-8094-0021280458E6}",74,74,"Columbia CD",2261472697.5,"Southeast",2261472697.49992,"Southeast",242550.867209,242550.867208701
"717",48,"Colville Springs",61,"Fallow/Idle Cropland",6490,1443.33706,"Columbia","170701020503",5351.83662795032,"huc12","{9B53817A-C7A0-457C-8D9B-D5FBC3A28983}",NA,NA,NA,NA,2013-01-17 23:09:29,NA,10801.39,43.71,"WA","S","NM","170701020504",0,0,"{AE17843A-E29C-11E2-8094-0021280458E6}",74,74,"Columbia CD",2261472697.5,"Southeast",2261472697.49992,"Southeast",242550.867209,242550.867208701
"718",48,"Colville Springs",69,"Grapes",1,0.222394,"Columbia","170701020503",5351.83662795032,"huc12","{9B53817A-C7A0-457C-8D9B-D5FBC3A28983}",NA,NA,NA,NA,2013-01-17 23:09:29,NA,10801.39,43.71,"WA","S","NM","170701020504",0,0,"{AE17843A-E29C-11E2-8094-0021280458E6}",74,74,"Columbia CD",2261472697.5,"Southeast",2261472697.49992,"Southeast",242550.867209,242550.867208701
"719",48,"Colville Springs",121,"Developed/Open Space",403,89.624782,"Columbia","170701020503",5351.83662795032,"huc12","{9B53817A-C7A0-457C-8D9B-D5FBC3A28983}",NA,NA,NA,NA,2013-01-17 23:09:29,NA,10801.39,43.71,"WA","S","NM","170701020504",0,0,"{AE17843A-E29C-11E2-8094-0021280458E6}",74,74,"Columbia CD",2261472697.5,"Southeast",2261472697.49992,"Southeast",242550.867209,242550.867208701
"720",48,"Colville Springs",122,"Developed/Low Intensity",7,1.556758,"Columbia","170701020503",5351.83662795032,"huc12","{9B53817A-C7A0-457C-8D9B-D5FBC3A28983}",NA,NA,NA,NA,2013-01-17 23:09:29,NA,10801.39,43.71,"WA","S","NM","170701020504",0,0,"{AE17843A-E29C-11E2-8094-0021280458E6}",74,74,"Columbia CD",2261472697.5,"Southeast",2261472697.49992,"Southeast",242550.867209,242550.867208701
"721",48,"Colville Springs",123,"Developed/Med Intensity",2,0.444788,"Columbia","170701020503",5351.83662795032,"huc12","{9B53817A-C7A0-457C-8D9B-D5FBC3A28983}",NA,NA,NA,NA,2013-01-17 23:09:29,NA,10801.39,43.71,"WA","S","NM","170701020504",0,0,"{AE17843A-E29C-11E2-8094-0021280458E6}",74,74,"Columbia CD",2261472697.5,"Southeast",2261472697.49992,"Southeast",242550.867209,242550.867208701
"722",48,"Colville Springs",141,"Deciduous Forest",4,0.889576,"Columbia","170701020503",5351.83662795032,"huc12","{9B53817A-C7A0-457C-8D9B-D5FBC3A28983}",NA,NA,NA,NA,2013-01-17 23:09:29,NA,10801.39,43.71,"WA","S","NM","170701020504",0,0,"{AE17843A-E29C-11E2-8094-0021280458E6}",74,74,"Columbia CD",2261472697.5,"Southeast",2261472697.49992,"Southeast",242550.867209,242550.867208701
"723",48,"Colville Springs",142,"Evergreen Forest",41,9.118154,"Columbia","170701020503",5351.83662795032,"huc12","{9B53817A-C7A0-457C-8D9B-D5FBC3A28983}",NA,NA,NA,NA,2013-01-17 23:09:29,NA,10801.39,43.71,"WA","S","NM","170701020504",0,0,"{AE17843A-E29C-11E2-8094-0021280458E6}",74,74,"Columbia CD",2261472697.5,"Southeast",2261472697.49992,"Southeast",242550.867209,242550.867208701
"724",48,"Colville Springs",143,"Mixed Forest",1,0.222394,"Columbia","170701020503",5351.83662795032,"huc12","{9B53817A-C7A0-457C-8D9B-D5FBC3A28983}",NA,NA,NA,NA,2013-01-17 23:09:29,NA,10801.39,43.71,"WA","S","NM","170701020504",0,0,"{AE17843A-E29C-11E2-8094-0021280458E6}",74,74,"Columbia CD",2261472697.5,"Southeast",2261472697.49992,"Southeast",242550.867209,242550.867208701
"725",48,"Colville Springs",152,"Shrubland",346,76.948324,"Columbia","170701020503",5351.83662795032,"huc12","{9B53817A-C7A0-457C-8D9B-D5FBC3A28983}",NA,NA,NA,NA,2013-01-17 23:09:29,NA,10801.39,43.71,"WA","S","NM","170701020504",0,0,"{AE17843A-E29C-11E2-8094-0021280458E6}",74,74,"Columbia CD",2261472697.5,"Southeast",2261472697.49992,"Southeast",242550.867209,242550.867208701
"726",48,"Colville Springs",176,"Grassland/Pasture",5078,1129.316732,"Columbia","170701020503",5351.83662795032,"huc12","{9B53817A-C7A0-457C-8D9B-D5FBC3A28983}",NA,NA,NA,NA,2013-01-17 23:09:29,NA,10801.39,43.71,"WA","S","NM","170701020504",0,0,"{AE17843A-E29C-11E2-8094-0021280458E6}",74,74,"Columbia CD",2261472697.5,"Southeast",2261472697.49992,"Southeast",242550.867209,242550.867208701
"727",48,"Colville Springs",195,"Herbaceous Wetlands",3,0.667182,"Columbia","170701020503",5351.83662795032,"huc12","{9B53817A-C7A0-457C-8D9B-D5FBC3A28983}",NA,NA,NA,NA,2013-01-17 23:09:29,NA,10801.39,43.71,"WA","S","NM","170701020504",0,0,"{AE17843A-E29C-11E2-8094-0021280458E6}",74,74,"Columbia CD",2261472697.5,"Southeast",2261472697.49992,"Southeast",242550.867209,242550.867208701
"728",49,"Lower Whetstone Hollow",21,"Barley",4,0.889576,"Columbia","170701020504",9168.47981383764,"huc12","{E900970B-5935-4891-A9F8-02758D62D89A}",NA,NA,NA,NA,2013-01-17 23:09:29,NA,14902.38,60.31,"WA","S","TF","170701021001",0,0,"{AE2DB6CE-E29C-11E2-8094-0021280458E6}",74,74,"Columbia CD",2261472697.5,"Southeast",2261472697.49992,"Southeast",242550.867209,242550.867208701
"729",49,"Lower Whetstone Hollow",23,"Spring Wheat",1663,369.841222,"Columbia","170701020504",9168.47981383764,"huc12","{E900970B-5935-4891-A9F8-02758D62D89A}",NA,NA,NA,NA,2013-01-17 23:09:29,NA,14902.38,60.31,"WA","S","TF","170701021001",0,0,"{AE2DB6CE-E29C-11E2-8094-0021280458E6}",74,74,"Columbia CD",2261472697.5,"Southeast",2261472697.49992,"Southeast",242550.867209,242550.867208701
"730",49,"Lower Whetstone Hollow",24,"Winter Wheat",11815,2627.58511,"Columbia","170701020504",9168.47981383764,"huc12","{E900970B-5935-4891-A9F8-02758D62D89A}",NA,NA,NA,NA,2013-01-17 23:09:29,NA,14902.38,60.31,"WA","S","TF","170701021001",0,0,"{AE2DB6CE-E29C-11E2-8094-0021280458E6}",74,74,"Columbia CD",2261472697.5,"Southeast",2261472697.49992,"Southeast",242550.867209,242550.867208701
"731",49,"Lower Whetstone Hollow",36,"Alfalfa",1,0.222394,"Columbia","170701020504",9168.47981383764,"huc12","{E900970B-5935-4891-A9F8-02758D62D89A}",NA,NA,NA,NA,2013-01-17 23:09:29,NA,14902.38,60.31,"WA","S","TF","170701021001",0,0,"{AE2DB6CE-E29C-11E2-8094-0021280458E6}",74,74,"Columbia CD",2261472697.5,"Southeast",2261472697.49992,"Southeast",242550.867209,242550.867208701
"732",49,"Lower Whetstone Hollow",37,"Other Hay/Non Alfalfa",1,0.222394,"Columbia","170701020504",9168.47981383764,"huc12","{E900970B-5935-4891-A9F8-02758D62D89A}",NA,NA,NA,NA,2013-01-17 23:09:29,NA,14902.38,60.31,"WA","S","TF","170701021001",0,0,"{AE2DB6CE-E29C-11E2-8094-0021280458E6}",74,74,"Columbia CD",2261472697.5,"Southeast",2261472697.49992,"Southeast",242550.867209,242550.867208701
"733",49,"Lower Whetstone Hollow",42,"Dry Beans",41,9.118154,"Columbia","170701020504",9168.47981383764,"huc12","{E900970B-5935-4891-A9F8-02758D62D89A}",NA,NA,NA,NA,2013-01-17 23:09:29,NA,14902.38,60.31,"WA","S","TF","170701021001",0,0,"{AE2DB6CE-E29C-11E2-8094-0021280458E6}",74,74,"Columbia CD",2261472697.5,"Southeast",2261472697.49992,"Southeast",242550.867209,242550.867208701
"734",49,"Lower Whetstone Hollow",44,"Other Crops",1,0.222394,"Columbia","170701020504",9168.47981383764,"huc12","{E900970B-5935-4891-A9F8-02758D62D89A}",NA,NA,NA,NA,2013-01-17 23:09:29,NA,14902.38,60.31,"WA","S","TF","170701021001",0,0,"{AE2DB6CE-E29C-11E2-8094-0021280458E6}",74,74,"Columbia CD",2261472697.5,"Southeast",2261472697.49992,"Southeast",242550.867209,242550.867208701
"735",49,"Lower Whetstone Hollow",53,"Peas",1121,249.303674,"Columbia","170701020504",9168.47981383764,"huc12","{E900970B-5935-4891-A9F8-02758D62D89A}",NA,NA,NA,NA,2013-01-17 23:09:29,NA,14902.38,60.31,"WA","S","TF","170701021001",0,0,"{AE2DB6CE-E29C-11E2-8094-0021280458E6}",74,74,"Columbia CD",2261472697.5,"Southeast",2261472697.49992,"Southeast",242550.867209,242550.867208701
"736",49,"Lower Whetstone Hollow",61,"Fallow/Idle Cropland",12272,2729.219168,"Columbia","170701020504",9168.47981383764,"huc12","{E900970B-5935-4891-A9F8-02758D62D89A}",NA,NA,NA,NA,2013-01-17 23:09:29,NA,14902.38,60.31,"WA","S","TF","170701021001",0,0,"{AE2DB6CE-E29C-11E2-8094-0021280458E6}",74,74,"Columbia CD",2261472697.5,"Southeast",2261472697.49992,"Southeast",242550.867209,242550.867208701
"737",49,"Lower Whetstone Hollow",69,"Grapes",7,1.556758,"Columbia","170701020504",9168.47981383764,"huc12","{E900970B-5935-4891-A9F8-02758D62D89A}",NA,NA,NA,NA,2013-01-17 23:09:29,NA,14902.38,60.31,"WA","S","TF","170701021001",0,0,"{AE2DB6CE-E29C-11E2-8094-0021280458E6}",74,74,"Columbia CD",2261472697.5,"Southeast",2261472697.49992,"Southeast",242550.867209,242550.867208701
"738",49,"Lower Whetstone Hollow",121,"Developed/Open Space",534,118.758396,"Columbia","170701020504",9168.47981383764,"huc12","{E900970B-5935-4891-A9F8-02758D62D89A}",NA,NA,NA,NA,2013-01-17 23:09:29,NA,14902.38,60.31,"WA","S","TF","170701021001",0,0,"{AE2DB6CE-E29C-11E2-8094-0021280458E6}",74,74,"Columbia CD",2261472697.5,"Southeast",2261472697.49992,"Southeast",242550.867209,242550.867208701
"739",49,"Lower Whetstone Hollow",122,"Developed/Low Intensity",5,1.11197,"Columbia","170701020504",9168.47981383764,"huc12","{E900970B-5935-4891-A9F8-02758D62D89A}",NA,NA,NA,NA,2013-01-17 23:09:29,NA,14902.38,60.31,"WA","S","TF","170701021001",0,0,"{AE2DB6CE-E29C-11E2-8094-0021280458E6}",74,74,"Columbia CD",2261472697.5,"Southeast",2261472697.49992,"Southeast",242550.867209,242550.867208701
"740",49,"Lower Whetstone Hollow",141,"Deciduous Forest",3,0.667182,"Columbia","170701020504",9168.47981383764,"huc12","{E900970B-5935-4891-A9F8-02758D62D89A}",NA,NA,NA,NA,2013-01-17 23:09:29,NA,14902.38,60.31,"WA","S","TF","170701021001",0,0,"{AE2DB6CE-E29C-11E2-8094-0021280458E6}",74,74,"Columbia CD",2261472697.5,"Southeast",2261472697.49992,"Southeast",242550.867209,242550.867208701
"741",49,"Lower Whetstone Hollow",142,"Evergreen Forest",53,11.786882,"Columbia","170701020504",9168.47981383764,"huc12","{E900970B-5935-4891-A9F8-02758D62D89A}",NA,NA,NA,NA,2013-01-17 23:09:29,NA,14902.38,60.31,"WA","S","TF","170701021001",0,0,"{AE2DB6CE-E29C-11E2-8094-0021280458E6}",74,74,"Columbia CD",2261472697.5,"Southeast",2261472697.49992,"Southeast",242550.867209,242550.867208701
"742",49,"Lower Whetstone Hollow",143,"Mixed Forest",9,2.001546,"Columbia","170701020504",9168.47981383764,"huc12","{E900970B-5935-4891-A9F8-02758D62D89A}",NA,NA,NA,NA,2013-01-17 23:09:29,NA,14902.38,60.31,"WA","S","TF","170701021001",0,0,"{AE2DB6CE-E29C-11E2-8094-0021280458E6}",74,74,"Columbia CD",2261472697.5,"Southeast",2261472697.49992,"Southeast",242550.867209,242550.867208701
"743",49,"Lower Whetstone Hollow",152,"Shrubland",998,221.949212,"Columbia","170701020504",9168.47981383764,"huc12","{E900970B-5935-4891-A9F8-02758D62D89A}",NA,NA,NA,NA,2013-01-17 23:09:29,NA,14902.38,60.31,"WA","S","TF","170701021001",0,0,"{AE2DB6CE-E29C-11E2-8094-0021280458E6}",74,74,"Columbia CD",2261472697.5,"Southeast",2261472697.49992,"Southeast",242550.867209,242550.867208701
"744",49,"Lower Whetstone Hollow",176,"Grassland/Pasture",12685,2821.06789,"Columbia","170701020504",9168.47981383764,"huc12","{E900970B-5935-4891-A9F8-02758D62D89A}",NA,NA,NA,NA,2013-01-17 23:09:29,NA,14902.38,60.31,"WA","S","TF","170701021001",0,0,"{AE2DB6CE-E29C-11E2-8094-0021280458E6}",74,74,"Columbia CD",2261472697.5,"Southeast",2261472697.49992,"Southeast",242550.867209,242550.867208701
"745",49,"Lower Whetstone Hollow",195,"Herbaceous Wetlands",10,2.22394,"Columbia","170701020504",9168.47981383764,"huc12","{E900970B-5935-4891-A9F8-02758D62D89A}",NA,NA,NA,NA,2013-01-17 23:09:29,NA,14902.38,60.31,"WA","S","TF","170701021001",0,0,"{AE2DB6CE-E29C-11E2-8094-0021280458E6}",74,74,"Columbia CD",2261472697.5,"Southeast",2261472697.49992,"Southeast",242550.867209,242550.867208701
"746",50,"Smith Springs Hollow",23,"Spring Wheat",3138,697.872372,"Columbia","170701020601",3534.8774116245,"huc12","{AD6FB6D9-1C70-496D-A5EF-D2DF5298D86B}","{4F682C27-3237-4F93-8B32-E51E7E5E494E}",NA,NA,NA,2016-11-29 04:14:11,NA,12658.02,51.23,"WA","S","NM","170701020604",0,0,"{AE2DD518-E29C-11E2-8094-0021280458E6}",74,74,"Columbia CD",2261472697.5,"Southeast",2261472697.49992,"Southeast",242550.867209,242550.867208701
"747",50,"Smith Springs Hollow",24,"Winter Wheat",6237,1387.071378,"Columbia","170701020601",3534.8774116245,"huc12","{AD6FB6D9-1C70-496D-A5EF-D2DF5298D86B}","{4F682C27-3237-4F93-8B32-E51E7E5E494E}",NA,NA,NA,2016-11-29 04:14:11,NA,12658.02,51.23,"WA","S","NM","170701020604",0,0,"{AE2DD518-E29C-11E2-8094-0021280458E6}",74,74,"Columbia CD",2261472697.5,"Southeast",2261472697.49992,"Southeast",242550.867209,242550.867208701
"748",50,"Smith Springs Hollow",37,"Other Hay/Non Alfalfa",2,0.444788,"Columbia","170701020601",3534.8774116245,"huc12","{AD6FB6D9-1C70-496D-A5EF-D2DF5298D86B}","{4F682C27-3237-4F93-8B32-E51E7E5E494E}",NA,NA,NA,2016-11-29 04:14:11,NA,12658.02,51.23,"WA","S","NM","170701020604",0,0,"{AE2DD518-E29C-11E2-8094-0021280458E6}",74,74,"Columbia CD",2261472697.5,"Southeast",2261472697.49992,"Southeast",242550.867209,242550.867208701
"749",50,"Smith Springs Hollow",42,"Dry Beans",1,0.222394,"Columbia","170701020601",3534.8774116245,"huc12","{AD6FB6D9-1C70-496D-A5EF-D2DF5298D86B}","{4F682C27-3237-4F93-8B32-E51E7E5E494E}",NA,NA,NA,2016-11-29 04:14:11,NA,12658.02,51.23,"WA","S","NM","170701020604",0,0,"{AE2DD518-E29C-11E2-8094-0021280458E6}",74,74,"Columbia CD",2261472697.5,"Southeast",2261472697.49992,"Southeast",242550.867209,242550.867208701
"750",50,"Smith Springs Hollow",53,"Peas",11,2.446334,"Columbia","170701020601",3534.8774116245,"huc12","{AD6FB6D9-1C70-496D-A5EF-D2DF5298D86B}","{4F682C27-3237-4F93-8B32-E51E7E5E494E}",NA,NA,NA,2016-11-29 04:14:11,NA,12658.02,51.23,"WA","S","NM","170701020604",0,0,"{AE2DD518-E29C-11E2-8094-0021280458E6}",74,74,"Columbia CD",2261472697.5,"Southeast",2261472697.49992,"Southeast",242550.867209,242550.867208701
"751",50,"Smith Springs Hollow",61,"Fallow/Idle Cropland",4043,899.138942,"Columbia","170701020601",3534.8774116245,"huc12","{AD6FB6D9-1C70-496D-A5EF-D2DF5298D86B}","{4F682C27-3237-4F93-8B32-E51E7E5E494E}",NA,NA,NA,2016-11-29 04:14:11,NA,12658.02,51.23,"WA","S","NM","170701020604",0,0,"{AE2DD518-E29C-11E2-8094-0021280458E6}",74,74,"Columbia CD",2261472697.5,"Southeast",2261472697.49992,"Southeast",242550.867209,242550.867208701
"752",50,"Smith Springs Hollow",69,"Grapes",1,0.222394,"Columbia","170701020601",3534.8774116245,"huc12","{AD6FB6D9-1C70-496D-A5EF-D2DF5298D86B}","{4F682C27-3237-4F93-8B32-E51E7E5E494E}",NA,NA,NA,2016-11-29 04:14:11,NA,12658.02,51.23,"WA","S","NM","170701020604",0,0,"{AE2DD518-E29C-11E2-8094-0021280458E6}",74,74,"Columbia CD",2261472697.5,"Southeast",2261472697.49992,"Southeast",242550.867209,242550.867208701
"753",50,"Smith Springs Hollow",121,"Developed/Open Space",158,35.138252,"Columbia","170701020601",3534.8774116245,"huc12","{AD6FB6D9-1C70-496D-A5EF-D2DF5298D86B}","{4F682C27-3237-4F93-8B32-E51E7E5E494E}",NA,NA,NA,2016-11-29 04:14:11,NA,12658.02,51.23,"WA","S","NM","170701020604",0,0,"{AE2DD518-E29C-11E2-8094-0021280458E6}",74,74,"Columbia CD",2261472697.5,"Southeast",2261472697.49992,"Southeast",242550.867209,242550.867208701
"754",50,"Smith Springs Hollow",122,"Developed/Low Intensity",2,0.444788,"Columbia","170701020601",3534.8774116245,"huc12","{AD6FB6D9-1C70-496D-A5EF-D2DF5298D86B}","{4F682C27-3237-4F93-8B32-E51E7E5E494E}",NA,NA,NA,2016-11-29 04:14:11,NA,12658.02,51.23,"WA","S","NM","170701020604",0,0,"{AE2DD518-E29C-11E2-8094-0021280458E6}",74,74,"Columbia CD",2261472697.5,"Southeast",2261472697.49992,"Southeast",242550.867209,242550.867208701
"755",50,"Smith Springs Hollow",152,"Shrubland",89,19.793066,"Columbia","170701020601",3534.8774116245,"huc12","{AD6FB6D9-1C70-496D-A5EF-D2DF5298D86B}","{4F682C27-3237-4F93-8B32-E51E7E5E494E}",NA,NA,NA,2016-11-29 04:14:11,NA,12658.02,51.23,"WA","S","NM","170701020604",0,0,"{AE2DD518-E29C-11E2-8094-0021280458E6}",74,74,"Columbia CD",2261472697.5,"Southeast",2261472697.49992,"Southeast",242550.867209,242550.867208701
"756",50,"Smith Springs Hollow",176,"Grassland/Pasture",2198,488.822012,"Columbia","170701020601",3534.8774116245,"huc12","{AD6FB6D9-1C70-496D-A5EF-D2DF5298D86B}","{4F682C27-3237-4F93-8B32-E51E7E5E494E}",NA,NA,NA,2016-11-29 04:14:11,NA,12658.02,51.23,"WA","S","NM","170701020604",0,0,"{AE2DD518-E29C-11E2-8094-0021280458E6}",74,74,"Columbia CD",2261472697.5,"Southeast",2261472697.49992,"Southeast",242550.867209,242550.867208701
